family	id	symbol	redmcsb_files	semantic_owner	classification	status
A	3032	A3032_i_EventIndex	TIMELINE.C	F0652_MergeEvent	auxiliary_alias	no_standalone_port
A	3032	A3032_i_EventType	TIMELINE.C	F0652_MergeEvent	auxiliary_alias	no_standalone_port
A	6211	A6211_c_AsciiCode	COMMAND.C	F2156_	auxiliary_alias	no_standalone_port
A	6211	A6211_c_Value	COMMAND.C	F2156_	auxiliary_alias	no_standalone_port
L	0000	L0000_s_Event_CPSE	NEWMAP.C	F0003_MAIN_ProcessNewPartyMap_CPSE	function_local_storage	no_standalone_port
L	0001	L0001_puc_ObjectNames	OBJECT.C	F0031_OBJECT_LoadNames	function_local_storage	no_standalone_port
L	0002	L0002_puc_Graphic	OBJECT.C	F0031_OBJECT_LoadNames	function_local_storage	no_standalone_port
L	0003	L0003_ui_ObjectNameIndex	OBJECT.C	F0031_OBJECT_LoadNames	function_local_storage	no_standalone_port
L	0004	L0004_i_Multiple	OBJECT.C	F0032_OBJECT_GetType	function_local_storage	no_standalone_port
L	0005	L0005_i_IconIndex	OBJECT.C	F0033_OBJECT_GetIconIndex	function_local_storage	no_standalone_port
L	0006	L0006_ps_Junk	OBJECT.C	F0033_OBJECT_GetIconIndex	function_local_storage	no_standalone_port
L	0007	L0007_i_IconIndex	OBJECT.C	F0034_OBJECT_DrawLeaderHandObjectName	function_local_storage	no_standalone_port
L	0008	L0008_pc_ObjectName	OBJECT.C	F0034_OBJECT_DrawLeaderHandObjectName	function_local_storage	no_standalone_port
L	0009	L0009_ps_Junk	OBJECT.C	F0034_OBJECT_DrawLeaderHandObjectName	function_local_storage	no_standalone_port
L	0010	L0010_ac_ObjectName	OBJECT.C	F0034_OBJECT_DrawLeaderHandObjectName	function_local_storage	no_standalone_port
L	0011	L0011_ui_Counter	OBJECT.C	F0036_OBJECT_ExtractIconFromBitmap	function_local_storage	no_standalone_port
L	0012	L0012_pl_Bitmap_Icon	OBJECT.C	F0036_OBJECT_ExtractIconFromBitmap	function_local_storage	no_standalone_port
L	0013	L0013_puc_Bitmap_Icon	OBJECT.C	F0037_OBJECT_DrawIconToScreen	function_local_storage	no_standalone_port
L	0014	L0014_ai_Box	OBJECT.C	F0037_OBJECT_DrawIconToScreen	function_local_storage	no_standalone_port
L	0015	L0015_ui_IconGraphicIndex	OBJECT.C	F0038_OBJECT_DrawIconInSlotBox	function_local_storage	no_standalone_port
L	0016	L0016_i_ByteWidth	OBJECT.C	F0038_OBJECT_DrawIconInSlotBox	function_local_storage	no_standalone_port
L	0017	L0017_ps_SlotBox	OBJECT.C	F0038_OBJECT_DrawIconInSlotBox	function_local_storage	no_standalone_port
L	0018	L0018_puc_Bitmap_Icons	OBJECT.C	F0038_OBJECT_DrawIconInSlotBox	function_local_storage	no_standalone_port
L	0019	L0019_ai_Box	OBJECT.C	F0038_OBJECT_DrawIconInSlotBox	function_local_storage	no_standalone_port
L	0020	L0020_puc_Bitmap_Destination	OBJECT.C	F0038_OBJECT_DrawIconInSlotBox	function_local_storage	no_standalone_port
L	0021	L0021_i_CharacterIndex	TEXT.C	F0041_TEXT_PrintWithTrailingSpaces;F0768_TEXT_PrintToZoneWithTrailingSpaces	function_local_storage	no_standalone_port
L	0022	L0022_ac_String	TEXT.C	F0041_TEXT_PrintWithTrailingSpaces;F0768_TEXT_PrintToZoneWithTrailingSpaces	function_local_storage	no_standalone_port
L	0023	L0023_RowIndex	TEXT.C	F0043_TEXT_MESSAGEAREA_ClearAllRows	function_local_storage	no_standalone_port
L	0024	L0024_ai_Box	TEXT.C	F0043_TEXT_MESSAGEAREA_ClearAllRows	function_local_storage	no_standalone_port
L	0025	L0025_i_Unreferenced	TEXT.C	F0044_TEXT_MESSAGEAREA_ClearExpiredRows	function_local_storage	no_standalone_port
L	0026	L0026_ui_RowIndex	TEXT.C	F0044_TEXT_MESSAGEAREA_ClearExpiredRows	function_local_storage	no_standalone_port
L	0027	L0027_l_ExpirationTime	TEXT.C	F0044_TEXT_MESSAGEAREA_ClearExpiredRows	function_local_storage	no_standalone_port
L	0028	L0028_ai_Box	TEXT.C	F0044_TEXT_MESSAGEAREA_ClearExpiredRows	function_local_storage	no_standalone_port
L	0028	L0028_ai_XYZ	TEXT.C	F0044_TEXT_MESSAGEAREA_ClearExpiredRows	function_local_storage	no_standalone_port
L	0029	L0029_ui_RowIndex	TEXT.C	F0045_TEXT_MESSAGEAREA_CreateNewRow	function_local_storage	no_standalone_port
L	0030	L0030_i_StringLength	TEXT.C	F0046_TEXT_MESSAGEAREA_PrintString	function_local_storage	no_standalone_port
L	0031	L0031_CharacterIndex	TEXT.C	F0047_TEXT_MESSAGEAREA_PrintMessage	function_local_storage	no_standalone_port
L	0032	L0032_i_SpaceString	TEXT.C	F0047_TEXT_MESSAGEAREA_PrintMessage	function_local_storage	no_standalone_port
L	0033	L0033_ac_String	TEXT.C	F0047_TEXT_MESSAGEAREA_PrintMessage	function_local_storage	no_standalone_port
L	0034	L0034_ac_String	TEXT.C	F0048_TEXT_MESSAGEAREA_PrintCharacter	function_local_storage	no_standalone_port
L	0035	L0035_ui_CharacterIndex	TEXT.C	F0049_TEXT_MESSAGEAREA_PrintInteger_Unreferenced	function_local_storage	no_standalone_port
L	0036	L0036_ac_String	TEXT.C	F0049_TEXT_MESSAGEAREA_PrintInteger_Unreferenced	function_local_storage	no_standalone_port
L	0037	L0037_ui_LineIndex	TEXT.C	F0054_TEXT_Initialize	function_local_storage	no_standalone_port
L	0038	L0038_l_NextSoundSample	SOUND.C	F0060_SOUND_Play_CPSX	function_local_storage	no_standalone_port
L	0039	L0039_i_RemainingSoundSampleCount	SOUND.C	F0060_SOUND_Play_CPSX	function_local_storage	no_standalone_port
L	0040	L0040_i_PSGModeRegisterBackup	SOUND.C	F0060_SOUND_Play_CPSX	function_local_storage	no_standalone_port
L	0041	L0041_l_SupervisorStack	SOUND.C	F0060_SOUND_Play_CPSX	function_local_storage	no_standalone_port
L	0042	L0042_l_Multiple	SOUND.C	F0061_SOUND_SetChannelAmplitudes	function_local_storage	no_standalone_port
L	0043	L0043_l_SupervisorStack	SOUND.C	F0063_SOUND_KeyClickOff	function_local_storage	no_standalone_port
L	0044	L0044_ps_Sound	SOUND.C	F0064_SOUND_RequestPlay_CPSD	function_local_storage	no_standalone_port
L	0045	L0045_s_Event	SOUND.C	F0064_SOUND_RequestPlay_CPSD	function_local_storage	no_standalone_port
L	0046	L0046_SoundVolume	SOUND.C	F0064_SOUND_RequestPlay_CPSD	function_local_storage	no_standalone_port
L	0047	L0047_i_DistanceToParty	SOUND.C	F0064_SOUND_RequestPlay_CPSD	function_local_storage	no_standalone_port
L	0048	L0048_ps_Sound	SOUND.C	F0065_SOUND_PlayPendingSound_CPSD	function_local_storage	no_standalone_port
L	0049	L0049_ps_Kbdvecs	IO.C	F0066_MOUSE_Initialize	function_local_storage	no_standalone_port
L	0050	L0050_i_Unreferenced	IO.C	F0066_MOUSE_Initialize	function_local_storage	no_standalone_port
L	0051	L0051_puc_Bitmap	IO.C	F0068_MOUSE_SetPointerToObject	function_local_storage	no_standalone_port
L	0052	L0052_ui_ChampionIconIndex	IO.C	F0070_MOUSE_ProcessCommands125To128_ClickOnChampionIcon	function_local_storage	no_standalone_port
L	0053	L0053_i_ChampionIndex	IO.C	F0070_MOUSE_ProcessCommands125To128_ClickOnChampionIcon	function_local_storage	no_standalone_port
L	0054	L0054_i_ChampionIndex	IO.C	F0070_MOUSE_ProcessCommands125To128_ClickOnChampionIcon	function_local_storage	no_standalone_port
L	0055	L0055_pi_ChampionIconBox	IO.C	F0070_MOUSE_ProcessCommands125To128_ClickOnChampionIcon	function_local_storage	no_standalone_port
L	0056	L0056_puc_Bitmap	IO.C	F0070_MOUSE_ProcessCommands125To128_ClickOnChampionIcon	function_local_storage	no_standalone_port
L	0057	L0057_B_UseByteBoxCoordinatesBackup	IO.C	F0071_MOUSE_DropChampionIcon	function_local_storage	no_standalone_port
L	0058	L0058_ui_ChampionIconIndex	IO.C	F0071_MOUSE_DropChampionIcon	function_local_storage	no_standalone_port
L	0059	L0059_ul_X	IO.C	F0073_MOUSE_BuildPointerScreenArea	function_local_storage	no_standalone_port
L	0060	L0060_ul_Y	IO.C	F0073_MOUSE_BuildPointerScreenArea	function_local_storage	no_standalone_port
L	0061	L0061_i_Height	IO.C	F0073_MOUSE_BuildPointerScreenArea	function_local_storage	no_standalone_port
L	0062	L0062_i_PixelWidth	IO.C	F0073_MOUSE_BuildPointerScreenArea	function_local_storage	no_standalone_port
L	0063	L0063_puc_Bitmap_ModifiedColors	IO.C	F0073_MOUSE_BuildPointerScreenArea	function_local_storage	no_standalone_port
L	0064	L0064_puc_Bitmap_OriginalColors	IO.C	F0073_MOUSE_BuildPointerScreenArea	function_local_storage	no_standalone_port
L	0065	L0065_auc_Box	IO.C	F0073_MOUSE_BuildPointerScreenArea	function_local_storage	no_standalone_port
L	0066	L0066_B_UseByteBoxCoordinatesBackup	IO.C	F0073_MOUSE_BuildPointerScreenArea	function_local_storage	no_standalone_port
L	0067	L0067_i_MousePointerRightPadding	IO.C	F0073_MOUSE_BuildPointerScreenArea	function_local_storage	no_standalone_port
L	0068	L0068_puc_Bitmap	IO.C	F0073_MOUSE_BuildPointerScreenArea	function_local_storage	no_standalone_port
L	0069	L0069_i_PaletteIndex	DUNVIEW.C	F0093_DUNGEONVIEW_ApplyCreatureReplacementColors	function_local_storage	no_standalone_port
L	0070	L0070_i_WallSetLastGraphicIndex	DUNVIEW.C	F0095_DUNGEONVIEW_LoadWallSet	function_local_storage	no_standalone_port
L	0071	L0071_pi_BitmapIndices	DUNVIEW.C	F0095_DUNGEONVIEW_LoadWallSet	function_local_storage	no_standalone_port
L	0071	L0071_ppuc_Bitmaps	DUNVIEW.C	F0095_DUNGEONVIEW_LoadWallSet	function_local_storage	no_standalone_port
L	0072	L0072_i_Multiple	DUNVIEW.C	F0096_DUNGEONVIEW_LoadCurrentMapGraphics_CPSDF	function_local_storage	no_standalone_port
L	0073	L0073_i_Multiple	DUNVIEW.C	F0096_DUNGEONVIEW_LoadCurrentMapGraphics_CPSDF	function_local_storage	no_standalone_port
L	0074	L0074_ui_Multiple	DUNVIEW.C	F0096_DUNGEONVIEW_LoadCurrentMapGraphics_CPSDF	function_local_storage	no_standalone_port
L	0075	L0075_ui_Multiple	DUNVIEW.C	F0096_DUNGEONVIEW_LoadCurrentMapGraphics_CPSDF	function_local_storage	no_standalone_port
L	0076	L0076_puc_Multiple	DUNVIEW.C	F0096_DUNGEONVIEW_LoadCurrentMapGraphics_CPSDF	function_local_storage	no_standalone_port
L	0077	L0077_pi_GraphicIndices	DUNVIEW.C	F0096_DUNGEONVIEW_LoadCurrentMapGraphics_CPSDF	function_local_storage	no_standalone_port
L	0078	L0078_pi_GraphicIndex	DUNVIEW.C	F0096_DUNGEONVIEW_LoadCurrentMapGraphics_CPSDF	function_local_storage	no_standalone_port
L	0079	L0079_auc_DoorSets	DUNVIEW.C	F0096_DUNGEONVIEW_LoadCurrentMapGraphics_CPSDF	function_local_storage	no_standalone_port
L	0080	L0080_i_CreatureTypeIndex	DUNVIEW.C	F0096_DUNGEONVIEW_LoadCurrentMapGraphics_CPSDF	function_local_storage	no_standalone_port
L	0081	L0081_B_FirstFunctionCallOrSmallHeapMemory	DUNVIEW.C	F0096_DUNGEONVIEW_LoadCurrentMapGraphics_CPSDF	function_local_storage	no_standalone_port
L	0082	L0082_i_Unreferenced	DUNVIEW.C	F0096_DUNGEONVIEW_LoadCurrentMapGraphics_CPSDF	function_local_storage	no_standalone_port
L	0083	L0083_i_CreatureAdditionalGraphicCount	DUNVIEW.C	F0096_DUNGEONVIEW_LoadCurrentMapGraphics_CPSDF	function_local_storage	no_standalone_port
L	0084	L0084_i_Multiple	DUNVIEW.C	F0096_DUNGEONVIEW_LoadCurrentMapGraphics_CPSDF	function_local_storage	no_standalone_port
L	0085	L0085_i_MapAlcoveGraphicCount	DUNVIEW.C	F0096_DUNGEONVIEW_LoadCurrentMapGraphics_CPSDF	function_local_storage	no_standalone_port
L	0086	L0086_i_MapFountainGraphicCount	DUNVIEW.C	F0096_DUNGEONVIEW_LoadCurrentMapGraphics_CPSDF	function_local_storage	no_standalone_port
L	0087	L0087_B_OpenGraphicsDatRequired	DUNVIEW.C	F0096_DUNGEONVIEW_LoadCurrentMapGraphics_CPSDF	function_local_storage	no_standalone_port
L	0088	L0088_i_Multiple	DUNVIEW.C	F0107_DUNGEONVIEW_IsDrawnWallOrnamentAnAlcove_CPSF	function_local_storage	no_standalone_port
L	0089	L0089_i_Multiple	DUNVIEW.C	F0107_DUNGEONVIEW_IsDrawnWallOrnamentAnAlcove_CPSF	function_local_storage	no_standalone_port
L	0090	L0090_puc_Multiple	DUNVIEW.C	F0107_DUNGEONVIEW_IsDrawnWallOrnamentAnAlcove_CPSF	function_local_storage	no_standalone_port
L	0091	L0091_puc_Multiple	DUNVIEW.C	F0107_DUNGEONVIEW_IsDrawnWallOrnamentAnAlcove_CPSF	function_local_storage	no_standalone_port
L	0092	L0092_puc_Bitmap	DUNVIEW.C	F0107_DUNGEONVIEW_IsDrawnWallOrnamentAnAlcove_CPSF	function_local_storage	no_standalone_port
L	0093	L0093_i_CoordinateSetOffset	DUNVIEW.C	F0107_DUNGEONVIEW_IsDrawnWallOrnamentAnAlcove_CPSF	function_local_storage	no_standalone_port
L	0094	L0094_B_FlipHorizontal	DUNVIEW.C	F0107_DUNGEONVIEW_IsDrawnWallOrnamentAnAlcove_CPSF	function_local_storage	no_standalone_port
L	0095	L0095_B_IsInscription	DUNVIEW.C	F0107_DUNGEONVIEW_IsDrawnWallOrnamentAnAlcove_CPSF	function_local_storage	no_standalone_port
L	0096	L0096_B_IsAlcove	DUNVIEW.C	F0107_DUNGEONVIEW_IsDrawnWallOrnamentAnAlcove_CPSF	function_local_storage	no_standalone_port
L	0097	L0097_i_Multiple	DUNVIEW.C	F0107_DUNGEONVIEW_IsDrawnWallOrnamentAnAlcove_CPSF	function_local_storage	no_standalone_port
L	0097	L0097_i_TextLineIndex	DUNVIEW.C	F0107_DUNGEONVIEW_IsDrawnWallOrnamentAnAlcove_CPSF	function_local_storage	no_standalone_port
L	0098	L0098_auc_Frame	DUNVIEW.C	F0107_DUNGEONVIEW_IsDrawnWallOrnamentAnAlcove_CPSF	function_local_storage	no_standalone_port
L	0099	L0099_auc_InscriptionString	DUNVIEW.C	F0107_DUNGEONVIEW_IsDrawnWallOrnamentAnAlcove_CPSF	function_local_storage	no_standalone_port
L	0100	L0100_i_NativeBitmapIndex	DUNVIEW.C	F0108_DUNGEONVIEW_DrawFloorOrnament	function_local_storage	no_standalone_port
L	0101	L0101_B_DrawFootprints	DUNVIEW.C	F0108_DUNGEONVIEW_DrawFloorOrnament	function_local_storage	no_standalone_port
L	0102	L0102_puc_Bitmap	DUNVIEW.C	F0108_DUNGEONVIEW_DrawFloorOrnament	function_local_storage	no_standalone_port
L	0103	L0103_puc_CoordinateSet	DUNVIEW.C	F0108_DUNGEONVIEW_DrawFloorOrnament	function_local_storage	no_standalone_port
L	0104	L0104_i_NativeBitmapIndex	DUNVIEW.C	F0109_DUNGEONVIEW_DrawDoorOrnament	function_local_storage	no_standalone_port
L	0105	L0105_i_CoordinateSet	DUNVIEW.C	F0109_DUNGEONVIEW_DrawDoorOrnament	function_local_storage	no_standalone_port
L	0106	L0106_puc_CoordinateSet	DUNVIEW.C	F0109_DUNGEONVIEW_DrawDoorOrnament	function_local_storage	no_standalone_port
L	0107	L0107_puc_Multiple	DUNVIEW.C	F0109_DUNGEONVIEW_DrawDoorOrnament	function_local_storage	no_standalone_port
L	0108	L0108_puc_Bitmap_Native	DUNVIEW.C	F0109_DUNGEONVIEW_DrawDoorOrnament	function_local_storage	no_standalone_port
L	0109	L0109_i_NativeBitmapIndex	DUNVIEW.C	F0110_DUNGEONVIEW_DrawDoorButton	function_local_storage	no_standalone_port
L	0110	L0110_i_CoordinateSet	DUNVIEW.C	F0110_DUNGEONVIEW_DrawDoorButton	function_local_storage	no_standalone_port
L	0111	L0111_puc_CoordinateSet	DUNVIEW.C	F0110_DUNGEONVIEW_DrawDoorButton	function_local_storage	no_standalone_port
L	0112	L0112_puc_Multiple	DUNVIEW.C	F0110_DUNGEONVIEW_DrawDoorButton	function_local_storage	no_standalone_port
L	0113	L0113_puc_Bitmap_Native	DUNVIEW.C	F0110_DUNGEONVIEW_DrawDoorButton	function_local_storage	no_standalone_port
L	0114	L0114_ui_Multiple	DUNVIEW.C	F0111_DUNGEONVIEW_DrawDoor	function_local_storage	no_standalone_port
L	0116	L0116_ps_Door	DUNVIEW.C	F0111_DUNGEONVIEW_DrawDoor	function_local_storage	no_standalone_port
L	0117	L0117_i_Multiple	DUNVIEW.C	F0112_DUNGEONVIEW_DrawCeilingPit	function_local_storage	no_standalone_port
L	0118	L0118_puc_Bitmap_Mask	DUNVIEW.C	F0113_DUNGEONVIEW_DrawField	function_local_storage	no_standalone_port
L	0119	L0119_puc_Bitmap	DUNVIEW.C	F0113_DUNGEONVIEW_DrawField	function_local_storage	no_standalone_port
L	0120	L0120_i_ByteWidth	DUNVIEW.C	F0114_DUNGEONVIEW_GetExplosionBitmap	function_local_storage	no_standalone_port
L	0120	L0120_i_Width	DUNVIEW.C	F0675_DUNGEONVIEW_GetScaledBitmap	function_local_storage	no_standalone_port
L	0121	L0121_i_Height	DUNVIEW.C	F0114_DUNGEONVIEW_GetExplosionBitmap;F0675_DUNGEONVIEW_GetScaledBitmap	function_local_storage	no_standalone_port
L	0122	L0122_i_DerivedBitmapIndex	DUNVIEW.C	F0114_DUNGEONVIEW_GetExplosionBitmap	function_local_storage	no_standalone_port
L	0123	L0123_puc_Bitmap	DUNVIEW.C	F0114_DUNGEONVIEW_GetExplosionBitmap;F0675_DUNGEONVIEW_GetScaledBitmap	function_local_storage	no_standalone_port
L	0124	L0124_ps_ExplosionAspect	DUNVIEW.C	F0114_DUNGEONVIEW_GetExplosionBitmap	function_local_storage	no_standalone_port
L	0125	L0125_puc_Bitmap_Native	DUNVIEW.C	F0114_DUNGEONVIEW_GetExplosionBitmap;F0675_DUNGEONVIEW_GetScaledBitmap	function_local_storage	no_standalone_port
L	0126	L0126_i_Multiple	DUNVIEW.C	F0115_DUNGEONVIEW_DrawObjectsCreaturesProjectilesExplosions_CPSEF	function_local_storage	no_standalone_port
L	0127	L0127_i_Multiple	DUNVIEW.C	F0115_DUNGEONVIEW_DrawObjectsCreaturesProjectilesExplosions_CPSEF	function_local_storage	no_standalone_port
L	0128	L0128_puc_Multiple	DUNVIEW.C	F0115_DUNGEONVIEW_DrawObjectsCreaturesProjectilesExplosions_CPSEF	function_local_storage	no_standalone_port
L	0129	L0129_ps_ObjectAspect	DUNVIEW.C	F0115_DUNGEONVIEW_DrawObjectsCreaturesProjectilesExplosions_CPSEF	function_local_storage	no_standalone_port
L	0130	L0130_ul_RemainingViewCellOrdinalsToProcess	DUNVIEW.C	F0115_DUNGEONVIEW_DrawObjectsCreaturesProjectilesExplosions_CPSEF	function_local_storage	no_standalone_port
L	0131	L0131_puc_PaletteChanges	DUNVIEW.C	F0115_DUNGEONVIEW_DrawObjectsCreaturesProjectilesExplosions_CPSEF	function_local_storage	no_standalone_port
L	0132	L0132_puc_Bitmap	DUNVIEW.C	F0115_DUNGEONVIEW_DrawObjectsCreaturesProjectilesExplosions_CPSEF	function_local_storage	no_standalone_port
L	0133	L0133_puc_CoordinateSet	DUNVIEW.C	F0115_DUNGEONVIEW_DrawObjectsCreaturesProjectilesExplosions_CPSEF	function_local_storage	no_standalone_port
L	0134	L0134_i_DerivedBitmapIndex	DUNVIEW.C	F0115_DUNGEONVIEW_DrawObjectsCreaturesProjectilesExplosions_CPSEF	function_local_storage	no_standalone_port
L	0135	L0135_B_DrawAlcoveObjects	DUNVIEW.C	F0115_DUNGEONVIEW_DrawObjectsCreaturesProjectilesExplosions_CPSEF	function_local_storage	no_standalone_port
L	0136	L0136_i_ByteWidth	DUNVIEW.C	F0115_DUNGEONVIEW_DrawObjectsCreaturesProjectilesExplosions_CPSEF	function_local_storage	no_standalone_port
L	0137	L0137_i_Height	DUNVIEW.C	F0115_DUNGEONVIEW_DrawObjectsCreaturesProjectilesExplosions_CPSEF	function_local_storage	no_standalone_port
L	0138	L0138_i_ViewLane	DUNVIEW.C	F0115_DUNGEONVIEW_DrawObjectsCreaturesProjectilesExplosions_CPSEF	function_local_storage	no_standalone_port
L	0139	L0139_i_Cell	DUNVIEW.C	F0115_DUNGEONVIEW_DrawObjectsCreaturesProjectilesExplosions_CPSEF	function_local_storage	no_standalone_port
L	0140	L0140_i_PaddingPixelCount	DUNVIEW.C	F0115_DUNGEONVIEW_DrawObjectsCreaturesProjectilesExplosions_CPSEF	function_local_storage	no_standalone_port
L	0141	L0141_i_Height	DUNVIEW.C	F0115_DUNGEONVIEW_DrawObjectsCreaturesProjectilesExplosions_CPSEF	function_local_storage	no_standalone_port
L	0142	L0142_B_UseAlcoveObjectImage	DUNVIEW.C	F0115_DUNGEONVIEW_DrawObjectsCreaturesProjectilesExplosions_CPSEF	function_local_storage	no_standalone_port
L	0143	L0143_B_FlipHorizontal	DUNVIEW.C	F0115_DUNGEONVIEW_DrawObjectsCreaturesProjectilesExplosions_CPSEF	function_local_storage	no_standalone_port
L	0144	L0144_B_DrawingGrabbableObject	DUNVIEW.C	F0115_DUNGEONVIEW_DrawObjectsCreaturesProjectilesExplosions_CPSEF	function_local_storage	no_standalone_port
L	0145	L0145_auc_Box	DUNVIEW.C	F0115_DUNGEONVIEW_DrawObjectsCreaturesProjectilesExplosions_CPSEF	function_local_storage	no_standalone_port
L	0146	L0146_T_FirstThingToDraw	DUNVIEW.C	F0115_DUNGEONVIEW_DrawObjectsCreaturesProjectilesExplosions_CPSEF	function_local_storage	no_standalone_port
L	0147	L0147_ui_Multiple	DUNVIEW.C	F0115_DUNGEONVIEW_DrawObjectsCreaturesProjectilesExplosions_CPSEF	function_local_storage	no_standalone_port
L	0148	L0148_i_CellCounter	DUNVIEW.C	F0115_DUNGEONVIEW_DrawObjectsCreaturesProjectilesExplosions_CPSEF	function_local_storage	no_standalone_port
L	0149	L0149_ui_ObjectShiftIndex	DUNVIEW.C	F0115_DUNGEONVIEW_DrawObjectsCreaturesProjectilesExplosions_CPSEF	function_local_storage	no_standalone_port
L	0150	L0150_ui_Multiple	DUNVIEW.C	F0115_DUNGEONVIEW_DrawObjectsCreaturesProjectilesExplosions_CPSEF	function_local_storage	no_standalone_port
L	0151	L0151_T_GroupThing	DUNVIEW.C	F0115_DUNGEONVIEW_DrawObjectsCreaturesProjectilesExplosions_CPSEF	function_local_storage	no_standalone_port
L	0152	L0152_ps_Group	DUNVIEW.C	F0115_DUNGEONVIEW_DrawObjectsCreaturesProjectilesExplosions_CPSEF	function_local_storage	no_standalone_port
L	0153	L0153_ps_ActiveGroup	DUNVIEW.C	F0115_DUNGEONVIEW_DrawObjectsCreaturesProjectilesExplosions_CPSEF	function_local_storage	no_standalone_port
L	0154	L0154_ps_CreatureInfo	DUNVIEW.C	F0115_DUNGEONVIEW_DrawObjectsCreaturesProjectilesExplosions_CPSEF	function_local_storage	no_standalone_port
L	0155	L0155_ps_CreatureAspect	DUNVIEW.C	F0115_DUNGEONVIEW_DrawObjectsCreaturesProjectilesExplosions_CPSEF	function_local_storage	no_standalone_port
L	0156	L0156_i_CreatureSize	DUNVIEW.C	F0115_DUNGEONVIEW_DrawObjectsCreaturesProjectilesExplosions_CPSEF	function_local_storage	no_standalone_port
L	0157	L0157_i_CreatureDirectionDelta	DUNVIEW.C	F0115_DUNGEONVIEW_DrawObjectsCreaturesProjectilesExplosions_CPSEF	function_local_storage	no_standalone_port
L	0158	L0158_i_CreatureGraphicInfo	DUNVIEW.C	F0115_DUNGEONVIEW_DrawObjectsCreaturesProjectilesExplosions_CPSEF	function_local_storage	no_standalone_port
L	0159	L0159_i_CreatureAspect	DUNVIEW.C	F0115_DUNGEONVIEW_DrawObjectsCreaturesProjectilesExplosions_CPSEF	function_local_storage	no_standalone_port
L	0160	L0160_i_Unreferenced1	DUNVIEW.C	F0115_DUNGEONVIEW_DrawObjectsCreaturesProjectilesExplosions_CPSEF	function_local_storage	no_standalone_port
L	0161	L0161_i_CreatureIndex	DUNVIEW.C	F0115_DUNGEONVIEW_DrawObjectsCreaturesProjectilesExplosions_CPSEF	function_local_storage	no_standalone_port
L	0162	L0162_i_TransparentColor	DUNVIEW.C	F0115_DUNGEONVIEW_DrawObjectsCreaturesProjectilesExplosions_CPSEF	function_local_storage	no_standalone_port
L	0163	L0163_i_SourceByteWidth	DUNVIEW.C	F0115_DUNGEONVIEW_DrawObjectsCreaturesProjectilesExplosions_CPSEF	function_local_storage	no_standalone_port
L	0164	L0164_i_SourceHeight	DUNVIEW.C	F0115_DUNGEONVIEW_DrawObjectsCreaturesProjectilesExplosions_CPSEF	function_local_storage	no_standalone_port
L	0165	L0165_i_CreaturePaddingPixelCount	DUNVIEW.C	F0115_DUNGEONVIEW_DrawObjectsCreaturesProjectilesExplosions_CPSEF	function_local_storage	no_standalone_port
L	0166	L0166_i_Unreferenced2	DUNVIEW.C	F0115_DUNGEONVIEW_DrawObjectsCreaturesProjectilesExplosions_CPSEF	function_local_storage	no_standalone_port
L	0167	L0167_B_TwoHalfSquareCreaturesFrontView	DUNVIEW.C	F0115_DUNGEONVIEW_DrawObjectsCreaturesProjectilesExplosions_CPSEF	function_local_storage	no_standalone_port
L	0168	L0168_B_DrawingLastBackRowCell	DUNVIEW.C	F0115_DUNGEONVIEW_DrawObjectsCreaturesProjectilesExplosions_CPSEF	function_local_storage	no_standalone_port
L	0169	L0169_B_UseCreatureSideBitmap	DUNVIEW.C	F0115_DUNGEONVIEW_DrawObjectsCreaturesProjectilesExplosions_CPSEF	function_local_storage	no_standalone_port
L	0170	L0170_B_UseCreatureBackBitmap	DUNVIEW.C	F0115_DUNGEONVIEW_DrawObjectsCreaturesProjectilesExplosions_CPSEF	function_local_storage	no_standalone_port
L	0171	L0171_B_UseCreatureSpecialD2FrontBitmap	DUNVIEW.C	F0115_DUNGEONVIEW_DrawObjectsCreaturesProjectilesExplosions_CPSEF	function_local_storage	no_standalone_port
L	0172	L0172_B_UseCreatureAttackBitmap	DUNVIEW.C	F0115_DUNGEONVIEW_DrawObjectsCreaturesProjectilesExplosions_CPSEF	function_local_storage	no_standalone_port
L	0173	L0173_B_UseFlippedHorizontallyCreatureFrontImage	DUNVIEW.C	F0115_DUNGEONVIEW_DrawObjectsCreaturesProjectilesExplosions_CPSEF	function_local_storage	no_standalone_port
L	0174	L0174_B_DrawCreaturesCompleted	DUNVIEW.C	F0115_DUNGEONVIEW_DrawObjectsCreaturesProjectilesExplosions_CPSEF	function_local_storage	no_standalone_port
L	0175	L0175_i_DoorFrontViewDrawingPass	DUNVIEW.C	F0115_DUNGEONVIEW_DrawObjectsCreaturesProjectilesExplosions_CPSEF	function_local_storage	no_standalone_port
L	0176	L0176_i_Scale	DUNVIEW.C	F0115_DUNGEONVIEW_DrawObjectsCreaturesProjectilesExplosions_CPSEF	function_local_storage	no_standalone_port
L	0177	L0177_B_DerivedBitmapInCache	DUNVIEW.C	F0115_DUNGEONVIEW_DrawObjectsCreaturesProjectilesExplosions_CPSEF	function_local_storage	no_standalone_port
L	0178	L0178_ps_Projectile	DUNVIEW.C	F0115_DUNGEONVIEW_DrawObjectsCreaturesProjectilesExplosions_CPSEF	function_local_storage	no_standalone_port
L	0179	L0179_auc_ProjectileCoordinates	DUNVIEW.C	F0115_DUNGEONVIEW_DrawObjectsCreaturesProjectilesExplosions_CPSEF	function_local_storage	no_standalone_port
L	0180	L0180_i_ProjectileX	DUNVIEW.C	F0115_DUNGEONVIEW_DrawObjectsCreaturesProjectilesExplosions_CPSEF	function_local_storage	no_standalone_port
L	0181	L0181_i_ProjectileDirection	DUNVIEW.C	F0115_DUNGEONVIEW_DrawObjectsCreaturesProjectilesExplosions_CPSEF	function_local_storage	no_standalone_port
L	0182	L0182_i_ProjectileAspectType	DUNVIEW.C	F0115_DUNGEONVIEW_DrawObjectsCreaturesProjectilesExplosions_CPSEF	function_local_storage	no_standalone_port
L	0183	L0183_i_ProjectileBitmapIndexDelta	DUNVIEW.C	F0115_DUNGEONVIEW_DrawObjectsCreaturesProjectilesExplosions_CPSEF	function_local_storage	no_standalone_port
L	0184	L0184_B_DoNotScaleWithKineticEnergy	DUNVIEW.C	F0115_DUNGEONVIEW_DrawObjectsCreaturesProjectilesExplosions_CPSEF	function_local_storage	no_standalone_port
L	0185	L0185_B_DrawProjectileAsObject	DUNVIEW.C	F0115_DUNGEONVIEW_DrawObjectsCreaturesProjectilesExplosions_CPSEF	function_local_storage	no_standalone_port
L	0186	L0186_B_SquareHasProjectile	DUNVIEW.C	F0115_DUNGEONVIEW_DrawObjectsCreaturesProjectilesExplosions_CPSEF	function_local_storage	no_standalone_port
L	0187	L0187_ui_CurrentViewCellToDraw	DUNVIEW.C	F0115_DUNGEONVIEW_DrawObjectsCreaturesProjectilesExplosions_CPSEF	function_local_storage	no_standalone_port
L	0188	L0188_B_ProjectileFlipVertical	DUNVIEW.C	F0115_DUNGEONVIEW_DrawObjectsCreaturesProjectilesExplosions_CPSEF	function_local_storage	no_standalone_port
L	0189	L0189_B_ProjectileAspectTypeHasBackGraphicAndRotation	DUNVIEW.C	F0115_DUNGEONVIEW_DrawObjectsCreaturesProjectilesExplosions_CPSEF	function_local_storage	no_standalone_port
L	0190	L0190_B_FlipVertical	DUNVIEW.C	F0115_DUNGEONVIEW_DrawObjectsCreaturesProjectilesExplosions_CPSEF	function_local_storage	no_standalone_port
L	0191	L0191_ps_Explosion	DUNVIEW.C	F0115_DUNGEONVIEW_DrawObjectsCreaturesProjectilesExplosions_CPSEF	function_local_storage	no_standalone_port
L	0192	L0192_ps_FluxcageExplosion	DUNVIEW.C	F0115_DUNGEONVIEW_DrawObjectsCreaturesProjectilesExplosions_CPSEF	function_local_storage	no_standalone_port
L	0193	L0193_pi_ExplosionCoordinates	DUNVIEW.C	F0115_DUNGEONVIEW_DrawObjectsCreaturesProjectilesExplosions_CPSEF	function_local_storage	no_standalone_port
L	0194	L0194_i_ExplosionScale	DUNVIEW.C	F0115_DUNGEONVIEW_DrawObjectsCreaturesProjectilesExplosions_CPSEF	function_local_storage	no_standalone_port
L	0195	L0195_B_SquareHasExplosion	DUNVIEW.C	F0115_DUNGEONVIEW_DrawObjectsCreaturesProjectilesExplosions_CPSEF	function_local_storage	no_standalone_port
L	0196	L0196_B_RebirthExplosion	DUNVIEW.C	F0115_DUNGEONVIEW_DrawObjectsCreaturesProjectilesExplosions_CPSEF	function_local_storage	no_standalone_port
L	0197	L0197_B_Smoke	DUNVIEW.C	F0115_DUNGEONVIEW_DrawObjectsCreaturesProjectilesExplosions_CPSEF	function_local_storage	no_standalone_port
L	0198	L0198_auc_FieldAspect	DUNVIEW.C	F0115_DUNGEONVIEW_DrawObjectsCreaturesProjectilesExplosions_CPSEF	function_local_storage	no_standalone_port
L	0199	L0199_B_ProceedToNextState_CPSF	DUNVIEW.C	F0115_DUNGEONVIEW_DrawObjectsCreaturesProjectilesExplosions_CPSEF	function_local_storage	no_standalone_port
L	0200	L0200_i_Order	DUNVIEW.C	F0116_DUNGEONVIEW_DrawSquareD3L	function_local_storage	no_standalone_port
L	0201	L0201_ai_SquareAspect	DUNVIEW.C	F0116_DUNGEONVIEW_DrawSquareD3L	function_local_storage	no_standalone_port
L	0202	L0202_i_Order	DUNVIEW.C	F0117_DUNGEONVIEW_DrawSquareD3R	function_local_storage	no_standalone_port
L	0203	L0203_ai_SquareAspect	DUNVIEW.C	F0117_DUNGEONVIEW_DrawSquareD3R	function_local_storage	no_standalone_port
L	0204	L0204_i_Order	DUNVIEW.C	F0118_DUNGEONVIEW_DrawSquareD3C_CPSF	function_local_storage	no_standalone_port
L	0205	L0205_pfv_Function_CPSF	DUNVIEW.C	F0118_DUNGEONVIEW_DrawSquareD3C_CPSF	function_local_storage	no_standalone_port
L	0206	L0206_ai_SquareAspect	DUNVIEW.C	F0118_DUNGEONVIEW_DrawSquareD3C_CPSF	function_local_storage	no_standalone_port
L	0207	L0207_i_Order	DUNVIEW.C	F0119_DUNGEONVIEW_DrawSquareD2L	function_local_storage	no_standalone_port
L	0208	L0208_ai_SquareAspect	DUNVIEW.C	F0119_DUNGEONVIEW_DrawSquareD2L	function_local_storage	no_standalone_port
L	0209	L0209_i_Order	DUNVIEW.C	F0120_DUNGEONVIEW_DrawSquareD2R_CPSF	function_local_storage	no_standalone_port
L	0210	L0210_ai_SquareAspect	DUNVIEW.C	F0120_DUNGEONVIEW_DrawSquareD2R_CPSF	function_local_storage	no_standalone_port
L	0211	L0211_i_Order	DUNVIEW.C	F0121_DUNGEONVIEW_DrawSquareD2C	function_local_storage	no_standalone_port
L	0212	L0212_ai_SquareAspect	DUNVIEW.C	F0121_DUNGEONVIEW_DrawSquareD2C	function_local_storage	no_standalone_port
L	0213	L0213_i_Order	DUNVIEW.C	F0122_DUNGEONVIEW_DrawSquareD1L	function_local_storage	no_standalone_port
L	0214	L0214_ai_SquareAspect	DUNVIEW.C	F0122_DUNGEONVIEW_DrawSquareD1L	function_local_storage	no_standalone_port
L	0215	L0215_i_Order	DUNVIEW.C	F0123_DUNGEONVIEW_DrawSquareD1R	function_local_storage	no_standalone_port
L	0216	L0216_ai_SquareAspect	DUNVIEW.C	F0123_DUNGEONVIEW_DrawSquareD1R	function_local_storage	no_standalone_port
L	0217	L0217_i_Order	DUNVIEW.C	F0124_DUNGEONVIEW_DrawSquareD1C	function_local_storage	no_standalone_port
L	0218	L0218_ai_SquareAspect	DUNVIEW.C	F0124_DUNGEONVIEW_DrawSquareD1C	function_local_storage	no_standalone_port
L	0219	L0219_puc_Bitmap	DUNVIEW.C	F0124_DUNGEONVIEW_DrawSquareD1C	function_local_storage	no_standalone_port
L	0220	L0220_ai_SquareAspect	DUNVIEW.C	F0125_DUNGEONVIEW_DrawSquareD0L	function_local_storage	no_standalone_port
L	0221	L0221_ai_SquareAspect	DUNVIEW.C	F0126_DUNGEONVIEW_DrawSquareD0R	function_local_storage	no_standalone_port
L	0222	L0222_ai_SquareAspect	DUNVIEW.C	F0127_DUNGEONVIEW_DrawSquareD0C	function_local_storage	no_standalone_port
L	0223	L0223_B_FlipWalls	DUNVIEW.C	F0128_DUNGEONVIEW_Draw_CPSF	function_local_storage	no_standalone_port
L	0224	L0224_i_MapX	DUNVIEW.C	F0128_DUNGEONVIEW_Draw_CPSF	function_local_storage	no_standalone_port
L	0225	L0225_i_MapY	DUNVIEW.C	F0128_DUNGEONVIEW_Draw_CPSF	function_local_storage	no_standalone_port
L	0226	L0226_l_HeightRatio	BLTSHRNK.C	F0129_VIDEO_BlitShrinkWithPaletteChanges	function_local_storage	no_standalone_port
L	0227	L0227_l_WidthRatio	BLTSHRNK.C	F0129_VIDEO_BlitShrinkWithPaletteChanges	function_local_storage	no_standalone_port
L	0228	L0228_i_SourceUnitWidth	BLTSHRNK.C	F0129_VIDEO_BlitShrinkWithPaletteChanges	function_local_storage	no_standalone_port
L	0229	L0229_i_LinePixelCount	BLIT.C	F0132_VIDEO_Blit	function_local_storage	no_standalone_port
L	0230	L0230_i_FirstUnitMask	BLIT.C	F0132_VIDEO_Blit	function_local_storage	no_standalone_port
L	0231	L0231_i_LastUnitMask	BLIT.C	F0132_VIDEO_Blit	function_local_storage	no_standalone_port
L	0232	L0232_i_BoxUnitWidth	BLITMASK.C	F0133_VIDEO_BlitBoxFilledWithMaskedBitmap	function_local_storage	no_standalone_port
L	0233	L0233_ps_CodePatch	COPYPRO3.C	F0137_CPSEF_PatchFunctionWithHiddenCodeLauncher	function_local_storage	no_standalone_port
L	0234	L0234_i_Counter	DUNGEON.C	F0139_DUNGEON_IsCreatureAllowedOnMap	function_local_storage	no_standalone_port
L	0235	L0235_ui_CreatureType	DUNGEON.C	F0139_DUNGEON_IsCreatureAllowedOnMap	function_local_storage	no_standalone_port
L	0236	L0236_puc_Multiple	DUNGEON.C	F0139_DUNGEON_IsCreatureAllowedOnMap	function_local_storage	no_standalone_port
L	0237	L0237_ps_Map	DUNGEON.C	F0139_DUNGEON_IsCreatureAllowedOnMap	function_local_storage	no_standalone_port
L	0238	L0238_ps_Junk	DUNGEON.C	F0140_DUNGEON_GetObjectWeight	function_local_storage	no_standalone_port
L	0239	L0239_ui_Weight	DUNGEON.C	F0140_DUNGEON_GetObjectWeight	function_local_storage	no_standalone_port
L	0240	L0240_ps_Generic	CEDT004.C;DUNGEON.C	F0141_DUNGEON_GetObjectInfoIndex;F7019_GetObjectInfoIndex	function_local_storage	no_standalone_port
L	0241	L0241_i_ThingType	DUNGEON.C	F0142_DUNGEON_GetProjectileAspect	function_local_storage	no_standalone_port
L	0242	L0242_i_ProjectileAspectOrdinal	DUNGEON.C	F0142_DUNGEON_GetProjectileAspect	function_local_storage	no_standalone_port
L	0243	L0243_ps_WeaponInfo	DUNGEON.C	F0142_DUNGEON_GetProjectileAspect	function_local_storage	no_standalone_port
L	0244	L0244_ui_Defense	DUNGEON.C	F0143_DUNGEON_GetArmourDefense	function_local_storage	no_standalone_port
L	0245	L0245_ps_Group	DUNGEON.C	F0144_DUNGEON_GetCreatureAttributes	function_local_storage	no_standalone_port
L	0246	L0246_uc_Cells	DUNGEON.C	F0145_DUNGEON_GetGroupCells	function_local_storage	no_standalone_port
L	0247	L0247_i_Counter	DUNGEON.C	F0149_DUNGEON_IsWallOrnamentAnAlcove;F0601_IsWallOrnamentAFountain	function_local_storage	no_standalone_port
L	0248	L0248_i_Multiple	DUNGEON.C	F0151_DUNGEON_GetSquare	function_local_storage	no_standalone_port
L	0249	L0249_i_Multiple	DUNGEON.C	F0151_DUNGEON_GetSquare	function_local_storage	no_standalone_port
L	0250	L0250_i_NewMapX	DUNGEON.C	F0154_DUNGEON_GetLocationAfterLevelChange	function_local_storage	no_standalone_port
L	0251	L0251_i_NewMapY	DUNGEON.C	F0154_DUNGEON_GetLocationAfterLevelChange	function_local_storage	no_standalone_port
L	0252	L0252_i_NewLevel	DUNGEON.C	F0154_DUNGEON_GetLocationAfterLevelChange	function_local_storage	no_standalone_port
L	0253	L0253_i_Offset	DUNGEON.C	F0154_DUNGEON_GetLocationAfterLevelChange	function_local_storage	no_standalone_port
L	0254	L0254_ps_Map	DUNGEON.C	F0154_DUNGEON_GetLocationAfterLevelChange	function_local_storage	no_standalone_port
L	0255	L0255_i_TargetMapIndex	DUNGEON.C	F0154_DUNGEON_GetLocationAfterLevelChange	function_local_storage	no_standalone_port
L	0256	L0256_i_SquareType	DUNGEON.C	F0155_DUNGEON_GetStairsExitDirection	function_local_storage	no_standalone_port
L	0257	L0257_B_NorthSouthOrientedStairs	DUNGEON.C	F0155_DUNGEON_GetStairsExitDirection	function_local_storage	no_standalone_port
L	0258	L0258_ps_Weapon	DUNGEON.C	F0158_DUNGEON_GetWeaponInfo	function_local_storage	no_standalone_port
L	0259	L0259_ps_Generic	DUNGEON.C	F0159_DUNGEON_GetNextThing	function_local_storage	no_standalone_port
L	0260	L0260_ui_ThingIndex	DUNGEON.C	F0160_DUNGEON_GetSquareFirstThingIndex	function_local_storage	no_standalone_port
L	0261	L0261_i_MapY	DUNGEON.C	F0160_DUNGEON_GetSquareFirstThingIndex	function_local_storage	no_standalone_port
L	0262	L0262_puc_Square	DUNGEON.C	F0160_DUNGEON_GetSquareFirstThingIndex	function_local_storage	no_standalone_port
L	0263	L0263_i_SquareFirstThingIndex	DUNGEON.C	F0161_DUNGEON_GetSquareFirstThing	function_local_storage	no_standalone_port
L	0264	L0264_T_Thing	DUNGEON.C	F0162_DUNGEON_GetSquareFirstObject	function_local_storage	no_standalone_port
L	0265	L0265_T_Thing	DUNGEON.C	F0163_DUNGEON_LinkThingToList	function_local_storage	no_standalone_port
L	0266	L0266_ui_Multiple	DUNGEON.C	F0163_DUNGEON_LinkThingToList	function_local_storage	no_standalone_port
L	0267	L0267_pT_Thing	DUNGEON.C	F0163_DUNGEON_LinkThingToList	function_local_storage	no_standalone_port
L	0268	L0268_puc_Square	DUNGEON.C	F0163_DUNGEON_LinkThingToList	function_local_storage	no_standalone_port
L	0269	L0269_ps_Generic	DUNGEON.C	F0163_DUNGEON_LinkThingToList	function_local_storage	no_standalone_port
L	0270	L0270_ui_MapY	DUNGEON.C	F0163_DUNGEON_LinkThingToList	function_local_storage	no_standalone_port
L	0271	L0271_ui_SquareFirstThingIndex	DUNGEON.C	F0164_DUNGEON_UnlinkThingFromList	function_local_storage	no_standalone_port
L	0272	L0272_ui_Multiple	DUNGEON.C	F0164_DUNGEON_UnlinkThingFromList	function_local_storage	no_standalone_port
L	0273	L0273_T_Thing	DUNGEON.C	F0164_DUNGEON_UnlinkThingFromList	function_local_storage	no_standalone_port
L	0274	L0274_ps_Generic	DUNGEON.C	F0164_DUNGEON_UnlinkThingFromList	function_local_storage	no_standalone_port
L	0275	L0275_pui_Multiple	DUNGEON.C	F0164_DUNGEON_UnlinkThingFromList	function_local_storage	no_standalone_port
L	0276	L0276_ui_MapX	DUNGEON.C	F0165_DUNGEON_GetDiscardedThing	function_local_storage	no_standalone_port
L	0277	L0277_ui_MapY	DUNGEON.C	F0165_DUNGEON_GetDiscardedThing	function_local_storage	no_standalone_port
L	0278	L0278_T_Thing	DUNGEON.C	F0165_DUNGEON_GetDiscardedThing	function_local_storage	no_standalone_port
L	0279	L0279_ui_MapIndex	DUNGEON.C	F0165_DUNGEON_GetDiscardedThing	function_local_storage	no_standalone_port
L	0280	L0280_puc_Square	DUNGEON.C	F0165_DUNGEON_GetDiscardedThing	function_local_storage	no_standalone_port
L	0281	L0281_pT_SquareFirstThing	DUNGEON.C	F0165_DUNGEON_GetDiscardedThing	function_local_storage	no_standalone_port
L	0282	L0282_ps_Generic	DUNGEON.C	F0165_DUNGEON_GetDiscardedThing	function_local_storage	no_standalone_port
L	0283	L0283_ui_DiscardThingMapIndex	DUNGEON.C	F0165_DUNGEON_GetDiscardedThing	function_local_storage	no_standalone_port
L	0284	L0284_i_CurrentMapIndex	DUNGEON.C	F0165_DUNGEON_GetDiscardedThing	function_local_storage	no_standalone_port
L	0285	L0285_ui_MapWidth	DUNGEON.C	F0165_DUNGEON_GetDiscardedThing	function_local_storage	no_standalone_port
L	0286	L0286_ui_MapHeight	DUNGEON.C	F0165_DUNGEON_GetDiscardedThing	function_local_storage	no_standalone_port
L	0287	L0287_ui_ThingType	DUNGEON.C	F0165_DUNGEON_GetDiscardedThing	function_local_storage	no_standalone_port
L	0288	L0288_i_ThingIndex	DUNGEON.C	F0166_DUNGEON_GetUnusedThing	function_local_storage	no_standalone_port
L	0289	L0289_i_ThingDataByteCount	DUNGEON.C	F0166_DUNGEON_GetUnusedThing	function_local_storage	no_standalone_port
L	0290	L0290_i_ThingCount	DUNGEON.C	F0166_DUNGEON_GetUnusedThing	function_local_storage	no_standalone_port
L	0291	L0291_ps_Generic	DUNGEON.C	F0166_DUNGEON_GetUnusedThing	function_local_storage	no_standalone_port
L	0292	L0292_T_Thing	DUNGEON.C	F0166_DUNGEON_GetUnusedThing	function_local_storage	no_standalone_port
L	0293	L0293_ui_Type	DUNGEON.C	F0167_DUNGEON_GetObjectForProjectileLauncherOrObjectGenerator	function_local_storage	no_standalone_port
L	0294	L0294_i_ThingType	DUNGEON.C	F0167_DUNGEON_GetObjectForProjectileLauncherOrObjectGenerator	function_local_storage	no_standalone_port
L	0295	L0295_T_Thing	DUNGEON.C	F0167_DUNGEON_GetObjectForProjectileLauncherOrObjectGenerator	function_local_storage	no_standalone_port
L	0296	L0296_ps_Junk	DUNGEON.C	F0167_DUNGEON_GetObjectForProjectileLauncherOrObjectGenerator	function_local_storage	no_standalone_port
L	0297	L0297_ui_Codes	DUNGEON.C	F0168_DUNGEON_DecodeText	function_local_storage	no_standalone_port
L	0298	L0298_ui_CodeCounter	DUNGEON.C	F0168_DUNGEON_DecodeText	function_local_storage	no_standalone_port
L	0299	L0299_ui_Code	DUNGEON.C	F0168_DUNGEON_DecodeText	function_local_storage	no_standalone_port
L	0300	L0300_pui_CodeWord	DUNGEON.C	F0168_DUNGEON_DecodeText	function_local_storage	no_standalone_port
L	0301	L0301_c_SeparatorCharacter	DUNGEON.C	F0168_DUNGEON_DecodeText	function_local_storage	no_standalone_port
L	0302	L0302_i_EscapeCharacter	DUNGEON.C	F0168_DUNGEON_DecodeText	function_local_storage	no_standalone_port
L	0303	L0303_pc_EscapeReplacementString	DUNGEON.C	F0168_DUNGEON_DecodeText	function_local_storage	no_standalone_port
L	0304	L0304_s_TextString	DUNGEON.C	F0168_DUNGEON_DecodeText	function_local_storage	no_standalone_port
L	0305	L0305_i_RandomOrnamentIndex	DUNGEON.C	F0170_DUNGEON_GetRandomOrnamentOrdinal	function_local_storage	no_standalone_port
L	0306	L0306_i_Multiple	DUNGEON.C	F0171_DUNGEON_SetSquareAspectRandomWallOrnamentOrdinals	function_local_storage	no_standalone_port
L	0307	L0307_uc_Multiple	DUNGEON.C	F0172_DUNGEON_SetSquareAspect	function_local_storage	no_standalone_port
L	0308	L0308_ps_Sensor	DUNGEON.C	F0172_DUNGEON_SetSquareAspect	function_local_storage	no_standalone_port
L	0309	L0309_B_LeftRandomWallOrnamentAllowed	DUNGEON.C	F0172_DUNGEON_SetSquareAspect	function_local_storage	no_standalone_port
L	0310	L0310_i_Multiple	DUNGEON.C	F0172_DUNGEON_SetSquareAspect	function_local_storage	no_standalone_port
L	0311	L0311_B_RightRandomWallOrnamentAllowed	DUNGEON.C	F0172_DUNGEON_SetSquareAspect	function_local_storage	no_standalone_port
L	0312	L0312_i_ThingType	DUNGEON.C	F0172_DUNGEON_SetSquareAspect	function_local_storage	no_standalone_port
L	0313	L0313_B_SquareIsFakeWall	DUNGEON.C	F0172_DUNGEON_SetSquareAspect	function_local_storage	no_standalone_port
L	0314	L0314_T_Thing	DUNGEON.C	F0172_DUNGEON_SetSquareAspect	function_local_storage	no_standalone_port
L	0315	L0315_i_FloorOrnamentCount	DUNGEON.C	F0174_DUNGEON_SetCurrentMapAndPartyMap	function_local_storage	no_standalone_port
L	0316	L0316_puc_MapMetaData	DUNGEON.C	F0174_DUNGEON_SetCurrentMapAndPartyMap	function_local_storage	no_standalone_port
L	0317	L0317_T_Thing	GROUP.C	F0175_GROUP_GetThing	function_local_storage	no_standalone_port
L	0318	L0318_uc_GroupCells	GROUP.C	F0176_GROUP_GetCreatureOrdinalInCell	function_local_storage	no_standalone_port
L	0319	L0319_uc_CreatureIndex	GROUP.C	F0176_GROUP_GetCreatureOrdinalInCell	function_local_storage	no_standalone_port
L	0320	L0320_uc_CreatureCell	GROUP.C	F0176_GROUP_GetCreatureOrdinalInCell	function_local_storage	no_standalone_port
L	0321	L0321_ui_Counter	GROUP.C	F0177_GROUP_GetMeleeTargetCreatureOrdinal	function_local_storage	no_standalone_port
L	0322	L0322_i_CreatureOrdinal	GROUP.C	F0177_GROUP_GetMeleeTargetCreatureOrdinal	function_local_storage	no_standalone_port
L	0323	L0323_T_GroupThing	GROUP.C	F0177_GROUP_GetMeleeTargetCreatureOrdinal	function_local_storage	no_standalone_port
L	0324	L0324_ps_Group	GROUP.C	F0177_GROUP_GetMeleeTargetCreatureOrdinal	function_local_storage	no_standalone_port
L	0325	L0325_auc_OrderedCellsToAttack	GROUP.C	F0177_GROUP_GetMeleeTargetCreatureOrdinal	function_local_storage	no_standalone_port
L	0326	L0326_ui_Multiple	GROUP.C	F0179_GROUP_GetCreatureAspectUpdateTime	function_local_storage	no_standalone_port
L	0327	L0327_ui_CreatureGraphicInfo	GROUP.C	F0179_GROUP_GetCreatureAspectUpdateTime	function_local_storage	no_standalone_port
L	0328	L0328_i_Offset	GROUP.C	F0179_GROUP_GetCreatureAspectUpdateTime	function_local_storage	no_standalone_port
L	0329	L0329_ps_Group	GROUP.C	F0179_GROUP_GetCreatureAspectUpdateTime	function_local_storage	no_standalone_port
L	0330	L0330_B_ProcessGroup	GROUP.C	F0179_GROUP_GetCreatureAspectUpdateTime	function_local_storage	no_standalone_port
L	0331	L0331_ui_CreatureType	GROUP.C	F0179_GROUP_GetCreatureAspectUpdateTime	function_local_storage	no_standalone_port
L	0332	L0332_ps_Group	GROUP.C	F0180_GROUP_StartWandering	function_local_storage	no_standalone_port
L	0333	L0333_s_Event	GROUP.C	F0180_GROUP_StartWandering	function_local_storage	no_standalone_port
L	0334	L0334_ui_EventIndex	GROUP.C	F0181_GROUP_DeleteEvents	function_local_storage	no_standalone_port
L	0335	L0335_ui_EventType	GROUP.C	F0181_GROUP_DeleteEvents	function_local_storage	no_standalone_port
L	0336	L0336_ps_Event	GROUP.C	F0181_GROUP_DeleteEvents	function_local_storage	no_standalone_port
L	0337	L0337_i_CreatureIndex	GROUP.C	F0182_GROUP_StopAttacking	function_local_storage	no_standalone_port
L	0338	L0338_i_Unreferenced	GROUP.C	F0183_GROUP_AddActiveGroup	function_local_storage	no_standalone_port
L	0339	L0339_ui_CreatureIndex	GROUP.C	F0183_GROUP_AddActiveGroup	function_local_storage	no_standalone_port
L	0340	L0340_ps_Group	GROUP.C	F0183_GROUP_AddActiveGroup	function_local_storage	no_standalone_port
L	0341	L0341_ps_ActiveGroup	GROUP.C	F0183_GROUP_AddActiveGroup	function_local_storage	no_standalone_port
L	0342	L0342_l_Unreferenced	GROUP.C	F0183_GROUP_AddActiveGroup	function_local_storage	no_standalone_port
L	0343	L0343_B_HalfSquareSizedCreature_Useless	GROUP.C	F0183_GROUP_AddActiveGroup	function_local_storage	no_standalone_port
L	0344	L0344_ui_ActiveGroupIndex	GROUP.C	F0183_GROUP_AddActiveGroup	function_local_storage	no_standalone_port
L	0345	L0345_i_Unreferenced	GROUP.C	F0184_GROUP_RemoveActiveGroup	function_local_storage	no_standalone_port
L	0346	L0346_i_Unreferenced	GROUP.C	F0184_GROUP_RemoveActiveGroup	function_local_storage	no_standalone_port
L	0347	L0347_ps_ActiveGroup	GROUP.C	F0184_GROUP_RemoveActiveGroup	function_local_storage	no_standalone_port
L	0348	L0348_ps_Group	GROUP.C	F0184_GROUP_RemoveActiveGroup	function_local_storage	no_standalone_port
L	0349	L0349_T_GroupThing	GROUP.C	F0185_GROUP_GetGenerated	function_local_storage	no_standalone_port
L	0350	L0350_ui_BaseHealth	GROUP.C	F0185_GROUP_GetGenerated	function_local_storage	no_standalone_port
L	0351	L0351_ui_Cell	GROUP.C	F0185_GROUP_GetGenerated	function_local_storage	no_standalone_port
L	0352	L0352_ui_GroupCells	GROUP.C	F0185_GROUP_GetGenerated	function_local_storage	no_standalone_port
L	0353	L0353_ps_Group	GROUP.C	F0185_GROUP_GetGenerated	function_local_storage	no_standalone_port
L	0354	L0354_ps_CreatureInfo	GROUP.C	F0185_GROUP_GetGenerated	function_local_storage	no_standalone_port
L	0355	L0355_B_SeveralCreaturesInGroup	GROUP.C	F0185_GROUP_GetGenerated	function_local_storage	no_standalone_port
L	0356	L0356_ui_FixedPossession	GROUP.C	F0186_GROUP_DropCreatureFixedPossessions	function_local_storage	no_standalone_port
L	0357	L0357_i_ThingType	GROUP.C	F0186_GROUP_DropCreatureFixedPossessions	function_local_storage	no_standalone_port
L	0358	L0358_T_Thing	GROUP.C	F0186_GROUP_DropCreatureFixedPossessions	function_local_storage	no_standalone_port
L	0359	L0359_pui_FixedPossessions	GROUP.C	F0186_GROUP_DropCreatureFixedPossessions	function_local_storage	no_standalone_port
L	0360	L0360_ps_Weapon	GROUP.C	F0186_GROUP_DropCreatureFixedPossessions	function_local_storage	no_standalone_port
L	0361	L0361_B_Cursed	GROUP.C	F0186_GROUP_DropCreatureFixedPossessions	function_local_storage	no_standalone_port
L	0362	L0362_B_WeaponDropped	GROUP.C	F0186_GROUP_DropCreatureFixedPossessions	function_local_storage	no_standalone_port
L	0363	L0363_ps_Group	GROUP.C	F0187_GROUP_DropMovingCreatureFixedPossessions	function_local_storage	no_standalone_port
L	0364	L0364_i_CreatureType	GROUP.C	F0187_GROUP_DropMovingCreatureFixedPossessions	function_local_storage	no_standalone_port
L	0365	L0365_T_CurrentThing	GROUP.C	F0188_GROUP_DropGroupPossessions	function_local_storage	no_standalone_port
L	0366	L0366_T_NextThing	GROUP.C	F0188_GROUP_DropGroupPossessions	function_local_storage	no_standalone_port
L	0367	L0367_ps_Group	GROUP.C	F0188_GROUP_DropGroupPossessions	function_local_storage	no_standalone_port
L	0368	L0368_ui_CreatureType	GROUP.C	F0188_GROUP_DropGroupPossessions	function_local_storage	no_standalone_port
L	0369	L0369_i_CreatureIndex	GROUP.C	F0188_GROUP_DropGroupPossessions	function_local_storage	no_standalone_port
L	0370	L0370_ui_GroupCells	GROUP.C	F0188_GROUP_DropGroupPossessions	function_local_storage	no_standalone_port
L	0371	L0371_B_WeaponDropped	GROUP.C	F0188_GROUP_DropGroupPossessions	function_local_storage	no_standalone_port
L	0372	L0372_T_GroupThing	GROUP.C	F0189_GROUP_Delete	function_local_storage	no_standalone_port
L	0373	L0373_ps_Group	GROUP.C	F0189_GROUP_Delete	function_local_storage	no_standalone_port
L	0374	L0374_ui_Multiple	GROUP.C	F0190_GROUP_GetDamageCreatureOutcome	function_local_storage	no_standalone_port
L	0375	L0375_ui_Multiple	GROUP.C	F0190_GROUP_GetDamageCreatureOutcome	function_local_storage	no_standalone_port
L	0376	L0376_ps_CreatureInfo	GROUP.C	F0190_GROUP_GetDamageCreatureOutcome	function_local_storage	no_standalone_port
L	0377	L0377_ps_Event	GROUP.C	F0190_GROUP_GetDamageCreatureOutcome	function_local_storage	no_standalone_port
L	0378	L0378_ps_ActiveGroup	GROUP.C	F0190_GROUP_GetDamageCreatureOutcome	function_local_storage	no_standalone_port
L	0379	L0379_ui_CreatureCount	GROUP.C	F0190_GROUP_GetDamageCreatureOutcome	function_local_storage	no_standalone_port
L	0380	L0380_ui_Multiple	GROUP.C	F0190_GROUP_GetDamageCreatureOutcome	function_local_storage	no_standalone_port
L	0381	L0381_ui_GroupCells	GROUP.C	F0190_GROUP_GetDamageCreatureOutcome	function_local_storage	no_standalone_port
L	0382	L0382_ui_GroupDirections	GROUP.C	F0190_GROUP_GetDamageCreatureOutcome	function_local_storage	no_standalone_port
L	0383	L0383_B_CurrentMapIsPartyMap	GROUP.C	F0190_GROUP_GetDamageCreatureOutcome	function_local_storage	no_standalone_port
L	0384	L0384_ui_Cell	GROUP.C	F0190_GROUP_GetDamageCreatureOutcome	function_local_storage	no_standalone_port
L	0385	L0385_ui_RandomAttack	GROUP.C	F0191_GROUP_GetDamageAllCreaturesOutcome	function_local_storage	no_standalone_port
L	0386	L0386_i_CreatureIndex	GROUP.C	F0191_GROUP_GetDamageAllCreaturesOutcome	function_local_storage	no_standalone_port
L	0387	L0387_i_Outcome	GROUP.C	F0191_GROUP_GetDamageAllCreaturesOutcome	function_local_storage	no_standalone_port
L	0388	L0388_B_KilledSomeCreatures	GROUP.C	F0191_GROUP_GetDamageAllCreaturesOutcome	function_local_storage	no_standalone_port
L	0389	L0389_B_KilledAllCreatures	GROUP.C	F0191_GROUP_GetDamageAllCreaturesOutcome	function_local_storage	no_standalone_port
L	0390	L0390_i_PoisonResistance	GROUP.C	F0192_GROUP_GetResistanceAdjustedPoisonAttack	function_local_storage	no_standalone_port
L	0391	L0391_i_Percentage	GROUP.C	F0193_GROUP_StealFromChampion	function_local_storage	no_standalone_port
L	0392	L0392_ui_StealFromSlotIndex	GROUP.C	F0193_GROUP_StealFromChampion	function_local_storage	no_standalone_port
L	0393	L0393_ui_Counter	GROUP.C	F0193_GROUP_StealFromChampion	function_local_storage	no_standalone_port
L	0394	L0394_T_Thing	GROUP.C	F0193_GROUP_StealFromChampion	function_local_storage	no_standalone_port
L	0395	L0395_ps_Champion	GROUP.C	F0193_GROUP_StealFromChampion	function_local_storage	no_standalone_port
L	0396	L0396_B_ObjectStolen	GROUP.C	F0193_GROUP_StealFromChampion	function_local_storage	no_standalone_port
L	0397	L0397_ui_ActiveGroupIndex	GROUP.C	F0194_GROUP_RemoveAllActiveGroups	function_local_storage	no_standalone_port
L	0398	L0398_ui_MapX	GROUP.C	F0195_GROUP_AddAllActiveGroups	function_local_storage	no_standalone_port
L	0399	L0399_ui_MapY	GROUP.C	F0195_GROUP_AddAllActiveGroups	function_local_storage	no_standalone_port
L	0400	L0400_T_Thing	GROUP.C	F0195_GROUP_AddAllActiveGroups	function_local_storage	no_standalone_port
L	0401	L0401_puc_Square	GROUP.C	F0195_GROUP_AddAllActiveGroups	function_local_storage	no_standalone_port
L	0402	L0402_pT_SquareFirstThing	GROUP.C	F0195_GROUP_AddAllActiveGroups	function_local_storage	no_standalone_port
L	0403	L0403_ui_ActiveGroupIndex	GROUP.C	F0196_GROUP_InitializeActiveGroups	function_local_storage	no_standalone_port
L	0404	L0404_ui_Square	GROUP.C	F0197_GROUP_IsViewPartyBlocked	function_local_storage	no_standalone_port
L	0405	L0405_i_SquareType	GROUP.C	F0197_GROUP_IsViewPartyBlocked	function_local_storage	no_standalone_port
L	0406	L0406_i_DoorState	GROUP.C	F0197_GROUP_IsViewPartyBlocked	function_local_storage	no_standalone_port
L	0407	L0407_ps_Door	GROUP.C	F0197_GROUP_IsViewPartyBlocked	function_local_storage	no_standalone_port
L	0408	L0408_ui_Square	GROUP.C	F0198_GROUP_IsSmellPartyBlocked	function_local_storage	no_standalone_port
L	0409	L0409_i_SquareType	GROUP.C	F0198_GROUP_IsSmellPartyBlocked	function_local_storage	no_standalone_port
L	0410	L0410_i_XAxisStep	GROUP.C	F0199_GROUP_GetDistanceBetweenUnblockedSquares	function_local_storage	no_standalone_port
L	0411	L0411_i_YAxisStep	GROUP.C	F0199_GROUP_GetDistanceBetweenUnblockedSquares	function_local_storage	no_standalone_port
L	0412	L0412_i_Multiple	GROUP.C	F0199_GROUP_GetDistanceBetweenUnblockedSquares	function_local_storage	no_standalone_port
L	0413	L0413_i_Multiple	GROUP.C	F0199_GROUP_GetDistanceBetweenUnblockedSquares	function_local_storage	no_standalone_port
L	0414	L0414_i_LargestAxisDistance	GROUP.C	F0199_GROUP_GetDistanceBetweenUnblockedSquares	function_local_storage	no_standalone_port
L	0415	L0415_B_DistanceXSmallerThanDistanceY	GROUP.C	F0199_GROUP_GetDistanceBetweenUnblockedSquares	function_local_storage	no_standalone_port
L	0416	L0416_i_ValueA	GROUP.C	F0199_GROUP_GetDistanceBetweenUnblockedSquares	function_local_storage	no_standalone_port
L	0417	L0417_i_ValueB	GROUP.C	F0199_GROUP_GetDistanceBetweenUnblockedSquares	function_local_storage	no_standalone_port
L	0418	L0418_B_DistanceXEqualsDistanceY	GROUP.C	F0199_GROUP_GetDistanceBetweenUnblockedSquares	function_local_storage	no_standalone_port
L	0419	L0419_i_ValueC	GROUP.C	F0199_GROUP_GetDistanceBetweenUnblockedSquares	function_local_storage	no_standalone_port
L	0420	L0420_i_CreatureDirection	GROUP.C	F0200_GROUP_GetDistanceToVisibleParty	function_local_storage	no_standalone_port
L	0421	L0421_i_CreatureViewDirectionCount	GROUP.C	F0200_GROUP_GetDistanceToVisibleParty	function_local_storage	no_standalone_port
L	0422	L0422_i_Multiple	GROUP.C	F0200_GROUP_GetDistanceToVisibleParty	function_local_storage	no_standalone_port
L	0423	L0423_ui_GroupDirections	GROUP.C	F0200_GROUP_GetDistanceToVisibleParty	function_local_storage	no_standalone_port
L	0424	L0424_ps_CreatureInfo	GROUP.C	F0200_GROUP_GetDistanceToVisibleParty	function_local_storage	no_standalone_port
L	0425	L0425_ai_CreatureViewDirections	GROUP.C	F0200_GROUP_GetDistanceToVisibleParty	function_local_storage	no_standalone_port
L	0426	L0426_ui_SmellRange	GROUP.C	F0201_GROUP_GetSmelledPartyPrimaryDirectionOrdinal	function_local_storage	no_standalone_port
L	0427	L0427_i_ScentOrdinal	GROUP.C	F0201_GROUP_GetSmelledPartyPrimaryDirectionOrdinal	function_local_storage	no_standalone_port
L	0428	L0428_i_MapX	GROUP.C	F0202_GROUP_IsMovementPossible	function_local_storage	no_standalone_port
L	0429	L0429_i_MapY	GROUP.C	F0202_GROUP_IsMovementPossible	function_local_storage	no_standalone_port
L	0430	L0430_ui_Square	GROUP.C	F0202_GROUP_IsMovementPossible	function_local_storage	no_standalone_port
L	0431	L0431_i_SquareType	GROUP.C	F0202_GROUP_IsMovementPossible	function_local_storage	no_standalone_port
L	0432	L0432_ps_Teleporter	GROUP.C	F0202_GROUP_IsMovementPossible	function_local_storage	no_standalone_port
L	0433	L0433_T_Thing	GROUP.C	F0202_GROUP_IsMovementPossible	function_local_storage	no_standalone_port
L	0434	L0434_i_Direction	GROUP.C	F0203_GROUP_GetFirstPossibleMovementDirectionOrdinal	function_local_storage	no_standalone_port
L	0435	L0435_ui_GroupDirections	GROUP.C	F0205_GROUP_SetDirection	function_local_storage	no_standalone_port
L	0436	L0436_B_TwoHalfSquareSizedCreatures	GROUP.C	F0206_GROUP_SetDirectionGroup	function_local_storage	no_standalone_port
L	0437	L0437_ui_Multiple	GROUP.C	F0207_GROUP_IsCreatureAttacking	function_local_storage	no_standalone_port
L	0438	L0438_ui_PrimaryDirectionToParty	GROUP.C	F0207_GROUP_IsCreatureAttacking	function_local_storage	no_standalone_port
L	0439	L0439_i_Multiple	GROUP.C	F0207_GROUP_IsCreatureAttacking	function_local_storage	no_standalone_port
L	0440	L0440_i_Multiple	GROUP.C	F0207_GROUP_IsCreatureAttacking	function_local_storage	no_standalone_port
L	0441	L0441_ps_CreatureInfo	GROUP.C	F0207_GROUP_IsCreatureAttacking	function_local_storage	no_standalone_port
L	0442	L0442_ps_Champion	GROUP.C	F0207_GROUP_IsCreatureAttacking	function_local_storage	no_standalone_port
L	0443	L0443_s_ActiveGroup	GROUP.C	F0207_GROUP_IsCreatureAttacking	function_local_storage	no_standalone_port
L	0444	L0444_ps_Group	GROUP.C	F0209_GROUP_ProcessEvents29to41	function_local_storage	no_standalone_port
L	0445	L0445_ps_ActiveGroup	GROUP.C	F0209_GROUP_ProcessEvents29to41	function_local_storage	no_standalone_port
L	0446	L0446_i_Multiple	GROUP.C	F0209_GROUP_ProcessEvents29to41	function_local_storage	no_standalone_port
L	0447	L0447_i_Multiple	GROUP.C	F0209_GROUP_ProcessEvents29to41	function_local_storage	no_standalone_port
L	0448	L0448_s_CreatureInfo	GROUP.C	F0209_GROUP_ProcessEvents29to41	function_local_storage	no_standalone_port
L	0449	L0449_T_GroupThing	GROUP.C	F0209_GROUP_ProcessEvents29to41	function_local_storage	no_standalone_port
L	0450	L0450_i_Multiple	GROUP.C	F0209_GROUP_ProcessEvents29to41	function_local_storage	no_standalone_port
L	0451	L0451_i_Multiple	GROUP.C	F0209_GROUP_ProcessEvents29to41	function_local_storage	no_standalone_port
L	0452	L0452_i_DistanceToVisibleParty	GROUP.C	F0209_GROUP_ProcessEvents29to41	function_local_storage	no_standalone_port
L	0453	L0453_B_NewGroupDirectionFound	GROUP.C	F0209_GROUP_ProcessEvents29to41	function_local_storage	no_standalone_port
L	0454	L0454_i_PrimaryDirectionToOrFromParty	GROUP.C	F0209_GROUP_ProcessEvents29to41	function_local_storage	no_standalone_port
L	0455	L0455_B_CurrentEventTypeIsNotUpdateBehavior	GROUP.C	F0209_GROUP_ProcessEvents29to41	function_local_storage	no_standalone_port
L	0456	L0456_B_AllowMovementOverImaginaryPitsAndFakeWalls	GROUP.C	F0209_GROUP_ProcessEvents29to41	function_local_storage	no_standalone_port
L	0457	L0457_B_MoveToPriorLocation	GROUP.C	F0209_GROUP_ProcessEvents29to41	function_local_storage	no_standalone_port
L	0458	L0458_B_SetBehavior7_ApproachAfterReaction	GROUP.C	F0209_GROUP_ProcessEvents29to41	function_local_storage	no_standalone_port
L	0459	L0459_i_CreatureSize	GROUP.C	F0209_GROUP_ProcessEvents29to41	function_local_storage	no_standalone_port
L	0460	L0460_ui_CreatureCount	GROUP.C	F0209_GROUP_ProcessEvents29to41	function_local_storage	no_standalone_port
L	0461	L0461_i_MovementTicks	GROUP.C	F0209_GROUP_ProcessEvents29to41	function_local_storage	no_standalone_port
L	0462	L0462_i_TicksSinceLastMove	GROUP.C	F0209_GROUP_ProcessEvents29to41	function_local_storage	no_standalone_port
L	0463	L0463_B_Archenemy	GROUP.C	F0209_GROUP_ProcessEvents29to41	function_local_storage	no_standalone_port
L	0464	L0464_l_NextAspectUpdateTime	GROUP.C	F0209_GROUP_ProcessEvents29to41	function_local_storage	no_standalone_port
L	0465	L0465_s_NextEvent	GROUP.C	F0209_GROUP_ProcessEvents29to41	function_local_storage	no_standalone_port
L	0466	L0466_T_ProjectileThing	PROJEXPL.C	F0212_PROJECTILE_Create	function_local_storage	no_standalone_port
L	0467	L0467_ps_Projectile	PROJEXPL.C	F0212_PROJECTILE_Create	function_local_storage	no_standalone_port
L	0468	L0468_s_Event	PROJEXPL.C	F0212_PROJECTILE_Create	function_local_storage	no_standalone_port
L	0469	L0469_i_CreatureFireResistance	PROJEXPL.C	F0213_EXPLOSION_Create	function_local_storage	no_standalone_port
L	0470	L0470_ps_Explosion	PROJEXPL.C	F0213_EXPLOSION_Create	function_local_storage	no_standalone_port
L	0471	L0471_ps_CreatureInfo	PROJEXPL.C	F0213_EXPLOSION_Create	function_local_storage	no_standalone_port
L	0472	L0472_ps_Group	PROJEXPL.C	F0213_EXPLOSION_Create	function_local_storage	no_standalone_port
L	0473	L0473_T_Thing	PROJEXPL.C	F0213_EXPLOSION_Create	function_local_storage	no_standalone_port
L	0474	L0474_i_ProjectileTargetMapX	PROJEXPL.C	F0213_EXPLOSION_Create	function_local_storage	no_standalone_port
L	0475	L0475_i_ProjectileTargetMapY	PROJEXPL.C	F0213_EXPLOSION_Create	function_local_storage	no_standalone_port
L	0476	L0476_s_Event	PROJEXPL.C	F0213_EXPLOSION_Create	function_local_storage	no_standalone_port
L	0477	L0477_ps_Projectile	PROJEXPL.C	F0214_PROJECTILE_DeleteEvent	function_local_storage	no_standalone_port
L	0478	L0478_T_PreviousThing	PROJEXPL.C	F0215_PROJECTILE_Delete	function_local_storage	no_standalone_port
L	0479	L0479_T_Thing	PROJEXPL.C	F0215_PROJECTILE_Delete	function_local_storage	no_standalone_port
L	0480	L0480_ps_Projectile	PROJEXPL.C	F0215_PROJECTILE_Delete	function_local_storage	no_standalone_port
L	0481	L0481_ps_Generic	PROJEXPL.C	F0215_PROJECTILE_Delete	function_local_storage	no_standalone_port
L	0482	L0482_ac_Unreferenced	PROJEXPL.C	F0215_PROJECTILE_Delete	function_local_storage	no_standalone_port
L	0483	L0483_ui_Multiple	PROJEXPL.C	F0216_PROJECTILE_GetImpactAttack	function_local_storage	no_standalone_port
L	0484	L0484_ui_KineticEnergy	PROJEXPL.C	F0216_PROJECTILE_GetImpactAttack	function_local_storage	no_standalone_port
L	0485	L0485_ps_WeaponInfo	PROJEXPL.C	F0216_PROJECTILE_GetImpactAttack	function_local_storage	no_standalone_port
L	0486	L0486_T_ProjectileAssociatedThing	PROJEXPL.C	F0217_PROJECTILE_HasImpactOccured	function_local_storage	no_standalone_port
L	0487	L0487_i_Multiple	PROJEXPL.C	F0217_PROJECTILE_HasImpactOccured	function_local_storage	no_standalone_port
L	0488	L0488_ui_Attack	PROJEXPL.C	F0217_PROJECTILE_HasImpactOccured	function_local_storage	no_standalone_port
L	0489	L0489_ui_ChampionAttack	PROJEXPL.C	F0217_PROJECTILE_HasImpactOccured	function_local_storage	no_standalone_port
L	0490	L0490_ps_Projectile	PROJEXPL.C	F0217_PROJECTILE_HasImpactOccured	function_local_storage	no_standalone_port
L	0491	L0491_ps_Group	PROJEXPL.C	F0217_PROJECTILE_HasImpactOccured	function_local_storage	no_standalone_port
L	0492	L0492_ps_Potion	PROJEXPL.C	F0217_PROJECTILE_HasImpactOccured	function_local_storage	no_standalone_port
L	0493	L0493_ps_CreatureInfo	PROJEXPL.C	F0217_PROJECTILE_HasImpactOccured	function_local_storage	no_standalone_port
L	0494	L0494_ps_Door	PROJEXPL.C	F0217_PROJECTILE_HasImpactOccured	function_local_storage	no_standalone_port
L	0495	L0495_ps_Weapon	PROJEXPL.C	F0217_PROJECTILE_HasImpactOccured	function_local_storage	no_standalone_port
L	0496	L0496_pui_CreatureHealth	PROJEXPL.C	F0217_PROJECTILE_HasImpactOccured	function_local_storage	no_standalone_port
L	0497	L0497_pT_GroupSlot	PROJEXPL.C	F0217_PROJECTILE_HasImpactOccured	function_local_storage	no_standalone_port
L	0498	L0498_T_ExplosionThing	PROJEXPL.C	F0217_PROJECTILE_HasImpactOccured	function_local_storage	no_standalone_port
L	0499	L0499_i_ProjectileMapX	PROJEXPL.C	F0217_PROJECTILE_HasImpactOccured	function_local_storage	no_standalone_port
L	0500	L0500_i_ProjectileMapY	PROJEXPL.C	F0217_PROJECTILE_HasImpactOccured	function_local_storage	no_standalone_port
L	0501	L0501_i_MapXCombo	PROJEXPL.C	F0217_PROJECTILE_HasImpactOccured	function_local_storage	no_standalone_port
L	0502	L0502_i_MapYCombo	PROJEXPL.C	F0217_PROJECTILE_HasImpactOccured	function_local_storage	no_standalone_port
L	0503	L0503_uc_Square	PROJEXPL.C	F0217_PROJECTILE_HasImpactOccured	function_local_storage	no_standalone_port
L	0504	L0504_s_Unreferenced	PROJEXPL.C	F0217_PROJECTILE_HasImpactOccured	function_local_storage	no_standalone_port
L	0505	L0505_B_CreateExplosionOnImpact	PROJEXPL.C	F0217_PROJECTILE_HasImpactOccured	function_local_storage	no_standalone_port
L	0506	L0506_i_Unreferenced	PROJEXPL.C	F0217_PROJECTILE_HasImpactOccured	function_local_storage	no_standalone_port
L	0507	L0507_ui_Multiple	PROJEXPL.C	F0217_PROJECTILE_HasImpactOccured	function_local_storage	no_standalone_port
L	0508	L0508_i_PotionPower	PROJEXPL.C	F0217_PROJECTILE_HasImpactOccured	function_local_storage	no_standalone_port
L	0509	L0509_B_RemovePotion	PROJEXPL.C	F0217_PROJECTILE_HasImpactOccured	function_local_storage	no_standalone_port
L	0510	L0510_i_ProjectileAssociatedThingType	PROJEXPL.C	F0217_PROJECTILE_HasImpactOccured	function_local_storage	no_standalone_port
L	0511	L0511_ui_CreatureType	PROJEXPL.C	F0217_PROJECTILE_HasImpactOccured	function_local_storage	no_standalone_port
L	0512	L0512_ui_CreatureIndex	PROJEXPL.C	F0217_PROJECTILE_HasImpactOccured	function_local_storage	no_standalone_port
L	0513	L0513_T_Thing	PROJEXPL.C	F0218_PROJECTILE_GetImpactCount	function_local_storage	no_standalone_port
L	0514	L0514_i_ImpactCount	PROJEXPL.C	F0218_PROJECTILE_GetImpactCount	function_local_storage	no_standalone_port
L	0515	L0515_T_ProjectileThingNewCell	PROJEXPL.C	F0219_PROJECTILE_ProcessEvents48To49_Projectile	function_local_storage	no_standalone_port
L	0516	L0516_ui_Multiple	PROJEXPL.C	F0219_PROJECTILE_ProcessEvents48To49_Projectile	function_local_storage	no_standalone_port
L	0517	L0517_ui_ProjectileDirection	PROJEXPL.C	F0219_PROJECTILE_ProcessEvents48To49_Projectile	function_local_storage	no_standalone_port
L	0518	L0518_i_Cell	PROJEXPL.C	F0219_PROJECTILE_ProcessEvents48To49_Projectile	function_local_storage	no_standalone_port
L	0519	L0519_ps_Event	PROJEXPL.C	F0219_PROJECTILE_ProcessEvents48To49_Projectile	function_local_storage	no_standalone_port
L	0520	L0520_ps_Projectile	PROJEXPL.C	F0219_PROJECTILE_ProcessEvents48To49_Projectile	function_local_storage	no_standalone_port
L	0521	L0521_T_ProjectileThing	PROJEXPL.C	F0219_PROJECTILE_ProcessEvents48To49_Projectile	function_local_storage	no_standalone_port
L	0522	L0522_B_ProjectileMovesToOtherSquare	PROJEXPL.C	F0219_PROJECTILE_ProcessEvents48To49_Projectile	function_local_storage	no_standalone_port
L	0523	L0523_i_DestinationMapX	PROJEXPL.C	F0219_PROJECTILE_ProcessEvents48To49_Projectile	function_local_storage	no_standalone_port
L	0524	L0524_i_DestinationMapY	PROJEXPL.C	F0219_PROJECTILE_ProcessEvents48To49_Projectile	function_local_storage	no_standalone_port
L	0525	L0525_i_SourceMapX	PROJEXPL.C	F0219_PROJECTILE_ProcessEvents48To49_Projectile	function_local_storage	no_standalone_port
L	0526	L0526_i_SourceMapY	PROJEXPL.C	F0219_PROJECTILE_ProcessEvents48To49_Projectile	function_local_storage	no_standalone_port
L	0527	L0527_s_Event	PROJEXPL.C	F0219_PROJECTILE_ProcessEvents48To49_Projectile	function_local_storage	no_standalone_port
L	0528	L0528_ui_MapX	PROJEXPL.C	F0220_EXPLOSION_ProcessEvent25_Explosion	function_local_storage	no_standalone_port
L	0529	L0529_ui_MapY	PROJEXPL.C	F0220_EXPLOSION_ProcessEvent25_Explosion	function_local_storage	no_standalone_port
L	0530	L0530_i_Attack	PROJEXPL.C	F0220_EXPLOSION_ProcessEvent25_Explosion	function_local_storage	no_standalone_port
L	0531	L0531_i_Multiple	PROJEXPL.C	F0220_EXPLOSION_ProcessEvent25_Explosion	function_local_storage	no_standalone_port
L	0532	L0532_ps_Explosion	PROJEXPL.C	F0220_EXPLOSION_ProcessEvent25_Explosion	function_local_storage	no_standalone_port
L	0533	L0533_ps_Group	PROJEXPL.C	F0220_EXPLOSION_ProcessEvent25_Explosion	function_local_storage	no_standalone_port
L	0534	L0534_ps_CreatureInfo	PROJEXPL.C	F0220_EXPLOSION_ProcessEvent25_Explosion	function_local_storage	no_standalone_port
L	0535	L0535_T_GroupThing	PROJEXPL.C	F0220_EXPLOSION_ProcessEvent25_Explosion	function_local_storage	no_standalone_port
L	0536	L0536_T_ExplosionThing	PROJEXPL.C	F0220_EXPLOSION_ProcessEvent25_Explosion	function_local_storage	no_standalone_port
L	0537	L0537_ui_Multiple	PROJEXPL.C	F0220_EXPLOSION_ProcessEvent25_Explosion	function_local_storage	no_standalone_port
L	0538	L0538_B_ExplosionOnPartySquare	PROJEXPL.C	F0220_EXPLOSION_ProcessEvent25_Explosion	function_local_storage	no_standalone_port
L	0539	L0539_s_Event	PROJEXPL.C	F0220_EXPLOSION_ProcessEvent25_Explosion	function_local_storage	no_standalone_port
L	0540	L0540_T_Thing	PROJEXPL.C	F0221_GROUP_IsFluxcageOnSquare	function_local_storage	no_standalone_port
L	0541	L0541_i_SquareType	PROJEXPL.C	F0221_GROUP_IsFluxcageOnSquare	function_local_storage	no_standalone_port
L	0542	L0542_T_Thing	PROJEXPL.C	F0222_GROUP_IsLordChaosOnSquare	function_local_storage	no_standalone_port
L	0543	L0543_ps_Group	PROJEXPL.C	F0222_GROUP_IsLordChaosOnSquare	function_local_storage	no_standalone_port
L	0544	L0544_i_SquareType	GROUP.C;PROJEXPL.C	F0223_GROUP_IsLordChaosAllowed	function_local_storage	no_standalone_port
L	0545	L0545_T_Thing	PROJEXPL.C	F0224_GROUP_FluxCageAction	function_local_storage	no_standalone_port
L	0546	L0546_i_Multiple	PROJEXPL.C	F0224_GROUP_FluxCageAction	function_local_storage	no_standalone_port
L	0547	L0547_s_Event	PROJEXPL.C	F0224_GROUP_FluxCageAction	function_local_storage	no_standalone_port
L	0548	L0548_i_MapX	PROJEXPL.C	F0225_GROUP_FuseAction	function_local_storage	no_standalone_port
L	0549	L0549_i_MapY	PROJEXPL.C	F0225_GROUP_FuseAction	function_local_storage	no_standalone_port
L	0550	L0550_i_SquareType	PROJEXPL.C	F0225_GROUP_FuseAction	function_local_storage	no_standalone_port
L	0551	L0551_ui_FluxcageCount	PROJEXPL.C	F0225_GROUP_FuseAction	function_local_storage	no_standalone_port
L	0552	L0552_ui_FluxcageIndex	PROJEXPL.C	F0225_GROUP_FuseAction	function_local_storage	no_standalone_port
L	0553	L0553_ui_Counter	PROJEXPL.C	F0225_GROUP_FuseAction	function_local_storage	no_standalone_port
L	0554	L0554_aB_Fluxcages	PROJEXPL.C	F0225_GROUP_FuseAction	function_local_storage	no_standalone_port
L	0555	L0555_T_LordChaosThing	PROJEXPL.C	F0225_GROUP_FuseAction	function_local_storage	no_standalone_port
L	0556	L0556_i_Direction	PROJEXPL.C	F0228_GROUP_GetDirectionsWhereDestinationIsVisibleFromSource	function_local_storage	no_standalone_port
L	0557	L0557_ui_OrderedCellsToAttackIndex	PROJEXPL.C	F0229_GROUP_SetOrderedCellsToAttack	function_local_storage	no_standalone_port
L	0558	L0558_i_Multiple	PROJEXPL.C	F0230_GROUP_GetChampionDamage	function_local_storage	no_standalone_port
L	0559	L0559_ui_Multiple	PROJEXPL.C	F0230_GROUP_GetChampionDamage	function_local_storage	no_standalone_port
L	0560	L0560_ui_WoundProbabilities	PROJEXPL.C	F0230_GROUP_GetChampionDamage	function_local_storage	no_standalone_port
L	0561	L0561_ui_Multiple	PROJEXPL.C	F0230_GROUP_GetChampionDamage	function_local_storage	no_standalone_port
L	0562	L0562_ps_Champion	PROJEXPL.C	F0230_GROUP_GetChampionDamage	function_local_storage	no_standalone_port
L	0563	L0563_i_DoubledMapDifficulty	PROJEXPL.C	F0230_GROUP_GetChampionDamage	function_local_storage	no_standalone_port
L	0564	L0564_s_CreatureInfo	PROJEXPL.C	F0230_GROUP_GetChampionDamage	function_local_storage	no_standalone_port
L	0565	L0565_i_Damage	PROJEXPL.C	F0231_GROUP_GetMeleeActionDamage	function_local_storage	no_standalone_port
L	0566	L0566_i_Damage	PROJEXPL.C	F0231_GROUP_GetMeleeActionDamage	function_local_storage	no_standalone_port
L	0567	L0567_i_DoubledMapDifficulty	PROJEXPL.C	F0231_GROUP_GetMeleeActionDamage	function_local_storage	no_standalone_port
L	0568	L0568_i_Defense	PROJEXPL.C	F0231_GROUP_GetMeleeActionDamage	function_local_storage	no_standalone_port
L	0569	L0569_i_Outcome	PROJEXPL.C	F0231_GROUP_GetMeleeActionDamage	function_local_storage	no_standalone_port
L	0570	L0570_B_ActionHitsNonMaterialCreatures	PROJEXPL.C	F0231_GROUP_GetMeleeActionDamage	function_local_storage	no_standalone_port
L	0571	L0571_i_ActionHandObjectIconIndex	PROJEXPL.C	F0231_GROUP_GetMeleeActionDamage	function_local_storage	no_standalone_port
L	0572	L0572_ps_CreatureInfo	PROJEXPL.C	F0231_GROUP_GetMeleeActionDamage	function_local_storage	no_standalone_port
L	0573	L0573_ps_Door	PROJEXPL.C	F0232_GROUP_IsDoorDestroyedByAttack	function_local_storage	no_standalone_port
L	0574	L0574_puc_Square	PROJEXPL.C	F0232_GROUP_IsDoorDestroyedByAttack	function_local_storage	no_standalone_port
L	0575	L0575_s_Event	PROJEXPL.C	F0232_GROUP_IsDoorDestroyedByAttack	function_local_storage	no_standalone_port
L	0576	L0576_ui_EventIndex	TIMELINE.C	F0233_TIMELINE_Initialize_CPSE	function_local_storage	no_standalone_port
L	0577	L0577_ps_Event	TIMELINE.C	F0233_TIMELINE_Initialize_CPSE	function_local_storage	no_standalone_port
L	0578	L0578_B_Simultaneous	TIMELINE.C	F0234_TIMELINE_IsEventABeforeEventB	function_local_storage	no_standalone_port
L	0579	L0579_TimelineIndex	TIMELINE.C	F0235_TIMELINE_GetIndex	function_local_storage	no_standalone_port
L	0580	L0580_pui_TimelineEntry	TIMELINE.C	F0235_TIMELINE_GetIndex	function_local_storage	no_standalone_port
L	0581	L0581_ui_TimelineIndex	TIMELINE.C	F0236_TIMELINE_FixPlacement	function_local_storage	no_standalone_port
L	0582	L0582_ui_EventIndex	TIMELINE.C	F0236_TIMELINE_FixPlacement	function_local_storage	no_standalone_port
L	0583	L0583_ui_Multiple	TIMELINE.C	F0236_TIMELINE_FixPlacement	function_local_storage	no_standalone_port
L	0584	L0584_ps_Event	TIMELINE.C	F0236_TIMELINE_FixPlacement	function_local_storage	no_standalone_port
L	0585	L0585_B_PlacementFixed	TIMELINE.C	F0236_TIMELINE_FixPlacement	function_local_storage	no_standalone_port
L	0586	L0586_ui_TimelineIndex	TIMELINE.C	F0237_TIMELINE_DeleteEvent	function_local_storage	no_standalone_port
L	0587	L0587_ui_EventCount	TIMELINE.C	F0237_TIMELINE_DeleteEvent	function_local_storage	no_standalone_port
L	0588	L0588_ui_EventIndex	TIMELINE.C	F0238_TIMELINE_AddEvent_GetEventIndex_CPSE	function_local_storage	no_standalone_port
L	0589	L0589_i_Unreferenced	TIMELINE.C	F0238_TIMELINE_AddEvent_GetEventIndex_CPSE	function_local_storage	no_standalone_port
L	0590	L0590_i_NewEventIndex	TIMELINE.C	F0238_TIMELINE_AddEvent_GetEventIndex_CPSE	function_local_storage	no_standalone_port
L	0590	L0590_ui_NewEventIndex	TIMELINE.C	F0238_TIMELINE_AddEvent_GetEventIndex_CPSE	function_local_storage	no_standalone_port
L	0591	L0591_ps_Event	TIMELINE.C	F0238_TIMELINE_AddEvent_GetEventIndex_CPSE	function_local_storage	no_standalone_port
L	0592	L0592_ui_EventIndex	TIMELINE.C	F0239_TIMELINE_ExtractFirstEvent	function_local_storage	no_standalone_port
L	0593	L0593_ui_MapX	TIMELINE.C	F0241_TIMELINE_ProcessEvent1_DoorAnimation	function_local_storage	no_standalone_port
L	0594	L0594_ui_MapY	TIMELINE.C	F0241_TIMELINE_ProcessEvent1_DoorAnimation	function_local_storage	no_standalone_port
L	0595	L0595_i_Effect	TIMELINE.C	F0241_TIMELINE_ProcessEvent1_DoorAnimation	function_local_storage	no_standalone_port
L	0596	L0596_i_DoorState	TIMELINE.C	F0241_TIMELINE_ProcessEvent1_DoorAnimation	function_local_storage	no_standalone_port
L	0597	L0597_puc_Square	TIMELINE.C	F0241_TIMELINE_ProcessEvent1_DoorAnimation	function_local_storage	no_standalone_port
L	0598	L0598_ps_Door	TIMELINE.C	F0241_TIMELINE_ProcessEvent1_DoorAnimation	function_local_storage	no_standalone_port
L	0599	L0599_T_GroupThing	TIMELINE.C	F0241_TIMELINE_ProcessEvent1_DoorAnimation	function_local_storage	no_standalone_port
L	0600	L0600_ui_CreatureAttributes	TIMELINE.C	F0241_TIMELINE_ProcessEvent1_DoorAnimation	function_local_storage	no_standalone_port
L	0601	L0601_ac_Unreferenced	TIMELINE.C	F0241_TIMELINE_ProcessEvent1_DoorAnimation	function_local_storage	no_standalone_port
L	0602	L0602_ui_Multiple	TIMELINE.C	F0241_TIMELINE_ProcessEvent1_DoorAnimation	function_local_storage	no_standalone_port
L	0603	L0603_ui_MapX	TIMELINE.C	F0242_TIMELINE_ProcessEvent7_Square_FakeWall	function_local_storage	no_standalone_port
L	0604	L0604_ui_MapY	TIMELINE.C	F0242_TIMELINE_ProcessEvent7_Square_FakeWall	function_local_storage	no_standalone_port
L	0605	L0605_i_Effect	TIMELINE.C	F0242_TIMELINE_ProcessEvent7_Square_FakeWall	function_local_storage	no_standalone_port
L	0606	L0606_T_Thing	TIMELINE.C	F0242_TIMELINE_ProcessEvent7_Square_FakeWall	function_local_storage	no_standalone_port
L	0607	L0607_puc_Square	TIMELINE.C	F0242_TIMELINE_ProcessEvent7_Square_FakeWall	function_local_storage	no_standalone_port
L	0608	L0608_puc_Square	TIMELINE.C	F0243_TIMELINE_ProcessEvent2_DoorDestruction	function_local_storage	no_standalone_port
L	0609	L0609_i_DoorState	TIMELINE.C	F0244_TIMELINE_ProcessEvent10_Square_Door	function_local_storage	no_standalone_port
L	0610	L0610_i_ThingType	TIMELINE.C	F0245_TIMELINE_ProcessEvent5_Square_Corridor	function_local_storage	no_standalone_port
L	0611	L0611_B_TextCurrentlyVisible	TIMELINE.C	F0245_TIMELINE_ProcessEvent5_Square_Corridor	function_local_storage	no_standalone_port
L	0612	L0612_ui_CreatureCount	TIMELINE.C	F0245_TIMELINE_ProcessEvent5_Square_Corridor	function_local_storage	no_standalone_port
L	0613	L0613_T_Thing	TIMELINE.C	F0245_TIMELINE_ProcessEvent5_Square_Corridor	function_local_storage	no_standalone_port
L	0614	L0614_ps_Sensor	TIMELINE.C	F0245_TIMELINE_ProcessEvent5_Square_Corridor	function_local_storage	no_standalone_port
L	0615	L0615_ps_TextString	TIMELINE.C	F0245_TIMELINE_ProcessEvent5_Square_Corridor	function_local_storage	no_standalone_port
L	0616	L0616_ui_MapX	TIMELINE.C	F0245_TIMELINE_ProcessEvent5_Square_Corridor	function_local_storage	no_standalone_port
L	0617	L0617_ui_MapY	TIMELINE.C	F0245_TIMELINE_ProcessEvent5_Square_Corridor	function_local_storage	no_standalone_port
L	0618	L0618_ui_Multiple	TIMELINE.C	F0245_TIMELINE_ProcessEvent5_Square_Corridor	function_local_storage	no_standalone_port
L	0619	L0619_s_Event	TIMELINE.C	F0245_TIMELINE_ProcessEvent5_Square_Corridor	function_local_storage	no_standalone_port
L	0620	L0620_T_Thing	TIMELINE.C	F0246_TIMELINE_ProcessEvent65_EnableGroupGenerator	function_local_storage	no_standalone_port
L	0621	L0621_ps_Sensor	TIMELINE.C	F0246_TIMELINE_ProcessEvent65_EnableGroupGenerator	function_local_storage	no_standalone_port
L	0622	L0622_T_FirstProjectileAssociatedThing	TIMELINE.C	F0247_TIMELINE_TriggerProjectileLauncher	function_local_storage	no_standalone_port
L	0623	L0623_T_SecondProjectileAssociatedThing	TIMELINE.C	F0247_TIMELINE_TriggerProjectileLauncher	function_local_storage	no_standalone_port
L	0624	L0624_ui_Cell	TIMELINE.C	F0247_TIMELINE_TriggerProjectileLauncher	function_local_storage	no_standalone_port
L	0625	L0625_i_SensorType	TIMELINE.C	F0247_TIMELINE_TriggerProjectileLauncher	function_local_storage	no_standalone_port
L	0626	L0626_i_MapX	TIMELINE.C	F0247_TIMELINE_TriggerProjectileLauncher	function_local_storage	no_standalone_port
L	0627	L0627_i_MapY	TIMELINE.C	F0247_TIMELINE_TriggerProjectileLauncher	function_local_storage	no_standalone_port
L	0628	L0628_ui_ProjectileCell	TIMELINE.C	F0247_TIMELINE_TriggerProjectileLauncher	function_local_storage	no_standalone_port
L	0629	L0629_i_SensorData	TIMELINE.C	F0247_TIMELINE_TriggerProjectileLauncher	function_local_storage	no_standalone_port
L	0630	L0630_i_KineticEnergy	TIMELINE.C	F0247_TIMELINE_TriggerProjectileLauncher	function_local_storage	no_standalone_port
L	0631	L0631_i_StepEnergy	TIMELINE.C	F0247_TIMELINE_TriggerProjectileLauncher	function_local_storage	no_standalone_port
L	0632	L0632_B_LaunchSingleProjectile	TIMELINE.C	F0247_TIMELINE_TriggerProjectileLauncher	function_local_storage	no_standalone_port
L	0633	L0633_ui_ThingCell	TIMELINE.C	F0247_TIMELINE_TriggerProjectileLauncher	function_local_storage	no_standalone_port
L	0634	L0634_T_Thing	TIMELINE.C	F0248_TIMELINE_ProcessEvent6_Square_Wall	function_local_storage	no_standalone_port
L	0635	L0635_i_ThingType	TIMELINE.C	F0248_TIMELINE_ProcessEvent6_Square_Wall	function_local_storage	no_standalone_port
L	0636	L0636_i_Multiple	TIMELINE.C	F0248_TIMELINE_ProcessEvent6_Square_Wall	function_local_storage	no_standalone_port
L	0637	L0637_ui_SensorData	TIMELINE.C	F0248_TIMELINE_ProcessEvent6_Square_Wall	function_local_storage	no_standalone_port
L	0638	L0638_ps_Sensor	TIMELINE.C	F0248_TIMELINE_ProcessEvent6_Square_Wall	function_local_storage	no_standalone_port
L	0639	L0639_ps_TextString	TIMELINE.C	F0248_TIMELINE_ProcessEvent6_Square_Wall	function_local_storage	no_standalone_port
L	0640	L0640_ui_SensorType	TIMELINE.C	F0248_TIMELINE_ProcessEvent6_Square_Wall	function_local_storage	no_standalone_port
L	0641	L0641_i_MapX	TIMELINE.C	F0248_TIMELINE_ProcessEvent6_Square_Wall	function_local_storage	no_standalone_port
L	0642	L0642_i_MapY	TIMELINE.C	F0248_TIMELINE_ProcessEvent6_Square_Wall	function_local_storage	no_standalone_port
L	0643	L0643_ui_Cell	TIMELINE.C	F0248_TIMELINE_ProcessEvent6_Square_Wall	function_local_storage	no_standalone_port
L	0644	L0644_ui_Multiple	TIMELINE.C	F0249_TIMELINE_MoveTeleporterOrPitSquareThings	function_local_storage	no_standalone_port
L	0645	L0645_T_Thing	TIMELINE.C	F0249_TIMELINE_MoveTeleporterOrPitSquareThings	function_local_storage	no_standalone_port
L	0646	L0646_ps_Projectile	TIMELINE.C	F0249_TIMELINE_MoveTeleporterOrPitSquareThings	function_local_storage	no_standalone_port
L	0647	L0647_ps_Event	TIMELINE.C	F0249_TIMELINE_MoveTeleporterOrPitSquareThings	function_local_storage	no_standalone_port
L	0648	L0648_T_NextThing	TIMELINE.C	F0249_TIMELINE_MoveTeleporterOrPitSquareThings	function_local_storage	no_standalone_port
L	0649	L0649_i_ThingsToMoveCount	TIMELINE.C	F0249_TIMELINE_MoveTeleporterOrPitSquareThings	function_local_storage	no_standalone_port
L	0650	L0650_ui_MapX	TIMELINE.C	F0250_TIMELINE_ProcessEvent8_Square_Teleporter	function_local_storage	no_standalone_port
L	0651	L0651_ui_MapY	TIMELINE.C	F0250_TIMELINE_ProcessEvent8_Square_Teleporter	function_local_storage	no_standalone_port
L	0652	L0652_puc_Square	TIMELINE.C	F0250_TIMELINE_ProcessEvent8_Square_Teleporter	function_local_storage	no_standalone_port
L	0653	L0653_ui_MapX	TIMELINE.C	F0251_TIMELINE_ProcessEvent9_Square_Pit	function_local_storage	no_standalone_port
L	0654	L0654_ui_MapY	TIMELINE.C	F0251_TIMELINE_ProcessEvent9_Square_Pit	function_local_storage	no_standalone_port
L	0655	L0655_puc_Square	TIMELINE.C	F0251_TIMELINE_ProcessEvent9_Square_Pit	function_local_storage	no_standalone_port
L	0656	L0656_ui_MapX	TIMELINE.C	F0252_TIMELINE_ProcessEvents60to61_MoveGroup	function_local_storage	no_standalone_port
L	0657	L0657_ui_MapY	TIMELINE.C	F0252_TIMELINE_ProcessEvents60to61_MoveGroup	function_local_storage	no_standalone_port
L	0658	L0658_ps_Group	TIMELINE.C	F0252_TIMELINE_ProcessEvents60to61_MoveGroup	function_local_storage	no_standalone_port
L	0659	L0659_B_RandomDirectionMoveRetried	TIMELINE.C	F0252_TIMELINE_ProcessEvents60to61_MoveGroup	function_local_storage	no_standalone_port
L	0660	L0660_i_SlotIndex	TIMELINE.C	F0253_TIMELINE_ProcessEvent11Part1_EnableChampionAction	function_local_storage	no_standalone_port
L	0661	L0661_i_QuiverSlotIndex	TIMELINE.C	F0253_TIMELINE_ProcessEvent11Part1_EnableChampionAction	function_local_storage	no_standalone_port
L	0662	L0662_ps_Champion	TIMELINE.C	F0253_TIMELINE_ProcessEvent11Part1_EnableChampionAction	function_local_storage	no_standalone_port
L	0663	L0663_ps_Champion	TIMELINE.C	F0254_TIMELINE_ProcessEvent12_HideDamageReceived	function_local_storage	no_standalone_port
L	0664	L0664_i_MapX	TIMELINE.C	F0255_TIMELINE_ProcessEvent13_ViAltarRebirth	function_local_storage	no_standalone_port
L	0665	L0665_i_MapY	TIMELINE.C	F0255_TIMELINE_ProcessEvent13_ViAltarRebirth	function_local_storage	no_standalone_port
L	0666	L0666_ui_Cell	TIMELINE.C	F0255_TIMELINE_ProcessEvent13_ViAltarRebirth	function_local_storage	no_standalone_port
L	0667	L0667_T_Thing	TIMELINE.C	F0255_TIMELINE_ProcessEvent13_ViAltarRebirth	function_local_storage	no_standalone_port
L	0668	L0668_ps_Junk	TIMELINE.C	F0255_TIMELINE_ProcessEvent13_ViAltarRebirth	function_local_storage	no_standalone_port
L	0669	L0669_i_IconIndex	TIMELINE.C	F0255_TIMELINE_ProcessEvent13_ViAltarRebirth	function_local_storage	no_standalone_port
L	0670	L0670_ui_Step	TIMELINE.C	F0255_TIMELINE_ProcessEvent13_ViAltarRebirth	function_local_storage	no_standalone_port
L	0671	L0671_ui_ChampionIndex	TIMELINE.C	F0255_TIMELINE_ProcessEvent13_ViAltarRebirth	function_local_storage	no_standalone_port
L	0672	L0672_s_Event	TIMELINE.C	F0256_TIMELINE_ProcessEvent53_Watchdog_CPSE	function_local_storage	no_standalone_port
L	0673	L0673_i_WeakerLightPower	TIMELINE.C	F0257_TIMELINE_ProcessEvent70_Light	function_local_storage	no_standalone_port
L	0674	L0674_i_Multiple	TIMELINE.C	F0257_TIMELINE_ProcessEvent70_Light	function_local_storage	no_standalone_port
L	0675	L0675_B_NegativeLightPower	TIMELINE.C	F0257_TIMELINE_ProcessEvent70_Light	function_local_storage	no_standalone_port
L	0676	L0676_s_Event	TIMELINE.C	F0257_TIMELINE_ProcessEvent70_Light	function_local_storage	no_standalone_port
L	0677	L0677_ui_SlotIndex	TIMELINE.C	F0259_TIMELINE_ProcessEvent11Part2_MoveWeaponFromQuiverToSlot	function_local_storage	no_standalone_port
L	0678	L0678_ps_Champion	TIMELINE.C	F0259_TIMELINE_ProcessEvent11Part2_MoveWeaponFromQuiverToSlot	function_local_storage	no_standalone_port
L	0679	L0679_ui_ChampionIndex	TIMELINE.C	F0260_TIMELINE_RefreshAllChampionStatusBoxes	function_local_storage	no_standalone_port
L	0680	L0680_ui_Multiple	TIMELINE.C	F0261_TIMELINE_Process_CPSEF	function_local_storage	no_standalone_port
L	0681	L0681_ps_Event	TIMELINE.C	F0261_TIMELINE_Process_CPSEF	function_local_storage	no_standalone_port
L	0682	L0682_s_Event	TIMELINE.C	F0261_TIMELINE_Process_CPSEF	function_local_storage	no_standalone_port
L	0683	L0683_ui_Rotation	MOVESENS.C	F0262_MOVE_GetTeleporterRotatedGroupResult	function_local_storage	no_standalone_port
L	0684	L0684_ui_GroupDirections	MOVESENS.C	F0262_MOVE_GetTeleporterRotatedGroupResult	function_local_storage	no_standalone_port
L	0685	L0685_ui_UpdatedGroupDirections	MOVESENS.C	F0262_MOVE_GetTeleporterRotatedGroupResult	function_local_storage	no_standalone_port
L	0686	L0686_ps_Group	MOVESENS.C	F0262_MOVE_GetTeleporterRotatedGroupResult	function_local_storage	no_standalone_port
L	0687	L0687_ui_UpdatedGroupCells	MOVESENS.C	F0262_MOVE_GetTeleporterRotatedGroupResult	function_local_storage	no_standalone_port
L	0688	L0688_i_CreatureIndex	MOVESENS.C	F0262_MOVE_GetTeleporterRotatedGroupResult	function_local_storage	no_standalone_port
L	0689	L0689_B_AbsoluteRotation	MOVESENS.C	F0262_MOVE_GetTeleporterRotatedGroupResult	function_local_storage	no_standalone_port
L	0690	L0690_ui_GroupCells	MOVESENS.C	F0262_MOVE_GetTeleporterRotatedGroupResult	function_local_storage	no_standalone_port
L	0691	L0691_i_CreatureSize	MOVESENS.C	F0262_MOVE_GetTeleporterRotatedGroupResult	function_local_storage	no_standalone_port
L	0692	L0692_i_RelativeRotation	MOVESENS.C	F0262_MOVE_GetTeleporterRotatedGroupResult	function_local_storage	no_standalone_port
L	0693	L0693_i_UpdatedDirection	MOVESENS.C	F0263_MOVE_GetTeleporterRotatedProjectileThing	function_local_storage	no_standalone_port
L	0694	L0694_i_Rotation	MOVESENS.C	F0263_MOVE_GetTeleporterRotatedProjectileThing	function_local_storage	no_standalone_port
L	0695	L0695_i_ThingType	MOVESENS.C	F0264_MOVE_IsLevitating	function_local_storage	no_standalone_port
L	0696	L0696_s_Event	MOVESENS.C	F0265_MOVE_CreateEvent60To61_MoveGroup	function_local_storage	no_standalone_port
L	0697	L0697_T_Thing	MOVESENS.C	F0266_MOVE_IsKilledByProjectileImpact	function_local_storage	no_standalone_port
L	0698	L0698_i_Unreferenced	MOVESENS.C	F0266_MOVE_IsKilledByProjectileImpact	function_local_storage	no_standalone_port
L	0699	L0699_ui_Multiple	MOVESENS.C	F0266_MOVE_IsKilledByProjectileImpact	function_local_storage	no_standalone_port
L	0700	L0700_i_Multiple	MOVESENS.C	F0266_MOVE_IsKilledByProjectileImpact	function_local_storage	no_standalone_port
L	0701	L0701_ps_Group	MOVESENS.C	F0266_MOVE_IsKilledByProjectileImpact	function_local_storage	no_standalone_port
L	0702	L0702_i_ImpactType	MOVESENS.C	F0266_MOVE_IsKilledByProjectileImpact	function_local_storage	no_standalone_port
L	0703	L0703_B_CheckDestinationSquareProjectileImpacts	MOVESENS.C	F0266_MOVE_IsKilledByProjectileImpact	function_local_storage	no_standalone_port
L	0704	L0704_ui_ProjectileMapX	MOVESENS.C	F0266_MOVE_IsKilledByProjectileImpact	function_local_storage	no_standalone_port
L	0705	L0705_ui_ProjectileMapY	MOVESENS.C	F0266_MOVE_IsKilledByProjectileImpact	function_local_storage	no_standalone_port
L	0706	L0706_auc_IntermediaryChampionOrCreatureOrdinalInCell	MOVESENS.C	F0266_MOVE_IsKilledByProjectileImpact	function_local_storage	no_standalone_port
L	0707	L0707_auc_ChampionOrCreatureOrdinalInCell	MOVESENS.C	F0266_MOVE_IsKilledByProjectileImpact	function_local_storage	no_standalone_port
L	0708	L0708_i_Multiple	MOVESENS.C	F0267_MOVE_GetMoveResult_CPSCE	function_local_storage	no_standalone_port
L	0709	L0709_i_Multiple	MOVESENS.C	F0267_MOVE_GetMoveResult_CPSCE	function_local_storage	no_standalone_port
L	0710	L0710_i_ThingType	MOVESENS.C	F0267_MOVE_GetMoveResult_CPSCE	function_local_storage	no_standalone_port
L	0711	L0711_ps_Champion	MOVESENS.C	F0267_MOVE_GetMoveResult_CPSCE	function_local_storage	no_standalone_port
L	0712	L0712_ps_Teleporter	MOVESENS.C	F0267_MOVE_GetMoveResult_CPSCE	function_local_storage	no_standalone_port
L	0713	L0713_B_ThingLevitates	MOVESENS.C	F0267_MOVE_GetMoveResult_CPSCE	function_local_storage	no_standalone_port
L	0714	L0714_ui_MapIndexSource	MOVESENS.C	F0267_MOVE_GetMoveResult_CPSCE	function_local_storage	no_standalone_port
L	0715	L0715_ui_MapIndexDestination	MOVESENS.C	F0267_MOVE_GetMoveResult_CPSCE	function_local_storage	no_standalone_port
L	0716	L0716_ui_Direction	MOVESENS.C	F0267_MOVE_GetMoveResult_CPSCE	function_local_storage	no_standalone_port
L	0717	L0717_ui_ThingCell	MOVESENS.C	F0267_MOVE_GetMoveResult_CPSCE	function_local_storage	no_standalone_port
L	0718	L0718_i_RequiredTeleporterScope	MOVESENS.C	F0267_MOVE_GetMoveResult_CPSCE	function_local_storage	no_standalone_port
L	0719	L0719_i_TraversedPitCount	MOVESENS.C	F0267_MOVE_GetMoveResult_CPSCE	function_local_storage	no_standalone_port
L	0720	L0720_ui_MoveGroupResult	MOVESENS.C	F0267_MOVE_GetMoveResult_CPSCE	function_local_storage	no_standalone_port
L	0721	L0721_B_GroupOnPartyMap	MOVESENS.C	F0267_MOVE_GetMoveResult_CPSCE	function_local_storage	no_standalone_port
L	0722	L0722_B_FallKilledGroup	MOVESENS.C	F0267_MOVE_GetMoveResult_CPSCE	function_local_storage	no_standalone_port
L	0723	L0723_B_DrawDungeonViewWhileFalling	MOVESENS.C	F0267_MOVE_GetMoveResult_CPSCE	function_local_storage	no_standalone_port
L	0724	L0724_B_DestinationIsTeleporterTarget	MOVESENS.C	F0267_MOVE_GetMoveResult_CPSCE	function_local_storage	no_standalone_port
L	0725	L0725_B_PartySquare	MOVESENS.C	F0267_MOVE_GetMoveResult_CPSCE	function_local_storage	no_standalone_port
L	0726	L0726_B_Audible	MOVESENS.C	F0267_MOVE_GetMoveResult_CPSCE	function_local_storage	no_standalone_port
L	0727	L0727_ui_Multiple	MOVESENS.C	F0267_MOVE_GetMoveResult_CPSCE	function_local_storage	no_standalone_port
L	0728	L0728_i_ChainedMoveCount	MOVESENS.C	F0267_MOVE_GetMoveResult_CPSCE	function_local_storage	no_standalone_port
L	0729	L0729_s_Event	MOVESENS.C	F0268_SENSOR_AddEvent	function_local_storage	no_standalone_port
L	0730	L0730_ui_ChampionIndex	MOVESENS.C	F0269_SENSOR_AddSkillExperience	function_local_storage	no_standalone_port
L	0731	L0731_ps_Champion	MOVESENS.C	F0269_SENSOR_AddSkillExperience	function_local_storage	no_standalone_port
L	0732	L0732_T_FirstSensorThing	MOVESENS.C	F0271_SENSOR_ProcessRotationEffect	function_local_storage	no_standalone_port
L	0733	L0733_T_LastSensorThing	MOVESENS.C	F0271_SENSOR_ProcessRotationEffect	function_local_storage	no_standalone_port
L	0734	L0734_ps_FirstSensor	MOVESENS.C	F0271_SENSOR_ProcessRotationEffect	function_local_storage	no_standalone_port
L	0735	L0735_ps_LastSensor	MOVESENS.C	F0271_SENSOR_ProcessRotationEffect	function_local_storage	no_standalone_port
L	0736	L0736_i_TargetMapX	MOVESENS.C	F0272_SENSOR_TriggerEffect	function_local_storage	no_standalone_port
L	0737	L0737_i_TargetMapY	MOVESENS.C	F0272_SENSOR_TriggerEffect	function_local_storage	no_standalone_port
L	0738	L0738_l_Time	MOVESENS.C	F0272_SENSOR_TriggerEffect	function_local_storage	no_standalone_port
L	0739	L0739_ui_SquareType	MOVESENS.C	F0272_SENSOR_TriggerEffect	function_local_storage	no_standalone_port
L	0740	L0740_ui_TargetCell	MOVESENS.C	F0272_SENSOR_TriggerEffect	function_local_storage	no_standalone_port
L	0741	L0741_T_Thing	MOVESENS.C	F0273_SENSOR_GetObjectOfTypeInCell	function_local_storage	no_standalone_port
L	0742	L0742_ui_ChampionIndex	MOVESENS.C	F0274_SENSOR_IsObjectInPartyPossession	function_local_storage	no_standalone_port
L	0743	L0743_ui_SlotIndex	MOVESENS.C	F0274_SENSOR_IsObjectInPartyPossession	function_local_storage	no_standalone_port
L	0744	L0744_T_Thing	MOVESENS.C	F0274_SENSOR_IsObjectInPartyPossession	function_local_storage	no_standalone_port
L	0745	L0745_ps_Champion	MOVESENS.C	F0274_SENSOR_IsObjectInPartyPossession	function_local_storage	no_standalone_port
L	0746	L0746_pT_Thing	MOVESENS.C	F0274_SENSOR_IsObjectInPartyPossession	function_local_storage	no_standalone_port
L	0747	L0747_i_ObjectType	MOVESENS.C	F0274_SENSOR_IsObjectInPartyPossession	function_local_storage	no_standalone_port
L	0748	L0748_B_LeaderHandObjectProcessed	MOVESENS.C	F0274_SENSOR_IsObjectInPartyPossession	function_local_storage	no_standalone_port
L	0749	L0749_ps_Container	MOVESENS.C	F0274_SENSOR_IsObjectInPartyPossession	function_local_storage	no_standalone_port
L	0750	L0750_T_ThingBeingProcessed	MOVESENS.C	F0275_SENSOR_IsTriggeredByClickOnWall	function_local_storage	no_standalone_port
L	0751	L0751_ui_ThingType	MOVESENS.C	F0275_SENSOR_IsTriggeredByClickOnWall	function_local_storage	no_standalone_port
L	0752	L0752_ui_Cell	MOVESENS.C	F0275_SENSOR_IsTriggeredByClickOnWall	function_local_storage	no_standalone_port
L	0753	L0753_B_DoNotTriggerSensor	MOVESENS.C	F0275_SENSOR_IsTriggeredByClickOnWall	function_local_storage	no_standalone_port
L	0754	L0754_ps_Generic	MOVESENS.C	F0275_SENSOR_IsTriggeredByClickOnWall	function_local_storage	no_standalone_port
L	0755	L0755_ps_Sensor	MOVESENS.C	F0275_SENSOR_IsTriggeredByClickOnWall	function_local_storage	no_standalone_port
L	0756	L0756_i_SensorEffect	MOVESENS.C	F0275_SENSOR_IsTriggeredByClickOnWall	function_local_storage	no_standalone_port
L	0757	L0757_ui_SensorType	MOVESENS.C	F0275_SENSOR_IsTriggeredByClickOnWall	function_local_storage	no_standalone_port
L	0758	L0758_ui_SensorData	MOVESENS.C	F0275_SENSOR_IsTriggeredByClickOnWall	function_local_storage	no_standalone_port
L	0759	L0759_B_AtLeastOneSensorWasTriggered	MOVESENS.C	F0275_SENSOR_IsTriggeredByClickOnWall	function_local_storage	no_standalone_port
L	0760	L0760_ai_SensorCountToProcessPerCell	MOVESENS.C	F0275_SENSOR_IsTriggeredByClickOnWall	function_local_storage	no_standalone_port
L	0761	L0761_T_LeaderHandObject	MOVESENS.C	F0275_SENSOR_IsTriggeredByClickOnWall	function_local_storage	no_standalone_port
L	0762	L0762_T_ThingOnSquare	MOVESENS.C	F0275_SENSOR_IsTriggeredByClickOnWall	function_local_storage	no_standalone_port
L	0763	L0763_T_LastProcessedThing	MOVESENS.C	F0275_SENSOR_IsTriggeredByClickOnWall	function_local_storage	no_standalone_port
L	0764	L0764_T_SquareFirstThing	MOVESENS.C	F0275_SENSOR_IsTriggeredByClickOnWall	function_local_storage	no_standalone_port
L	0765	L0765_ps_Sensor	MOVESENS.C	F0275_SENSOR_IsTriggeredByClickOnWall	function_local_storage	no_standalone_port
L	0766	L0766_T_Thing	MOVESENS.C	F0276_SENSOR_ProcessThingAdditionOrRemoval	function_local_storage	no_standalone_port
L	0767	L0767_i_ThingType	MOVESENS.C	F0276_SENSOR_ProcessThingAdditionOrRemoval	function_local_storage	no_standalone_port
L	0768	L0768_B_TriggerSensor	MOVESENS.C	F0276_SENSOR_ProcessThingAdditionOrRemoval	function_local_storage	no_standalone_port
L	0769	L0769_ps_Sensor	MOVESENS.C	F0276_SENSOR_ProcessThingAdditionOrRemoval	function_local_storage	no_standalone_port
L	0770	L0770_ui_SensorTriggeredCell	MOVESENS.C	F0276_SENSOR_ProcessThingAdditionOrRemoval	function_local_storage	no_standalone_port
L	0771	L0771_ui_ThingType	MOVESENS.C	F0276_SENSOR_ProcessThingAdditionOrRemoval	function_local_storage	no_standalone_port
L	0772	L0772_B_SquareContainsObject	MOVESENS.C	F0276_SENSOR_ProcessThingAdditionOrRemoval	function_local_storage	no_standalone_port
L	0773	L0773_B_SquareContainsGroup	MOVESENS.C	F0276_SENSOR_ProcessThingAdditionOrRemoval	function_local_storage	no_standalone_port
L	0774	L0774_i_ObjectType	MOVESENS.C	F0276_SENSOR_ProcessThingAdditionOrRemoval	function_local_storage	no_standalone_port
L	0775	L0775_B_SquareContainsThingOfSameType	MOVESENS.C	F0276_SENSOR_ProcessThingAdditionOrRemoval	function_local_storage	no_standalone_port
L	0776	L0776_B_SquareContainsThingOfDifferentType	MOVESENS.C	F0276_SENSOR_ProcessThingAdditionOrRemoval	function_local_storage	no_standalone_port
L	0777	L0777_ui_Square	MOVESENS.C	F0276_SENSOR_ProcessThingAdditionOrRemoval	function_local_storage	no_standalone_port
L	0778	L0778_i_Effect	MOVESENS.C	F0276_SENSOR_ProcessThingAdditionOrRemoval	function_local_storage	no_standalone_port
L	0779	L0779_i_SensorData	MOVESENS.C	F0276_SENSOR_ProcessThingAdditionOrRemoval	function_local_storage	no_standalone_port
L	0780	L0780_i_ByteIndex	GRAPH21.C	F0914_Graphic21	function_local_storage	no_standalone_port
L	0780	L0780_ui_ByteIndex	COPYPRO6.C	F0277_CPSE_IsFuzzySectorValid_FuzzyBits	function_local_storage	no_standalone_port
L	0781	L0781_i_Counter	GRAPH21.C;COPYPRO6.C	F0277_CPSE_IsFuzzySectorValid_FuzzyBits;F0914_Graphic21	function_local_storage	no_standalone_port
L	0782	L0782_i_FuzzyBitCount	GRAPH21.C;COPYPRO6.C	F0277_CPSE_IsFuzzySectorValid_FuzzyBits;F0914_Graphic21	function_local_storage	no_standalone_port
L	0783	L0783_i_FuzzyBits	GRAPH21.C;COPYPRO6.C	F0277_CPSE_IsFuzzySectorValid_FuzzyBits;F0914_Graphic21	function_local_storage	no_standalone_port
L	0784	L0784_i_DifferingWordCount	GRAPH21.C;COPYPRO6.C	F0277_CPSE_IsFuzzySectorValid_FuzzyBits;F0914_Graphic21	function_local_storage	no_standalone_port
L	0785	L0785_i_ChampionIndex	CHAMPRST.C	F0278_CHAMPION_ResetDataToStartGame	function_local_storage	no_standalone_port
L	0786	L0786_i_Unreferenced	CHAMPRST.C	F0278_CHAMPION_ResetDataToStartGame	function_local_storage	no_standalone_port
L	0787	L0787_T_Thing	CHAMPRST.C	F0278_CHAMPION_ResetDataToStartGame	function_local_storage	no_standalone_port
L	0788	L0788_ps_Champion	CHAMPRST.C	F0278_CHAMPION_ResetDataToStartGame	function_local_storage	no_standalone_port
L	0789	L0789_pc_Unreferenced	CHAMPRST.C	F0278_CHAMPION_ResetDataToStartGame	function_local_storage	no_standalone_port
L	0790	L0790_ac_Unreferenced	CHAMPRST.C	F0278_CHAMPION_ResetDataToStartGame	function_local_storage	no_standalone_port
L	0791	L0791_CharacterIndex	REVIVE.C	F0279_CHAMPION_GetDecodedValue	function_local_storage	no_standalone_port
L	0792	L0792_ui_Value	REVIVE.C	F0279_CHAMPION_GetDecodedValue	function_local_storage	no_standalone_port
L	0793	L0793_T_Thing	REVIVE.C	F0280_CHAMPION_AddCandidateChampionToParty	function_local_storage	no_standalone_port
L	0794	L0794_ui_Multiple	REVIVE.C	F0280_CHAMPION_AddCandidateChampionToParty	function_local_storage	no_standalone_port
L	0795	L0795_i_HiddenSkillIndex	REVIVE.C	F0280_CHAMPION_AddCandidateChampionToParty	function_local_storage	no_standalone_port
L	0796	L0796_ui_Multiple	REVIVE.C	F0280_CHAMPION_AddCandidateChampionToParty	function_local_storage	no_standalone_port
L	0797	L0797_ps_Champion	REVIVE.C	F0280_CHAMPION_AddCandidateChampionToParty	function_local_storage	no_standalone_port
L	0798	L0798_pc_Character	REVIVE.C	F0280_CHAMPION_AddCandidateChampionToParty	function_local_storage	no_standalone_port
L	0799	L0799_ui_PreviousPartyChampionCount	REVIVE.C	F0280_CHAMPION_AddCandidateChampionToParty	function_local_storage	no_standalone_port
L	0800	L0800_ui_Multiple	REVIVE.C	F0280_CHAMPION_AddCandidateChampionToParty	function_local_storage	no_standalone_port
L	0801	L0801_ui_Multiple	REVIVE.C	F0280_CHAMPION_AddCandidateChampionToParty	function_local_storage	no_standalone_port
L	0802	L0802_i_MapX	REVIVE.C	F0280_CHAMPION_AddCandidateChampionToParty	function_local_storage	no_standalone_port
L	0803	L0803_i_MapY	REVIVE.C	F0280_CHAMPION_AddCandidateChampionToParty	function_local_storage	no_standalone_port
L	0804	L0804_ui_ChampionObjectsCell	REVIVE.C	F0280_CHAMPION_AddCandidateChampionToParty	function_local_storage	no_standalone_port
L	0805	L0805_i_ObjectAllowedSlots	REVIVE.C	F0280_CHAMPION_AddCandidateChampionToParty	function_local_storage	no_standalone_port
L	0806	L0806_l_BaseSkillExperience	REVIVE.C	F0280_CHAMPION_AddCandidateChampionToParty	function_local_storage	no_standalone_port
L	0807	L0807_ac_DecodedChampionText	REVIVE.C	F0280_CHAMPION_AddCandidateChampionToParty	function_local_storage	no_standalone_port
L	0808	L0808_ui_Multiple	REVIVE.C	F0281_CHAMPION_Rename	function_local_storage	no_standalone_port
L	0809	L0809_i_RenamedChampionString	REVIVE.C	F0281_CHAMPION_Rename	function_local_storage	no_standalone_port
L	0810	L0810_i_Character	REVIVE.C	F0281_CHAMPION_Rename	function_local_storage	no_standalone_port
L	0811	L0811_B_ChampionTitleIsFull	REVIVE.C	F0281_CHAMPION_Rename	function_local_storage	no_standalone_port
L	0812	L0812_pc_RenamedChampionString	REVIVE.C	F0281_CHAMPION_Rename	function_local_storage	no_standalone_port
L	0813	L0813_i_X	REVIVE.C	F0281_CHAMPION_Rename	function_local_storage	no_standalone_port
L	0814	L0814_i_Y	REVIVE.C	F0281_CHAMPION_Rename	function_local_storage	no_standalone_port
L	0815	L0815_ai_Box	REVIVE.C	F0281_CHAMPION_Rename	function_local_storage	no_standalone_port
L	0816	L0816_ui_MousePointerHotspotX	REVIVE.C	F0281_CHAMPION_Rename	function_local_storage	no_standalone_port
L	0817	L0817_ui_MousePointerHotspotY	REVIVE.C	F0281_CHAMPION_Rename	function_local_storage	no_standalone_port
L	0818	L0818_i_NewLeftMouseButtonStatus	REVIVE.C	F0281_CHAMPION_Rename	function_local_storage	no_standalone_port
L	0819	L0819_i_OldLeftMouseButtonStatus	REVIVE.C	F0281_CHAMPION_Rename	function_local_storage	no_standalone_port
L	0820	L0820_i_CharacterIndexBackup	REVIVE.C	F0281_CHAMPION_Rename	function_local_storage	no_standalone_port
L	0821	L0821_ac_ChampionNameBackupString	REVIVE.C	F0281_CHAMPION_Rename	function_local_storage	no_standalone_port
L	0822	L0822_ui_ChampionIndex	REVIVE.C	F0282_CHAMPION_ProcessCommands160To162_ClickInResurrectReincarnatePanel	function_local_storage	no_standalone_port
L	0823	L0823_ui_Multiple	REVIVE.C	F0282_CHAMPION_ProcessCommands160To162_ClickInResurrectReincarnatePanel	function_local_storage	no_standalone_port
L	0824	L0824_ui_Multiple	REVIVE.C	F0282_CHAMPION_ProcessCommands160To162_ClickInResurrectReincarnatePanel	function_local_storage	no_standalone_port
L	0825	L0825_T_Thing	REVIVE.C	F0282_CHAMPION_ProcessCommands160To162_ClickInResurrectReincarnatePanel	function_local_storage	no_standalone_port
L	0826	L0826_ps_Champion	REVIVE.C	F0282_CHAMPION_ProcessCommands160To162_ClickInResurrectReincarnatePanel	function_local_storage	no_standalone_port
L	0827	L0827_ps_Sensor	REVIVE.C	F0282_CHAMPION_ProcessCommands160To162_ClickInResurrectReincarnatePanel	function_local_storage	no_standalone_port
L	0828	L0828_i_MapX	REVIVE.C	F0282_CHAMPION_ProcessCommands160To162_ClickInResurrectReincarnatePanel	function_local_storage	no_standalone_port
L	0829	L0829_i_MapY	REVIVE.C	F0282_CHAMPION_ProcessCommands160To162_ClickInResurrectReincarnatePanel	function_local_storage	no_standalone_port
L	0830	L0830_ai_Box	REVIVE.C	F0282_CHAMPION_ProcessCommands160To162_ClickInResurrectReincarnatePanel	function_local_storage	no_standalone_port
L	0831	L0831_ui_Multiple	REVIVE.C	F0283_CHAMPION_ViAltarRebirth	function_local_storage	no_standalone_port
L	0832	L0832_ps_Champion	REVIVE.C	F0283_CHAMPION_ViAltarRebirth	function_local_storage	no_standalone_port
L	0833	L0833_ui_ChampionIndex	CHAMPION.C	F0284_CHAMPION_SetPartyDirection	function_local_storage	no_standalone_port
L	0834	L0834_i_Delta	CHAMPION.C	F0284_CHAMPION_SetPartyDirection	function_local_storage	no_standalone_port
L	0835	L0835_ps_Champion	CHAMPION.C	F0284_CHAMPION_SetPartyDirection	function_local_storage	no_standalone_port
L	0836	L0836_ui_ChampionIndex	CHAMPION.C	F0285_CHAMPION_GetIndexInCell	function_local_storage	no_standalone_port
L	0837	L0837_ps_Champion	CHAMPION.C	F0285_CHAMPION_GetIndexInCell	function_local_storage	no_standalone_port
L	0838	L0838_ui_Counter	CHAMPION.C	F0286_CHAMPION_GetTargetChampionIndex	function_local_storage	no_standalone_port
L	0839	L0839_i_ChampionIndex	CHAMPION.C	F0286_CHAMPION_GetTargetChampionIndex	function_local_storage	no_standalone_port
L	0840	L0840_auc_OrderedCellsToAttack	CHAMPION.C	F0286_CHAMPION_GetTargetChampionIndex	function_local_storage	no_standalone_port
L	0841	L0841_i_Multiple	CHAMDRAW.C	F0287_CHAMPION_DrawBarGraphs	function_local_storage	no_standalone_port
L	0842	L0842_i_Multiple	CHAMDRAW.C	F0287_CHAMPION_DrawBarGraphs	function_local_storage	no_standalone_port
L	0843	L0843_l_Multiple	CHAMDRAW.C	F0287_CHAMPION_DrawBarGraphs	function_local_storage	no_standalone_port
L	0844	L0844_i_BarGraphMaskInverted1	CHAMDRAW.C	F0287_CHAMPION_DrawBarGraphs	function_local_storage	no_standalone_port
L	0845	L0845_ps_Multiple	CHAMDRAW.C	F0287_CHAMPION_DrawBarGraphs	function_local_storage	no_standalone_port
L	0846	L0846_pc_VideoAddress	CHAMDRAW.C	F0287_CHAMPION_DrawBarGraphs	function_local_storage	no_standalone_port
L	0847	L0847_ai_BarGraphHeights	CHAMDRAW.C	F0287_CHAMPION_DrawBarGraphs	function_local_storage	no_standalone_port
L	0848	L0848_i_LastBarGraph	CHAMDRAW.C	F0287_CHAMPION_DrawBarGraphs	function_local_storage	no_standalone_port
L	0849	L0849_i_Digit	CHAMDRAW.C	F0288_CHAMPION_GetStringFromInteger	function_local_storage	no_standalone_port
L	0850	L0850_pc_Character	CHAMDRAW.C	F0288_CHAMPION_GetStringFromInteger	function_local_storage	no_standalone_port
L	0851	L0851_T_Thing	CHAMDRAW.C	F0291_CHAMPION_DrawSlot	function_local_storage	no_standalone_port
L	0852	L0852_B_IsInventoryChampion	CHAMDRAW.C	F0291_CHAMPION_DrawSlot	function_local_storage	no_standalone_port
L	0853	L0853_i_IconIndex	CHAMDRAW.C	F0291_CHAMPION_DrawSlot	function_local_storage	no_standalone_port
L	0854	L0854_ps_Champion	CHAMDRAW.C	F0291_CHAMPION_DrawSlot	function_local_storage	no_standalone_port
L	0855	L0855_ps_SlotBox	CHAMDRAW.C	F0291_CHAMPION_DrawSlot	function_local_storage	no_standalone_port
L	0856	L0856_ui_SlotBoxIndex	CHAMDRAW.C	F0291_CHAMPION_DrawSlot	function_local_storage	no_standalone_port
L	0857	L0857_ac_Unreferenced	CHAMDRAW.C	F0291_CHAMPION_DrawSlot	function_local_storage	no_standalone_port
L	0858	L0858_ai_Box	CHAMDRAW.C	F0291_CHAMPION_DrawSlot	function_local_storage	no_standalone_port
L	0859	L0859_i_NativeBitmapIndex	CHAMDRAW.C	F0291_CHAMPION_DrawSlot	function_local_storage	no_standalone_port
L	0860	L0860_puc_Bitmap	CHAMDRAW.C	F0291_CHAMPION_DrawSlot	function_local_storage	no_standalone_port
L	0861	L0861_i_DestinationByteWidth	CHAMDRAW.C	F0291_CHAMPION_DrawSlot	function_local_storage	no_standalone_port
L	0862	L0862_ui_ChampionAttributes	CHAMDRAW.C	F0292_CHAMPION_DrawState	function_local_storage	no_standalone_port
L	0863	L0863_B_IsInventoryChampion	CHAMDRAW.C	F0292_CHAMPION_DrawState	function_local_storage	no_standalone_port
L	0864	L0864_i_Multiple	CHAMDRAW.C	F0292_CHAMPION_DrawState	function_local_storage	no_standalone_port
L	0865	L0865_ps_Champion	CHAMDRAW.C	F0292_CHAMPION_DrawState	function_local_storage	no_standalone_port
L	0866	L0866_pc_ChampionName	CHAMDRAW.C	F0292_CHAMPION_DrawState	function_local_storage	no_standalone_port
L	0867	L0867_c_ChampionTitleFirstCharacter	CHAMDRAW.C	F0292_CHAMPION_DrawState	function_local_storage	no_standalone_port
L	0868	L0868_i_ChampionStatusBoxX	CHAMDRAW.C	F0292_CHAMPION_DrawState	function_local_storage	no_standalone_port
L	0869	L0869_i_ChampionTitleX	CHAMDRAW.C	F0292_CHAMPION_DrawState	function_local_storage	no_standalone_port
L	0870	L0870_i_Multiple	CHAMDRAW.C	F0292_CHAMPION_DrawState	function_local_storage	no_standalone_port
L	0871	L0871_ai_Box	CHAMDRAW.C	F0292_CHAMPION_DrawState	function_local_storage	no_standalone_port
L	0872	L0872_ai_NativeBitmapIndices	CHAMDRAW.C	F0292_CHAMPION_DrawState	function_local_storage	no_standalone_port
L	0873	L0873_ui_ChampionIndex	CHAMDRAW.C	F0293_CHAMPION_DrawAllChampionStates	function_local_storage	no_standalone_port
L	0874	L0874_ps_Champion	AMMO.C	F0294_CHAMPION_IsAmmunitionCompatibleWithWeapon	function_local_storage	no_standalone_port
L	0875	L0875_ps_WeaponInfo	AMMO.C	F0294_CHAMPION_IsAmmunitionCompatibleWithWeapon	function_local_storage	no_standalone_port
L	0876	L0876_pT_Thing	AMMO.C	F0294_CHAMPION_IsAmmunitionCompatibleWithWeapon	function_local_storage	no_standalone_port
L	0877	L0877_l_Unreferenced	AMMO.C	F0294_CHAMPION_IsAmmunitionCompatibleWithWeapon	function_local_storage	no_standalone_port
L	0878	L0878_T_Thing	AMMO.C	F0294_CHAMPION_IsAmmunitionCompatibleWithWeapon	function_local_storage	no_standalone_port
L	0879	L0879_i_WeaponClass	AMMO.C	F0294_CHAMPION_IsAmmunitionCompatibleWithWeapon	function_local_storage	no_standalone_port
L	0880	L0880_i_CurrentIconIndex	CHAMDRAW.C	F0295_CHAMPION_HasObjectIconInSlotBoxChanged	function_local_storage	no_standalone_port
L	0881	L0881_i_NewIconIndex	CHAMDRAW.C	F0295_CHAMPION_HasObjectIconInSlotBoxChanged	function_local_storage	no_standalone_port
L	0882	L0882_ui_Counter	CHAMDRAW.C	F0296_CHAMPION_DrawChangedObjectIcons	function_local_storage	no_standalone_port
L	0883	L0883_ui_InventoryChampionOrdinal	CHAMDRAW.C	F0296_CHAMPION_DrawChangedObjectIcons	function_local_storage	no_standalone_port
L	0884	L0884_i_Multiple	CHAMDRAW.C	F0296_CHAMPION_DrawChangedObjectIcons	function_local_storage	no_standalone_port
L	0885	L0885_i_ChampionIndex	CHAMDRAW.C	F0296_CHAMPION_DrawChangedObjectIcons	function_local_storage	no_standalone_port
L	0886	L0886_pT_Thing	CHAMDRAW.C	F0296_CHAMPION_DrawChangedObjectIcons	function_local_storage	no_standalone_port
L	0887	L0887_ps_Champion	CHAMDRAW.C	F0296_CHAMPION_DrawChangedObjectIcons	function_local_storage	no_standalone_port
L	0888	L0888_i_IconIndex	CHAMDRAW.C	F0296_CHAMPION_DrawChangedObjectIcons	function_local_storage	no_standalone_port
L	0889	L0889_ui_ObjectIconChanged	CHAMDRAW.C	F0296_CHAMPION_DrawChangedObjectIcons	function_local_storage	no_standalone_port
L	0890	L0890_T_LeaderHandObject	CHAMPION.C	F0298_CHAMPION_GetObjectRemovedFromLeaderHand	function_local_storage	no_standalone_port
L	0891	L0891_i_Multiple	CEDT004.C;CHAMPION.C	F0299_CHAMPION_ApplyObjectModifiersToStatistics;F7020_RemoveObjectModifiersFromStatistics	function_local_storage	no_standalone_port
L	0892	L0892_i_Modifier	CEDT004.C;CHAMPION.C	F0299_CHAMPION_ApplyObjectModifiersToStatistics;F7020_RemoveObjectModifiersFromStatistics	function_local_storage	no_standalone_port
L	0893	L0893_ps_Weapon	CEDT004.C;CHAMPION.C	F0299_CHAMPION_ApplyObjectModifiersToStatistics;F7020_RemoveObjectModifiersFromStatistics	function_local_storage	no_standalone_port
L	0894	L0894_T_Thing	CHAMPION.C	F0300_CHAMPION_GetObjectRemovedFromSlot	function_local_storage	no_standalone_port
L	0895	L0895_i_IconIndex	CHAMPION.C	F0300_CHAMPION_GetObjectRemovedFromSlot	function_local_storage	no_standalone_port
L	0896	L0896_ps_Champion	CHAMPION.C	F0300_CHAMPION_GetObjectRemovedFromSlot	function_local_storage	no_standalone_port
L	0897	L0897_ps_Weapon	CHAMPION.C	F0300_CHAMPION_GetObjectRemovedFromSlot	function_local_storage	no_standalone_port
L	0898	L0898_B_IsInventoryChampion	CHAMPION.C	F0300_CHAMPION_GetObjectRemovedFromSlot	function_local_storage	no_standalone_port
L	0899	L0899_i_IconIndex	CHAMPION.C	F0301_CHAMPION_AddObjectInSlot	function_local_storage	no_standalone_port
L	0900	L0900_ps_Champion	CHAMPION.C	F0301_CHAMPION_AddObjectInSlot	function_local_storage	no_standalone_port
L	0901	L0901_ps_Weapon	CHAMPION.C	F0301_CHAMPION_AddObjectInSlot	function_local_storage	no_standalone_port
L	0902	L0902_B_IsInventoryChampion	CHAMPION.C	F0301_CHAMPION_AddObjectInSlot	function_local_storage	no_standalone_port
L	0903	L0903_ui_ChampionIndex	CHAMPION.C	F0302_CHAMPION_ProcessCommands28To65_ClickOnSlotBox	function_local_storage	no_standalone_port
L	0904	L0904_ui_SlotIndex	CHAMPION.C	F0302_CHAMPION_ProcessCommands28To65_ClickOnSlotBox	function_local_storage	no_standalone_port
L	0905	L0905_T_LeaderHandObject	CHAMPION.C	F0302_CHAMPION_ProcessCommands28To65_ClickOnSlotBox	function_local_storage	no_standalone_port
L	0906	L0906_T_SlotThing	CHAMPION.C	F0302_CHAMPION_ProcessCommands28To65_ClickOnSlotBox	function_local_storage	no_standalone_port
L	0907	L0907_Experience	CHAMPION.C	F0303_CHAMPION_GetSkillLevel	function_local_storage	no_standalone_port
L	0908	L0908_i_SkillLevel	CHAMPION.C	F0303_CHAMPION_GetSkillLevel	function_local_storage	no_standalone_port
L	0909	L0909_i_NeckIconIndex	CHAMPION.C	F0303_CHAMPION_GetSkillLevel	function_local_storage	no_standalone_port
L	0910	L0910_i_ActionHandIconIndex	CHAMPION.C	F0303_CHAMPION_GetSkillLevel	function_local_storage	no_standalone_port
L	0911	L0911_ps_Skill	CHAMPION.C	F0303_CHAMPION_GetSkillLevel	function_local_storage	no_standalone_port
L	0912	L0912_ps_Champion	CHAMPION.C	F0303_CHAMPION_GetSkillLevel	function_local_storage	no_standalone_port
L	0913	L0913_B_IgnoreTemporaryExperience	CHAMPION.C	F0303_CHAMPION_GetSkillLevel	function_local_storage	no_standalone_port
L	0914	L0914_B_IgnoreObjectModifiers	CHAMPION.C	F0303_CHAMPION_GetSkillLevel	function_local_storage	no_standalone_port
L	0915	L0915_ui_Multiple	CHAMPION.C	F0304_CHAMPION_AddSkillExperience	function_local_storage	no_standalone_port
L	0916	L0916_ui_BaseSkillIndex	CHAMPION.C	F0304_CHAMPION_AddSkillExperience	function_local_storage	no_standalone_port
L	0917	L0917_l_Experience_Useless	CHAMPION.C	F0304_CHAMPION_AddSkillExperience	function_local_storage	no_standalone_port
L	0918	L0918_ps_Skill	CHAMPION.C	F0304_CHAMPION_AddSkillExperience	function_local_storage	no_standalone_port
L	0919	L0919_ps_Champion	CHAMPION.C	F0304_CHAMPION_AddSkillExperience	function_local_storage	no_standalone_port
L	0920	L0920_i_MinorStatisticIncrease	CHAMPION.C	F0304_CHAMPION_AddSkillExperience	function_local_storage	no_standalone_port
L	0921	L0921_i_MajorStatisticIncrease	CHAMPION.C	F0304_CHAMPION_AddSkillExperience	function_local_storage	no_standalone_port
L	0922	L0922_i_BaseSkillLevel	CHAMPION.C	F0304_CHAMPION_AddSkillExperience	function_local_storage	no_standalone_port
L	0923	L0923_i_Weight	CHAMPION.C	F0305_CHAMPION_GetThrowingStaminaCost	function_local_storage	no_standalone_port
L	0924	L0924_i_StaminaCost	CHAMPION.C	F0305_CHAMPION_GetThrowingStaminaCost	function_local_storage	no_standalone_port
L	0925	L0925_i_CurrentStamina	CHAMPION.C	F0306_CHAMPION_GetStaminaAdjustedValue	function_local_storage	no_standalone_port
L	0926	L0926_i_HalfMaximumStamina	CHAMPION.C	F0306_CHAMPION_GetStaminaAdjustedValue	function_local_storage	no_standalone_port
L	0927	L0927_i_Factor	CHAMPION.C	F0307_CHAMPION_GetStatisticAdjustedAttack	function_local_storage	no_standalone_port
L	0928	L0928_Statistic	CHAMPION.C	F0308_CHAMPION_IsLucky	function_local_storage	no_standalone_port
L	0929	L0929_ui_MaximumLoad	CHAMPION.C	F0309_CHAMPION_GetMaximumLoad	function_local_storage	no_standalone_port
L	0930	L0930_ui_Wounds	CHAMPION.C	F0309_CHAMPION_GetMaximumLoad	function_local_storage	no_standalone_port
L	0931	L0931_ui_Multiple	CHAMPION.C	F0310_CHAMPION_GetMovementTicks	function_local_storage	no_standalone_port
L	0932	L0932_ui_MaximumLoad	CHAMPION.C	F0310_CHAMPION_GetMovementTicks	function_local_storage	no_standalone_port
L	0933	L0933_ui_Ticks	CHAMPION.C	F0310_CHAMPION_GetMovementTicks	function_local_storage	no_standalone_port
L	0934	L0934_i_Dexterity	CHAMPION.C	F0311_CHAMPION_GetDexterity	function_local_storage	no_standalone_port
L	0935	L0935_i_Strength	CHAMPION.C	F0312_CHAMPION_GetStrength	function_local_storage	no_standalone_port
L	0936	L0936_ui_Multiple	CHAMPION.C	F0312_CHAMPION_GetStrength	function_local_storage	no_standalone_port
L	0937	L0937_ui_Multiple	CHAMPION.C	F0312_CHAMPION_GetStrength	function_local_storage	no_standalone_port
L	0938	L0938_T_Thing	CHAMPION.C	F0312_CHAMPION_GetStrength	function_local_storage	no_standalone_port
L	0939	L0939_ps_Champion	CHAMPION.C	F0312_CHAMPION_GetStrength	function_local_storage	no_standalone_port
L	0940	L0940_ps_WeaponInfo	CHAMPION.C	F0312_CHAMPION_GetStrength	function_local_storage	no_standalone_port
L	0941	L0941_ui_LoadThreshold	CHAMPION.C	F0312_CHAMPION_GetStrength	function_local_storage	no_standalone_port
L	0942	L0942_i_Multiple	CHAMPION.C	F0313_CHAMPION_GetWoundDefense	function_local_storage	no_standalone_port
L	0943	L0943_ui_ArmourShieldDefense	CHAMPION.C	F0313_CHAMPION_GetWoundDefense	function_local_storage	no_standalone_port
L	0944	L0944_B_UseSharpDefense	CHAMPION.C	F0313_CHAMPION_GetWoundDefense	function_local_storage	no_standalone_port
L	0945	L0945_T_Thing	CHAMPION.C	F0313_CHAMPION_GetWoundDefense	function_local_storage	no_standalone_port
L	0946	L0946_ps_Champion	CHAMPION.C	F0313_CHAMPION_GetWoundDefense	function_local_storage	no_standalone_port
L	0947	L0947_ps_ArmourInfo	CHAMPION.C	F0313_CHAMPION_GetWoundDefense	function_local_storage	no_standalone_port
L	0948	L0948_i_Unreferenced	CHAMPION.C	F0314_CHAMPION_WakeUp	function_local_storage	no_standalone_port
L	0949	L0949_ui_SearchedScent	CHAMPION.C	F0315_CHAMPION_GetScentOrdinal	function_local_storage	no_standalone_port
L	0950	L0950_i_ScentIndex	CHAMPION.C	F0315_CHAMPION_GetScentOrdinal	function_local_storage	no_standalone_port
L	0951	L0951_pui_Scent	CHAMPION.C	F0315_CHAMPION_GetScentOrdinal	function_local_storage	no_standalone_port
L	0952	L0952_s_SearchedScent	CHAMPION.C	F0315_CHAMPION_GetScentOrdinal	function_local_storage	no_standalone_port
L	0953	L0953_ui_Count	CHAMPION.C	F0316_CHAMPION_DeleteScent	function_local_storage	no_standalone_port
L	0954	L0954_i_ScentIndex	CHAMPION.C	F0317_CHAMPION_AddScentStrength	function_local_storage	no_standalone_port
L	0955	L0955_B_Merge	CHAMPION.C	F0317_CHAMPION_AddScentStrength	function_local_storage	no_standalone_port
L	0956	L0956_B_CycleCountDefined	CHAMPION.C	F0317_CHAMPION_AddScentStrength	function_local_storage	no_standalone_port
L	0957	L0957_ps_Scent	CHAMPION.C	F0317_CHAMPION_AddScentStrength	function_local_storage	no_standalone_port
L	0958	L0958_s_Scent	CHAMPION.C	F0317_CHAMPION_AddScentStrength	function_local_storage	no_standalone_port
L	0959	L0959_ui_Cell	CHAMPION.C	F0318_CHAMPION_DropAllObjects	function_local_storage	no_standalone_port
L	0960	L0960_T_Thing	CHAMPION.C	F0318_CHAMPION_DropAllObjects	function_local_storage	no_standalone_port
L	0961	L0961_ui_SlotIndex	CHAMPION.C	F0318_CHAMPION_DropAllObjects	function_local_storage	no_standalone_port
L	0962	L0962_ui_Multiple	CHAMPION.C	F0319_CHAMPION_Kill	function_local_storage	no_standalone_port
L	0963	L0963_ui_AliveChampionIndex	CHAMPION.C	F0319_CHAMPION_Kill	function_local_storage	no_standalone_port
L	0964	L0964_T_Thing	CHAMPION.C	F0319_CHAMPION_Kill	function_local_storage	no_standalone_port
L	0965	L0965_ps_Champion	CHAMPION.C	F0319_CHAMPION_Kill	function_local_storage	no_standalone_port
L	0966	L0966_ps_Junk	CHAMPION.C	F0319_CHAMPION_Kill	function_local_storage	no_standalone_port
L	0967	L0967_ui_ChampionIndex	CHAMPION.C	F0320_CHAMPION_ApplyAndDrawPendingDamageAndWounds	function_local_storage	no_standalone_port
L	0968	L0968_ui_PendingDamage	CHAMPION.C	F0320_CHAMPION_ApplyAndDrawPendingDamageAndWounds	function_local_storage	no_standalone_port
L	0969	L0969_i_Multiple	CHAMPION.C	F0320_CHAMPION_ApplyAndDrawPendingDamageAndWounds	function_local_storage	no_standalone_port
L	0970	L0970_i_PendingWounds	CHAMPION.C	F0320_CHAMPION_ApplyAndDrawPendingDamageAndWounds	function_local_storage	no_standalone_port
L	0971	L0971_ps_Champion	CHAMPION.C	F0320_CHAMPION_ApplyAndDrawPendingDamageAndWounds	function_local_storage	no_standalone_port
L	0972	L0972_ps_Event	CHAMPION.C	F0320_CHAMPION_ApplyAndDrawPendingDamageAndWounds	function_local_storage	no_standalone_port
L	0973	L0973_i_Y	CHAMPION.C	F0320_CHAMPION_ApplyAndDrawPendingDamageAndWounds	function_local_storage	no_standalone_port
L	0974	L0974_s_Event	CHAMPION.C	F0320_CHAMPION_ApplyAndDrawPendingDamageAndWounds	function_local_storage	no_standalone_port
L	0975	L0975_ai_Box	CHAMPION.C	F0320_CHAMPION_ApplyAndDrawPendingDamageAndWounds	function_local_storage	no_standalone_port
L	0976	L0976_i_Multiple	CHAMPION.C	F0321_CHAMPION_AddPendingDamageAndWounds_GetDamage	function_local_storage	no_standalone_port
L	0977	L0977_ui_Defense	CHAMPION.C	F0321_CHAMPION_AddPendingDamageAndWounds_GetDamage	function_local_storage	no_standalone_port
L	0978	L0978_ui_WoundCount	CHAMPION.C	F0321_CHAMPION_AddPendingDamageAndWounds_GetDamage	function_local_storage	no_standalone_port
L	0979	L0979_ps_Champion	CHAMPION.C	F0321_CHAMPION_AddPendingDamageAndWounds_GetDamage	function_local_storage	no_standalone_port
L	0980	L0980_s_Event	CHAMPION.C	F0322_CHAMPION_Poison	function_local_storage	no_standalone_port
L	0981	L0981_ps_Champion	CHAMPION.C	F0322_CHAMPION_Poison	function_local_storage	no_standalone_port
L	0982	L0982_ui_EventIndex	CHAMPION.C	F0323_CHAMPION_Unpoison	function_local_storage	no_standalone_port
L	0983	L0983_ps_Event	CHAMPION.C	F0323_CHAMPION_Unpoison	function_local_storage	no_standalone_port
L	0984	L0984_ui_ChampionIndex	CHAMPION.C	F0324_CHAMPION_DamageAll_GetDamagedChampionCount	function_local_storage	no_standalone_port
L	0985	L0985_ui_RandomAttack	CHAMPION.C	F0324_CHAMPION_DamageAll_GetDamagedChampionCount	function_local_storage	no_standalone_port
L	0986	L0986_i_DamagedChampionCount	CHAMPION.C	F0324_CHAMPION_DamageAll_GetDamagedChampionCount	function_local_storage	no_standalone_port
L	0987	L0987_pc_Unreferenced	CHAMPION.C	F0324_CHAMPION_DamageAll_GetDamagedChampionCount	function_local_storage	no_standalone_port
L	0988	L0988_i_Stamina	CHAMPION.C	F0325_CHAMPION_DecrementStamina	function_local_storage	no_standalone_port
L	0989	L0989_ps_Champion	CHAMPION.C	F0325_CHAMPION_DecrementStamina	function_local_storage	no_standalone_port
L	0990	L0990_ui_Direction	CHAMPION.C	F0326_CHAMPION_ShootProjectile	function_local_storage	no_standalone_port
L	0991	L0991_i_StepEnergy	CHAMPION.C	F0327_CHAMPION_IsProjectileSpellCast	function_local_storage	no_standalone_port
L	0992	L0992_ps_Champion	CHAMPION.C	F0327_CHAMPION_IsProjectileSpellCast	function_local_storage	no_standalone_port
L	0993	L0993_i_KineticEnergy	CHAMPION.C	F0328_CHAMPION_IsObjectThrown	function_local_storage	no_standalone_port
L	0994	L0994_i_Multiple	CHAMPION.C	F0328_CHAMPION_IsObjectThrown	function_local_storage	no_standalone_port
L	0995	L0995_i_Multiple	CHAMPION.C	F0328_CHAMPION_IsObjectThrown	function_local_storage	no_standalone_port
L	0996	L0996_T_Thing	CHAMPION.C	F0328_CHAMPION_IsObjectThrown	function_local_storage	no_standalone_port
L	0997	L0997_ps_Champion	CHAMPION.C	F0328_CHAMPION_IsObjectThrown	function_local_storage	no_standalone_port
L	0998	L0998_ps_WeaponInfo	CHAMPION.C	F0328_CHAMPION_IsObjectThrown	function_local_storage	no_standalone_port
L	0999	L0999_T_ActionHandThing	CHAMPION.C	F0328_CHAMPION_IsObjectThrown	function_local_storage	no_standalone_port
L	1000	L1000_B_ThrowingLeaderHandObject	CHAMPION.C	F0328_CHAMPION_IsObjectThrown	function_local_storage	no_standalone_port
L	1001	L1001_l_UpdatedEnableActionEventTime	CHAMPION.C	F0330_CHAMPION_DisableAction	function_local_storage	no_standalone_port
L	1002	L1002_l_CurrentEnableActionEventTime	CHAMPION.C	F0330_CHAMPION_DisableAction	function_local_storage	no_standalone_port
L	1003	L1003_i_EventIndex	CHAMPION.C	F0330_CHAMPION_DisableAction	function_local_storage	no_standalone_port
L	1004	L1004_ps_Champion	CHAMPION.C	F0330_CHAMPION_DisableAction	function_local_storage	no_standalone_port
L	1005	L1005_s_Event	CHAMPION.C	F0330_CHAMPION_DisableAction	function_local_storage	no_standalone_port
L	1006	L1006_ui_Multiple	CHAMPION.C	F0331_CHAMPION_ApplyTimeEffects_CPSF	function_local_storage	no_standalone_port
L	1007	L1007_Multiple	CHAMPION.C	F0331_CHAMPION_ApplyTimeEffects_CPSF	function_local_storage	no_standalone_port
L	1008	L1008_ui_Multiple	CHAMPION.C	F0331_CHAMPION_ApplyTimeEffects_CPSF	function_local_storage	no_standalone_port
L	1009	L1009_i_Multiple	CHAMPION.C	F0331_CHAMPION_ApplyTimeEffects_CPSF	function_local_storage	no_standalone_port
L	1010	L1010_ps_Champion	CHAMPION.C	F0331_CHAMPION_ApplyTimeEffects_CPSF	function_local_storage	no_standalone_port
L	1011	L1011_puc_Statistic	CHAMPION.C	F0331_CHAMPION_ApplyTimeEffects_CPSF	function_local_storage	no_standalone_port
L	1012	L1012_ui_TimeCriteria	CHAMPION.C	F0331_CHAMPION_ApplyTimeEffects_CPSF	function_local_storage	no_standalone_port
L	1013	L1013_i_Multiple	CHAMPION.C	F0331_CHAMPION_ApplyTimeEffects_CPSF	function_local_storage	no_standalone_port
L	1014	L1014_s_Scent	CHAMPION.C	F0331_CHAMPION_ApplyTimeEffects_CPSF	function_local_storage	no_standalone_port
L	1015	L1015_ai_Box	PANEL.C	F0332_INVENTORY_DrawIconToViewport	function_local_storage	no_standalone_port
L	1016	L1016_puc_Bitmap_Icon	PANEL.C	F0332_INVENTORY_DrawIconToViewport	function_local_storage	no_standalone_port
L	1017	L1017_i_ChestSlotIndex	CHEST.C	F0333_INVENTORY_OpenAndDrawChest	function_local_storage	no_standalone_port
L	1018	L1018_T_Thing	CHEST.C	F0333_INVENTORY_OpenAndDrawChest	function_local_storage	no_standalone_port
L	1019	L1019_i_ThingCount	CHEST.C	F0333_INVENTORY_OpenAndDrawChest	function_local_storage	no_standalone_port
L	1020	L1020_i_Unreferenced	CHEST.C	F0333_INVENTORY_OpenAndDrawChest	function_local_storage	no_standalone_port
L	1021	L1021_i_Unreferenced	CHEST.C	F0333_INVENTORY_OpenAndDrawChest	function_local_storage	no_standalone_port
L	1022	L1022_ac_Unreferenced	CHEST.C	F0333_INVENTORY_OpenAndDrawChest	function_local_storage	no_standalone_port
L	1023	L1023_T_Thing	CHEST.C	F0334_INVENTORY_CloseChest	function_local_storage	no_standalone_port
L	1024	L1024_T_PreviousThing	CHEST.C	F0334_INVENTORY_CloseChest	function_local_storage	no_standalone_port
L	1025	L1025_i_ChestSlotIndex	CHEST.C	F0334_INVENTORY_CloseChest	function_local_storage	no_standalone_port
L	1026	L1026_B_ProcessFirstChestSlot	CHEST.C	F0334_INVENTORY_CloseChest	function_local_storage	no_standalone_port
L	1027	L1027_ps_Container	CHEST.C	F0334_INVENTORY_CloseChest	function_local_storage	no_standalone_port
L	1028	L1028_ps_Generic	CHEST.C	F0334_INVENTORY_CloseChest	function_local_storage	no_standalone_port
L	1029	L1029_B_SeveralLines	PANEL.C	F0335_INVENTORY_DrawPanel_ObjectDescriptionString	function_local_storage	no_standalone_port
L	1030	L1030_pc_StringLine	PANEL.C	F0335_INVENTORY_DrawPanel_ObjectDescriptionString	function_local_storage	no_standalone_port
L	1031	L1031_pc_String	PANEL.C	F0335_INVENTORY_DrawPanel_ObjectDescriptionString	function_local_storage	no_standalone_port
L	1032	L1032_ac_String	PANEL.C	F0335_INVENTORY_DrawPanel_ObjectDescriptionString	function_local_storage	no_standalone_port
L	1033	L1033_ui_StringIndex	PANEL.C	F0336_INVENTORY_DrawPanel_BuildObjectAttributesString	function_local_storage	no_standalone_port
L	1034	L1034_i_AttributeMask	PANEL.C	F0336_INVENTORY_DrawPanel_BuildObjectAttributesString	function_local_storage	no_standalone_port
L	1035	L1035_ui_IdenticalBitCount	PANEL.C	F0336_INVENTORY_DrawPanel_BuildObjectAttributesString	function_local_storage	no_standalone_port
L	1036	L1036_i_TotalLightAmount	PANEL.C	F0337_INVENTORY_SetDungeonViewPalette	function_local_storage	no_standalone_port
L	1037	L1037_ui_TorchLightAmountMultiplier	PANEL.C	F0337_INVENTORY_SetDungeonViewPalette	function_local_storage	no_standalone_port
L	1038	L1038_i_Counter	PANEL.C	F0337_INVENTORY_SetDungeonViewPalette	function_local_storage	no_standalone_port
L	1039	L1039_ui_Multiple	PANEL.C	F0337_INVENTORY_SetDungeonViewPalette	function_local_storage	no_standalone_port
L	1040	L1040_pi_Multiple	PANEL.C	F0337_INVENTORY_SetDungeonViewPalette	function_local_storage	no_standalone_port
L	1041	L1041_pi_TorchLightPower	PANEL.C	F0337_INVENTORY_SetDungeonViewPalette	function_local_storage	no_standalone_port
L	1042	L1042_ps_Weapon	PANEL.C	F0337_INVENTORY_SetDungeonViewPalette	function_local_storage	no_standalone_port
L	1043	L1043_ps_Champion	PANEL.C	F0337_INVENTORY_SetDungeonViewPalette	function_local_storage	no_standalone_port
L	1044	L1044_ui_Multiple	PANEL.C	F0337_INVENTORY_SetDungeonViewPalette	function_local_storage	no_standalone_port
L	1045	L1045_ai_TorchesLightPower	PANEL.C	F0337_INVENTORY_SetDungeonViewPalette	function_local_storage	no_standalone_port
L	1046	L1046_i_ChampionCount	PANEL.C	F0338_INVENTORY_DecreaseTorchesLightPower_CPSE	function_local_storage	no_standalone_port
L	1047	L1047_i_SlotIndex	PANEL.C	F0338_INVENTORY_DecreaseTorchesLightPower_CPSE	function_local_storage	no_standalone_port
L	1048	L1048_B_TorchChargeCountChanged	PANEL.C	F0338_INVENTORY_DecreaseTorchesLightPower_CPSE	function_local_storage	no_standalone_port
L	1049	L1049_i_IconIndex	PANEL.C	F0338_INVENTORY_DecreaseTorchesLightPower_CPSE	function_local_storage	no_standalone_port
L	1050	L1050_ps_Champion	PANEL.C	F0338_INVENTORY_DecreaseTorchesLightPower_CPSE	function_local_storage	no_standalone_port
L	1051	L1051_ps_Weapon	PANEL.C	F0338_INVENTORY_DecreaseTorchesLightPower_CPSE	function_local_storage	no_standalone_port
L	1052	L1052_pc_Character	PANEL.C	F0340_INVENTORY_DrawPanel_ScrollTextLine	function_local_storage	no_standalone_port
L	1053	L1053_i_Multiple	PANEL.C	F0341_INVENTORY_DrawPanel_Scroll	function_local_storage	no_standalone_port
L	1054	L1054_pc_Character	PANEL.C	F0341_INVENTORY_DrawPanel_Scroll	function_local_storage	no_standalone_port
L	1055	L1055_pc_Character	PANEL.C	F0341_INVENTORY_DrawPanel_Scroll	function_local_storage	no_standalone_port
L	1056	L1056_ac_StringFirstLine	PANEL.C	F0341_INVENTORY_DrawPanel_Scroll	function_local_storage	no_standalone_port
L	1057	L1057_ui_Weight	PANEL.C	F0342_INVENTORY_DrawPanel_Object	function_local_storage	no_standalone_port
L	1058	L1058_ui_IconIndex	PANEL.C	F0342_INVENTORY_DrawPanel_Object	function_local_storage	no_standalone_port
L	1059	L1059_i_PotentialAttributesMask	PANEL.C	F0342_INVENTORY_DrawPanel_Object	function_local_storage	no_standalone_port
L	1060	L1060_i_ActualAttributesMask	PANEL.C	F0342_INVENTORY_DrawPanel_Object	function_local_storage	no_standalone_port
L	1061	L1061_pc_DescriptionString	PANEL.C	F0342_INVENTORY_DrawPanel_Object	function_local_storage	no_standalone_port
L	1062	L1062_ps_Junk	PANEL.C	F0342_INVENTORY_DrawPanel_Object	function_local_storage	no_standalone_port
L	1063	L1063_ac_Unreferenced	PANEL.C	F0342_INVENTORY_DrawPanel_Object	function_local_storage	no_standalone_port
L	1064	L1064_apc_AttributeStrings	PANEL.C	F0342_INVENTORY_DrawPanel_Object	function_local_storage	no_standalone_port
L	1065	L1065_pc_RightParenthesis	PANEL.C	F0342_INVENTORY_DrawPanel_Object	function_local_storage	no_standalone_port
L	1066	L1066_pc_LeftParenthesis	PANEL.C	F0342_INVENTORY_DrawPanel_Object	function_local_storage	no_standalone_port
L	1067	L1067_ui_ThingType	PANEL.C	F0342_INVENTORY_DrawPanel_Object	function_local_storage	no_standalone_port
L	1068	L1068_ac_String	PANEL.C	F0342_INVENTORY_DrawPanel_Object	function_local_storage	no_standalone_port
L	1069	L1069_ai_Box	PANEL.C	F0343_INVENTORY_DrawPanel_HorizontalBar	function_local_storage	no_standalone_port
L	1070	L1070_i_Color	PANEL.C	F0344_INVENTORY_DrawPanel_FoodOrWaterBar	function_local_storage	no_standalone_port
L	1071	L1071_i_PixelWidth	PANEL.C	F0344_INVENTORY_DrawPanel_FoodOrWaterBar	function_local_storage	no_standalone_port
L	1072	L1072_i_Unreferenced	PANEL.C	F0345_INVENTORY_DrawPanel_FoodWaterPoisoned	function_local_storage	no_standalone_port
L	1073	L1073_i_Unreferenced	PANEL.C	F0345_INVENTORY_DrawPanel_FoodWaterPoisoned	function_local_storage	no_standalone_port
L	1074	L1074_ps_Champion	PANEL.C	F0345_INVENTORY_DrawPanel_FoodWaterPoisoned	function_local_storage	no_standalone_port
L	1075	L1075_T_Thing	PANEL.C	F0347_INVENTORY_DrawPanel	function_local_storage	no_standalone_port
L	1076	L1076_ps_Generic	PANEL.C	F0347_INVENTORY_DrawPanel	function_local_storage	no_standalone_port
L	1077	L1077_i_Multiple	PANEL.C	F0348_INVENTORY_AdjustStatisticCurrentValue	function_local_storage	no_standalone_port
L	1078	L1078_T_Thing	PANEL.C	F0349_INVENTORY_ProcessCommand70_ClickOnMouth	function_local_storage	no_standalone_port
L	1079	L1079_ui_IconIndex	PANEL.C	F0349_INVENTORY_ProcessCommand70_ClickOnMouth	function_local_storage	no_standalone_port
L	1080	L1080_ui_ChampionIndex	PANEL.C	F0349_INVENTORY_ProcessCommand70_ClickOnMouth	function_local_storage	no_standalone_port
L	1081	L1081_B_RemoveObjectFromLeaderHand	PANEL.C	F0349_INVENTORY_ProcessCommand70_ClickOnMouth	function_local_storage	no_standalone_port
L	1082	L1082_ps_Junk	PANEL.C	F0349_INVENTORY_ProcessCommand70_ClickOnMouth	function_local_storage	no_standalone_port
L	1083	L1083_ps_Champion	PANEL.C	F0349_INVENTORY_ProcessCommand70_ClickOnMouth	function_local_storage	no_standalone_port
L	1084	L1084_s_Event	PANEL.C	F0349_INVENTORY_ProcessCommand70_ClickOnMouth	function_local_storage	no_standalone_port
L	1085	L1085_ui_Multiple	PANEL.C	F0349_INVENTORY_ProcessCommand70_ClickOnMouth	function_local_storage	no_standalone_port
L	1086	L1086_ui_Counter	PANEL.C	F0349_INVENTORY_ProcessCommand70_ClickOnMouth	function_local_storage	no_standalone_port
L	1087	L1087_ui_Wounds	PANEL.C	F0349_INVENTORY_ProcessCommand70_ClickOnMouth	function_local_storage	no_standalone_port
L	1088	L1088_ui_Multiple	PANEL.C	F0349_INVENTORY_ProcessCommand70_ClickOnMouth	function_local_storage	no_standalone_port
L	1089	L1089_ui_Weight	PANEL.C	F0349_INVENTORY_ProcessCommand70_ClickOnMouth	function_local_storage	no_standalone_port
L	1090	L1090_ui_Multiple	PANEL.C	F0351_INVENTORY_DrawChampionSkillsAndStatistics	function_local_storage	no_standalone_port
L	1091	L1091_i_Y	PANEL.C	F0351_INVENTORY_DrawChampionSkillsAndStatistics	function_local_storage	no_standalone_port
L	1092	L1092_i_Multiple	PANEL.C	F0351_INVENTORY_DrawChampionSkillsAndStatistics	function_local_storage	no_standalone_port
L	1093	L1093_ui_ChampionIndex	PANEL.C	F0351_INVENTORY_DrawChampionSkillsAndStatistics	function_local_storage	no_standalone_port
L	1094	L1094_ps_Champion	PANEL.C	F0351_INVENTORY_DrawChampionSkillsAndStatistics	function_local_storage	no_standalone_port
L	1095	L1095_i_StatisticColor	PANEL.C	F0351_INVENTORY_DrawChampionSkillsAndStatistics	function_local_storage	no_standalone_port
L	1096	L1096_ui_StatisticMaximumValue	PANEL.C	F0351_INVENTORY_DrawChampionSkillsAndStatistics	function_local_storage	no_standalone_port
L	1097	L1097_ac_String	PANEL.C	F0351_INVENTORY_DrawChampionSkillsAndStatistics	function_local_storage	no_standalone_port
L	1098	L1098_i_Unreferenced	PANEL.C	F0352_INVENTORY_ProcessCommand71_ClickOnEye	function_local_storage	no_standalone_port
L	1099	L1099_i_Unreferenced	PANEL.C	F0352_INVENTORY_ProcessCommand71_ClickOnEye	function_local_storage	no_standalone_port
L	1100	L1100_T_LeaderHandObject	PANEL.C	F0353_INVENTORY_DrawStopPressingEye	function_local_storage	no_standalone_port
L	1101	L1101_ai_Box	PANEL.C	F0354_INVENTORY_DrawStatusBoxPortrait	function_local_storage	no_standalone_port
L	1102	L1102_ui_Multiple	PANEL.C	F0355_INVENTORY_Toggle_CPSE	function_local_storage	no_standalone_port
L	1103	L1103_ps_Champion	PANEL.C	F0355_INVENTORY_Toggle_CPSE	function_local_storage	no_standalone_port
L	1104	L1104_i_ByteIndex	COPYPRO7.C	F0356_CPSE_IsFuzzySectorValid_ByteValuesAndFuzzyBitCount	function_local_storage	no_standalone_port
L	1105	L1105_ui_Byte	COPYPRO7.C	F0356_CPSE_IsFuzzySectorValid_ByteValuesAndFuzzyBitCount	function_local_storage	no_standalone_port
L	1106	L1106_i_FuzzyBitCount	COPYPRO7.C	F0356_CPSE_IsFuzzySectorValid_ByteValuesAndFuzzyBitCount	function_local_storage	no_standalone_port
L	1107	L1107_Command	COMMAND.C	F0358_COMMAND_GetCommandFromMouseInput_CPSC	function_local_storage	no_standalone_port
L	1108	L1108_i_CommandQueueIndex	COMMAND.C	F0359_COMMAND_ProcessClick_CPSC	function_local_storage	no_standalone_port
L	1109	L1109_i_Command	COMMAND.C	F0359_COMMAND_ProcessClick_CPSC	function_local_storage	no_standalone_port
L	1110	L1110_i_CommandQueueIndex	COMMAND.C	F0361_COMMAND_ProcessKeyPress	function_local_storage	no_standalone_port
L	1111	L1111_i_Command	COMMAND.C	F0361_COMMAND_ProcessKeyPress	function_local_storage	no_standalone_port
L	1112	L1112_ps_KeyboardInput	COMMAND.C	F0361_COMMAND_ProcessKeyPress	function_local_storage	no_standalone_port
L	1113	L1113_i_Unreferenced	CLIKMENU.C	F0364_COMMAND_TakeStairs	function_local_storage	no_standalone_port
L	1114	L1114_ui_Square	CLIKMENU.C	F0365_COMMAND_ProcessTypes1To2_TurnParty	function_local_storage	no_standalone_port
L	1115	L1115_ui_Multiple	CLIKMENU.C	F0366_COMMAND_ProcessTypes3To6_MoveParty	function_local_storage	no_standalone_port
L	1116	L1116_i_SquareType	CLIKMENU.C	F0366_COMMAND_ProcessTypes3To6_MoveParty	function_local_storage	no_standalone_port
L	1117	L1117_B_MovementBlocked	CLIKMENU.C	F0366_COMMAND_ProcessTypes3To6_MoveParty	function_local_storage	no_standalone_port
L	1118	L1118_ui_Multiple	CLIKMENU.C	F0366_COMMAND_ProcessTypes3To6_MoveParty	function_local_storage	no_standalone_port
L	1119	L1119_ps_Champion	CLIKMENU.C	F0366_COMMAND_ProcessTypes3To6_MoveParty	function_local_storage	no_standalone_port
L	1120	L1120_pi_Box	CLIKMENU.C	F0366_COMMAND_ProcessTypes3To6_MoveParty	function_local_storage	no_standalone_port
L	1121	L1121_i_MapX	CLIKMENU.C	F0366_COMMAND_ProcessTypes3To6_MoveParty	function_local_storage	no_standalone_port
L	1122	L1122_i_MapY	CLIKMENU.C	F0366_COMMAND_ProcessTypes3To6_MoveParty	function_local_storage	no_standalone_port
L	1123	L1123_B_StairsSquare	CLIKMENU.C	F0366_COMMAND_ProcessTypes3To6_MoveParty	function_local_storage	no_standalone_port
L	1124	L1124_i_FirstDamagedChampionIndex	CLIKMENU.C	F0366_COMMAND_ProcessTypes3To6_MoveParty	function_local_storage	no_standalone_port
L	1125	L1125_i_SecondDamagedChampionIndex	CLIKMENU.C	F0366_COMMAND_ProcessTypes3To6_MoveParty	function_local_storage	no_standalone_port
L	1126	L1126_ui_Command	CLIKCHAM.C	F0367_COMMAND_ProcessTypes12To27_ClickInChampionStatusBox	function_local_storage	no_standalone_port
L	1127	L1127_ui_LeaderIndex	CLIKCHAM.C	F0368_COMMAND_SetLeader	function_local_storage	no_standalone_port
L	1128	L1128_i_Unreferenced	CLIKCHAM.C	F0368_COMMAND_SetLeader	function_local_storage	no_standalone_port
L	1129	L1129_ps_Champion	CLIKCHAM.C	F0368_COMMAND_SetLeader	function_local_storage	no_standalone_port
L	1130	L1130_ui_SymbolIndex	CLIKMENU.C	F0369_COMMAND_ProcessTypes101To108_ClickInSpellSymbolsArea_CPSE	function_local_storage	no_standalone_port
L	1131	L1131_pi_Box	CLIKMENU.C	F0369_COMMAND_ProcessTypes101To108_ClickInSpellSymbolsArea_CPSE	function_local_storage	no_standalone_port
L	1132	L1132_ui_Command	CLIKMENU.C	F0370_COMMAND_ProcessType100_ClickInSpellArea_CPSE	function_local_storage	no_standalone_port
L	1133	L1133_i_Multiple	CLIKMENU.C	F0370_COMMAND_ProcessType100_ClickInSpellArea_CPSE	function_local_storage	no_standalone_port
L	1134	L1134_ui_Command	CLIKMENU.C	F0371_COMMAND_ProcessType111To115_ClickInActionArea_CPSE	function_local_storage	no_standalone_port
L	1135	L1135_ui_MapX	CLIKVIEW.C	F0372_COMMAND_ProcessType80_ClickInDungeonView_TouchFrontWallSensor	function_local_storage	no_standalone_port
L	1136	L1136_ui_MapY	CLIKVIEW.C	F0372_COMMAND_ProcessType80_ClickInDungeonView_TouchFrontWallSensor	function_local_storage	no_standalone_port
L	1137	L1137_i_MapX	CLIKVIEW.C	F0373_COMMAND_ProcessType80_ClickInDungeonView_GrabLeaderHandObject	function_local_storage	no_standalone_port
L	1138	L1138_i_MapY	CLIKVIEW.C	F0373_COMMAND_ProcessType80_ClickInDungeonView_GrabLeaderHandObject	function_local_storage	no_standalone_port
L	1139	L1139_T_Thing	CLIKVIEW.C	F0373_COMMAND_ProcessType80_ClickInDungeonView_GrabLeaderHandObject	function_local_storage	no_standalone_port
L	1140	L1140_i_MapX	CLIKVIEW.C	F0374_COMMAND_ProcessType80_ClickInDungeonView_DropLeaderHandObject	function_local_storage	no_standalone_port
L	1141	L1141_i_MapY	CLIKVIEW.C	F0374_COMMAND_ProcessType80_ClickInDungeonView_DropLeaderHandObject	function_local_storage	no_standalone_port
L	1142	L1142_T_Thing	CLIKVIEW.C	F0374_COMMAND_ProcessType80_ClickInDungeonView_DropLeaderHandObject	function_local_storage	no_standalone_port
L	1143	L1143_ps_Junk	CLIKVIEW.C	F0374_COMMAND_ProcessType80_ClickInDungeonView_DropLeaderHandObject	function_local_storage	no_standalone_port
L	1144	L1144_i_IconIndex	CLIKVIEW.C	F0374_COMMAND_ProcessType80_ClickInDungeonView_DropLeaderHandObject	function_local_storage	no_standalone_port
L	1145	L1145_ui_Cell	CLIKVIEW.C	F0374_COMMAND_ProcessType80_ClickInDungeonView_DropLeaderHandObject	function_local_storage	no_standalone_port
L	1146	L1146_B_DroppingIntoAnAlcove	CLIKVIEW.C	F0374_COMMAND_ProcessType80_ClickInDungeonView_DropLeaderHandObject	function_local_storage	no_standalone_port
L	1147	L1147_s_Event	CLIKVIEW.C	F0374_COMMAND_ProcessType80_ClickInDungeonView_DropLeaderHandObject	function_local_storage	no_standalone_port
L	1148	L1148_i_Unreferenced	CLIKVIEW.C	F0375_COMMAND_ProcessType80_ClickInDungeonView_IsLeaderHandObjectThrown	function_local_storage	no_standalone_port
L	1149	L1149_B_ObjectThrown	CLIKVIEW.C	F0375_COMMAND_ProcessType80_ClickInDungeonView_IsLeaderHandObjectThrown	function_local_storage	no_standalone_port
L	1150	L1150_ui_Multiple	CLIKVIEW.C	F0377_COMMAND_ProcessType80_ClickInDungeonView	function_local_storage	no_standalone_port
L	1151	L1151_ps_Junk	CLIKVIEW.C	F0377_COMMAND_ProcessType80_ClickInDungeonView	function_local_storage	no_standalone_port
L	1152	L1152_T_Thing	CLIKVIEW.C	F0377_COMMAND_ProcessType80_ClickInDungeonView	function_local_storage	no_standalone_port
L	1153	L1153_ui_IconIndex	CLIKVIEW.C	F0377_COMMAND_ProcessType80_ClickInDungeonView	function_local_storage	no_standalone_port
L	1154	L1154_ui_Weight	CLIKVIEW.C	F0377_COMMAND_ProcessType80_ClickInDungeonView	function_local_storage	no_standalone_port
L	1155	L1155_i_MapX	CLIKVIEW.C	F0377_COMMAND_ProcessType80_ClickInDungeonView	function_local_storage	no_standalone_port
L	1156	L1156_i_MapY	CLIKVIEW.C	F0377_COMMAND_ProcessType80_ClickInDungeonView	function_local_storage	no_standalone_port
L	1157	L1157_ui_Command	COMMAND.C	F0378_COMMAND_ProcessType81_ClickInPanel	function_local_storage	no_standalone_port
L	1158	L1158_B_NoLeader	COMMAND.C	F0378_COMMAND_ProcessType81_ClickInPanel	function_local_storage	no_standalone_port
L	1159	L1159_i_Multiple	COMMAND.C	F0380_COMMAND_ProcessQueue_CPSC	function_local_storage	no_standalone_port
L	1160	L1160_i_Command	COMMAND.C	F0380_COMMAND_ProcessQueue_CPSC	function_local_storage	no_standalone_port
L	1161	L1161_i_CommandX	COMMAND.C	F0380_COMMAND_ProcessQueue_CPSC	function_local_storage	no_standalone_port
L	1162	L1162_i_CommandY	COMMAND.C	F0380_COMMAND_ProcessQueue_CPSC	function_local_storage	no_standalone_port
L	1163	L1163_pc_Unreferenced	COMMAND.C	F0380_COMMAND_ProcessQueue_CPSC	function_local_storage	no_standalone_port
L	1164	L1164_pc_Character	MENU.C	F0381_MENUS_PrintMessageAfterReplacements	function_local_storage	no_standalone_port
L	1165	L1165_pc_ReplacementString	MENU.C	F0381_MENUS_PrintMessageAfterReplacements	function_local_storage	no_standalone_port
L	1166	L1166_ac_OutputString	MENU.C	F0381_MENUS_PrintMessageAfterReplacements	function_local_storage	no_standalone_port
L	1167	L1167_T_Thing	MENU.C	F0382_MENUS_GetActionObjectChargeCount	function_local_storage	no_standalone_port
L	1168	L1168_ps_Junk	MENU.C	F0382_MENUS_GetActionObjectChargeCount	function_local_storage	no_standalone_port
L	1169	L1169_ui_ActionListIndex	MENU.C	F0383_MENUS_SetActionList	function_local_storage	no_standalone_port
L	1170	L1170_ui_NextAvailableActionListIndex	MENU.C	F0383_MENUS_SetActionList	function_local_storage	no_standalone_port
L	1171	L1171_ui_ActionIndex	MENU.C	F0383_MENUS_SetActionList	function_local_storage	no_standalone_port
L	1172	L1172_ui_MinimumSkillLevel	MENU.C	F0383_MENUS_SetActionList	function_local_storage	no_standalone_port
L	1173	L1173_pc_Character	ACTIDRAW.C	F0384_MENUS_GetActionName	function_local_storage	no_standalone_port
L	1174	L1174_ui_Multiple	ACTIDRAW.C	F0385_MENUS_DrawActionDamage	function_local_storage	no_standalone_port
L	1175	L1175_i_ByteWidth	ACTIDRAW.C	F0385_MENUS_DrawActionDamage	function_local_storage	no_standalone_port
L	1176	L1176_i_Multiple	ACTIDRAW.C	F0385_MENUS_DrawActionDamage	function_local_storage	no_standalone_port
L	1177	L1177_puc_Bitmap	ACTIDRAW.C	F0385_MENUS_DrawActionDamage	function_local_storage	no_standalone_port
L	1178	L1178_puc_Multiple	ACTIDRAW.C	F0385_MENUS_DrawActionDamage	function_local_storage	no_standalone_port
L	1179	L1179_ac_String	ACTIDRAW.C	F0385_MENUS_DrawActionDamage	function_local_storage	no_standalone_port
L	1180	L1180_pi_Box	ACTIDRAW.C	F0385_MENUS_DrawActionDamage	function_local_storage	no_standalone_port
L	1181	L1181_ui_Multiple	ACTIDRAW.C	F0386_MENUS_DrawActionIcon	function_local_storage	no_standalone_port
L	1182	L1182_puc_Bitmap_Icon	ACTIDRAW.C	F0386_MENUS_DrawActionIcon	function_local_storage	no_standalone_port
L	1183	L1183_ps_Champion	ACTIDRAW.C	F0386_MENUS_DrawActionIcon	function_local_storage	no_standalone_port
L	1184	L1184_ai_Box	ACTIDRAW.C	F0386_MENUS_DrawActionIcon	function_local_storage	no_standalone_port
L	1185	L1185_ai_Box	ACTIDRAW.C	F0386_MENUS_DrawActionIcon	function_local_storage	no_standalone_port
L	1186	L1186_ui_Multiple	ACTIDRAW.C	F0387_MENUS_DrawActionArea	function_local_storage	no_standalone_port
L	1187	L1187_pi_Box	ACTIDRAW.C	F0387_MENUS_DrawActionArea	function_local_storage	no_standalone_port
L	1188	L1188_ui_ActionSetIndex	MENU.C	F0389_MENUS_ProcessCommands116To119_SetActingChampion	function_local_storage	no_standalone_port
L	1189	L1189_T_Thing	MENU.C	F0389_MENUS_ProcessCommands116To119_SetActingChampion	function_local_storage	no_standalone_port
L	1190	L1190_ps_Champion	MENU.C	F0389_MENUS_ProcessCommands116To119_SetActingChampion	function_local_storage	no_standalone_port
L	1191	L1191_ps_ActionSet	MENU.C	F0389_MENUS_ProcessCommands116To119_SetActingChampion	function_local_storage	no_standalone_port
L	1192	L1192_i_ChampionIndex	MENU.C	F0390_MENUS_RefreshActionAreaAndSetChampionDirectionMaximumDamageReceived	function_local_storage	no_standalone_port
L	1193	L1193_i_Unreferenced	MENU.C	F0390_MENUS_RefreshActionAreaAndSetChampionDirectionMaximumDamageReceived	function_local_storage	no_standalone_port
L	1194	L1194_i_Unreferenced	MENU.C	F0390_MENUS_RefreshActionAreaAndSetChampionDirectionMaximumDamageReceived	function_local_storage	no_standalone_port
L	1195	L1195_ps_Champion	MENU.C	F0390_MENUS_RefreshActionAreaAndSetChampionDirectionMaximumDamageReceived	function_local_storage	no_standalone_port
L	1196	L1196_ui_ChampionIndex	MENU.C	F0391_MENUS_DidClickTriggerAction	function_local_storage	no_standalone_port
L	1197	L1197_ui_ActionIndex	MENU.C	F0391_MENUS_DidClickTriggerAction	function_local_storage	no_standalone_port
L	1198	L1198_B_ClickTriggeredAction	MENU.C	F0391_MENUS_DidClickTriggerAction	function_local_storage	no_standalone_port
L	1199	L1199_ps_Champion	MENU.C	F0391_MENUS_DidClickTriggerAction	function_local_storage	no_standalone_port
L	1200	L1200_ui_SymbolIndex	MENU.C	F0392_MENUS_BuildSpellAreaLine	function_local_storage	no_standalone_port
L	1201	L1201_i_X	MENU.C	F0392_MENUS_BuildSpellAreaLine	function_local_storage	no_standalone_port
L	1202	L1202_c_Character	MENU.C	F0392_MENUS_BuildSpellAreaLine	function_local_storage	no_standalone_port
L	1203	L1203_ps_Champion	MENU.C	F0392_MENUS_BuildSpellAreaLine	function_local_storage	no_standalone_port
L	1204	L1204_ac_SpellSymbolString	MENU.C	F0392_MENUS_BuildSpellAreaLine	function_local_storage	no_standalone_port
L	1205	L1205_ps_Champion	SPELDRAW.C	F0393_MENUS_DrawSpellAreaControls	function_local_storage	no_standalone_port
L	1206	L1206_i_Champion0CurrentHealth	SPELDRAW.C	F0393_MENUS_DrawSpellAreaControls	function_local_storage	no_standalone_port
L	1207	L1207_i_Champion1CurrentHealth	SPELDRAW.C	F0393_MENUS_DrawSpellAreaControls	function_local_storage	no_standalone_port
L	1208	L1208_i_Champion2CurrentHealth	SPELDRAW.C	F0393_MENUS_DrawSpellAreaControls	function_local_storage	no_standalone_port
L	1209	L1209_i_Champion3CurrentHealth	SPELDRAW.C	F0393_MENUS_DrawSpellAreaControls	function_local_storage	no_standalone_port
L	1210	L1210_ui_Y	CASTER.C	F0394_MENUS_SetMagicCasterAndDrawSpellArea	function_local_storage	no_standalone_port
L	1211	L1211_i_Counter	CASTER.C	F0394_MENUS_SetMagicCasterAndDrawSpellArea	function_local_storage	no_standalone_port
L	1212	L1212_l_Bitmap	CASTER.C	F0394_MENUS_SetMagicCasterAndDrawSpellArea	function_local_storage	no_standalone_port
L	1213	L1213_ps_Champion	CASTER.C	F0394_MENUS_SetMagicCasterAndDrawSpellArea	function_local_storage	no_standalone_port
L	1214	L1214_ui_Counter	MENUDRAW.C	F0397_MENUS_DrawAvailableSymbols	function_local_storage	no_standalone_port
L	1215	L1215_i_X	MENUDRAW.C	F0397_MENUS_DrawAvailableSymbols	function_local_storage	no_standalone_port
L	1216	L1216_c_Character	MENUDRAW.C	F0397_MENUS_DrawAvailableSymbols	function_local_storage	no_standalone_port
L	1217	L1217_ac_String	MENUDRAW.C	F0397_MENUS_DrawAvailableSymbols	function_local_storage	no_standalone_port
L	1218	L1218_ui_SymbolIndex	MENUDRAW.C	F0398_MENUS_DrawChampionSymbols	function_local_storage	no_standalone_port
L	1219	L1219_i_X	MENUDRAW.C	F0398_MENUS_DrawChampionSymbols	function_local_storage	no_standalone_port
L	1220	L1220_ui_SymbolCount	MENUDRAW.C	F0398_MENUS_DrawChampionSymbols	function_local_storage	no_standalone_port
L	1221	L1221_ac_String	MENUDRAW.C	F0398_MENUS_DrawChampionSymbols	function_local_storage	no_standalone_port
L	1222	L1222_ui_SymbolStep	SYMBOL.C	F0399_MENUS_AddChampionSymbol	function_local_storage	no_standalone_port
L	1223	L1223_ui_ManaCost	SYMBOL.C	F0399_MENUS_AddChampionSymbol	function_local_storage	no_standalone_port
L	1224	L1224_ui_SymbolIndex	SYMBOL.C	F0399_MENUS_AddChampionSymbol	function_local_storage	no_standalone_port
L	1225	L1225_ps_Champion	SYMBOL.C	F0399_MENUS_AddChampionSymbol	function_local_storage	no_standalone_port
L	1226	L1226_ui_SymbolStep	SYMBOL.C	F0400_MENUS_DeleteChampionSymbol	function_local_storage	no_standalone_port
L	1227	L1227_i_Unreferenced	SYMBOL.C	F0400_MENUS_DeleteChampionSymbol	function_local_storage	no_standalone_port
L	1228	L1228_ps_Champion	SYMBOL.C	F0400_MENUS_DeleteChampionSymbol	function_local_storage	no_standalone_port
L	1229	L1229_ui_FrightAmount	MENU.C	F0401_MENUS_IsGroupFrightenedByAction	function_local_storage	no_standalone_port
L	1230	L1230_ui_FearResistance	MENU.C	F0401_MENUS_IsGroupFrightenedByAction	function_local_storage	no_standalone_port
L	1231	L1231_ui_Experience	MENU.C	F0401_MENUS_IsGroupFrightenedByAction	function_local_storage	no_standalone_port
L	1232	L1232_B_IsGroupFrightenedByAction	MENU.C	F0401_MENUS_IsGroupFrightenedByAction	function_local_storage	no_standalone_port
L	1233	L1233_ps_Group	MENU.C	F0401_MENUS_IsGroupFrightenedByAction	function_local_storage	no_standalone_port
L	1234	L1234_ps_CreatureInfo	MENU.C	F0401_MENUS_IsGroupFrightenedByAction	function_local_storage	no_standalone_port
L	1235	L1235_ps_ActiveGroup	MENU.C	F0401_MENUS_IsGroupFrightenedByAction	function_local_storage	no_standalone_port
L	1236	L1236_ui_Multiple	MENU.C	F0402_MENUS_IsMeleeActionPerformed	function_local_storage	no_standalone_port
L	1237	L1237_ui_Multiple	MENU.C	F0402_MENUS_IsMeleeActionPerformed	function_local_storage	no_standalone_port
L	1238	L1238_i_CreatureOrdinal	MENU.C	F0402_MENUS_IsMeleeActionPerformed	function_local_storage	no_standalone_port
L	1239	L1239_B_IsPartySpellOrFireShieldSuccessful	MENU.C	F0403_MENUS_IsPartySpellOrFireShieldSuccessful	function_local_storage	no_standalone_port
L	1240	L1240_s_Event	MENU.C	F0403_MENUS_IsPartySpellOrFireShieldSuccessful	function_local_storage	no_standalone_port
L	1241	L1241_s_Event	MENU.C	F0404_MENUS_CreateEvent70_Light	function_local_storage	no_standalone_port
L	1242	L1242_T_Thing	MENU.C	F0405_MENUS_DecrementCharges	function_local_storage	no_standalone_port
L	1243	L1243_ps_Junk	MENU.C	F0405_MENUS_DecrementCharges	function_local_storage	no_standalone_port
L	1244	L1244_ui_Multiple	MENU.C	F0407_MENUS_IsActionPerformed	function_local_storage	no_standalone_port
L	1245	L1245_i_Multiple	MENU.C	F0407_MENUS_IsActionPerformed	function_local_storage	no_standalone_port
L	1246	L1246_i_Multiple	MENU.C	F0407_MENUS_IsActionPerformed	function_local_storage	no_standalone_port
L	1247	L1247_ps_Champion	MENU.C	F0407_MENUS_IsActionPerformed	function_local_storage	no_standalone_port
L	1248	L1248_ps_Weapon	MENU.C	F0407_MENUS_IsActionPerformed	function_local_storage	no_standalone_port
L	1249	L1249_ui_ActionDisabledTicks	MENU.C	F0407_MENUS_IsActionPerformed	function_local_storage	no_standalone_port
L	1250	L1250_i_Multiple	MENU.C	F0407_MENUS_IsActionPerformed	function_local_storage	no_standalone_port
L	1251	L1251_i_MapX	MENU.C	F0407_MENUS_IsActionPerformed	function_local_storage	no_standalone_port
L	1252	L1252_i_MapY	MENU.C	F0407_MENUS_IsActionPerformed	function_local_storage	no_standalone_port
L	1253	L1253_i_ActionStamina	MENU.C	F0407_MENUS_IsActionPerformed	function_local_storage	no_standalone_port
L	1254	L1254_i_ActionSkillIndex	MENU.C	F0407_MENUS_IsActionPerformed	function_local_storage	no_standalone_port
L	1255	L1255_i_ActionExperienceGain	MENU.C	F0407_MENUS_IsActionPerformed	function_local_storage	no_standalone_port
L	1256	L1256_ps_WeaponInfoActionHand	MENU.C	F0407_MENUS_IsActionPerformed	function_local_storage	no_standalone_port
L	1257	L1257_ps_WeaponInfoReadyHand	MENU.C	F0407_MENUS_IsActionPerformed	function_local_storage	no_standalone_port
L	1258	L1258_s_Event	MENU.C	F0407_MENUS_IsActionPerformed	function_local_storage	no_standalone_port
L	1259	L1259_i_SpellCastResult	MENU.C	F0408_MENUS_GetClickOnSpellCastResult	function_local_storage	no_standalone_port
L	1260	L1260_ps_Champion	MENU.C	F0408_MENUS_GetClickOnSpellCastResult	function_local_storage	no_standalone_port
L	1261	L1261_l_Symbols	MENU.C	F0409_MENUS_GetSpellFromSymbols	function_local_storage	no_standalone_port
L	1262	L1262_i_Multiple	MENU.C	F0409_MENUS_GetSpellFromSymbols	function_local_storage	no_standalone_port
L	1263	L1263_ps_Spell	MENU.C	F0409_MENUS_GetSpellFromSymbols	function_local_storage	no_standalone_port
L	1264	L1264_pc_Message	SPELFAIL.C	F0410_MENUS_PrintSpellFailureMessage	function_local_storage	no_standalone_port
L	1265	L1265_T_Thing	MENU.C	F0411_MENUS_GetEmptyFlaskInHand	function_local_storage	no_standalone_port
L	1266	L1266_i_SlotIndex	MENU.C	F0411_MENUS_GetEmptyFlaskInHand	function_local_storage	no_standalone_port
L	1267	L1267_ui_Multiple	MENU.C	F0412_MENUS_GetChampionSpellCastResult	function_local_storage	no_standalone_port
L	1268	L1268_i_PowerSymbolOrdinal	MENU.C	F0412_MENUS_GetChampionSpellCastResult	function_local_storage	no_standalone_port
L	1269	L1269_ui_Multiple	MENU.C	F0412_MENUS_GetChampionSpellCastResult	function_local_storage	no_standalone_port
L	1270	L1270_ps_Champion	MENU.C	F0412_MENUS_GetChampionSpellCastResult	function_local_storage	no_standalone_port
L	1271	L1271_ps_Spell	MENU.C	F0412_MENUS_GetChampionSpellCastResult	function_local_storage	no_standalone_port
L	1272	L1272_T_Object	MENU.C	F0412_MENUS_GetChampionSpellCastResult	function_local_storage	no_standalone_port
L	1273	L1273_ui_Experience	MENU.C	F0412_MENUS_GetChampionSpellCastResult	function_local_storage	no_standalone_port
L	1274	L1274_i_MissingSkillLevelCount	MENU.C	F0412_MENUS_GetChampionSpellCastResult	function_local_storage	no_standalone_port
L	1275	L1275_ps_Potion	MENU.C	F0412_MENUS_GetChampionSpellCastResult	function_local_storage	no_standalone_port
L	1276	L1276_s_Event	MENU.C	F0412_MENUS_GetChampionSpellCastResult	function_local_storage	no_standalone_port
L	1277	L1277_ps_Junk	MENU.C	F0412_MENUS_GetChampionSpellCastResult	function_local_storage	no_standalone_port
L	1278	L1278_pc_TildeCharacter	SAVEPATH.C;STRING.C	F0414_SAVEUTIL_ReplaceTildeByDriveLetterInString;F0670_ReplaceCharacterByString	function_local_storage	no_standalone_port
L	1279	L1279_ui_TildeCharacterPosition	SAVEPATH.C;STRING.C	F0414_SAVEUTIL_ReplaceTildeByDriveLetterInString;F0670_ReplaceCharacterByString	function_local_storage	no_standalone_port
L	1280	L1280_l_ByteCount	READWRIT.C	F0415_SAVEUTIL_IsReadBytesSuccessful	function_local_storage	no_standalone_port
L	1281	L1281_ul_ByteCount	READWRIT.C	F0416_SAVEUTIL_IsWriteBytesSuccessful	function_local_storage	no_standalone_port
L	1282	L1282_ui_Checksum	HINTLOAD.C;READWRIT.C;CEDTINC6.C	F0417_SAVEUTIL_GetChecksumAndObfuscate;F7055_F0417_SAVEUTIL_GetChecksumAndObfuscate	function_local_storage	no_standalone_port
L	1283	L1283_ui_Checksum	HINTLOAD.C;READWRIT.C;CEDTINC6.C	F0418_SAVEUTIL_GetChecksum;F7056_F0418_SAVEUTIL_GetChecksum	function_local_storage	no_standalone_port
L	1284	L1284_B_IsWriteObfuscatedBytesSuccessful	READWRIT.C	F0420_SAVEUTIL_IsWriteObfuscatedSavePartSuccessful	function_local_storage	no_standalone_port
L	1285	L1285_i_WordCount	READWRIT.C	F0420_SAVEUTIL_IsWriteObfuscatedSavePartSuccessful	function_local_storage	no_standalone_port
L	1286	L1286_i_Checksum	READWRIT.C	F0421_SAVEUTIL_IsReadBytesWithChecksumSuccessful	function_local_storage	no_standalone_port
L	1287	L1287_i_Checksum	READWRIT.C	F0422_SAVEUTIL_IsWriteBytesWithChecksumSuccessful	function_local_storage	no_standalone_port
L	1288	L1288_i_Multiple	READWRIT.C	F0423_SAVEUTIL_FixClonedThings	function_local_storage	no_standalone_port
L	1289	L1289_i_Multiple	READWRIT.C	F0423_SAVEUTIL_FixClonedThings	function_local_storage	no_standalone_port
L	1290	L1290_T_Thing	READWRIT.C	F0423_SAVEUTIL_FixClonedThings	function_local_storage	no_standalone_port
L	1291	L1291_i_Multiple	READWRIT.C	F0423_SAVEUTIL_FixClonedThings	function_local_storage	no_standalone_port
L	1292	L1292_puc_Buffer	READWRIT.C	F0423_SAVEUTIL_FixClonedThings	function_local_storage	no_standalone_port
L	1293	L1293_pc_Address	READWRIT.C	F0423_SAVEUTIL_FixClonedThings	function_local_storage	no_standalone_port
L	1294	L1294_i_ByteOffset	READWRIT.C	F0423_SAVEUTIL_FixClonedThings	function_local_storage	no_standalone_port
L	1295	L1295_l_Unreferenced	READWRIT.C	F0423_SAVEUTIL_FixClonedThings	function_local_storage	no_standalone_port
L	1296	L1296_T_PreviousThing	READWRIT.C	F0423_SAVEUTIL_FixClonedThings	function_local_storage	no_standalone_port
L	1297	L1297_ps_Generic	READWRIT.C	F0423_SAVEUTIL_FixClonedThings	function_local_storage	no_standalone_port
L	1298	L1298_ps_PrimaryMouseInputBackup	DIALOG.C	F0424_DIALOG_GetChoice	function_local_storage	no_standalone_port
L	1299	L1299_ps_SecondaryMouseInputBackup	DIALOG.C	F0424_DIALOG_GetChoice	function_local_storage	no_standalone_port
L	1300	L1300_ps_PrimaryKeyboardInputBackup	DIALOG.C	F0424_DIALOG_GetChoice	function_local_storage	no_standalone_port
L	1301	L1301_ps_SecondaryKeyboardInputBackup	DIALOG.C	F0424_DIALOG_GetChoice	function_local_storage	no_standalone_port
L	1302	L1302_i_Unreferenced	DIALOG.C	F0424_DIALOG_GetChoice	function_local_storage	no_standalone_port
L	1303	L1303_ai_BoxB	DIALOG.C	F0424_DIALOG_GetChoice	function_local_storage	no_standalone_port
L	1304	L1304_ai_BoxA	DIALOG.C	F0424_DIALOG_GetChoice	function_local_storage	no_standalone_port
L	1305	L1305_ui_StringLength	DIALOG.C	F0426_DIALOG_IsMessageOnTwoLines	function_local_storage	no_standalone_port
L	1306	L1306_ui_SplitPosition	DIALOG.C	F0426_DIALOG_IsMessageOnTwoLines	function_local_storage	no_standalone_port
L	1307	L1307_i_Unreferenced	DIALOG.C	F0427_DIALOG_Draw	function_local_storage	no_standalone_port
L	1308	L1308_i_X	DIALOG.C	F0427_DIALOG_Draw	function_local_storage	no_standalone_port
L	1309	L1309_i_Y	DIALOG.C	F0427_DIALOG_Draw	function_local_storage	no_standalone_port
L	1310	L1310_ui_ChoiceCount	DIALOG.C	F0427_DIALOG_Draw	function_local_storage	no_standalone_port
L	1311	L1311_aui_Palette_Blank	DIALOG.C	F0427_DIALOG_Draw	function_local_storage	no_standalone_port
L	1312	L1312_ac_StringPart1	DIALOG.C	F0427_DIALOG_Draw	function_local_storage	no_standalone_port
L	1313	L1313_ac_StringPart2	DIALOG.C	F0427_DIALOG_Draw	function_local_storage	no_standalone_port
L	1314	L1314_ai_Box	DIALOG.C	F0427_DIALOG_Draw	function_local_storage	no_standalone_port
L	1315	L1315_puc_Bitmap_DialogPatch	DIALOG.C	F0427_DIALOG_Draw	function_local_storage	no_standalone_port
L	1316	L1316_B_NoDialogDrawn	REQDISK.C	F0428_DIALOG_RequireGameDiskInDrive_NoDialogDrawn	function_local_storage	no_standalone_port
L	1317	L1317_B_MousePointerNotVisible	REQDISK.C	F0428_DIALOG_RequireGameDiskInDrive_NoDialogDrawn	function_local_storage	no_standalone_port
L	1318	L1318_pc_Message	REQDISK.C	F0428_DIALOG_RequireGameDiskInDrive_NoDialogDrawn	function_local_storage	no_standalone_port
L	1319	L1319_ac_String	REQDISK.C	F0428_DIALOG_RequireGameDiskInDrive_NoDialogDrawn	function_local_storage	no_standalone_port
L	1320	L1320_ui_Counter	SAVEHEAD.C;CEDTINC6.C	F0429_STARTEND_IsReadSaveHeaderSuccessful;F7061_F0429_STARTEND_IsReadSaveHeaderSuccessful	function_local_storage	no_standalone_port
L	1321	L1321_i_ExpectedChecksum	SAVEHEAD.C;CEDTINC6.C	F0429_STARTEND_IsReadSaveHeaderSuccessful;F7061_F0429_STARTEND_IsReadSaveHeaderSuccessful	function_local_storage	no_standalone_port
L	1322	L1322_i_Checksum	SAVEHEAD.C;CEDTINC6.C	F0429_STARTEND_IsReadSaveHeaderSuccessful;F7061_F0429_STARTEND_IsReadSaveHeaderSuccessful	function_local_storage	no_standalone_port
L	1323	L1323_pi_HeaderData	SAVEHEAD.C;CEDTINC6.C	F0429_STARTEND_IsReadSaveHeaderSuccessful;F7061_F0429_STARTEND_IsReadSaveHeaderSuccessful	function_local_storage	no_standalone_port
L	1324	L1324_ui_Multiple	SAVEHEAD.C;CEDTINC6.C	F0430_STARTEND_IsWriteObfuscatedSaveHeaderSuccessful;F7062_F0430_STARTEND_IsWriteObfuscatedSaveHeaderSuccessful	function_local_storage	no_standalone_port
L	1325	L1325_i_LastWord	SAVEHEAD.C;CEDTINC6.C	F0430_STARTEND_IsWriteObfuscatedSaveHeaderSuccessful;F7062_F0430_STARTEND_IsWriteObfuscatedSaveHeaderSuccessful	function_local_storage	no_standalone_port
L	1326	L1326_i_Checksum	SAVEHEAD.C;CEDTINC6.C	F0430_STARTEND_IsWriteObfuscatedSaveHeaderSuccessful;F7062_F0430_STARTEND_IsWriteObfuscatedSaveHeaderSuccessful	function_local_storage	no_standalone_port
L	1327	L1327_pi_HeaderData	SAVEHEAD.C;CEDTINC6.C	F0430_STARTEND_IsWriteObfuscatedSaveHeaderSuccessful;F7062_F0430_STARTEND_IsWriteObfuscatedSaveHeaderSuccessful	function_local_storage	no_standalone_port
L	1328	L1328_i_Choice	LOADSAVE.C	F0432_STARTEND_FormatDiskMenu	function_local_storage	no_standalone_port
L	1329	L1329_ui_DiskType	LOADSAVE.C	F0432_STARTEND_FormatDiskMenu	function_local_storage	no_standalone_port
L	1330	L1330_B_ReadyToFormat	LOADSAVE.C	F0432_STARTEND_FormatDiskMenu	function_local_storage	no_standalone_port
L	1331	L1331_i_Track	LOADSAVE.C	F0432_STARTEND_FormatDiskMenu	function_local_storage	no_standalone_port
L	1332	L1332_pc_Message	LOADSAVE.C	F0432_STARTEND_FormatDiskMenu	function_local_storage	no_standalone_port
L	1333	L1333_puc_Buffer	LOADSAVE.C	F0432_STARTEND_FormatDiskMenu	function_local_storage	no_standalone_port
L	1334	L1334_ac_PutBlankDiskIn	LOADSAVE.C	F0432_STARTEND_FormatDiskMenu	function_local_storage	no_standalone_port
L	1335	L1335_ac_ThereIsNoDiskIn	LOADSAVE.C	F0432_STARTEND_FormatDiskMenu	function_local_storage	no_standalone_port
L	1336	L1336_l_ByteCount	LOADSAVE.C	F0432_STARTEND_FormatDiskMenu	function_local_storage	no_standalone_port
L	1337	L1337_i_Multiple	LOADSAVE.C	F0433_STARTEND_ProcessCommand140_SaveGame_CPSCDF	function_local_storage	no_standalone_port
L	1338	L1338_B_SaveAndPlayChoice	LOADSAVE.C	F0433_STARTEND_ProcessCommand140_SaveGame_CPSCDF	function_local_storage	no_standalone_port
L	1339	L1339_i_Multiple	LOADSAVE.C	F0433_STARTEND_ProcessCommand140_SaveGame_CPSCDF	function_local_storage	no_standalone_port
L	1340	L1340_i_Multiple	LOADSAVE.C	F0433_STARTEND_ProcessCommand140_SaveGame_CPSCDF	function_local_storage	no_standalone_port
L	1341	L1341_pc_Multiple	LOADSAVE.C	F0433_STARTEND_ProcessCommand140_SaveGame_CPSCDF	function_local_storage	no_standalone_port
L	1342	L1342_ps_SaveHeader	LOADSAVE.C	F0433_STARTEND_ProcessCommand140_SaveGame_CPSCDF	function_local_storage	no_standalone_port
L	1343	L1343_i_Checksum	LOADSAVE.C	F0433_STARTEND_ProcessCommand140_SaveGame_CPSCDF	function_local_storage	no_standalone_port
L	1344	L1344_ui_Weight	LOADSAVE.C	F0433_STARTEND_ProcessCommand140_SaveGame_CPSCDF	function_local_storage	no_standalone_port
L	1345	L1345_i_DungeonChecksum	LOADSAVE.C	F0433_STARTEND_ProcessCommand140_SaveGame_CPSCDF	function_local_storage	no_standalone_port
L	1346	L1346_ac_PutTheGameSaveDiskIn	LOADSAVE.C	F0433_STARTEND_ProcessCommand140_SaveGame_CPSCDF	function_local_storage	no_standalone_port
L	1347	L1347_ac_ThereIsNoDiskIn	LOADSAVE.C	F0433_STARTEND_ProcessCommand140_SaveGame_CPSCDF	function_local_storage	no_standalone_port
L	1348	L1348_s_GlobalData	LOADSAVE.C	F0433_STARTEND_ProcessCommand140_SaveGame_CPSCDF	function_local_storage	no_standalone_port
L	1349	L1349_as_SaveParts	LOADSAVE.C	F0433_STARTEND_ProcessCommand140_SaveGame_CPSCDF	function_local_storage	no_standalone_port
L	1350	L1350_pui_FuzzyBitsBuffer_CPSX	LOADSAVE.C	F0433_STARTEND_ProcessCommand140_SaveGame_CPSCDF	function_local_storage	no_standalone_port
L	1351	L1351_pui_FuzzySectorBuffer_CPSX	LOADSAVE.C	F0433_STARTEND_ProcessCommand140_SaveGame_CPSCDF	function_local_storage	no_standalone_port
L	1352	L1352_i_MapCount	LOADSAVE.C	F0434_STARTEND_IsLoadDungeonSuccessful_CPSC	function_local_storage	no_standalone_port
L	1353	L1353_i_Multiple	LOADSAVE.C	F0434_STARTEND_IsLoadDungeonSuccessful_CPSC	function_local_storage	no_standalone_port
L	1354	L1354_i_Counter	LOADSAVE.C	F0434_STARTEND_IsLoadDungeonSuccessful_CPSC	function_local_storage	no_standalone_port
L	1355	L1355_ui_Multiple	LOADSAVE.C	F0434_STARTEND_IsLoadDungeonSuccessful_CPSC	function_local_storage	no_standalone_port
L	1356	L1356_ps_Generic	LOADSAVE.C	F0434_STARTEND_IsLoadDungeonSuccessful_CPSC	function_local_storage	no_standalone_port
L	1357	L1357_ppuc_ColumnFirstSquares	LOADSAVE.C	F0434_STARTEND_IsLoadDungeonSuccessful_CPSC	function_local_storage	no_standalone_port
L	1358	L1358_puc_Square	LOADSAVE.C	F0434_STARTEND_IsLoadDungeonSuccessful_CPSC	function_local_storage	no_standalone_port
L	1359	L1359_i_ExpectedChecksum	LOADSAVE.C	F0434_STARTEND_IsLoadDungeonSuccessful_CPSC	function_local_storage	no_standalone_port
L	1360	L1360_i_RunningChecksum	LOADSAVE.C	F0434_STARTEND_IsLoadDungeonSuccessful_CPSC	function_local_storage	no_standalone_port
L	1361	L1361_ul_FileSize	LOADSAVE.C	F0434_STARTEND_IsLoadDungeonSuccessful_CPSC	function_local_storage	no_standalone_port
L	1362	L1362_s_CompressedDungeonHeader	LOADSAVE.C	F0434_STARTEND_IsLoadDungeonSuccessful_CPSC	function_local_storage	no_standalone_port
L	1363	L1363_ui_Multiple	LOADSAVE.C	F0435_STARTEND_LoadGame	function_local_storage	no_standalone_port
L	1364	L1364_B_LoadBackupGame	LOADSAVE.C	F0435_STARTEND_LoadGame	function_local_storage	no_standalone_port
L	1365	L1365_ui_DiskType	LOADSAVE.C	F0435_STARTEND_LoadGame	function_local_storage	no_standalone_port
L	1366	L1366_B_FadePalette	LOADSAVE.C	F0435_STARTEND_LoadGame	function_local_storage	no_standalone_port
L	1367	L1367_pc_Message	LOADSAVE.C	F0435_STARTEND_LoadGame	function_local_storage	no_standalone_port
L	1368	L1368_i_Unreferenced	LOADSAVE.C	F0435_STARTEND_LoadGame	function_local_storage	no_standalone_port
L	1369	L1369_ac_PutTheGameSaveDiskIn	LOADSAVE.C	F0435_STARTEND_LoadGame	function_local_storage	no_standalone_port
L	1370	L1370_ac_ThereIsNoDiskIn	LOADSAVE.C	F0435_STARTEND_LoadGame	function_local_storage	no_standalone_port
L	1371	L1371_s_GlobalData	LOADSAVE.C	F0435_STARTEND_LoadGame	function_local_storage	no_standalone_port
L	1372	L1372_s_SaveHeader	LOADSAVE.C	F0435_STARTEND_LoadGame	function_local_storage	no_standalone_port
L	1373	L1373_aui_Palette_Blank	LOADSAVE.C	F0435_STARTEND_LoadGame	function_local_storage	no_standalone_port
L	1374	L1374_ui_CurrentRGBColor	PALETTE.C	F0436_STARTEND_FadeToPalette	function_local_storage	no_standalone_port
L	1375	L1375_ui_TargetRGBColor	PALETTE.C	F0436_STARTEND_FadeToPalette	function_local_storage	no_standalone_port
L	1376	L1376_i_Color	PALETTE.C	F0436_STARTEND_FadeToPalette	function_local_storage	no_standalone_port
L	1377	L1377_i_Counter	PALETTE.C	F0436_STARTEND_FadeToPalette	function_local_storage	no_standalone_port
L	1378	L1378_pui_PaletteRegister	PALETTE.C	F0436_STARTEND_FadeToPalette	function_local_storage	no_standalone_port
L	1379	L1379_l_SupervisorStack	PALETTE.C	F0436_STARTEND_FadeToPalette	function_local_storage	no_standalone_port
L	1380	L1380_i_Counter	TITLE.C	F0437_STARTEND_DrawTitle	function_local_storage	no_standalone_port
L	1381	L1381_ui_DestinationHeight	TITLE.C	F0437_STARTEND_DrawTitle	function_local_storage	no_standalone_port
L	1382	L1382_i_DestinationPixelWidth	TITLE.C	F0437_STARTEND_DrawTitle	function_local_storage	no_standalone_port
L	1383	L1383_l_Bitmap_TitleSteps	TITLE.C	F0437_STARTEND_DrawTitle	function_local_storage	no_standalone_port
L	1384	L1384_puc_Bitmap_Title	TITLE.C	F0437_STARTEND_DrawTitle	function_local_storage	no_standalone_port
L	1385	L1385_puc_Bitmap_LogicalScreenBase	TITLE.C	F0437_STARTEND_DrawTitle	function_local_storage	no_standalone_port
L	1386	L1386_apuc_Bitmap_Screens	TITLE.C	F0437_STARTEND_DrawTitle	function_local_storage	no_standalone_port
L	1387	L1387_apuc_Bitmap_ShrinkedTitle	TITLE.C	F0437_STARTEND_DrawTitle	function_local_storage	no_standalone_port
L	1388	L1388_puc_Bitmap_Temporary	TITLE.C	F0437_STARTEND_DrawTitle	function_local_storage	no_standalone_port
L	1389	L1389_puc_Bitmap_Master_StrikesBack	TITLE.C	F0437_STARTEND_DrawTitle	function_local_storage	no_standalone_port
L	1390	L1390_ac_Unreferenced	TITLE.C	F0437_STARTEND_DrawTitle	function_local_storage	no_standalone_port
L	1391	L1391_aai_Coordinates	TITLE.C	F0437_STARTEND_DrawTitle	function_local_storage	no_standalone_port
L	1392	L1392_aui_Palette	TITLE.C	F0437_STARTEND_DrawTitle	function_local_storage	no_standalone_port
L	1393	L1393_ui_AnimationStep	ENTRANCE.C	F0438_STARTEND_OpenEntranceDoors	function_local_storage	no_standalone_port
L	1394	L1394_ppuc_Bitmap_EntranceDoorAnimationSteps	ENTRANCE.C	F0438_STARTEND_OpenEntranceDoors	function_local_storage	no_standalone_port
L	1395	L1395_pl_Bitmap_EntranceDoor	ENTRANCE.C	F0438_STARTEND_OpenEntranceDoors	function_local_storage	no_standalone_port
L	1396	L1396_pc_Bitmap_CompositeDungeonViewAndDoors	ENTRANCE.C	F0438_STARTEND_OpenEntranceDoors	function_local_storage	no_standalone_port
L	1397	L1397_ui_ColumnIndex	ENTRANCE.C	F0439_STARTEND_DrawEntrance;F0797_STARTEND_DrawEntranceMicroDungeon	function_local_storage	no_standalone_port
L	1398	L1398_apuc_MicroDungeonCurrentMapData	ENTRANCE.C	F0439_STARTEND_DrawEntrance;F0797_STARTEND_DrawEntranceMicroDungeon	function_local_storage	no_standalone_port
L	1399	L1399_auc_MicroDungeonSquares	ENTRANCE.C	F0439_STARTEND_DrawEntrance;F0797_STARTEND_DrawEntranceMicroDungeon	function_local_storage	no_standalone_port
L	1400	L1400_s_MicroDungeonMap	ENTRANCE.C	F0439_STARTEND_DrawEntrance;F0797_STARTEND_DrawEntranceMicroDungeon	function_local_storage	no_standalone_port
L	1401	L1401_l_GraphicDecompressedByteCount	MEMORY.C;ENTRANCE.C	F0440_STARTEND_GetTemporarilyLoadedGraphicByteCount	function_local_storage	no_standalone_port
L	1402	L1402_ui_AnimationStep	ENTRANCE.C	F0441_STARTEND_ProcessEntrance	function_local_storage	no_standalone_port
L	1403	L1403_ul_ByteCount	ENTRANCE.C	F0441_STARTEND_ProcessEntrance	function_local_storage	no_standalone_port
L	1404	L1404_i_Unreferenced	ENTRANCE.C	F0441_STARTEND_ProcessEntrance	function_local_storage	no_standalone_port
L	1405	L1405_ai_Box	ENTRANCE.C	F0441_STARTEND_ProcessEntrance	function_local_storage	no_standalone_port
L	1406	L1406_ui_VerticalBlankCount	ENTRANCE.C	F0442_STARTEND_ProcessCommand202_EntranceDrawCredits	function_local_storage	no_standalone_port
L	1407	L1407_pc_Character	ENDGAME.C	F0443_STARTEND_EndgamePrintString	function_local_storage	no_standalone_port
L	1408	L1408_ac_ModifiedString	ENDGAME.C	F0443_STARTEND_EndgamePrintString	function_local_storage	no_standalone_port
L	1409	L1409_i_Multiple	ENDGAME.C	F0444_STARTEND_Endgame	function_local_storage	no_standalone_port
L	1410	L1410_i_Multiple	ENDGAME.C	F0444_STARTEND_Endgame	function_local_storage	no_standalone_port
L	1411	L1411_i_Multiple	ENDGAME.C	F0444_STARTEND_Endgame	function_local_storage	no_standalone_port
L	1412	L1412_i_SkillLevel	ENDGAME.C	F0444_STARTEND_Endgame	function_local_storage	no_standalone_port
L	1413	L1413_puc_TemporaryBuffer	ENDGAME.C	F0444_STARTEND_Endgame	function_local_storage	no_standalone_port
L	1414	L1414_puc_Bitmap_TheEnd	ENDGAME.C	F0444_STARTEND_Endgame	function_local_storage	no_standalone_port
L	1415	L1415_c_ChampionTitleFirstCharacter	ENDGAME.C	F0444_STARTEND_Endgame	function_local_storage	no_standalone_port
L	1416	L1416_ps_Champion	ENDGAME.C	F0444_STARTEND_Endgame	function_local_storage	no_standalone_port
L	1417	L1417_puc_Graphic_Credits	ENDGAME.C	F0444_STARTEND_Endgame	function_local_storage	no_standalone_port
L	1418	L1418_puc_Bitmap_ChampionMirror	ENDGAME.C	F0444_STARTEND_Endgame	function_local_storage	no_standalone_port
L	1419	L1419_aui_Palette	ENDGAME.C	F0444_STARTEND_Endgame	function_local_storage	no_standalone_port
L	1420	L1420_aui_Palette_TopAndBottomScreen	ENDGAME.C	F0444_STARTEND_Endgame	function_local_storage	no_standalone_port
L	1421	L1421_aui_Palette_DarkBlue	ENDGAME.C	F0444_STARTEND_Endgame	function_local_storage	no_standalone_port
L	1422	L1422_ac_String	ENDGAME.C	F0444_STARTEND_Endgame	function_local_storage	no_standalone_port
L	1423	L1423_B_WaitBeforeDrawingRestart	ENDGAME.C	F0444_STARTEND_Endgame	function_local_storage	no_standalone_port
L	1424	L1424_i_Multiple	ENDGAME.C	F0446_STARTEND_FuseSequence	function_local_storage	no_standalone_port
L	1425	L1425_i_Multiple	ENDGAME.C	F0446_STARTEND_FuseSequence	function_local_storage	no_standalone_port
L	1426	L1426_i_Multiple	ENDGAME.C	F0446_STARTEND_FuseSequence	function_local_storage	no_standalone_port
L	1427	L1427_T_Thing	ENDGAME.C	F0446_STARTEND_FuseSequence	function_local_storage	no_standalone_port
L	1428	L1428_ps_Group	ENDGAME.C	F0446_STARTEND_FuseSequence	function_local_storage	no_standalone_port
L	1429	L1429_ps_Explosion	ENDGAME.C	F0446_STARTEND_FuseSequence	function_local_storage	no_standalone_port
L	1430	L1430_T_NextThing	ENDGAME.C	F0446_STARTEND_FuseSequence	function_local_storage	no_standalone_port
L	1431	L1431_ui_LordChaosMapX	ENDGAME.C	F0446_STARTEND_FuseSequence	function_local_storage	no_standalone_port
L	1432	L1432_ui_LordChaosMapY	ENDGAME.C	F0446_STARTEND_FuseSequence	function_local_storage	no_standalone_port
L	1433	L1433_T_LordChaosThing	ENDGAME.C	F0446_STARTEND_FuseSequence	function_local_storage	no_standalone_port
L	1434	L1434_c_TextFirstCharacter	ENDGAME.C	F0446_STARTEND_FuseSequence	function_local_storage	no_standalone_port
L	1435	L1435_aT_TextStringThings	ENDGAME.C	F0446_STARTEND_FuseSequence	function_local_storage	no_standalone_port
L	1436	L1436_ac_String	ENDGAME.C	F0446_STARTEND_FuseSequence	function_local_storage	no_standalone_port
L	1437	L1437_l_AvailableHeapMemoryByteCount	STARTUP1.C	F0448_STARTUP1_InitializeMemoryManager_CPSADEF	function_local_storage	no_standalone_port
L	1438	L1438_l_AvailableGEMMemoryBottom	STARTUP1.C	F0448_STARTUP1_InitializeMemoryManager_CPSADEF	function_local_storage	no_standalone_port
L	1439	L1439_l_AvailableGEMMemoryByteCount	STARTUP1.C	F0448_STARTUP1_InitializeMemoryManager_CPSADEF	function_local_storage	no_standalone_port
L	1440	L1440_l_SupervisorStack	STARTUP1.C	F0448_STARTUP1_InitializeMemoryManager_CPSADEF	function_local_storage	no_standalone_port
L	1441	L1441_B_CommandLineParameterIsAUTO_CPSA	STARTUP1.C	F0448_STARTUP1_InitializeMemoryManager_CPSADEF	function_local_storage	no_standalone_port
L	1442	L1442_pc_HeapMemoryBottom_Useless	STARTUP1.C	F0448_STARTUP1_InitializeMemoryManager_CPSADEF	function_local_storage	no_standalone_port
L	1443	L1443_pc_SupervisorStack	STARTUP1.C	F0448_STARTUP1_InitializeMemoryManager_CPSADEF	function_local_storage	no_standalone_port
L	1444	L1444_ac_CommandLineParameters_CPSA	STARTUP1.C	F0448_STARTUP1_InitializeMemoryManager_CPSADEF	function_local_storage	no_standalone_port
L	1445	L1445_l_SupervisorStack	FLOPPYST.C	F0450_FLOPPY_ForceMediaChangeDetection	function_local_storage	no_standalone_port
L	1446	L1446_l_ReplacementBPBVector	FLOPPYST.C	F0450_FLOPPY_ForceMediaChangeDetection	function_local_storage	no_standalone_port
L	1447	L1447_i_FloppyDriveIndex	FLOPPYST.C	F0450_FLOPPY_ForceMediaChangeDetection	function_local_storage	no_standalone_port
L	1448	L1448_pc_DefaultBPBVector	FLOPPYST.C	F0450_FLOPPY_ForceMediaChangeDetection	function_local_storage	no_standalone_port
L	1449	L1449_pc_DefaultMediaChangeVector	FLOPPYST.C	F0450_FLOPPY_ForceMediaChangeDetection	function_local_storage	no_standalone_port
L	1450	L1450_pc_DefaultRWBlocksVector	FLOPPYST.C	F0450_FLOPPY_ForceMediaChangeDetection	function_local_storage	no_standalone_port
L	1451	L1451_i_FloppyDriveCount	FLOPPY.C	F0451_FLOPPY_Initialize	function_local_storage	no_standalone_port
L	1452	L1452_l_SupervisorStack	FLOPPY.C	F0451_FLOPPY_Initialize	function_local_storage	no_standalone_port
L	1453	L1453_ui_DiskType	FLOPPY.C	F0452_FLOPPY_GetDiskTypeInDrive_CPSB	function_local_storage	no_standalone_port
L	1454	L1454_i_FloppyDriveIndex	FLOPPY.C	F0452_FLOPPY_GetDiskTypeInDrive_CPSB	function_local_storage	no_standalone_port
L	1455	L1455_i_GraphicsDatFileReferenceCountBackup	FLOPPY.C	F0452_FLOPPY_GetDiskTypeInDrive_CPSB	function_local_storage	no_standalone_port
L	1456	L1456_puc_Buffer_CPSB	FLOPPY.C	F0452_FLOPPY_GetDiskTypeInDrive_CPSB	function_local_storage	no_standalone_port
L	1457	L1457_ui_TrackIndex	UTIO.C;FLOPPY.C	F0453_FLOPPY_IsFormatDiskSuccessful	function_local_storage	no_standalone_port
L	1458	L1458_B_IsFormatDiskSuccessful	UTIO.C;FLOPPY.C	F0453_FLOPPY_IsFormatDiskSuccessful	function_local_storage	no_standalone_port
L	1459	L1459_l_ByteCount	UTIO.C;FLOPPY.C	F0453_FLOPPY_IsFormatDiskSuccessful	function_local_storage	no_standalone_port
L	1460	L1460_puc_Buffer	UTIO.C;FLOPPY.C	F0453_FLOPPY_IsFormatDiskSuccessful	function_local_storage	no_standalone_port
L	1461	L1461_ui_Multiple	FLOPPY.C	F0454_FLOPPY_IsSaveDiskTypeInSaveDiskDrive	function_local_storage	no_standalone_port
L	1462	L1462_i_Multiple	STARTUP2.C	F0457_START_DrawEnabledMenus_CPSF	function_local_storage	no_standalone_port
L	1463	L1463_i_CommandLineLength	STARTUP2.C	F0458_START_GetCommandLineParameters_CPSA	function_local_storage	no_standalone_port
L	1464	L1464_i_Character	STARTUP2.C	F0458_START_GetCommandLineParameters_CPSA	function_local_storage	no_standalone_port
L	1465	L1465_puc_CommandLineParameters	STARTUP2.C	F0458_START_GetCommandLineParameters_CPSA	function_local_storage	no_standalone_port
L	1466	L1466_i_Multiple	STARTUP2.C	F0460_START_InitializeGraphicData	function_local_storage	no_standalone_port
L	1467	L1467_i_Multiple	STARTUP2.C	F0460_START_InitializeGraphicData	function_local_storage	no_standalone_port
L	1468	L1468_i_DerivedBitmapIndex	STARTUP2.C	F0460_START_InitializeGraphicData	function_local_storage	no_standalone_port
L	1469	L1469_i_BitmapByteCount	STARTUP2.C	F0460_START_InitializeGraphicData	function_local_storage	no_standalone_port
L	1470	L1470_ps_ObjectAspect	STARTUP2.C	F0460_START_InitializeGraphicData	function_local_storage	no_standalone_port
L	1471	L1471_ps_CreatureAspect	STARTUP2.C	F0460_START_InitializeGraphicData	function_local_storage	no_standalone_port
L	1472	L1472_ps_ProjectileAspect	STARTUP2.C	F0460_START_InitializeGraphicData	function_local_storage	no_standalone_port
L	1473	L1473_ps_ExplosionAspect	STARTUP2.C	F0460_START_InitializeGraphicData	function_local_storage	no_standalone_port
L	1474	L1474_i_CreatureFrontBitmapD2ByteCount	STARTUP2.C	F0460_START_InitializeGraphicData	function_local_storage	no_standalone_port
L	1475	L1475_i_Multiple	STARTUP2.C	F0460_START_InitializeGraphicData	function_local_storage	no_standalone_port
L	1476	L1476_i_GraphicsDatFileReferenceCountBackup	STARTUP2.C	F0462_START_StartGame_CPSEF	function_local_storage	no_standalone_port
L	1477	L1477_B_CommandLineParameterIsAUTO_CPSA	STARTUP2.C	F0463_START_InitializeGame_CPSADEF	function_local_storage	no_standalone_port
L	1478	L1478_ac_CommandLineParameters_CPSA	STARTUP2.C	F0463_START_InitializeGame_CPSADEF	function_local_storage	no_standalone_port
L	1479	L1479_l_Offset	MEMORY.C	F0467_MEMORY_GetGraphicOffset	function_local_storage	no_standalone_port
L	1480	L1480_ui_GraphicIndex	MEMORY.C	F0467_MEMORY_GetGraphicOffset	function_local_storage	no_standalone_port
L	1481	L1481_puc_Buffer	MEMORY.C	F0468_MEMORY_Allocate	function_local_storage	no_standalone_port
L	1482	L1482_puc_PreviousUnusedBlock	MEMORY.C	F0471_CACHE_RemoveUnusedBlock	function_local_storage	no_standalone_port
L	1483	L1483_puc_NextUnusedBlock	MEMORY.C	F0471_CACHE_RemoveUnusedBlock	function_local_storage	no_standalone_port
L	1484	L1484_l_BlockSize	MEMORY.C	F0472_CACHE_AddUnusedBlock	function_local_storage	no_standalone_port
L	1485	L1485_B_BlockAddedToUnusedList	MEMORY.C	F0472_CACHE_AddUnusedBlock	function_local_storage	no_standalone_port
L	1486	L1486_puc_FirstUnusedBlock	MEMORY.C	F0472_CACHE_AddUnusedBlock	function_local_storage	no_standalone_port
L	1487	L1487_puc_UnusedBlock	MEMORY.C	F0472_CACHE_AddUnusedBlock	function_local_storage	no_standalone_port
L	1488	L1488_l_Unreferenced	MEMORY.C	F0472_CACHE_AddUnusedBlock	function_local_storage	no_standalone_port
L	1489	L1489_ui_Index	MEMORY.C	F0473_MEMORY_SortValues	function_local_storage	no_standalone_port
L	1490	L1490_ui_Counter	MEMORY.C	F0473_MEMORY_SortValues	function_local_storage	no_standalone_port
L	1491	L1491_ui_Index	MEMORY.C	F0473_MEMORY_SortValues	function_local_storage	no_standalone_port
L	1492	L1492_ui_Value	MEMORY.C	F0473_MEMORY_SortValues	function_local_storage	no_standalone_port
L	1493	L1493_i_Counter	MEMORY.C	F0473_MEMORY_SortValues	function_local_storage	no_standalone_port
L	1494	L1494_i_IterationCount	MEMORY.C	F0473_MEMORY_SortValues	function_local_storage	no_standalone_port
L	1495	L1495_ui_Counter	MEMORY.C	F0473_MEMORY_SortValues	function_local_storage	no_standalone_port
L	1496	L1496_ui_IterationCount	MEMORY.C	F0473_MEMORY_SortValues	function_local_storage	no_standalone_port
L	1497	L1497_l_Offset	MEMORY.C	F0474_MEMORY_LoadGraphic_CPSDF	function_local_storage	no_standalone_port
L	1498	L1498_l_ReadFromOffset	MEMORY.C	F0474_MEMORY_LoadGraphic_CPSDF	function_local_storage	no_standalone_port
L	1499	L1499_i_RemainingByteCount	MEMORY.C	F0474_MEMORY_LoadGraphic_CPSDF	function_local_storage	no_standalone_port
L	1500	L1500_i_StartOffsetInBuffer	MEMORY.C	F0474_MEMORY_LoadGraphic_CPSDF	function_local_storage	no_standalone_port
L	1501	L1501_i_GraphicsDatChunkIndex	MEMORY.C	F0474_MEMORY_LoadGraphic_CPSDF	function_local_storage	no_standalone_port
L	1502	L1502_i_BufferByteCount	MEMORY.C	F0474_MEMORY_LoadGraphic_CPSDF	function_local_storage	no_standalone_port
L	1503	L1503_l_FreadByteCount	MEMORY.C	F0474_MEMORY_LoadGraphic_CPSDF	function_local_storage	no_standalone_port
L	1504	L1504_B_AllocationSuccessful	MEMORY.C	F0479_MEMORY_ReadGraphicsDatHeader	function_local_storage	no_standalone_port
L	1505	L1505_ui_Multiple	MEMORY.C	F0479_MEMORY_ReadGraphicsDatHeader	function_local_storage	no_standalone_port
L	1506	L1506_l_Size	MEMORY.C	F0480_CACHE_ReleaseBlock	function_local_storage	no_standalone_port
L	1507	L1507_l_PreviousBlockSize	MEMORY.C	F0480_CACHE_ReleaseBlock	function_local_storage	no_standalone_port
L	1508	L1508_ui_BlockIndex	MEMORY.C	F0480_CACHE_ReleaseBlock	function_local_storage	no_standalone_port
L	1509	L1509_ui_NextBlockIndex	MEMORY.C	F0480_CACHE_ReleaseBlock	function_local_storage	no_standalone_port
L	1510	L1510_puc_BlockToRelease	MEMORY.C	F0480_CACHE_ReleaseBlock	function_local_storage	no_standalone_port
L	1511	L1511_puc_Block	MEMORY.C	F0480_CACHE_ReleaseBlock	function_local_storage	no_standalone_port
L	1512	L1512_l_BlockSize	MEMORY.C	F0482_CACHE_Defragment	function_local_storage	no_standalone_port
L	1513	L1513_i_BitmapIndex	MEMORY.C	F0482_CACHE_Defragment	function_local_storage	no_standalone_port
L	1514	L1514_ui_BlockIndex	MEMORY.C	F0482_CACHE_Defragment	function_local_storage	no_standalone_port
L	1515	L1515_puc_UnusedBlock	MEMORY.C	F0482_CACHE_Defragment	function_local_storage	no_standalone_port
L	1516	L1516_puc_UsedBlockToMove	MEMORY.C	F0482_CACHE_Defragment	function_local_storage	no_standalone_port
L	1517	L1517_B_BlockToReuseFound	MEMORY.C	F0483_CACHE_GetNewBlock	function_local_storage	no_standalone_port
L	1518	L1518_l_BlockSize	MEMORY.C	F0483_CACHE_GetNewBlock	function_local_storage	no_standalone_port
L	1519	L1519_puc_NewBlock	MEMORY.C	F0483_CACHE_GetNewBlock	function_local_storage	no_standalone_port
L	1520	L1520_puc_Block	MEMORY.C	F0483_CACHE_GetNewBlock	function_local_storage	no_standalone_port
L	1521	L1521_i_Counter1	MEMORY.C	F0484_MEMORY_LoadGraphics_CPSDEF	function_local_storage	no_standalone_port
L	1522	L1522_i_Counter2	MEMORY.C	F0484_MEMORY_LoadGraphics_CPSDEF	function_local_storage	no_standalone_port
L	1523	L1523_i_Multiple	MEMORY.C	F0484_MEMORY_LoadGraphics_CPSDEF	function_local_storage	no_standalone_port
L	1524	L1524_l_ByteCount	MEMORY.C	F0484_MEMORY_LoadGraphics_CPSDEF;F0610_DefragmentMemoryArea	function_local_storage	no_standalone_port
L	1525	L1525_puc_Graphic	MEMORY.C	F0484_MEMORY_LoadGraphics_CPSDEF;F0610_DefragmentMemoryArea	function_local_storage	no_standalone_port
L	1526	L1526_puc_Graphic	MEMORY.C	F0484_MEMORY_LoadGraphics_CPSDEF;F0610_DefragmentMemoryArea	function_local_storage	no_standalone_port
L	1527	L1527_l_TotalBaseMemoryGraphicByteCountRequired	MEMORY.C	F0484_MEMORY_LoadGraphics_CPSDEF	function_local_storage	no_standalone_port
L	1527	L1527_l_TotalGraphicByteCountRequired	MEMORY.C	F0484_MEMORY_LoadGraphics_CPSDEF	function_local_storage	no_standalone_port
L	1528	L1528_l_AvailableCacheMemoryByteCountAfterLoadingGraphics	MEMORY.C	F0484_MEMORY_LoadGraphics_CPSDEF	function_local_storage	no_standalone_port
L	1529	L1529_puc_LZWTemporaryBuffer	MEMORY.C	F0484_MEMORY_LoadGraphics_CPSDEF	function_local_storage	no_standalone_port
L	1530	L1530_B_GraphicsDatOpened	MEMORY.C	F0484_MEMORY_LoadGraphics_CPSDEF	function_local_storage	no_standalone_port
L	1531	L1531_ui_BlockIndex	MEMORY.C	F0485_CACHE_ResetUsageCounts	function_local_storage	no_standalone_port
L	1532	L1532_puc_Block	MEMORY.C	F0485_CACHE_ResetUsageCounts	function_local_storage	no_standalone_port
L	1533	L1533_ui_PreviousUsedBlockIndex	MEMORY.C	F0486_MEMORY_AddBlockToUsedList	function_local_storage	no_standalone_port
L	1534	L1534_i_BlockIndex	MEMORY.C	F0486_MEMORY_AddBlockToUsedList	function_local_storage	no_standalone_port
L	1535	L1535_i_BitmapIndex	MEMORY.C	F0486_MEMORY_AddBlockToUsedList	function_local_storage	no_standalone_port
L	1536	L1536_puc_BlockToAdd	MEMORY.C	F0486_MEMORY_AddBlockToUsedList	function_local_storage	no_standalone_port
L	1537	L1537_puc_Block	MEMORY.C	F0486_MEMORY_AddBlockToUsedList	function_local_storage	no_standalone_port
L	1538	L1538_ui_PreviousUsedBlockIndex	MEMORY.C	F0487_CACHE_GetBlockAndIncrementUsageCount	function_local_storage	no_standalone_port
L	1539	L1539_ui_NextUsedBlockIndex	MEMORY.C	F0487_CACHE_GetBlockAndIncrementUsageCount	function_local_storage	no_standalone_port
L	1540	L1540_ui_UsageCount	MEMORY.C	F0487_CACHE_GetBlockAndIncrementUsageCount	function_local_storage	no_standalone_port
L	1541	L1541_puc_Block	MEMORY.C	F0487_CACHE_GetBlockAndIncrementUsageCount	function_local_storage	no_standalone_port
L	1542	L1542_puc_Block	MEMORY.C	F0487_CACHE_GetBlockAndIncrementUsageCount	function_local_storage	no_standalone_port
L	1543	L1543_puc_Block	MEMORY.C	F0487_CACHE_GetBlockAndIncrementUsageCount	function_local_storage	no_standalone_port
L	1544	L1544_puc_Graphic	MEMORY.C	F0488_MEMORY_ExpandGraphicToBitmap	function_local_storage	no_standalone_port
L	1545	L1545_ui_BlockIndex	MEMORY.C	F0489_MEMORY_GetNativeBitmapOrGraphic	function_local_storage	no_standalone_port
L	1546	L1546_l_ByteCount	MEMORY.C	F0489_MEMORY_GetNativeBitmapOrGraphic	function_local_storage	no_standalone_port
L	1547	L1547_puc_Block	MEMORY.C	F0489_MEMORY_GetNativeBitmapOrGraphic	function_local_storage	no_standalone_port
L	1548	L1548_puc_Graphic	MEMORY.C	F0489_MEMORY_GetNativeBitmapOrGraphic	function_local_storage	no_standalone_port
L	1549	L1549_B_DoNotExpand	MEMORY.C	F0490_MEMORY_LoadDecompressAndExpandGraphic	function_local_storage	no_standalone_port
L	1550	L1550_puc_LZWTemporaryBuffer	MEMORY.C	F0490_MEMORY_LoadDecompressAndExpandGraphic	function_local_storage	no_standalone_port
L	1551	L1551_ui_BlockIndex	MEMORY.C	F0491_CACHE_IsDerivedBitmapInCache	function_local_storage	no_standalone_port
L	1552	L1552_ul_ByteCount	MEMORY.C	F0491_CACHE_IsDerivedBitmapInCache	function_local_storage	no_standalone_port
L	1553	L1553_puc_Block	MEMORY.C	F0491_CACHE_IsDerivedBitmapInCache	function_local_storage	no_standalone_port
L	1554	L1554_i_NextInputCode	LZW.C;HINTLZW.C	F0495_LZW_GetNextInputCode	function_local_storage	no_standalone_port
L	1555	L1555_i_BitIndex	LZW.C;HINTLZW.C	F0495_LZW_GetNextInputCode	function_local_storage	no_standalone_port
L	1556	L1556_i_RequiredInputBitCount	LZW.C;HINTLZW.C	F0495_LZW_GetNextInputCode	function_local_storage	no_standalone_port
L	1557	L1557_puc_InputBuffer	LZW.C;HINTLZW.C	F0495_LZW_GetNextInputCode	function_local_storage	no_standalone_port
L	1558	L1558_pc_Output	LZW.C;HINTLZW.C	F0496_LZW_OutputCharacter	function_local_storage	no_standalone_port
L	1559	L1559_i_Character	LZW.C;HINTLZW.C	F0497_LZW_Decompress	function_local_storage	no_standalone_port
L	1560	L1560_i_Code	LZW.C;HINTLZW.C	F0497_LZW_Decompress	function_local_storage	no_standalone_port
L	1561	L1561_i_OldCode	LZW.C;HINTLZW.C	F0497_LZW_Decompress	function_local_storage	no_standalone_port
L	1562	L1562_i_NewCode	LZW.C;HINTLZW.C	F0497_LZW_Decompress	function_local_storage	no_standalone_port
L	1563	L1563_pi_PrefixCode	LZW.C;HINTLZW.C	F0497_LZW_Decompress	function_local_storage	no_standalone_port
L	1564	L1564_puc_AppendCharacter	LZW.C;HINTLZW.C	F0497_LZW_Decompress	function_local_storage	no_standalone_port
L	1565	L1565_puc_ReversedDecodedStringEnd	LZW.C;HINTLZW.C	F0497_LZW_Decompress	function_local_storage	no_standalone_port
L	1566	L1566_puc_ReversedDecodedStringStart	LZW.C;HINTLZW.C	F0497_LZW_Decompress	function_local_storage	no_standalone_port
L	1567	L1567_l_OutputAddress	LZW.C;HINTLZW.C	F0497_LZW_Decompress	function_local_storage	no_standalone_port
L	1568	L1568_auc_Box	OBJECT.C	F0036_OBJECT_ExtractIconFromBitmap	function_local_storage	no_standalone_port
L	1569	L1569_i_Height	OBJECT.C	F0038_OBJECT_DrawIconInSlotBox	function_local_storage	no_standalone_port
L	1570	L1570_ps_SoundData	SOUND.C	F0060_SOUND_Play_CPSX;F0709_StartSound	function_local_storage	no_standalone_port
L	1571	L1571_ps_SoundLeftChannel	SOUND.C	F0060_SOUND_Play_CPSX;F0709_StartSound	function_local_storage	no_standalone_port
L	1572	L1572_ps_SoundRightChannel	SOUND.C	F0060_SOUND_Play_CPSX;F0709_StartSound	function_local_storage	no_standalone_port
L	1573	L1573_ps_SoundControl	SOUND.C	F0060_SOUND_Play_CPSX;F0709_StartSound	function_local_storage	no_standalone_port
L	1574	L1574_s_RequestedSoundVolume	SOUND.C	F0064_SOUND_RequestPlay_CPSD	function_local_storage	no_standalone_port
L	1575	L1575_i_	IO.C	F0066_MOUSE_Initialize	function_local_storage	no_standalone_port
L	1576	L1576_i_Unreferenced	IO.C	F0068_MOUSE_SetPointerToObject	function_local_storage	no_standalone_port
L	1577	L1577_i_ChampionIndex	IO.C	F0073_MOUSE_BuildPointerScreenArea	function_local_storage	no_standalone_port
L	1578	L1578_i_XOverChampionStatusBox	IO.C	F0073_MOUSE_BuildPointerScreenArea	function_local_storage	no_standalone_port
L	1579	L1579_i_Unreferenced	COPYPRO2.C	platform_or_unnumbered_file_scope	function_local_storage	no_standalone_port
L	1580	L1580_i_Unreferenced	COPYPRO2.C	platform_or_unnumbered_file_scope	function_local_storage	no_standalone_port
L	1581	L1581_i_Unreferenced	COPYPRO2.C	platform_or_unnumbered_file_scope	function_local_storage	no_standalone_port
L	1582	L1582_i_Unreferenced	COPYPRO2.C	platform_or_unnumbered_file_scope	function_local_storage	no_standalone_port
L	1583	L1583_pc_Unreferenced	COPYPRO2.C	platform_or_unnumbered_file_scope	function_local_storage	no_standalone_port
L	1584	L1584_pc_Unreferenced	COPYPRO2.C	platform_or_unnumbered_file_scope	function_local_storage	no_standalone_port
L	1585	L1585_i_Unreferenced	COPYPRO2.C	platform_or_unnumbered_file_scope	function_local_storage	no_standalone_port
L	1586	L1586_l_1	BLTSHRNK.C	F0129_VIDEO_BlitShrinkWithPaletteChanges	function_local_storage	no_standalone_port
L	1587	L1587_l_2	BLTSHRNK.C	F0129_VIDEO_BlitShrinkWithPaletteChanges	function_local_storage	no_standalone_port
L	1588	L1588_i_1	BLTSHRNK.C	F0129_VIDEO_BlitShrinkWithPaletteChanges	function_local_storage	no_standalone_port
L	1589	L1589_i_2	BLTSHRNK.C	F0129_VIDEO_BlitShrinkWithPaletteChanges	function_local_storage	no_standalone_port
L	1590	L1590_i_3	BLTSHRNK.C	F0129_VIDEO_BlitShrinkWithPaletteChanges	function_local_storage	no_standalone_port
L	1591	L1591_i_D4	BLIT.C	F0132_VIDEO_Blit	function_local_storage	no_standalone_port
L	1592	L1592_pui_SourceBlitBitPlane0	BLIT.C;BLITAMIG.C	F0132_VIDEO_Blit;F1013_Blit_Amiga	function_local_storage	no_standalone_port
L	1593	L1593_pui_SourceBlitBitPlane1	BLIT.C;BLITAMIG.C	F0132_VIDEO_Blit;F1013_Blit_Amiga	function_local_storage	no_standalone_port
L	1594	L1594_pui_SourceBlitBitPlane2	BLIT.C;BLITAMIG.C	F0132_VIDEO_Blit;F1013_Blit_Amiga	function_local_storage	no_standalone_port
L	1595	L1595_pui_SourceBlitBitPlane3	BLIT.C;BLITAMIG.C	F0132_VIDEO_Blit;F1013_Blit_Amiga	function_local_storage	no_standalone_port
L	1596	L1596_i_SourceBlitModulo	BLIT.C;BLITAMIG.C	F0132_VIDEO_Blit;F1013_Blit_Amiga	function_local_storage	no_standalone_port
L	1597	L1597_pui_DestinationBlitBitPlane0	BLIT.C;BLITAMIG.C	F0132_VIDEO_Blit;F1013_Blit_Amiga	function_local_storage	no_standalone_port
L	1598	L1598_pui_DestinationBlitBitPlane1	BLIT.C;BLITAMIG.C	F0132_VIDEO_Blit;F1013_Blit_Amiga	function_local_storage	no_standalone_port
L	1599	L1599_pui_DestinationBlitBitPlane2	BLIT.C;BLITAMIG.C	F0132_VIDEO_Blit;F1013_Blit_Amiga	function_local_storage	no_standalone_port
L	1600	L1600_pui_DestinationBlitBitPlane3	BLIT.C;BLITAMIG.C	F0132_VIDEO_Blit;F1013_Blit_Amiga	function_local_storage	no_standalone_port
L	1601	L1601_i_DestinationBlitModulo	BLIT.C;BLITAMIG.C	F0132_VIDEO_Blit;F1013_Blit_Amiga	function_local_storage	no_standalone_port
L	1602	L1602_i_Modulo	BLIT.C;BLITAMIG.C	F0132_VIDEO_Blit;F1013_Blit_Amiga	function_local_storage	no_standalone_port
L	1603	L1603_i_Modulo	BLIT.C;BLITAMIG.C	F0132_VIDEO_Blit;F1013_Blit_Amiga	function_local_storage	no_standalone_port
L	1604	L1604_i_Modulo	BLIT.C	F0132_VIDEO_Blit	function_local_storage	no_standalone_port
L	1605	L1605_i_Modulo	BLIT.C	F0132_VIDEO_Blit	function_local_storage	no_standalone_port
L	1606	L1606_pui_	BLIT.C;BLITAMIG.C	F0132_VIDEO_Blit;F1013_Blit_Amiga	function_local_storage	no_standalone_port
L	1607	L1607_i_BoxWidth	BLIT.C;BLITAMIG.C	F0132_VIDEO_Blit;F1013_Blit_Amiga	function_local_storage	no_standalone_port
L	1608	L1608_i_BlitSizeHeight	BLIT.C;BLITAMIG.C	F0132_VIDEO_Blit;F1013_Blit_Amiga	function_local_storage	no_standalone_port
L	1609	L1609_i_BoxX1	BLIT.C;BLITAMIG.C	F0132_VIDEO_Blit;F1013_Blit_Amiga	function_local_storage	no_standalone_port
L	1610	L1610_i_BoxY1	BLIT.C;BLITAMIG.C	F0132_VIDEO_Blit;F1013_Blit_Amiga	function_local_storage	no_standalone_port
L	1611	L1611_puc_Box	BLIT.C	F0132_VIDEO_Blit	function_local_storage	no_standalone_port
L	1612	L1612_i_BlitterFirstWordMask	BLIT.C;BLITAMIG.C	F0132_VIDEO_Blit;F1013_Blit_Amiga	function_local_storage	no_standalone_port
L	1613	L1613_i_BlitterLastWordMask	BLIT.C;BLITAMIG.C	F0132_VIDEO_Blit;F1013_Blit_Amiga	function_local_storage	no_standalone_port
L	1614	L1614_i_ShiftValue	BLIT.C;BLITAMIG.C	F0132_VIDEO_Blit;F1013_Blit_Amiga	function_local_storage	no_standalone_port
L	1615	L1615_i_LastWordMaskIndex	BLIT.C;BLITAMIG.C	F0132_VIDEO_Blit;F1013_Blit_Amiga	function_local_storage	no_standalone_port
L	1616	L1616_i_BoxX2	BLIT.C;BLITAMIG.C	F0132_VIDEO_Blit;F1013_Blit_Amiga	function_local_storage	no_standalone_port
L	1617	L1617_i_FirstWordMaskIndex	BLIT.C;BLITAMIG.C	F0132_VIDEO_Blit;F1013_Blit_Amiga	function_local_storage	no_standalone_port
L	1618	L1618_i_LastWordMaskIndex	BLIT.C;BLITAMIG.C	F0132_VIDEO_Blit;F1013_Blit_Amiga	function_local_storage	no_standalone_port
L	1619	L1619_ui_BlitSizeWidthWordCount	BLIT.C;BLITAMIG.C	F0132_VIDEO_Blit;F1013_Blit_Amiga	function_local_storage	no_standalone_port
L	1620	L1620_i_	BLIT.C;BLITAMIG.C	F0132_VIDEO_Blit;F1013_Blit_Amiga	function_local_storage	no_standalone_port
L	1621	L1621_i_BlitSizeLastWordMask	BLIT.C;BLITAMIG.C	F0132_VIDEO_Blit;F1013_Blit_Amiga	function_local_storage	no_standalone_port
L	1622	L1622_i_BlitSizeFirstWordMask	BLIT.C;BLITAMIG.C	F0132_VIDEO_Blit;F1013_Blit_Amiga	function_local_storage	no_standalone_port
L	1623	L1623_i_	BLIT.C	F0132_VIDEO_Blit	function_local_storage	no_standalone_port
L	1624	L1624_i_BoxHeight	BLITMASK.C	F0133_VIDEO_BlitBoxFilledWithMaskedBitmap	function_local_storage	no_standalone_port
L	1625	L1625_l_Unreferenced	BLITMASK.C	F0133_VIDEO_BlitBoxFilledWithMaskedBitmap	function_local_storage	no_standalone_port
L	1626	L1626_i_	BLITFILL.C	F0134_VIDEO_FillBitmap	function_local_storage	no_standalone_port
L	1627	L1627_i_	BLITFILL.C	F0134_VIDEO_FillBitmap	function_local_storage	no_standalone_port
L	1628	L1628_i_	BLITFILL.C	F0134_VIDEO_FillBitmap	function_local_storage	no_standalone_port
L	1629	L1629_i_Height	FILLBOX.C	F0135_VIDEO_FillBox	function_local_storage	no_standalone_port
L	1630	L1630_puc_Bitmap	FILLBOX.C	F0135_VIDEO_FillBox	function_local_storage	no_standalone_port
L	1631	L1631_i_X1	FILLBOX.C	F0135_VIDEO_FillBox	function_local_storage	no_standalone_port
L	1632	L1632_i_X2	FILLBOX.C	F0135_VIDEO_FillBox	function_local_storage	no_standalone_port
L	1633	L1633_ui_Width	FILLBOX.C	F0135_VIDEO_FillBox	function_local_storage	no_standalone_port
L	1634	L1634_i_Unreferenced	FILLBOX.C	F0135_VIDEO_FillBox	function_local_storage	no_standalone_port
L	1635	L1635_ui_SoundIndex	GROUP.C	F0179_GROUP_GetCreatureAspectUpdateTime	function_local_storage	no_standalone_port
L	1636	L1636_pui_SectorBuffer	COPYPRO5.C	F0210_CPSE_ProcessEvent22_IsFuzzySectorValid_NormalBytes	function_local_storage	no_standalone_port
L	1637	L1637_i_Temp	PROJEXPL.C	F0227_GROUP_IsDestinationVisibleFromSource	function_local_storage	no_standalone_port
L	1638	L1638_ui_MovementSoundIndex	MOVESENS.C	F0267_MOVE_GetMoveResult_CPSCE	function_local_storage	no_standalone_port
L	1639	L1639_puc_Bitmap_Portrait_ChipMemory	REVIVE.C	F0280_CHAMPION_AddCandidateChampionToParty	function_local_storage	no_standalone_port
L	1640	L1640_ai_Box	CHAMDRAW.C	F0287_CHAMPION_DrawBarGraphs	function_local_storage	no_standalone_port
L	1641	L1641_i_DestinationHeight	CHAMDRAW.C	F0291_CHAMPION_DrawSlot	function_local_storage	no_standalone_port
L	1642	L1642_puc_Bitmap_Portrait_ChipMemory	PANEL.C	F0354_INVENTORY_DrawStatusBoxPortrait	function_local_storage	no_standalone_port
L	1643	L1643_i_Width	ACTIDRAW.C	F0385_MENUS_DrawActionDamage	function_local_storage	no_standalone_port
L	1644	L1644_l_	LOADSAVE.C	F0433_STARTEND_ProcessCommand140_SaveGame_CPSCDF	function_local_storage	no_standalone_port
L	1645	L1645_i_	LOADSAVE.C	F0433_STARTEND_ProcessCommand140_SaveGame_CPSCDF	function_local_storage	no_standalone_port
L	1646	L1646_i_	LOADSAVE.C	F0433_STARTEND_ProcessCommand140_SaveGame_CPSCDF	function_local_storage	no_standalone_port
L	1647	L1647_i_	LOADSAVE.C	F0433_STARTEND_ProcessCommand140_SaveGame_CPSCDF	function_local_storage	no_standalone_port
L	1648	L1648_puc_Unreferenced	LOADSAVE.C	F0433_STARTEND_ProcessCommand140_SaveGame_CPSCDF	function_local_storage	no_standalone_port
L	1649	L1649_puc_Buffer	LOADSAVE.C	F0433_STARTEND_ProcessCommand140_SaveGame_CPSCDF	function_local_storage	no_standalone_port
L	1650	L1650_puc_PartyData	LOADSAVE.C	F0435_STARTEND_LoadGame	function_local_storage	no_standalone_port
L	1651	L1651_puc_Bitmap_Portrait_ChipMemory	ENDGAME.C	F0444_STARTEND_Endgame	function_local_storage	no_standalone_port
L	1652	L1652_i_Unreferenced	STARTUP1.C	F0448_STARTUP1_InitializeMemoryManager_CPSADEF	function_local_storage	no_standalone_port
L	1653	L1653_l_	STARTUP1.C	F0448_STARTUP1_InitializeMemoryManager_CPSADEF	function_local_storage	no_standalone_port
L	1654	L1654_ps_Process	STARTUP1.C	F0448_STARTUP1_InitializeMemoryManager_CPSADEF	function_local_storage	no_standalone_port
L	1655	L1655_i_DriveIndex	FLOPPY.C	F0451_FLOPPY_Initialize	function_local_storage	no_standalone_port
L	1656	L1656_i_	FLOPPY.C	F0452_FLOPPY_GetDiskTypeInDrive_CPSB	function_local_storage	no_standalone_port
L	1657	L1657_ps_InfoData	FLOPPY.C	F0452_FLOPPY_GetDiskTypeInDrive_CPSB	function_local_storage	no_standalone_port
L	1658	L1658_ps_DeviceList	FLOPPY.C	F0452_FLOPPY_GetDiskTypeInDrive_CPSB	function_local_storage	no_standalone_port
L	1659	L1659_pc_VolumeName	FLOPPY.C	F0452_FLOPPY_GetDiskTypeInDrive_CPSB	function_local_storage	no_standalone_port
L	1660	L1660_i_	FLOPPY.C	F0452_FLOPPY_GetDiskTypeInDrive_CPSB	function_local_storage	no_standalone_port
L	1661	L1661_i_Unreferenced	FLOPPY.C	F0452_FLOPPY_GetDiskTypeInDrive_CPSB	function_local_storage	no_standalone_port
L	1662	L1662_pc_String	FLOPPY.C	F0453_FLOPPY_IsFormatDiskSuccessful	function_local_storage	no_standalone_port
L	1663	L1663_l_	EXPAND.C	F0466_EXPAND_GraphicToBitmap	function_local_storage	no_standalone_port
L	1664	L1664_i_	MEMORY.C	F0476_MEMORY_InitializeGraphicMemory	function_local_storage	no_standalone_port
L	1665	L1665_l_	MEMORY.C	F0476_MEMORY_InitializeGraphicMemory	function_local_storage	no_standalone_port
L	1666	L1666_l_	MEMORY.C	F0476_MEMORY_InitializeGraphicMemory	function_local_storage	no_standalone_port
L	1667	L1667_B_	MEMORY.C	F0484_MEMORY_LoadGraphics_CPSDEF	function_local_storage	no_standalone_port
L	1668	L1668_B_	MEMORY.C	F0484_MEMORY_LoadGraphics_CPSDEF	function_local_storage	no_standalone_port
L	1669	L1669_i_	SOUND.C	F0502_SOUND_CompareVolumes	function_local_storage	no_standalone_port
L	1670	L1670_i_	SOUND.C	F0502_SOUND_CompareVolumes	function_local_storage	no_standalone_port
L	1671	L1671_i_TotalSoundVolume1	SOUND.C	F0502_SOUND_CompareVolumes	function_local_storage	no_standalone_port
L	1672	L1672_i_TotalSoundVolume2	SOUND.C	F0502_SOUND_CompareVolumes	function_local_storage	no_standalone_port
L	1673	L1673_ps_SoundData	SOUND.C	F0503_SOUND_LoadAll	function_local_storage	no_standalone_port
L	1674	L1674_puc_SoundFirstSample	SOUND.C	F0503_SOUND_LoadAll	function_local_storage	no_standalone_port
L	1675	L1675_i_SoundIndex	SOUND.C	F0503_SOUND_LoadAll	function_local_storage	no_standalone_port
L	1676	L1676_i_GraphicIndex	SOUND.C	F0503_SOUND_LoadAll	function_local_storage	no_standalone_port
L	1677	L1677_i_Unreferenced	SOUND.C	F0503_SOUND_LoadAll	function_local_storage	no_standalone_port
L	1678	L1678_i_RightVolumeColumnIndex	SOUND.C	F0505_SOUND_GetVolume	function_local_storage	no_standalone_port
L	1679	L1679_i_LineIndex	SOUND.C	F0505_SOUND_GetVolume	function_local_storage	no_standalone_port
L	1680	L1680_i_LeftVolumeColumnIndex	SOUND.C	F0505_SOUND_GetVolume	function_local_storage	no_standalone_port
L	1681	L1681_i_Unreferenced	STARTUP1.C	F0507_AMIGA_DeinitializeAndInfiniteLoop	function_local_storage	no_standalone_port
L	1682	L1682_i_ColorIndex	EXEC.C;SWSH.C;STARTUP1.C	F0508_AMIGA_BuildPaletteChangeCopperList	function_local_storage	no_standalone_port
L	1683	L1683_i_Result	STARTUP1.C	F0512_STARTUP1_IsAltKeyPressed	function_local_storage	no_standalone_port
L	1684	L1684_l_Unused	STARTUP1.C	F0512_STARTUP1_IsAltKeyPressed	function_local_storage	no_standalone_port
L	1685	L1685_i_Unreferenced	STARTUP1.C	F0512_STARTUP1_IsAltKeyPressed	function_local_storage	no_standalone_port
L	1686	L1686_i_Unreferenced	STARTUP1.C	F0512_STARTUP1_IsAltKeyPressed	function_local_storage	no_standalone_port
L	1687	L1687_i_ChampionIndex	PORTRAIT.C	F0515_CHAMPION_ConvertPortraitsToAtariSTPlanar	function_local_storage	no_standalone_port
L	1690	L1690_pui_Bitmap_Amiga	PORTRAIT.C	F0515_CHAMPION_ConvertPortraitsToAtariSTPlanar	function_local_storage	no_standalone_port
L	1691	L1691_pui_Bitmap_AtariST	PORTRAIT.C	F0515_CHAMPION_ConvertPortraitsToAtariSTPlanar	function_local_storage	no_standalone_port
L	1692	L1692_i_ChampionIndex	PORTRAIT.C	F0516_CHAMPION_ConvertPortraitsFromAtariSTPlanar	function_local_storage	no_standalone_port
L	1693	L1693_i_BitplaneLineWordOffset	PORTRAIT.C	F0516_CHAMPION_ConvertPortraitsFromAtariSTPlanar	function_local_storage	no_standalone_port
L	1694	L1694_i_BitplaneAddress	PORTRAIT.C	F0516_CHAMPION_ConvertPortraitsFromAtariSTPlanar	function_local_storage	no_standalone_port
L	1695	L1695_pui_Bitmap_Amiga	PORTRAIT.C	F0516_CHAMPION_ConvertPortraitsFromAtariSTPlanar	function_local_storage	no_standalone_port
L	1696	L1696_pui_Bitmap_AtariST	PORTRAIT.C	F0516_CHAMPION_ConvertPortraitsFromAtariSTPlanar	function_local_storage	no_standalone_port
L	1697	L1697_l_Unreferenced	FLOPPYAM.C	F0519_FLOPPY_GetFormatResult	function_local_storage	no_standalone_port
L	1698	L1698_pc_TrackFillerString	FLOPPYAM.C	F0519_FLOPPY_GetFormatResult	function_local_storage	no_standalone_port
L	1699	L1699_ac_TrackFillerLong	FLOPPYAM.C	F0519_FLOPPY_GetFormatResult	function_local_storage	no_standalone_port
L	1700	L1700_ul_DiskChangeCount	FLOPPYAM.C	F0519_FLOPPY_GetFormatResult	function_local_storage	no_standalone_port
L	1701	L1701_i_Result	FLOPPYAM.C	F0519_FLOPPY_GetFormatResult	function_local_storage	no_standalone_port
L	1702	L1702_i_Counter	FLOPPYAM.C	F0519_FLOPPY_GetFormatResult	function_local_storage	no_standalone_port
L	1702	L1702_ui_Counter	FLOPPYAM.C	F0519_FLOPPY_GetFormatResult	function_local_storage	no_standalone_port
L	1703	L1703_i_Unreferenced	FLOPPYAM.C	F0519_FLOPPY_GetFormatResult	function_local_storage	no_standalone_port
L	1704	L1704_i_TrackIndex	FLOPPYAM.C	F0519_FLOPPY_GetFormatResult	function_local_storage	no_standalone_port
L	1704	L1704_ui_TrackIndex	FLOPPYAM.C	F0519_FLOPPY_GetFormatResult	function_local_storage	no_standalone_port
L	1705	L1705_pc_DiskName	FLOPPYAM.C	F0519_FLOPPY_GetFormatResult	function_local_storage	no_standalone_port
L	1706	L1706_ppuc_TrackContent	FLOPPYAM.C	F0519_FLOPPY_GetFormatResult	function_local_storage	no_standalone_port
L	1707	L1707_pl_TrackContent	FLOPPYAM.C	F0519_FLOPPY_GetFormatResult	function_local_storage	no_standalone_port
L	1711	L1711_i_	FLOPPYAM.C	F0521_FLOPPY_GetIOError	function_local_storage	no_standalone_port
L	1712	L1712_ArgumentIndex	FLOPPYAM.C	F0522_FLOPPY_SendDosPacket	function_local_storage	no_standalone_port
L	1713	L1713_pl_StandardPacketArguments	FLOPPYAM.C	F0522_FLOPPY_SendDosPacket	function_local_storage	no_standalone_port
L	1714	L1714_l_DOSActionResult	FLOPPYAM.C	F0522_FLOPPY_SendDosPacket	function_local_storage	no_standalone_port
L	1715	L1715_ps_Process	FLOPPYAM.C	F0523_FLOPPY_InhibitFileSystem	function_local_storage	no_standalone_port
L	1716	L1716_l_Unreferenced	FLOPPYAM.C	F0523_FLOPPY_InhibitFileSystem	function_local_storage	no_standalone_port
L	1717	L1717_l_Arguments	FLOPPYAM.C	F0523_FLOPPY_InhibitFileSystem	function_local_storage	no_standalone_port
L	1718	L1718_l_Unreferenced	FLOPPYAM.C	F0523_FLOPPY_InhibitFileSystem	function_local_storage	no_standalone_port
L	1719	L1719_l_DiskChangeHandlerData	FLOPPYAM.C	F0525_FLOPPY_GetWriteProtectionState	function_local_storage	no_standalone_port
L	1720	L1720_i_DiskState	FLOPPYAM.C	F0525_FLOPPY_GetWriteProtectionState;F1109_GetDiskState	function_local_storage	no_standalone_port
L	1721	L1721_l_	FLOPPYAM.C	F0527_FLOPPY_ReadFuzzySector_CPSX	function_local_storage	no_standalone_port
L	1722	L1722_B_FloppyWriteProtectionState	FLOPPY.C	F0529_FLOPPY_IsFloppyInDrive	function_local_storage	no_standalone_port
L	1723	L1723_pB_	FLOPPY.C	F0529_FLOPPY_IsFloppyInDrive	function_local_storage	no_standalone_port
L	1724	L1724_i_FloppyDriveIndex	FLOPPY.C	F0529_FLOPPY_IsFloppyInDrive	function_local_storage	no_standalone_port
L	1725	L1725_i_Result	FLOPPY.C	F0530_FLOPPY_DirectoryExists	function_local_storage	no_standalone_port
L	1726	L1726_ps_Lock	UTIO.C;FLOPPY.C	F0530_FLOPPY_DirectoryExists	function_local_storage	no_standalone_port
L	1727	L1727_i_	FLOPPY.C	F0531_FLOPPY_CompareVolumeName	function_local_storage	no_standalone_port
L	1728	L1728_i_Useless	FLOPPY.C	F0532_FLOPPY_GetVolumeInfoData	function_local_storage	no_standalone_port
L	1729	L1729_pc_Lock	FLOPPY.C	F0532_FLOPPY_GetVolumeInfoData	function_local_storage	no_standalone_port
L	1730	L1730_ps_File	FLOPPY.C	F0533_FLOPPY_WriteSavedGameInfoFiles	function_local_storage	no_standalone_port
L	1731	L1731_l_	FLOPPY.C	F0534_FLOPPY_GetFileSize	function_local_storage	no_standalone_port
L	1732	L1732_l_	FLOPPY.C	F0534_FLOPPY_GetFileSize	function_local_storage	no_standalone_port
L	1733	L1733_l_FileSize	MEMORY.C	F0535_MEMORY_GetGraphicsDatFileSize	function_local_storage	no_standalone_port
L	1734	L1734_B_	INPUT.C	F0539_INPUT_Cconis	function_local_storage	no_standalone_port
L	1735	L1735_i_	INPUT.C	F0540_INPUT_Crawcin	function_local_storage	no_standalone_port
L	1736	L1736_i_	INPUT.C	F0540_INPUT_Crawcin	function_local_storage	no_standalone_port
L	1737	L1737_ps_InputEvent1	INPUT.C	F0543_INPUT_DeviceInterruptHandler	function_local_storage	no_standalone_port
L	1738	L1738_ps_InputEvent2	INPUT.C	F0543_INPUT_DeviceInterruptHandler	function_local_storage	no_standalone_port
L	1739	L1739_ps_InputEvent3	INPUT.C	F0543_INPUT_DeviceInterruptHandler	function_local_storage	no_standalone_port
L	1740	L1740_i_NormalizedKeyCode	INPUT.C	F0543_INPUT_DeviceInterruptHandler	function_local_storage	no_standalone_port
L	1741	L1741_B_	INPUT.C	F0543_INPUT_DeviceInterruptHandler	function_local_storage	no_standalone_port
L	1742	L1742_i_	IO.C	F0545_MOUSE_AllocateMemory	function_local_storage	no_standalone_port
L	1743	L1743_i_	IO.C	F0546_MOUSE_Deinitialize	function_local_storage	no_standalone_port
L	1744	L1744_pui_	IO.C	F0547_MOUSE_SetPointerSprites	function_local_storage	no_standalone_port
L	1745	L1745_pui_	IO.C	F0547_MOUSE_SetPointerSprites	function_local_storage	no_standalone_port
L	1746	L1746_ul_	IO.C	F0547_MOUSE_SetPointerSprites	function_local_storage	no_standalone_port
L	1747	L1747_ul_	IO.C	F0547_MOUSE_SetPointerSprites	function_local_storage	no_standalone_port
L	1748	L1748_l_PlaneByteCount	BLITFILL.C	F0551_VIDEO_HatchBox_Unreferenced	function_local_storage	no_standalone_port
L	1749	L1749_pi_Box	BLITFILL.C	F0551_VIDEO_HatchBox_Unreferenced	function_local_storage	no_standalone_port
L	1750	L1750_pc_String	BASE.C	F0552_BASE_DisplayError	function_local_storage	no_standalone_port
L	1751	L1751_pc_StringBuildBuffer	BASE.C	F0552_BASE_DisplayError	function_local_storage	no_standalone_port
L	1752	L1752_ps_Message	SCRLMGMT.C	F0561_SCROLLER_IsTextScrolling	function_local_storage	no_standalone_port
L	1753	L1753_ps_MsgPort	SCRLTASK.C	F0562_SCROLLER_Task	function_local_storage	no_standalone_port
L	1754	L1754_pc_ReplyPort	SCRLTASK.C	F0562_SCROLLER_Task	function_local_storage	no_standalone_port
L	1755	L1755_ps_ReceivedMessage	SCRLTASK.C	F0562_SCROLLER_Task	function_local_storage	no_standalone_port
L	1756	L1756_ps_StopTextScrollerMessage	SCRLTASK.C	F0562_SCROLLER_Task	function_local_storage	no_standalone_port
L	1757	L1757_i_Unreferenced	ENTRANCE.C	F0579_ENTRANCE_InitializeBitPlanes	function_local_storage	no_standalone_port
L	1758	L1758_i_Unreferenced	ENTRANCE.C	F0579_ENTRANCE_InitializeBitPlanes	function_local_storage	no_standalone_port
L	1759	L1759_i_BitPlaneIndex	DUNVIEW.C	F0098_DUNGEONVIEW_DrawFloorAndCeiling	function_local_storage	no_standalone_port
L	1760	L1760_puc_BitPlane	DUNVIEW.C	F0098_DUNGEONVIEW_DrawFloorAndCeiling	function_local_storage	no_standalone_port
L	1761	L1761_puc_Bitmap_Dungeon_Chaos	TITLE.C	F0437_STARTEND_DrawTitle	function_local_storage	no_standalone_port
L	1762	L1762_ps_SegList	EXEC.C	F0936_LaunchProcess	function_local_storage	no_standalone_port
L	1763	L1763_ps_Process	EXEC.C	F0936_LaunchProcess	function_local_storage	no_standalone_port
L	1764	L1764_Unreferenced	EXEC.C	F0936_LaunchProcess	function_local_storage	no_standalone_port
L	1765	L1765_ps_Process	EXEC.C	F0937_InitAmigaData	function_local_storage	no_standalone_port
L	1766	L1766_i_Unreferenced	EXEC.C	F0937_InitAmigaData	function_local_storage	no_standalone_port
L	1767	L1767_l_AvailableChipMemory	EXEC.C	F0937_InitAmigaData	function_local_storage	no_standalone_port
L	1768	L1768_l_AvailableFastMemory	EXEC.C	F0937_InitAmigaData	function_local_storage	no_standalone_port
L	1769	L1769_i_Unreferenced	EXEC.C	F0938_CallCloseWorkbench	function_local_storage	no_standalone_port
L	1770	L1770_i_Unreferenced	EXEC.C	F0938_CallCloseWorkbench	function_local_storage	no_standalone_port
L	1771	L1771_pc_Unreferenced	EXEC.C	F0938_CallCloseWorkbench	function_local_storage	no_standalone_port
L	1772	L1772_i_Unreferenced	EXEC.C	F0939_ReleaseAmigaData	function_local_storage	no_standalone_port
L	1773	L1773_i_	EXEC.C	F0940_CopyCopperInstructions	function_local_storage	no_standalone_port
L	1774	L1774_ps_	EXEC.C	F0940_CopyCopperInstructions	function_local_storage	no_standalone_port
L	1775	L1775_ps_	EXEC.C	F0940_CopyCopperInstructions	function_local_storage	no_standalone_port
L	1777	L1777_l_Error	EXEC.C;SOUND.C	F0945_InitAudioData	function_local_storage	no_standalone_port
L	1778	L1778_i_Unreferenced	EXEC.C;SOUND.C	F0945_InitAudioData	function_local_storage	no_standalone_port
L	1779	L1779_pi_	SWSH.C	F0904_PaletteAnimation	function_local_storage	no_standalone_port
L	1780	L1780_ui_	SWSH.C	F0904_PaletteAnimation	function_local_storage	no_standalone_port
L	1782	L1782_B_	SWSH.C	F0906_CheckOriginalDisk	function_local_storage	no_standalone_port
L	1783	L1783_pl_	CNFG.C;SWSH.C	F0907_CheckBootSector	function_local_storage	no_standalone_port
L	1784	L1784_pc_	CNFG.C;SWSH.C	F0907_CheckBootSector	function_local_storage	no_standalone_port
L	1785	L1785_pc_	CNFG.C;SWSH.C	F0907_CheckBootSector	function_local_storage	no_standalone_port
L	1786	L1786_pi_FuzzyBits	GRAPH21.C	F0914_Graphic21	function_local_storage	no_standalone_port
L	1787	L1787_i_StringIndex	README.C	platform_or_unnumbered_file_scope	function_local_storage	no_standalone_port
L	1788	L1788_ps_FileHandle	README.C	platform_or_unnumbered_file_scope	function_local_storage	no_standalone_port
L	1789	L1789_c_Character	README.C	platform_or_unnumbered_file_scope	function_local_storage	no_standalone_port
L	1790	L1790_pc_Buffer	PRIM1.C	F0917_PRIM_15_Memory_Allocate	function_local_storage	no_standalone_port
L	1791	L1791_pc_Address	PRIM1.C	F0922_Custom_strcpy	function_local_storage	no_standalone_port
L	1792	L1792_i_ReturnValue	PRIM1.C	F0922_Custom_strcpy	function_local_storage	no_standalone_port
L	1793	L1793_i_FileHandle	PRIM1.C	F0922_Custom_strcpy	function_local_storage	no_standalone_port
L	1794	L1794_pc_StackAddress	PRIM1.C	F0922_Custom_strcpy	function_local_storage	no_standalone_port
L	1795	L1795_ac_FileName	PRIM1.C	F0922_Custom_strcpy	function_local_storage	no_standalone_port
L	1796	L1796_s_Descriptor	PRIM1.C	F0922_Custom_strcpy;F0934_ConvertValueToHexDigits	function_local_storage	no_standalone_port
L	1797	L1797_ai_Unreferenced	PRIM1.C	F0922_Custom_strcpy	function_local_storage	no_standalone_port
L	1798	L1798_i_	PRIM1.C	F0922_Custom_strcpy	function_local_storage	no_standalone_port
L	1799	L1799_i_LoopCount	PRIM1.C	F0922_Custom_strcpy	function_local_storage	no_standalone_port
L	1801	L1801_ac_Buffer	PRIM1.C	F0925_CheckUtilityDiskInDrive	function_local_storage	no_standalone_port
L	1802	L1802_B_ReturnValue	PRIM1.C	F0925_CheckUtilityDiskInDrive	function_local_storage	no_standalone_port
L	1803	L1803_l_Address	PRIM1.C	F0926_FLOPPY_ForceMediaChangeDetection	function_local_storage	no_standalone_port
L	1804	L1804_ac_Unreferenced	PRIM1.C	F0926_FLOPPY_ForceMediaChangeDetection	function_local_storage	no_standalone_port
L	1805	L1805_ui_	PRIM1.C;PRIM2B.C	F0929_PRIM_05_FTL_Load	function_local_storage	no_standalone_port
L	1806	L1806_ui_ComputedChecksum	PRIM1.C;PRIM2B.C	F0929_PRIM_05_FTL_Load	function_local_storage	no_standalone_port
L	1807	L1807_ul_CompressedDataByteCount	PRIM1.C;PRIM2B.C	F0929_PRIM_05_FTL_Load	function_local_storage	no_standalone_port
L	1808	L1808_ul_DataRelocationByteCount	PRIM1.C;PRIM2B.C	F0929_PRIM_05_FTL_Load	function_local_storage	no_standalone_port
L	1809	L1809_ul_Size	PRIM1.C;PRIM2B.C	F0929_PRIM_05_FTL_Load	function_local_storage	no_standalone_port
L	1810	L1810_i_JUMPSegmentIndex	PRIM2B.C	F0929_PRIM_05_FTL_Load	function_local_storage	no_standalone_port
L	1810	L1810_l_JUMPSegmentIndex	PRIM1.C	F0929_PRIM_05_FTL_Load	function_local_storage	no_standalone_port
L	1811	L1811_i_DATASegmentIndex	PRIM2B.C	F0929_PRIM_05_FTL_Load	function_local_storage	no_standalone_port
L	1811	L1811_l_DATASegmentIndex	PRIM1.C	F0929_PRIM_05_FTL_Load	function_local_storage	no_standalone_port
L	1812	L1812_i_CODESegmentIndex	PRIM2B.C	F0929_PRIM_05_FTL_Load	function_local_storage	no_standalone_port
L	1812	L1812_l_CODESegmentIndex	PRIM1.C	F0929_PRIM_05_FTL_Load	function_local_storage	no_standalone_port
L	1813	L1813_pc_DATAAddress	PRIM1.C;PRIM2B.C	F0929_PRIM_05_FTL_Load	function_local_storage	no_standalone_port
L	1814	L1814_pc_A5WorldAddress	PRIM1.C;PRIM2B.C	F0929_PRIM_05_FTL_Load	function_local_storage	no_standalone_port
L	1815	L1815_pc_CODEAddress	PRIM1.C;PRIM2B.C	F0929_PRIM_05_FTL_Load	function_local_storage	no_standalone_port
L	1816	L1816_pc_BaseAddress	PRIM1.C;PRIM2B.C	F0929_PRIM_05_FTL_Load	function_local_storage	no_standalone_port
L	1817	L1817_pc_WorkingAddress	PRIM1.C;PRIM2B.C	F0929_PRIM_05_FTL_Load	function_local_storage	no_standalone_port
L	1818	L1818_pc_AllocatedTempBuffer	PRIM1.C;PRIM2B.C	F0929_PRIM_05_FTL_Load	function_local_storage	no_standalone_port
L	1819	L1819_pc_TempBuffer	PRIM1.C;PRIM2B.C	F0929_PRIM_05_FTL_Load	function_local_storage	no_standalone_port
L	1820	L1820_s_Header	PRIM1.C;PRIM2B.C	F0929_PRIM_05_FTL_Load	function_local_storage	no_standalone_port
L	1821	L1821_s_JUMPSegment	PRIM1.C;PRIM2B.C	F0929_PRIM_05_FTL_Load	function_local_storage	no_standalone_port
L	1822	L1822_ps_SegmentHeaders	PRIM2B.C	F0929_PRIM_05_FTL_Load	function_local_storage	no_standalone_port
L	1822	L1822_s_SegmentHeaders	PRIM1.C	F0929_PRIM_05_FTL_Load	function_local_storage	no_standalone_port
L	1823	L1823_ui_	PRIM1.C;SWITCH.C;PRIM2B.C	F0930_GetHeaderChecksum	function_local_storage	no_standalone_port
L	1824	L1824_ui_	PRIM1.C;SWITCH.C;PRIM2B.C	F0930_GetHeaderChecksum	function_local_storage	no_standalone_port
L	1825	L1825_ui_	PRIM1.C;SWITCH.C;PRIM2B.C	F0930_GetHeaderChecksum	function_local_storage	no_standalone_port
L	1826	L1826_puc_	PRIM1.C;SWITCH.C;PRIM2B.C	F0930_GetHeaderChecksum	function_local_storage	no_standalone_port
L	1827	L1827_ui_	PRIM1.C;PRIM2B.C	F0931_ChecksumWords	function_local_storage	no_standalone_port
L	1828	L1828_ui_	PRIM1.C;PRIM2B.C	F0932_ChecksumBytes	function_local_storage	no_standalone_port
L	1829	L1829_pc_	PRIM1.C;STRING.C	F0933_GetHexStringFromValue	function_local_storage	no_standalone_port
L	1830	L1830_pc_	PRIM1.C;STRING.C	F0934_ConvertValueToHexDigits	function_local_storage	no_standalone_port
L	1831	L1831_i_DigitCount	PRIM1.C;STRING.C	F0934_ConvertValueToHexDigits	function_local_storage	no_standalone_port
L	1832	L1832_i_Unreferenced	PRIM1.C;STRING.C	F0934_ConvertValueToHexDigits	function_local_storage	no_standalone_port
L	1833	L1833_ac_LocalString	PRIM1.C;STRING.C	F0934_ConvertValueToHexDigits	function_local_storage	no_standalone_port
L	1839	L1839_i_	PALETTE.C	F0436_STARTEND_FadeToPalette	function_local_storage	no_standalone_port
L	1841	L1841_i_FileHandle	DMPACK.C	platform_or_unnumbered_file_scope	function_local_storage	no_standalone_port
L	1842	L1842_l_InputCharacter	DMPACK.C	platform_or_unnumbered_file_scope	function_local_storage	no_standalone_port
L	1843	L1843_pc_ErrorMessage	DMPACK.C	platform_or_unnumbered_file_scope	function_local_storage	no_standalone_port
L	1844	L1844_l_FileSize	DMPACK.C	platform_or_unnumbered_file_scope	function_local_storage	no_standalone_port
L	1845	L1845_ul_DungeonOffsetInSavedGame	DMPACK.C	platform_or_unnumbered_file_scope	function_local_storage	no_standalone_port
L	1846	L1846_puc_Buffer	DMPACK.C	platform_or_unnumbered_file_scope	function_local_storage	no_standalone_port
L	1847	L1847_puc_DungeonDataInSavedGame	DMPACK.C	platform_or_unnumbered_file_scope	function_local_storage	no_standalone_port
L	1848	L1848_puc_NextMiniDungeonByte	DMPACK.C	platform_or_unnumbered_file_scope	function_local_storage	no_standalone_port
L	1849	L1849_puc_ModifiedSavedGame	DMPACK.C	platform_or_unnumbered_file_scope	function_local_storage	no_standalone_port
L	1850	L1850_c_FileOpened	DMPACK.C	platform_or_unnumbered_file_scope	function_local_storage	no_standalone_port
L	1851	L1851_l_ProcessTopAddress	STARTGD.C	platform_or_unnumbered_file_scope	function_local_storage	no_standalone_port
L	1852	L1852_l_BasePageAddress	STARTGD.C	platform_or_unnumbered_file_scope	function_local_storage	no_standalone_port
L	1853	L1853_l_CompressedDataAddress	STARTGD.C	platform_or_unnumbered_file_scope	function_local_storage	no_standalone_port
L	1854	L1854_l_DecompressedPRGAddress	STARTGD.C	platform_or_unnumbered_file_scope	function_local_storage	no_standalone_port
L	1855	L1855_pl_Multiple	STARTGD.C	platform_or_unnumbered_file_scope	function_local_storage	no_standalone_port
L	1856	L1856_pl_RelocationAddress	STARTGD.C	platform_or_unnumbered_file_scope	function_local_storage	no_standalone_port
L	1857	L1857_s_PAKHeader	STARTGD.C	platform_or_unnumbered_file_scope	function_local_storage	no_standalone_port
L	1858	L1858_l_StartOffset	STARTGD.C	platform_or_unnumbered_file_scope	function_local_storage	no_standalone_port
L	1859	L1859_l_Multiple	STARTGD.C	platform_or_unnumbered_file_scope	function_local_storage	no_standalone_port
L	1860	L1860_l_TotalSizeInLongs	STARTGD.C	platform_or_unnumbered_file_scope	function_local_storage	no_standalone_port
L	1861	L1861_i_FileHandle	STARTGD.C	platform_or_unnumbered_file_scope	function_local_storage	no_standalone_port
L	1862	L1862_puc_RelocationData	STARTGD.C	platform_or_unnumbered_file_scope	function_local_storage	no_standalone_port
L	1863	L1863_LargestMemoryChunkSize	MEMORY.C	F1008_GetLargestAvailableMemoryChunk	function_local_storage	no_standalone_port
L	1864	L1864_ps_MemoryChunk	MEMORY.C	F1008_GetLargestAvailableMemoryChunk	function_local_storage	no_standalone_port
L	1865	L1865_ps_SelectedMemoryChunk	MEMORY.C	F1008_GetLargestAvailableMemoryChunk	function_local_storage	no_standalone_port
L	1866	L1866_ps_MemoryChunk	MEMORY.C	F0602_GetMinimumOverheadMemoryChunk	function_local_storage	no_standalone_port
L	1867	L1867_l_OverheadByteCount	MEMORY.C	F0602_GetMinimumOverheadMemoryChunk	function_local_storage	no_standalone_port
L	1868	L1868_ps_MinimumOverheadMemoryChunk	MEMORY.C	F0602_GetMinimumOverheadMemoryChunk	function_local_storage	no_standalone_port
L	1869	L1869_l_MinimumOverheadByteCount	MEMORY.C	F0602_GetMinimumOverheadMemoryChunk	function_local_storage	no_standalone_port
L	1870	L1870_ps_MemoryChunk	MEMORY.C	F0604_BackupCurrentMemoryChunkInfo	function_local_storage	no_standalone_port
L	1871	L1871_ps_MemoryChunk	MEMORY.C	F0605_RestoreMemoryChunkInfo	function_local_storage	no_standalone_port
L	1872	L1872_ps_MemoryChunk	MEMORY.C	F0468_MEMORY_Allocate	function_local_storage	no_standalone_port
L	1873	L1873_ps_MemoryChunk	MEMORY.C	F0475_MEMORY_Initialize	function_local_storage	no_standalone_port
L	1874	L1874_i_Unreferenced	DUNVIEW.C	F1000_	function_local_storage	no_standalone_port
L	1875	L1875_ui_MaximumActiveGroupCount	GROUP.C	F0196_GROUP_InitializeActiveGroups	function_local_storage	no_standalone_port
L	1876	L1876_B_UseSpellSoundAsFallback	GROUP.C	F0207_GROUP_IsCreatureAttacking	function_local_storage	no_standalone_port
L	1877	L1877_ul_ByteCount	DECOMPDU.C	F0455_FLOPPY_DecompressDungeon	function_local_storage	no_standalone_port
L	1878	L1878_ul_BitBuffer	DECOMPDU.C	F0455_FLOPPY_DecompressDungeon	function_local_storage	no_standalone_port
L	1879	L1879_i_BitsInBufferCount	DECOMPDU.C	F0455_FLOPPY_DecompressDungeon	function_local_storage	no_standalone_port
L	1880	L1880_puc_MostCommonBytes	DECOMPDU.C	F0455_FLOPPY_DecompressDungeon	function_local_storage	no_standalone_port
L	1881	L1881_puc_LessCommonBytes	DECOMPDU.C	F0455_FLOPPY_DecompressDungeon	function_local_storage	no_standalone_port
L	1882	L1882_uc_	DMSTART.C	F8378_PrintRemoveDiskProtectionMessage	function_local_storage	no_standalone_port
L	1883	L1883_uc_	DMSTART.C	F8379_PrintDiskIsWriteProtectedMessage	function_local_storage	no_standalone_port
L	1884	L1884_uc_	DMSTART.C	F8380_GetUserChoice	function_local_storage	no_standalone_port
L	1885	L1885_uc_	DMSTART.C	F8380_GetUserChoice	function_local_storage	no_standalone_port
L	1886	L1886_c_	DMSTART.C	F8380_GetUserChoice	function_local_storage	no_standalone_port
L	1887	L1887_ps_FileHandle	DMSTART.C	F8380_GetUserChoice	function_local_storage	no_standalone_port
L	1888	L1888_i_ReturnValue	VIDSET.C	platform_or_unnumbered_file_scope	function_local_storage	no_standalone_port
L	1889	L1889_c_InputCharacter	VIDSET.C	platform_or_unnumbered_file_scope	function_local_storage	no_standalone_port
L	1890	L1890_i_FileHandle	VIDSET.C	platform_or_unnumbered_file_scope	function_local_storage	no_standalone_port
L	1891	L1891_i_Square	GAMELOOP.C	F0002_MAIN_GameLoop_CPSDF	function_local_storage	no_standalone_port
L	2000	L2000_PrefixString	REVIVE.C	F0282_CHAMPION_ProcessCommands160To162_ClickInResurrectReincarnatePanel	function_local_storage	no_standalone_port
L	2001	L2001_SuffixString	REVIVE.C	F0282_CHAMPION_ProcessCommands160To162_ClickInResurrectReincarnatePanel	function_local_storage	no_standalone_port
L	2004	L2004_ai_XYZBlankBar	CHAMDRAW.C	F0287_CHAMPION_DrawBarGraphs	function_local_storage	no_standalone_port
L	2005	L2005_ai_XYZColoredBar	CHAMDRAW.C	F0287_CHAMPION_DrawBarGraphs	function_local_storage	no_standalone_port
L	2006	L2006_puc_Bitmap	BLITMASK.C	F0133_VIDEO_BlitBoxFilledWithMaskedBitmap	function_local_storage	no_standalone_port
L	2007	L2007_puc_Buffer	BLITMASK.C	F0133_VIDEO_BlitBoxFilledWithMaskedBitmap	function_local_storage	no_standalone_port
L	2008	L2008_i_	BLITMASK.C	F0133_VIDEO_BlitBoxFilledWithMaskedBitmap	function_local_storage	no_standalone_port
L	2009	L2009_i_	BLITMASK.C	F0133_VIDEO_BlitBoxFilledWithMaskedBitmap	function_local_storage	no_standalone_port
L	2010	L2010_i_	BLITMASK.C	F0133_VIDEO_BlitBoxFilledWithMaskedBitmap	function_local_storage	no_standalone_port
L	2011	L2011_i_	BLITMASK.C	F0133_VIDEO_BlitBoxFilledWithMaskedBitmap	function_local_storage	no_standalone_port
L	2012	L2012_c_	BLITMASK.C	F0133_VIDEO_BlitBoxFilledWithMaskedBitmap	function_local_storage	no_standalone_port
L	2013	L2013_i_	BLITMASK.C	F0133_VIDEO_BlitBoxFilledWithMaskedBitmap	function_local_storage	no_standalone_port
L	2014	L2014_uc_	BLITMASK.C	F0133_VIDEO_BlitBoxFilledWithMaskedBitmap	function_local_storage	no_standalone_port
L	2015	L2015_ai_XYZ1	BLITMASK.C	F0133_VIDEO_BlitBoxFilledWithMaskedBitmap	function_local_storage	no_standalone_port
L	2016	L2016_ai_XYZ2	BLITMASK.C	F0133_VIDEO_BlitBoxFilledWithMaskedBitmap	function_local_storage	no_standalone_port
L	2017	L2017_i_	BLITMASK.C	F0133_VIDEO_BlitBoxFilledWithMaskedBitmap	function_local_storage	no_standalone_port
L	2101	L2101_puc_Buffer	FILE.C	F0772_FILE_Read	function_local_storage	no_standalone_port
L	2105	L2105_i_	ANIMIMG.C	F8288_	function_local_storage	no_standalone_port
L	2106	L2106_i_	ANIMIMG.C	F8288_	function_local_storage	no_standalone_port
L	2107	L2107_ui_	ANIMIMG.C	F8288_	function_local_storage	no_standalone_port
L	2108	L2108_ui_	ANIMIMG.C	F8288_	function_local_storage	no_standalone_port
L	2109	L2109_uc_	ANIMIMG.C	F8288_	function_local_storage	no_standalone_port
L	2110	L2110_ui_	ANIMIMG.C	F8288_	function_local_storage	no_standalone_port
L	2111	L2111_ui_	ANIMIMG.C	F8288_	function_local_storage	no_standalone_port
L	2112	L2112_ui_	ANIMIMG.C	F8288_	function_local_storage	no_standalone_port
L	2113	L2113_ai_Box	ANIM.C	F8290_ClearScreen	function_local_storage	no_standalone_port
L	2114	L2114_i_	ANIM.C	F8298_	function_local_storage	no_standalone_port
L	2115	L2115_i_	ANIM.C	F0540_INPUT_Crawcin	function_local_storage	no_standalone_port
L	2116	L2116_i_	ANIM.C	F8302_	function_local_storage	no_standalone_port
L	2117	L2117_l_	ANIM.C	F8304_	function_local_storage	no_standalone_port
L	2118	L2118_i_	ANIM.C	F8304_	function_local_storage	no_standalone_port
L	2119	L2119_pc_	ANIM.C	F8306_	function_local_storage	no_standalone_port
L	2121	L2121_puc_AnimData	ANIM.C	F8306_	function_local_storage	no_standalone_port
L	2122	L2122_pc_	ANIM.C	F2248_PlayAnimation;F8306_	function_local_storage	no_standalone_port
L	2123	L2123_puc_	ANIM.C	F8306_	function_local_storage	no_standalone_port
L	2124	L2124_l_AnimationFileSize	ANIM.C	F2248_PlayAnimation;F8306_	function_local_storage	no_standalone_port
L	2125	L2125_l_	ANIM.C	F2248_PlayAnimation;F8306_	function_local_storage	no_standalone_port
L	2126	L2126_ul_Offset	ANIM.C	F2275_;F8306_	function_local_storage	no_standalone_port
L	2127	L2127_ul_Size	ANIM.C	F2275_;F8306_	function_local_storage	no_standalone_port
L	2128	L2128_l_	ANIM.C	F2275_;F8306_	function_local_storage	no_standalone_port
L	2129	L2129_l_	ANIM.C	F2275_;F8306_	function_local_storage	no_standalone_port
L	2130	L2130_ui_	ANIM.C	F2248_PlayAnimation;F2275_;F8306_	function_local_storage	no_standalone_port
L	2131	L2131_ui_Attributes	ANIM.C	F2275_;F8306_	function_local_storage	no_standalone_port
L	2132	L2132_i_	ANIM.C	F2275_;F8306_	function_local_storage	no_standalone_port
L	2133	L2133_i_	ANIM.C	F2275_;F8306_	function_local_storage	no_standalone_port
L	2134	L2134_i_	ANIM.C	F2275_;F8306_	function_local_storage	no_standalone_port
L	2135	L2135_i_	ANIM.C	F2275_;F8306_	function_local_storage	no_standalone_port
L	2136	L2136_i_	ANIM.C	F2275_;F8306_	function_local_storage	no_standalone_port
L	2137	L2137_i_	ANIM.C	F2275_;F8306_	function_local_storage	no_standalone_port
L	2138	L2138_i_	ANIM.C	F2275_;F8306_	function_local_storage	no_standalone_port
L	2139	L2139_FileHandle	ANIM.C	F2248_PlayAnimation;F8306_	function_local_storage	no_standalone_port
L	2140	L2140_B_LoopAnimation	ANIM.C	F2275_;F8306_	function_local_storage	no_standalone_port
L	2141	L2141_B_	ANIM.C	F8306_	function_local_storage	no_standalone_port
L	2142	L2142_B_	ANIM.C	F8306_	function_local_storage	no_standalone_port
L	2143	L2143_ac_	ANIM.C	F8306_	function_local_storage	no_standalone_port
L	2144	L2144_puc_	ANIM.C	F2275_;F8306_	function_local_storage	no_standalone_port
L	2145	L2145_i_	ANIM.C	F8306_	function_local_storage	no_standalone_port
L	2145	L2145_ui_	ANIM.C	F2275_	function_local_storage	no_standalone_port
L	2146	L2146_i_	ANIM.C	F2275_;F8306_	function_local_storage	no_standalone_port
L	2147	L2147_ui_	ANIM.C	F8306_	function_local_storage	no_standalone_port
L	2148	L2148_i_	ANIM.C	F2275_;F8306_	function_local_storage	no_standalone_port
L	2149	L2149_i_pc98	ANIM.C	F8306_	function_local_storage	no_standalone_port
L	2150	L2150_B_BreakAllowed	ANIM.C	F2275_;F8306_	function_local_storage	no_standalone_port
L	2151	L2151_B_	ANIM.C	F8306_	function_local_storage	no_standalone_port
L	2152	L2152_B_	ANIM.C	F8306_	function_local_storage	no_standalone_port
L	2153	L2153_B_	ANIM.C	F8306_	function_local_storage	no_standalone_port
L	2154	L2154_i_	ANIM.C	F2275_;F8306_	function_local_storage	no_standalone_port
L	2155	L2155_s_	APPA.C	F9002_OpenUSIO	function_local_storage	no_standalone_port
L	2156	L2156_l_	APPA.C	F9002_OpenUSIO	function_local_storage	no_standalone_port
L	2157	L2157_s_	APPA.C	F9002_OpenUSIO	function_local_storage	no_standalone_port
L	2158	L2158_l_	APPA.C	F9002_OpenUSIO	function_local_storage	no_standalone_port
L	2159	L2159_i_Counter	BASE.C	F0009_MAIN_WriteSpacedBytes	function_local_storage	no_standalone_port
L	2160	L2160_i_ByteIndex	BASE.C	F0009_MAIN_WriteSpacedBytes	function_local_storage	no_standalone_port
L	2161	L2161_i_Counter	BASE.C	F0010_MAIN_WriteSpacedWords	function_local_storage	no_standalone_port
L	2162	L2162_i_WordIndex	BASE.C	F0010_MAIN_WriteSpacedWords	function_local_storage	no_standalone_port
L	2163	L2163_i_Width	BASE.C	F0655_CopyBitmapAndFlip	function_local_storage	no_standalone_port
L	2164	L2164_i_Height	BASE.C	F0655_CopyBitmapAndFlip	function_local_storage	no_standalone_port
L	2165	L2165_ai_XYZ	BASE.C	F0655_CopyBitmapAndFlip	function_local_storage	no_standalone_port
L	2166	L2166_i_X	BASE.C	F0656_BlitBitmapToViewportZoneIndexWithTransparency	function_local_storage	no_standalone_port
L	2167	L2167_i_Y	BASE.C	F0656_BlitBitmapToViewportZoneIndexWithTransparency	function_local_storage	no_standalone_port
L	2168	L2168_ai_XYZ	BASE.C	F0656_BlitBitmapToViewportZoneIndexWithTransparency	function_local_storage	no_standalone_port
L	2169	L2169_puc_Bitmap	BASE.C	F0657_BlitBitmapIndexToViewportZoneWithTransparency	function_local_storage	no_standalone_port
L	2170	L2170_s_Struct2	BASE.C	F0657_BlitBitmapIndexToViewportZoneWithTransparency	function_local_storage	no_standalone_port
L	2171	L2171_puc_Bitmap	BASE.C	F0658_BlitBitmapIndexToZoneIndexWithTransparency	function_local_storage	no_standalone_port
L	2172	L2172_i_Width	BASE.C	F0658_BlitBitmapIndexToZoneIndexWithTransparency	function_local_storage	no_standalone_port
L	2173	L2173_i_Height	BASE.C	F0658_BlitBitmapIndexToZoneIndexWithTransparency	function_local_storage	no_standalone_port
L	2174	L2174_ai_XYZ	BASE.C	F0658_BlitBitmapIndexToZoneIndexWithTransparency	function_local_storage	no_standalone_port
L	2175	L2175_s_Struct2	BASE.C	F0658_BlitBitmapIndexToZoneIndexWithTransparency	function_local_storage	no_standalone_port
L	2176	L2176_i_Width	BASE.C	F0021_MAIN_BlitToScreen	function_local_storage	no_standalone_port
L	2177	L2177_i_Height	BASE.C	F0021_MAIN_BlitToScreen	function_local_storage	no_standalone_port
L	2178	L2178_ai_XYZ	BASE.C	F0021_MAIN_BlitToScreen	function_local_storage	no_standalone_port
L	2179	L2179_puc_Bitmap	BASE.C	F0659_	function_local_storage	no_standalone_port
L	2180	L2180_s_Struct2	BASE.C	F0659_	function_local_storage	no_standalone_port
L	2181	L2181_puc_Bitmap	BASE.C	F0660_	function_local_storage	no_standalone_port
L	2182	L2182_i_Width	BASE.C	F0660_	function_local_storage	no_standalone_port
L	2183	L2183_i_Height	BASE.C	F0660_	function_local_storage	no_standalone_port
L	2184	L2184_ai_XYZ	BASE.C	F0660_	function_local_storage	no_standalone_port
L	2185	L2185_s_Struct2	BASE.C	F0660_	function_local_storage	no_standalone_port
L	2186	L2186_puc_DerivedBitmap	BASE.C	F0767_	function_local_storage	no_standalone_port
L	2187	L2187_puc_NativeBitmap	BASE.C	F0767_	function_local_storage	no_standalone_port
L	2188	L2188_puc_DerivedBitmap	BASE.C	F0661_GetShrinkedBitmap	function_local_storage	no_standalone_port
L	2189	L2189_puc_NativeBitmap	BASE.C	F0661_GetShrinkedBitmap	function_local_storage	no_standalone_port
L	2190	L2190_i_Width	BASE.C	F0663_CopyBitmapWithPaletteChanges	function_local_storage	no_standalone_port
L	2191	L2191_i_Height	BASE.C	F0663_CopyBitmapWithPaletteChanges	function_local_storage	no_standalone_port
L	2192	L2192_ai_Box	BLIT.C	F0132_VIDEO_Blit	function_local_storage	no_standalone_port
L	2193	L2193_l_SupervisorStack	BLIT.C	F0132_VIDEO_Blit	function_local_storage	no_standalone_port
L	2194	L2194_pui_Bitmap_Source	BLITAMIG.C	F1013_Blit_Amiga	function_local_storage	no_standalone_port
L	2195	L2195_pui_Bitmap_Destination	BLITAMIG.C	F1013_Blit_Amiga	function_local_storage	no_standalone_port
L	2196	L2196_i_	BLITAMIG.C	F1013_Blit_Amiga	function_local_storage	no_standalone_port
L	2197	L2197_pui_	BLITAMIG.C	F1013_Blit_Amiga	function_local_storage	no_standalone_port
L	2198	L2198_i_	BLITAMIG.C	F1013_Blit_Amiga	function_local_storage	no_standalone_port
L	2199	L2199_i_	BLIT.C	F0132_VIDEO_Blit	function_local_storage	no_standalone_port
L	2200	L2200_i_	BLIT.C	F0132_VIDEO_Blit	function_local_storage	no_standalone_port
L	2201	L2201_i_	BLIT.C	F0132_VIDEO_Blit	function_local_storage	no_standalone_port
L	2202	L2202_i_	BLIT.C	F0132_VIDEO_Blit	function_local_storage	no_standalone_port
L	2203	L2203_i_	BLIT.C	F0132_VIDEO_Blit	function_local_storage	no_standalone_port
L	2204	L2204_ai_XYZ	BLIT.C	F0132_VIDEO_Blit	function_local_storage	no_standalone_port
L	2205	L2205_ai_XYZ	BLIT.C	F0132_VIDEO_Blit	function_local_storage	no_standalone_port
L	2206	L2206_ui_ByteCount	BLITFILL.C	F0134_VIDEO_FillBitmap	function_local_storage	no_standalone_port
L	2207	L2207_ui_Counter	BLITFILL.C	F0134_VIDEO_FillBitmap	function_local_storage	no_standalone_port
L	2208	L2208_ul_ByteCount	BLITFILL.C	F0134_VIDEO_FillBitmap	function_local_storage	no_standalone_port
L	2209	L2209_ai_XYZ	BLITFILL.C	F0134_VIDEO_FillBitmap	function_local_storage	no_standalone_port
L	2210	L2210_ai_XYZ	BLITFILL.C	F0733_FillZoneByIndex	function_local_storage	no_standalone_port
L	2211	L2211_ai_XYZ	BLITFILL.C	F0734_ClearZoneInInventory	function_local_storage	no_standalone_port
L	2212	L2212_ai_XYZ	BLITFILL.C	F0136_VIDEO_HatchScreenBox	function_local_storage	no_standalone_port
L	2213	L2213_ai_XYZ	BLITFILL.C	F0734_ClearZoneInInventory	function_local_storage	no_standalone_port
L	2214	L2214_ai_XYZ	BLITMASK.C	F0133_VIDEO_BlitBoxFilledWithMaskedBitmap	function_local_storage	no_standalone_port
L	2215	L2215_ai_XYZ1	BLITMASK.C	F0133_VIDEO_BlitBoxFilledWithMaskedBitmap	function_local_storage	no_standalone_port
L	2216	L2216_ai_XYZ2	BLITMASK.C	F0133_VIDEO_BlitBoxFilledWithMaskedBitmap	function_local_storage	no_standalone_port
L	2217	L2217_i_	BLITMASK.C	F0133_VIDEO_BlitBoxFilledWithMaskedBitmap	function_local_storage	no_standalone_port
L	2218	L2218_puc_puc_Bitmap	BLITMASK.C	F0133_VIDEO_BlitBoxFilledWithMaskedBitmap	function_local_storage	no_standalone_port
L	2219	L2219_c_	BLITMASK.C	F0133_VIDEO_BlitBoxFilledWithMaskedBitmap	function_local_storage	no_standalone_port
L	2220	L2220_uc_	BLITMASK.C	F0133_VIDEO_BlitBoxFilledWithMaskedBitmap	function_local_storage	no_standalone_port
L	2221	L2221_i_	BLITMASK.C	F0133_VIDEO_BlitBoxFilledWithMaskedBitmap	function_local_storage	no_standalone_port
L	2222	L2222_i_	BLITMASK.C	F0133_VIDEO_BlitBoxFilledWithMaskedBitmap	function_local_storage	no_standalone_port
L	2223	L2223_i_	BLTSHRNK.C	F0720_ShrinkBLT_Sub1	function_local_storage	no_standalone_port
L	2224	L2224_i_	BLTSHRNK.C	F0720_ShrinkBLT_Sub1	function_local_storage	no_standalone_port
L	2225	L2225_ui_	BLTSHRNK.C	F0720_ShrinkBLT_Sub1	function_local_storage	no_standalone_port
L	2226	L2226_uc_	BLTSHRNK.C	F0720_ShrinkBLT_Sub1	function_local_storage	no_standalone_port
L	2227	L2227_uc_	BLTSHRNK.C	F0720_ShrinkBLT_Sub1	function_local_storage	no_standalone_port
L	2228	L2228_ui_	BLTSHRNK.C	F0721_ShrinkBLT_Sub2	function_local_storage	no_standalone_port
L	2229	L2229_ui_	BLTSHRNK.C	F0721_ShrinkBLT_Sub2	function_local_storage	no_standalone_port
L	2230	L2230_ui_	BLTSHRNK.C	F0721_ShrinkBLT_Sub2	function_local_storage	no_standalone_port
L	2231	L2231_uc_	BLTSHRNK.C	F0721_ShrinkBLT_Sub2	function_local_storage	no_standalone_port
L	2232	L2232_uc_	BLTSHRNK.C	F0721_ShrinkBLT_Sub2	function_local_storage	no_standalone_port
L	2233	L2233_ui_	BLTSHRNK.C	F0129_VIDEO_BlitShrinkWithPaletteChanges	function_local_storage	no_standalone_port
L	2234	L2234_ui_	BLTSHRNK.C	F0129_VIDEO_BlitShrinkWithPaletteChanges	function_local_storage	no_standalone_port
L	2235	L2235_i_	BLTSHRNK.C	F0129_VIDEO_BlitShrinkWithPaletteChanges	function_local_storage	no_standalone_port
L	2236	L2236_ui_	BLTSHRNK.C	F0129_VIDEO_BlitShrinkWithPaletteChanges	function_local_storage	no_standalone_port
L	2237	L2237_i_	BLTSHRNK.C	F0129_VIDEO_BlitShrinkWithPaletteChanges	function_local_storage	no_standalone_port
L	2238	L2238_i_	BLTSHRNK.C	F0129_VIDEO_BlitShrinkWithPaletteChanges	function_local_storage	no_standalone_port
L	2239	L2239_ui_	BLTSHRNK.C	F0129_VIDEO_BlitShrinkWithPaletteChanges	function_local_storage	no_standalone_port
L	2240	L2240_puc_	BLTSHRNK.C	F0129_VIDEO_BlitShrinkWithPaletteChanges	function_local_storage	no_standalone_port
L	2241	L2241_ui_	BLTSHRNK.C	F1004_VIDEO_BlitShrinkWithPaletteChanges	function_local_storage	no_standalone_port
L	2242	L2242_ui_	BLTSHRNK.C	F1004_VIDEO_BlitShrinkWithPaletteChanges	function_local_storage	no_standalone_port
L	2243	L2243_i_	BLTSHRNK.C	F1004_VIDEO_BlitShrinkWithPaletteChanges	function_local_storage	no_standalone_port
L	2244	L2244_ui_	BLTSHRNK.C	F1004_VIDEO_BlitShrinkWithPaletteChanges	function_local_storage	no_standalone_port
L	2245	L2245_i_	BLTSHRNK.C	F1004_VIDEO_BlitShrinkWithPaletteChanges	function_local_storage	no_standalone_port
L	2246	L2246_i_	BLTSHRNK.C	F1004_VIDEO_BlitShrinkWithPaletteChanges	function_local_storage	no_standalone_port
L	2247	L2247_ui_	BLTSHRNK.C	F1004_VIDEO_BlitShrinkWithPaletteChanges	function_local_storage	no_standalone_port
L	2248	L2248_pc_	CHAMPION.C	F0304_CHAMPION_AddSkillExperience	function_local_storage	no_standalone_port
L	2249	L2249_pc_	CHAMPION.C	F0304_CHAMPION_AddSkillExperience	function_local_storage	no_standalone_port
L	2250	L2250_ai_XYZ	CHAMDRAW.C	F0622_PrepareChampionIconBitmap	function_local_storage	no_standalone_port
L	2251	L2251_i_Counter	CHAMDRAW.C	F0287_CHAMPION_DrawBarGraphs	function_local_storage	no_standalone_port
L	2252	L2252_i_BoxIndex	CHAMDRAW.C	F0287_CHAMPION_DrawBarGraphs	function_local_storage	no_standalone_port
L	2253	L2253_i_Height	CHAMDRAW.C	F0287_CHAMPION_DrawBarGraphs	function_local_storage	no_standalone_port
L	2254	L2254_i_Bars	CHAMDRAW.C	F0287_CHAMPION_DrawBarGraphs	function_local_storage	no_standalone_port
L	2255	L2255_ai_XYZ	CHAMDRAW.C	F0291_CHAMPION_DrawSlot	function_local_storage	no_standalone_port
L	2257	L2257_i_ZoneIndex	CHAMDRAW.C	F0623_DrawDamageToChampion_F0320_sub	function_local_storage	no_standalone_port
L	2258	L2258_i_GraphicIndex	CHAMDRAW.C	F0623_DrawDamageToChampion_F0320_sub	function_local_storage	no_standalone_port
L	2259	L2259_B_MousePointerHidden	CHAMDRAW.C	F0292_CHAMPION_DrawState	function_local_storage	no_standalone_port
L	2260	L2260_ai_XYZ	CHAMDRAW.C	F0292_CHAMPION_DrawState	function_local_storage	no_standalone_port
L	2261	L2261_ac_String	CHAMDRAW.C	F0292_CHAMPION_DrawState	function_local_storage	no_standalone_port
L	2262	L2262_ai_XYZ	REVIVE.C	F0280_CHAMPION_AddCandidateChampionToParty	function_local_storage	no_standalone_port
L	2263	L2263_ps_PrimaryMouseInputBackup	REVIVE.C	F0281_CHAMPION_Rename	function_local_storage	no_standalone_port
L	2264	L2264_ps_SecondaryMouseInputBackup	REVIVE.C	F0281_CHAMPION_Rename	function_local_storage	no_standalone_port
L	2265	L2265_ps_PrimaryKeyboardInputBackup	REVIVE.C	F0281_CHAMPION_Rename	function_local_storage	no_standalone_port
L	2266	L2266_ps_SecondaryKeyboardInputBackup	REVIVE.C	F0281_CHAMPION_Rename	function_local_storage	no_standalone_port
L	2267	L2267_i_X1	REVIVE.C	F0281_CHAMPION_Rename	function_local_storage	no_standalone_port
L	2268	L2268_i_Y1	REVIVE.C	F0281_CHAMPION_Rename	function_local_storage	no_standalone_port
L	2269	L2269_i_X2	REVIVE.C	F0281_CHAMPION_Rename	function_local_storage	no_standalone_port
L	2270	L2270_i_Y2	REVIVE.C	F0281_CHAMPION_Rename	function_local_storage	no_standalone_port
L	2271	L2271_i_X	REVIVE.C	F0281_CHAMPION_Rename	function_local_storage	no_standalone_port
L	2272	L2272_i_Y	REVIVE.C	F0281_CHAMPION_Rename	function_local_storage	no_standalone_port
L	2273	L2273_ai_XYZ	REVIVE.C	F0281_CHAMPION_Rename	function_local_storage	no_standalone_port
L	2274	L2274_i_BitplaneLineWordCount	PORTRAIT.C	F0515_CHAMPION_ConvertPortraitsToAtariSTPlanar	function_local_storage	no_standalone_port
L	2275	L2275_i_BitplaneWordCount	PORTRAIT.C	F0515_CHAMPION_ConvertPortraitsToAtariSTPlanar	function_local_storage	no_standalone_port
L	2276	L2276_i_BitplaneLineWordCount	PORTRAIT.C	F0516_CHAMPION_ConvertPortraitsFromAtariSTPlanar	function_local_storage	no_standalone_port
L	2277	L2277_i_BitplaneWordCount	PORTRAIT.C	F0516_CHAMPION_ConvertPortraitsFromAtariSTPlanar	function_local_storage	no_standalone_port
L	2278	L2278_i_ZoneIndex	CLIKVIEW.C	F0375_COMMAND_ProcessType80_ClickInDungeonView_IsLeaderHandObjectThrown	function_local_storage	no_standalone_port
L	2279	L2279_B_ClosedImaginaryFakeWall	CLIKVIEW.C	F0377_COMMAND_ProcessType80_ClickInDungeonView	function_local_storage	no_standalone_port
L	2280	L2280_ai_XYZ	CLIKMENU.C	F0362_COMMAND_HighlightBoxEnable	function_local_storage	no_standalone_port
L	2281	L2281_pc_Unreferenced	CLIKMENU.C	F0366_COMMAND_ProcessTypes3To6_MoveParty	function_local_storage	no_standalone_port
L	2282	L2282_i_ZoneIndex	CLIKMENU.C	F0370_COMMAND_ProcessType100_ClickInSpellArea_CPSE	function_local_storage	no_standalone_port
L	2283	L2283_ai_XYZ	COMMAND.C	F0673_SetMouseInputBoxFromZone	function_local_storage	no_standalone_port
L	2284	L2284_i_SourceCommandQueueIndex	COMMAND.C	F0357_COMMAND_DiscardAllInput	function_local_storage	no_standalone_port
L	2285	L2285_i_DestinationCommandQueueIndex	COMMAND.C	F0357_COMMAND_DiscardAllInput	function_local_storage	no_standalone_port
L	2286	L2286_ai_XYZ	COMMAND.C	F0358_COMMAND_GetCommandFromMouseInput_CPSC	function_local_storage	no_standalone_port
L	2287	L2287_i_MaximumRegularCommandsInQueue	COMMAND.C	F0359_COMMAND_ProcessClick_CPSC	function_local_storage	no_standalone_port
L	2288	L2288_i_	COMMAND.C	F0359_COMMAND_ProcessClick_CPSC	function_local_storage	no_standalone_port
L	2289	L2289_ai_XYZ	COMMAND.C	F0629_IsPointInZoneIndex	function_local_storage	no_standalone_port
L	2292	L2292_pi_XYZ	COORD.C	F0626_GetTemporaryZoneInitializedFromCoordinates	function_local_storage	no_standalone_port
L	2293	L2293_ai_XYZ	COORD.C	F0629_IsPointInZoneIndex	function_local_storage	no_standalone_port
L	2294	L2294_ps_	COORD.C	F0630_InitBitmapStruct2	function_local_storage	no_standalone_port
L	2295	L2295_puc_Bitmap	COORD.C	F0630_InitBitmapStruct2	function_local_storage	no_standalone_port
L	2296	L2296_i_PixelCount	COORD.C	F0630_InitBitmapStruct2	function_local_storage	no_standalone_port
L	2297	L2297_s_Struct2	COORD.C	F0631_GetBitmapPointer	function_local_storage	no_standalone_port
L	2298	L2298_ps_LayoutRecord	COORD.C	F0635_	function_local_storage	no_standalone_port
L	2299	L2299_ps_LayoutRecord2	COORD.C	F0635_	function_local_storage	no_standalone_port
L	2300	L2300_i_	COORD.C	F0635_	function_local_storage	no_standalone_port
L	2302	L2302_i_	COORD.C	F0635_	function_local_storage	no_standalone_port
L	2303	L2303_i_	COORD.C	F0635_	function_local_storage	no_standalone_port
L	2304	L2304_i_RecordType	COORD.C	F0635_	function_local_storage	no_standalone_port
L	2305	L2305_B_	COORD.C	F0635_	function_local_storage	no_standalone_port
L	2306	L2306_i_	COORD.C	F0635_	function_local_storage	no_standalone_port
L	2307	L2307_ai_XYZ	COORD.C	F0635_	function_local_storage	no_standalone_port
L	2308	L2308_i_X	COORD.C	F0788_	function_local_storage	no_standalone_port
L	2309	L2309_i_Y	COORD.C	F0788_	function_local_storage	no_standalone_port
L	2310	L2310_i_X	COORD.C	F0636_GetZoneTopLeftCoordinatesWith1PixelMargin	function_local_storage	no_standalone_port
L	2311	L2311_i_Y	COORD.C	F0636_GetZoneTopLeftCoordinatesWith1PixelMargin	function_local_storage	no_standalone_port
L	2312	L2312_ai_XYZ	COORD.C	F0636_GetZoneTopLeftCoordinatesWith1PixelMargin	function_local_storage	no_standalone_port
L	2313	L2313_ps_LayoutRecord	COORD.C	F0637_GetProportionalZone	function_local_storage	no_standalone_port
L	2314	L2314_i_X	COORD.C	F0637_GetProportionalZone	function_local_storage	no_standalone_port
L	2315	L2315_i_Y	COORD.C	F0637_GetProportionalZone	function_local_storage	no_standalone_port
L	2316	L2316_ps_LayoutRange	COORD.C	F0639_LoadLayoutRanges	function_local_storage	no_standalone_port
L	2317	L2317_pui_	COORD.C	F0639_LoadLayoutRanges	function_local_storage	no_standalone_port
L	2318	L2318_i_RangeFirstIndex	COORD.C	F0639_LoadLayoutRanges	function_local_storage	no_standalone_port
L	2319	L2319_i_RangeLastIndex	COORD.C	F0639_LoadLayoutRanges	function_local_storage	no_standalone_port
L	2320	L2320_i_RangeCounter	COORD.C	F0639_LoadLayoutRanges	function_local_storage	no_standalone_port
L	2321	L2321_ul_RangeByteCount	COORD.C	F0639_LoadLayoutRanges	function_local_storage	no_standalone_port
L	2322	L2322_puc_Buffer	COORD.C	F0640_LoadLayoutData	function_local_storage	no_standalone_port
L	2323	L2323_ul_ByteCount	COORD.C	F0640_LoadLayoutData	function_local_storage	no_standalone_port
L	2324	L2324_i_	COPYPRO5.C	F0210_CPSE_ProcessEvent22_IsFuzzySectorValid_NormalBytes	function_local_storage	no_standalone_port
L	2325	L2325_pui_SectorBuffer	COPYPRO5.C	F0210_CPSE_ProcessEvent22_IsFuzzySectorValid_NormalBytes	function_local_storage	no_standalone_port
L	2326	L2326_i_ByteIndex	COPYPRO6.C	F0277_CPSE_IsFuzzySectorValid_FuzzyBits	function_local_storage	no_standalone_port
L	2327	L2327_i_DifferenceCount	COPYPRO6.C	F0277_CPSE_IsFuzzySectorValid_FuzzyBits	function_local_storage	no_standalone_port
L	2328	L2328_i_DifferenceCount	COPYPRO6.C	F0277_CPSE_IsFuzzySectorValid_FuzzyBits	function_local_storage	no_standalone_port
L	2341	L2341_ai_XYZ	DIALOG.C	F0424_DIALOG_GetChoice	function_local_storage	no_standalone_port
L	2342	L2342_i_	DIALOG.C	F0424_DIALOG_GetChoice	function_local_storage	no_standalone_port
L	2343	L2343_ui_	DIALOG.C	F0427_DIALOG_Draw	function_local_storage	no_standalone_port
L	2344	L2344_ui_Y	DIALOG.C	F0427_DIALOG_Draw	function_local_storage	no_standalone_port
L	2345	L2345_i_Multiple	DIALOG.C	F0427_DIALOG_Draw	function_local_storage	no_standalone_port
L	2346	L2346_i_ZoneWidth	DIALOG.C	F0427_DIALOG_Draw	function_local_storage	no_standalone_port
L	2347	L2347_i_ZoneHeight	DIALOG.C	F0427_DIALOG_Draw	function_local_storage	no_standalone_port
L	2348	L2348_i_MessageIndex	DIALOG.C	F0427_DIALOG_Draw	function_local_storage	no_standalone_port
L	2349	L2349_ac_Unreferenced	DIALOG.C	F0427_DIALOG_Draw	function_local_storage	no_standalone_port
L	2350	L2350_ai_XYZ	DIALOG.C	F0427_DIALOG_Draw	function_local_storage	no_standalone_port
L	2351	L2351_ac_String	DIALOG.C	F0427_DIALOG_Draw	function_local_storage	no_standalone_port
L	2352	L2352_s_Struct4	DIALOG.C	F0427_DIALOG_Draw	function_local_storage	no_standalone_port
L	2353	L2353_i_	DM.C	F8063_GetFTLSoundAdapterPort	function_local_storage	no_standalone_port
L	2354	L2354_ui_	DM.C	F8063_GetFTLSoundAdapterPort	function_local_storage	no_standalone_port
L	2355	L2355_i_	DM.C	F8066_IsAdLibSoundDetected	function_local_storage	no_standalone_port
L	2356	L2356_ui_	DM.C	F8066_IsAdLibSoundDetected	function_local_storage	no_standalone_port
L	2357	L2357_i_	DM.C	F8066_IsAdLibSoundDetected	function_local_storage	no_standalone_port
L	2358	L2358_i_	DM.C	F8068_GetDisneySoundSourcePort	function_local_storage	no_standalone_port
L	2359	L2359_ui_	DM.C	F8068_GetDisneySoundSourcePort	function_local_storage	no_standalone_port
L	2360	L2360_ui_	DM.C	F8071_Tandy_WritableMemory	function_local_storage	no_standalone_port
L	2361	L2361_l_	DM.C	F8071_Tandy_WritableMemory	function_local_storage	no_standalone_port
L	2362	L2362_l_	DM.C	F8071_Tandy_WritableMemory	function_local_storage	no_standalone_port
L	2363	L2363_pl_	DM.C	F8071_Tandy_WritableMemory	function_local_storage	no_standalone_port
L	2364	L2364_ui_	DM.C	F8071_Tandy_WritableMemory	function_local_storage	no_standalone_port
L	2365	L2365_i_	DM.C	F8071_Tandy_WritableMemory	function_local_storage	no_standalone_port
L	2366	L2366_ui_	DM.C	F8072_Tandy_MemoryAllocate	function_local_storage	no_standalone_port
L	2367	L2367_puc_	DM.C	F8073_IsTandy1000ComputerDetected	function_local_storage	no_standalone_port
L	2368	L2368_puc_	DM.C	F8073_IsTandy1000ComputerDetected	function_local_storage	no_standalone_port
L	2369	L2369_c_DOSMajorVersion	DM.C	F8077_IsEGAGraphicsDetected	function_local_storage	no_standalone_port
L	2370	L2370_c_	DM.C	F8077_IsEGAGraphicsDetected	function_local_storage	no_standalone_port
L	2371	L2371_pc_	DM.C	F8078_strcpy	function_local_storage	no_standalone_port
L	2372	L2372_pc_	DM.C	F8079_strcat	function_local_storage	no_standalone_port
L	2373	L2373_pc_	DM.C;INSTALL.C	F8054_DOS_PrintString	function_local_storage	no_standalone_port
L	2374	L2374_ac_	DM.C;INSTALL.C	F8054_DOS_PrintString	function_local_storage	no_standalone_port
L	2375	L2375_i_	DM.C;INSTALL.C	F8054_DOS_PrintString	function_local_storage	no_standalone_port
L	2376	L2376_ui_	DM.C	F8081_	function_local_storage	no_standalone_port
L	2377	L2377_i_	DM.C	F8085_FileExists	function_local_storage	no_standalone_port
L	2378	L2378_ac_	DM.C;INSTALL.C	F8052_DOS_KeyboardInput	function_local_storage	no_standalone_port
L	2379	L2379_pc_	DM.C;INSTALL.C	F8052_DOS_KeyboardInput	function_local_storage	no_standalone_port
L	2380	L2380_i_ChoiceIndex	DM.C	F8086_GetMenuChoice	function_local_storage	no_standalone_port
L	2381	L2381_i_SelectedChoice	DM.C	F8086_GetMenuChoice	function_local_storage	no_standalone_port
L	2382	L2382_uc_DOSMajorVersion	DM.C	F8086_GetMenuChoice	function_local_storage	no_standalone_port
L	2383	L2383_ac_String	DM.C	F8086_GetMenuChoice	function_local_storage	no_standalone_port
L	2384	L2384_ac_VideoProgramName	DM.C	F8086_GetMenuChoice	function_local_storage	no_standalone_port
L	2385	L2385_ac_IOProgramName	DM.C	F8086_GetMenuChoice	function_local_storage	no_standalone_port
L	2386	L2386_ac_GameProgramName	DM.C	F8086_GetMenuChoice	function_local_storage	no_standalone_port
L	2387	L2387_ac_SoundBlasterPortString	DM.C	F8086_GetMenuChoice	function_local_storage	no_standalone_port
L	2388	L2388_ac_AnalogJoystickParameter	DM.C	F8086_GetMenuChoice	function_local_storage	no_standalone_port
L	2389	L2389_i_Index	DM.C	F8086_GetMenuChoice	function_local_storage	no_standalone_port
L	2390	L2390_i_	DM.C	F8086_GetMenuChoice	function_local_storage	no_standalone_port
L	2391	L2391_i_SoundBlasterPort	DM.C	F8086_GetMenuChoice	function_local_storage	no_standalone_port
L	2392	L2392_B_DisneySoundSourcePort	DM.C	F8086_GetMenuChoice	function_local_storage	no_standalone_port
L	2393	L2393_B_	DM.C	F8086_GetMenuChoice	function_local_storage	no_standalone_port
L	2394	L2394_B_ProgramNameSpecified	DM.C	F8086_GetMenuChoice	function_local_storage	no_standalone_port
L	2395	L2395_pc_Path	DM.C	F8086_GetMenuChoice	function_local_storage	no_standalone_port
L	2396	L2396_B_PrintCommandLineOnly	DM.C	F8086_GetMenuChoice	function_local_storage	no_standalone_port
L	2397	L2397_B_VGAGraphicsDetected	DM.C	F8086_GetMenuChoice	function_local_storage	no_standalone_port
L	2398	L2398_B_EGAGraphicsDetected	DM.C	F8086_GetMenuChoice	function_local_storage	no_standalone_port
L	2399	L2399_B_TandyGraphicsDetected	DM.C	F8086_GetMenuChoice	function_local_storage	no_standalone_port
L	2400	L2400_B_Tandy1000TLSLSoundDetected	DM.C	F8086_GetMenuChoice	function_local_storage	no_standalone_port
L	2401	L2401_B_SoundBlasterDetected	DM.C	F8086_GetMenuChoice	function_local_storage	no_standalone_port
L	2402	L2402_B_AdLibSoundDetected	DM.C	F8086_GetMenuChoice	function_local_storage	no_standalone_port
L	2403	L2403_B_AnalogJoystickDetected	DM.C	F8086_GetMenuChoice	function_local_storage	no_standalone_port
L	2404	L2404_B_MouseDetected	DM.C	F8086_GetMenuChoice	function_local_storage	no_standalone_port
L	2405	L2405_B_DigitalJoystickDetected	DM.C	F8086_GetMenuChoice	function_local_storage	no_standalone_port
L	2406	L2406_dmset_FileHandle	DM.C	F8086_GetMenuChoice	function_local_storage	no_standalone_port
L	2407	L2407_B_GetMenuChoices	DM.C	F8086_GetMenuChoice	function_local_storage	no_standalone_port
L	2408	L2408_i_LPTPortIndex	DM.C	F8086_GetMenuChoice	function_local_storage	no_standalone_port
L	2409	L2409_i_FTLSoundAdapterPort	DM.C	F8086_GetMenuChoice	function_local_storage	no_standalone_port
L	2410	L2410_i_	DRAWVIEW.C	F0097_DUNGEONVIEW_DrawViewport	function_local_storage	no_standalone_port
L	2411	L2411_i_	DRAWVIEW.C	F0097_DUNGEONVIEW_DrawViewport	function_local_storage	no_standalone_port
L	2412	L2412_i_	DRAWVIEW.C	F0097_DUNGEONVIEW_DrawViewport	function_local_storage	no_standalone_port
L	2413	L2413_ai_Box	DRAWVIEW.C	F0097_DUNGEONVIEW_DrawViewport	function_local_storage	no_standalone_port
L	2414	L2414_ai_XYZ	DRAWVIEW.C	F0097_DUNGEONVIEW_DrawViewport	function_local_storage	no_standalone_port
L	2415	L2415_B_	DRAWVIEW.C	F0097_DUNGEONVIEW_DrawViewport	function_local_storage	no_standalone_port
L	2416	L2416_B_	DRAWVIEW.C	F0097_DUNGEONVIEW_DrawViewport	function_local_storage	no_standalone_port
L	2417	L2417_l_SupervisorStack	DRAWVIEW.C	F0097_DUNGEONVIEW_DrawViewport	function_local_storage	no_standalone_port
L	2418	L2418_pui_	DRAWVIEW.C	F0097_DUNGEONVIEW_DrawViewport	function_local_storage	no_standalone_port
L	2419	L2419_puc_Source	DUNGEON.C	F0168_DUNGEON_DecodeText	function_local_storage	no_standalone_port
L	2420	L2420_puc_Destination	DUNGEON.C	F0168_DUNGEON_DecodeText	function_local_storage	no_standalone_port
L	2421	L2421_puc_Useless	DUNGEON.C	F0168_DUNGEON_DecodeText	function_local_storage	no_standalone_port
L	2422	L2422_i_TextType	DUNGEON.C	F0168_DUNGEON_DecodeText	function_local_storage	no_standalone_port
L	2423	L2423_B_BackRandomWallOrnamentAllowed	DUNGEON.C	F0172_DUNGEON_SetSquareAspect	function_local_storage	no_standalone_port
L	2424	L2424_B_NewFloorSet	DUNVIEW.C	F0094_DUNGEONVIEW_LoadFloorSet	function_local_storage	no_standalone_port
L	2425	L2425_puc_	DUNVIEW.C	F1000_	function_local_storage	no_standalone_port
L	2426	L2426_puc_	DUNVIEW.C	F1000_	function_local_storage	no_standalone_port
L	2427	L2427_ai_XYZ	DUNVIEW.C	F1000_	function_local_storage	no_standalone_port
L	2428	L2428_i_Width	DUNVIEW.C	F1000_	function_local_storage	no_standalone_port
L	2429	L2429_i_Height	DUNVIEW.C	F1000_	function_local_storage	no_standalone_port
L	2430	L2430_i_Unreferenced	DUNVIEW.C	F1000_	function_local_storage	no_standalone_port
L	2431	L2431_B_NewWallSet	DUNVIEW.C	F0095_DUNGEONVIEW_LoadWallSet	function_local_storage	no_standalone_port
L	2432	L2432_puc_Bitmap	DUNVIEW.C	F0674_F0128_sub	function_local_storage	no_standalone_port
L	2433	L2433_puc_Bitmap	DUNVIEW.C	F0104_DUNGEONVIEW_DrawFloorPitOrStairsBitmap	function_local_storage	no_standalone_port
L	2434	L2434_s_Struct2	DUNVIEW.C	F0104_DUNGEONVIEW_DrawFloorPitOrStairsBitmap	function_local_storage	no_standalone_port
L	2435	L2435_ai_XYZ	DUNVIEW.C	F0104_DUNGEONVIEW_DrawFloorPitOrStairsBitmap	function_local_storage	no_standalone_port
L	2436	L2436_puc_Bitmap	DUNVIEW.C	F0765_DUNGEONVIEW_DrawBitmapWithoutTransparency	function_local_storage	no_standalone_port
L	2437	L2437_s_Struct2	DUNVIEW.C	F0765_DUNGEONVIEW_DrawBitmapWithoutTransparency	function_local_storage	no_standalone_port
L	2438	L2438_ai_XYZ	DUNVIEW.C	F0765_DUNGEONVIEW_DrawBitmapWithoutTransparency	function_local_storage	no_standalone_port
L	2439	L2439_puc_Bitmap	DUNVIEW.C	F0105_DUNGEONVIEW_DrawFloorPitOrStairsBitmapFlippedHorizontally	function_local_storage	no_standalone_port
L	2440	L2440_s_Struct2	DUNVIEW.C	F0105_DUNGEONVIEW_DrawFloorPitOrStairsBitmapFlippedHorizontally	function_local_storage	no_standalone_port
L	2441	L2441_puc_Bitmap1	DUNVIEW.C	F1005_	function_local_storage	no_standalone_port
L	2442	L2442_puc_Bitmap2	DUNVIEW.C	F1005_	function_local_storage	no_standalone_port
L	2443	L2443_puc_Bitmap	DUNVIEW.C	F0792_DUNGEONVIEW_DrawBitmapYYY	function_local_storage	no_standalone_port
L	2444	L2444_s_Struct2	DUNVIEW.C	F0792_DUNGEONVIEW_DrawBitmapYYY	function_local_storage	no_standalone_port
L	2445	L2445_ai_XYZ	DUNVIEW.C	F0792_DUNGEONVIEW_DrawBitmapYYY	function_local_storage	no_standalone_port
L	2446	L2446_B_DerivedBitmapInCache	DUNVIEW.C	F0675_DUNGEONVIEW_GetScaledBitmap	function_local_storage	no_standalone_port
L	2447	L2447_i_Width	DUNVIEW.C	F0791_DUNGEONVIEW_DrawBitmapXX	function_local_storage	no_standalone_port
L	2448	L2448_i_Height	DUNVIEW.C	F0791_DUNGEONVIEW_DrawBitmapXX	function_local_storage	no_standalone_port
L	2449	L2449_i_	DUNVIEW.C	F0791_DUNGEONVIEW_DrawBitmapXX	function_local_storage	no_standalone_port
L	2450	L2450_i_	DUNVIEW.C	F0791_DUNGEONVIEW_DrawBitmapXX	function_local_storage	no_standalone_port
L	2451	L2451_ac_Unreferenced	DUNVIEW.C	F0791_DUNGEONVIEW_DrawBitmapXX	function_local_storage	no_standalone_port
L	2452	L2452_i_Width	DUNVIEW.C	F0107_DUNGEONVIEW_IsDrawnWallOrnamentAnAlcove_CPSF	function_local_storage	no_standalone_port
L	2453	L2453_i_Height	DUNVIEW.C	F0107_DUNGEONVIEW_IsDrawnWallOrnamentAnAlcove_CPSF	function_local_storage	no_standalone_port
L	2454	L2454_ai_XYZ	DUNVIEW.C	F0107_DUNGEONVIEW_IsDrawnWallOrnamentAnAlcove_CPSF	function_local_storage	no_standalone_port
L	2455	L2455_i_	DUNVIEW.C	F0107_DUNGEONVIEW_IsDrawnWallOrnamentAnAlcove_CPSF	function_local_storage	no_standalone_port
L	2456	L2456_i_TextLineIndex	DUNVIEW.C	F0107_DUNGEONVIEW_IsDrawnWallOrnamentAnAlcove_CPSF	function_local_storage	no_standalone_port
L	2457	L2457_auc_	DUNVIEW.C	F0107_DUNGEONVIEW_IsDrawnWallOrnamentAnAlcove_CPSF	function_local_storage	no_standalone_port
L	2458	L2458_i_Flip	DUNVIEW.C	F0108_DUNGEONVIEW_DrawFloorOrnament	function_local_storage	no_standalone_port
L	2459	L2459_puc_PaletteChange	DUNVIEW.C	F0109_DUNGEONVIEW_DrawDoorOrnament	function_local_storage	no_standalone_port
L	2460	L2460_i_HorizontalScale	DUNVIEW.C	F0109_DUNGEONVIEW_DrawDoorOrnament	function_local_storage	no_standalone_port
L	2461	L2461_i_VerticalScale	DUNVIEW.C	F0109_DUNGEONVIEW_DrawDoorOrnament	function_local_storage	no_standalone_port
L	2462	L2462_i_DerivedBitmapIndex	DUNVIEW.C	F0110_DUNGEONVIEW_DrawDoorButton	function_local_storage	no_standalone_port
L	2463	L2463_i_Scale	DUNVIEW.C	F0110_DUNGEONVIEW_DrawDoorButton	function_local_storage	no_standalone_port
L	2464	L2464_i_X	DUNVIEW.C	F0111_DUNGEONVIEW_DrawDoor	function_local_storage	no_standalone_port
L	2465	L2465_i_Y	DUNVIEW.C	F0111_DUNGEONVIEW_DrawDoor	function_local_storage	no_standalone_port
L	2468	L2468_ai_XYZ	DUNVIEW.C	F0105_DUNGEONVIEW_DrawFloorPitOrStairsBitmapFlippedHorizontally	function_local_storage	no_standalone_port
L	2469	L2469_ai_XYZ	DUNVIEW.C	F0111_DUNGEONVIEW_DrawDoor	function_local_storage	no_standalone_port
L	2470	L2470_i_Width	DUNVIEW.C	F0113_DUNGEONVIEW_DrawField	function_local_storage	no_standalone_port
L	2471	L2471_i_Height	DUNVIEW.C	F0113_DUNGEONVIEW_DrawField	function_local_storage	no_standalone_port
L	2472	L2472_ai_XYZ	DUNVIEW.C	F0113_DUNGEONVIEW_DrawField	function_local_storage	no_standalone_port
L	2473	L2473_i_X	DUNVIEW.C	F0113_DUNGEONVIEW_DrawField	function_local_storage	no_standalone_port
L	2474	L2474_i_ZoneIndex	DUNVIEW.C	F0115_DUNGEONVIEW_DrawObjectsCreaturesProjectilesExplosions_CPSEF	function_local_storage	no_standalone_port
L	2475	L2475_i_ViewDepth	DUNVIEW.C	F0115_DUNGEONVIEW_DrawObjectsCreaturesProjectilesExplosions_CPSEF	function_local_storage	no_standalone_port
L	2476	L2476_i_	DUNVIEW.C	F0115_DUNGEONVIEW_DrawObjectsCreaturesProjectilesExplosions_CPSEF	function_local_storage	no_standalone_port
L	2477	L2477_i_	DUNVIEW.C	F0115_DUNGEONVIEW_DrawObjectsCreaturesProjectilesExplosions_CPSEF	function_local_storage	no_standalone_port
L	2478	L2478_i_DerivedBitmapIndex	DUNVIEW.C	F0115_DUNGEONVIEW_DrawObjectsCreaturesProjectilesExplosions_CPSEF	function_local_storage	no_standalone_port
L	2479	L2479_i_	DUNVIEW.C	F0115_DUNGEONVIEW_DrawObjectsCreaturesProjectilesExplosions_CPSEF	function_local_storage	no_standalone_port
L	2480	L2480_i_	DUNVIEW.C	F0115_DUNGEONVIEW_DrawObjectsCreaturesProjectilesExplosions_CPSEF	function_local_storage	no_standalone_port
L	2481	L2481_ai_XYZ	DUNVIEW.C	F0115_DUNGEONVIEW_DrawObjectsCreaturesProjectilesExplosions_CPSEF	function_local_storage	no_standalone_port
L	2482	L2482_i_FieldAspectIndex	DUNVIEW.C	F0115_DUNGEONVIEW_DrawObjectsCreaturesProjectilesExplosions_CPSEF	function_local_storage	no_standalone_port
L	2483	L2483_i_Order	DUNVIEW.C	F0676_DrawD3L2	function_local_storage	no_standalone_port
L	2484	L2484_ai_SquareAspect	DUNVIEW.C	F0676_DrawD3L2	function_local_storage	no_standalone_port
L	2485	L2485_i_Order	DUNVIEW.C	F0677_DrawD3R2	function_local_storage	no_standalone_port
L	2486	L2486_ai_SquareAspect	DUNVIEW.C	F0677_DrawD3R2	function_local_storage	no_standalone_port
L	2487	L2487_i_Order_Unreferenced	DUNVIEW.C	F0678_DrawD2L2	function_local_storage	no_standalone_port
L	2488	L2488_ai_SquareAspect	DUNVIEW.C	F0678_DrawD2L2	function_local_storage	no_standalone_port
L	2489	L2489_i_Order_Unreferenced	DUNVIEW.C	F0679_DrawD2R2	function_local_storage	no_standalone_port
L	2490	L2490_ai_SquareAspect	DUNVIEW.C	F0679_DrawD2R2	function_local_storage	no_standalone_port
L	2491	L2491_puc_Bitmap	DUNVIEW.C	F0124_DUNGEONVIEW_DrawSquareD1C	function_local_storage	no_standalone_port
L	2493	L2493_s_Struct2	DUNVIEW.C	F0124_DUNGEONVIEW_DrawSquareD1C	function_local_storage	no_standalone_port
L	2494	L2494_ai_XYZ	DUNVIEW.C	F0124_DUNGEONVIEW_DrawSquareD1C	function_local_storage	no_standalone_port
L	2495	L2495_s_Struct2	DUNVIEW.C	F0127_DUNGEONVIEW_DrawSquareD0C	function_local_storage	no_standalone_port
L	2496	L2496_ai_XYZ	DUNVIEW.C	F0127_DUNGEONVIEW_DrawSquareD0C	function_local_storage	no_standalone_port
L	2497	L2497_uc_	VIDEODRV.C	F8139_Unreferenced	function_local_storage	no_standalone_port
L	2498	L2498_ui_	VIDEODRV.C	F8139_Unreferenced	function_local_storage	no_standalone_port
L	2499	L2499_ui_	VIDEODRV.C	F8150_	function_local_storage	no_standalone_port
L	2500	L2500_i_	VIDEODRV.C	F8150_	function_local_storage	no_standalone_port
L	2501	L2501_i_	VIDEODRV.C	F8150_	function_local_storage	no_standalone_port
L	2502	L2502_uc_	VIDEODRV.C	F8150_	function_local_storage	no_standalone_port
L	2503	L2503_aul_	VIDEODRV.C	F8150_	function_local_storage	no_standalone_port
L	2504	L2504_i_Left	NEC816.C;VIDEODRV.C	F8151_VIDRV_02_Blit	function_local_storage	no_standalone_port
L	2505	L2505_i_Right	NEC816.C;VIDEODRV.C	F8151_VIDRV_02_Blit	function_local_storage	no_standalone_port
L	2506	L2506_i_Top	NEC816.C;VIDEODRV.C	F8151_VIDRV_02_Blit	function_local_storage	no_standalone_port
L	2507	L2507_i_Bottom	NEC816.C;VIDEODRV.C	F8151_VIDRV_02_Blit	function_local_storage	no_standalone_port
L	2508	L2508_ui_Height	NEC816.C;VIDEODRV.C;IMAGE3.C	F0684_Blit;F8151_VIDRV_02_Blit	function_local_storage	no_standalone_port
L	2509	L2509_ui_Width	NEC816.C;VIDEODRV.C;IMAGE3.C	F0684_Blit;F8151_VIDRV_02_Blit	function_local_storage	no_standalone_port
L	2510	L2510_ui_LineIndex	NEC816.C;VIDEODRV.C;IMAGE3.C	F0684_Blit;F8151_VIDRV_02_Blit	function_local_storage	no_standalone_port
L	2511	L2511_i_SourcePixelIndex	NEC816.C;VIDEODRV.C;IMAGE3.C	F0684_Blit;F8151_VIDRV_02_Blit	function_local_storage	no_standalone_port
L	2512	L2512_i_DestinationPixelIndex	NEC816.C;VIDEODRV.C;IMAGE3.C	F0684_Blit;F8151_VIDRV_02_Blit	function_local_storage	no_standalone_port
L	2513	L2513_i_Left	NEC816.C;VIDEODRV.C	F8152_VIDRV_01_FillBox	function_local_storage	no_standalone_port
L	2514	L2514_i_Right	NEC816.C;VIDEODRV.C	F8152_VIDRV_01_FillBox	function_local_storage	no_standalone_port
L	2515	L2515_i_Top	NEC816.C;VIDEODRV.C	F8152_VIDRV_01_FillBox	function_local_storage	no_standalone_port
L	2516	L2516_i_Bottom	NEC816.C;VIDEODRV.C	F8152_VIDRV_01_FillBox	function_local_storage	no_standalone_port
L	2517	L2517_i_Height	NEC816.C;VIDEODRV.C	F8152_VIDRV_01_FillBox	function_local_storage	no_standalone_port
L	2518	L2518_ui_Width	NEC816.C;VIDEODRV.C	F8152_VIDRV_01_FillBox	function_local_storage	no_standalone_port
L	2519	L2519_i_DestinationOffset	NEC816.C;VIDEODRV.C	F8152_VIDRV_01_FillBox	function_local_storage	no_standalone_port
L	2520	L2520_ui_LineIndex	NEC816.C;VIDEODRV.C	F8152_VIDRV_01_FillBox	function_local_storage	no_standalone_port
L	2521	L2521_i_	NEC816.C;VIDEODRV.C	F8154_VIDRV_05_InvertBox	function_local_storage	no_standalone_port
L	2522	L2522_i_	NEC816.C;VIDEODRV.C	F8154_VIDRV_05_InvertBox	function_local_storage	no_standalone_port
L	2523	L2523_i_	VIDEODRV.C	F8154_VIDRV_05_InvertBox	function_local_storage	no_standalone_port
L	2524	L2524_i_	VIDEODRV.C	F8154_VIDRV_05_InvertBox	function_local_storage	no_standalone_port
L	2525	L2525_i_	NEC816.C;VIDEODRV.C	F8154_VIDRV_05_InvertBox	function_local_storage	no_standalone_port
L	2526	L2526_i_	NEC816.C;VIDEODRV.C	F8155_VIDRV_06_HatchScreenBox	function_local_storage	no_standalone_port
L	2527	L2527_i_	NEC816.C;VIDEODRV.C	F8155_VIDRV_06_HatchScreenBox	function_local_storage	no_standalone_port
L	2528	L2528_i_	NEC816.C;VIDEODRV.C	F8155_VIDRV_06_HatchScreenBox	function_local_storage	no_standalone_port
L	2529	L2529_i_	NEC816.C;VIDEODRV.C	F8155_VIDRV_06_HatchScreenBox	function_local_storage	no_standalone_port
L	2530	L2530_i_	NEC816.C;VIDEODRV.C	F8155_VIDRV_06_HatchScreenBox	function_local_storage	no_standalone_port
L	2531	L2531_i_	DRAWVIEW.C;SWITCH.C;ANIMTOWN.C;VIDEODRV.C;CEDT027.C	F2261_Palette;F8156_SetPalette	function_local_storage	no_standalone_port
L	2532	L2532_c_	VIDEODRV.C	F8156_SetPalette	function_local_storage	no_standalone_port
L	2533	L2533_B_	VIDEODRV.C	F8157_VIDRV_08_SetMultipleColorsInPalette	function_local_storage	no_standalone_port
L	2534	L2534_uc_	VIDEODRV.C	F8157_VIDRV_08_SetMultipleColorsInPalette	function_local_storage	no_standalone_port
L	2535	L2535_c_ColorIndex	NEC816.C;VIDEODRV.C	F8157_VIDRV_08_SetMultipleColorsInPalette	function_local_storage	no_standalone_port
L	2536	L2536_i_	NEC816.C;VIDEODRV.C	F8157_VIDRV_08_SetMultipleColorsInPalette	function_local_storage	no_standalone_port
L	2537	L2537_ac_	VIDEODRV.C	F8159_VIDRV_11_PALETTE_SetCurtain	function_local_storage	no_standalone_port
L	2538	L2538_i_	VIDEODRV.C	F8159_VIDRV_11_PALETTE_SetCurtain	function_local_storage	no_standalone_port
L	2539	L2539_ps_	NEC816.C;VIDEODRV.C	F8160_VIDRV_12_SetCreatureReplacementColors	function_local_storage	no_standalone_port
L	2540	L2540_i_	NEC816.C;VIDEODRV.C	F8160_VIDRV_12_SetCreatureReplacementColors	function_local_storage	no_standalone_port
L	2541	L2541_i_	NEC816.C;VIDEODRV.C	F8162_VIDRV_10_ScrollMessageAreaUp	function_local_storage	no_standalone_port
L	2542	L2542_pi_Box	NEC816.C;VIDEODRV.C	F8165_VIDRV_14_GetPrefixedBitmapByteCountOrBlitFromScreenNoTransparency	function_local_storage	no_standalone_port
L	2543	L2543_l_	NEC816.C;VIDEODRV.C	F8165_VIDRV_14_GetPrefixedBitmapByteCountOrBlitFromScreenNoTransparency	function_local_storage	no_standalone_port
L	2544	L2544_ai_Box	VIDEODRV.C	F8165_VIDRV_14_GetPrefixedBitmapByteCountOrBlitFromScreenNoTransparency	function_local_storage	no_standalone_port
L	2545	L2545_pi_	NEC816.C;VIDEODRV.C	F8166_VIDRV_15_BlitToScreenNoTransparency	function_local_storage	no_standalone_port
L	2546	L2546_i_	NEC816.C;VIDEODRV.C	F8166_VIDRV_15_BlitToScreenNoTransparency	function_local_storage	no_standalone_port
L	2547	L2547_i_	VIDEODRV.C	F8166_VIDRV_15_BlitToScreenNoTransparency	function_local_storage	no_standalone_port
L	2548	L2548_i_	NEC816.C;VIDEODRV.C	F8166_VIDRV_15_BlitToScreenNoTransparency	function_local_storage	no_standalone_port
L	2549	L2549_i_	NEC816.C;VIDEODRV.C	F8166_VIDRV_15_BlitToScreenNoTransparency	function_local_storage	no_standalone_port
L	2550	L2550_ui_	NEC816.C;VIDEODRV.C	F8167_VIDRV_03_BlitMousePointerPrefixedBitmapFromScreen	function_local_storage	no_standalone_port
L	2551	L2551_ui_	NEC816.C;VIDEODRV.C	F8167_VIDRV_03_BlitMousePointerPrefixedBitmapFromScreen	function_local_storage	no_standalone_port
L	2552	L2552_ui_	VIDEODRV.C	F8169_VIDRV_19_BlackenAllPixelsOneByOne	function_local_storage	no_standalone_port
L	2553	L2553_c_BackupVideoMode	VIDEODRV.C	F8171_ExecuteProgram	function_local_storage	no_standalone_port
L	2554	L2554_uc_ArgumentCharacter	NEC816.C;VIDEODRV.C	F8171_ExecuteProgram;F8425_ClearAllVRAM	function_local_storage	no_standalone_port
L	2555	L2555_i_CharacterIndex	NEC816.C;VIDEODRV.C	F8171_ExecuteProgram;F8425_ClearAllVRAM	function_local_storage	no_standalone_port
L	2556	L2556_auc_ArgumentString	NEC816.C;VIDEODRV.C	F8171_ExecuteProgram;F8425_ClearAllVRAM	function_local_storage	no_standalone_port
L	2557	L2557_i_ArgumentCharacterIndex	NEC816.C;VIDEODRV.C	F8171_ExecuteProgram;F8425_ClearAllVRAM	function_local_storage	no_standalone_port
L	2558	L2558_i_ArgumentIndex	NEC816.C;VIDEODRV.C	F8171_ExecuteProgram;F8425_ClearAllVRAM	function_local_storage	no_standalone_port
L	2559	L2559_i_Width	ENDGAME.C	F1011_	function_local_storage	no_standalone_port
L	2560	L2560_i_Height	ENDGAME.C	F1011_	function_local_storage	no_standalone_port
L	2561	L2561_ai_XYZ	ENDGAME.C	F1011_	function_local_storage	no_standalone_port
L	2562	L2562_l_TheEnd_BitmapByteCount	ENDGAME.C	F0444_STARTEND_Endgame	function_local_storage	no_standalone_port
L	2563	L2563_i_Unreferenced	ENDGAME.C	F0444_STARTEND_Endgame	function_local_storage	no_standalone_port
L	2564	L2564_l_ByteCount	ENDGAME.C	F0444_STARTEND_Endgame	function_local_storage	no_standalone_port
L	2565	L2565_puc_	ENDGAME.C	F0444_STARTEND_Endgame	function_local_storage	no_standalone_port
L	2567	L2567_ui_ByteCount	FILE.C	F0772_FILE_Read	function_local_storage	no_standalone_port
L	2568	L2568_ui_ByteCount	FILE.C	F0773_FILE_Write	function_local_storage	no_standalone_port
L	2569	L2569_l_Offset1	FILE.C	F0775_FILE_GetSize	function_local_storage	no_standalone_port
L	2570	L2570_l_Offset2	FILE.C	F0775_FILE_GetSize	function_local_storage	no_standalone_port
L	2571	L2571_ui_Segment	FILE.C	F0775_FILE_GetSize	function_local_storage	no_standalone_port
L	2572	L2572_ui_Offset	FILE.C	F0775_FILE_GetSize	function_local_storage	no_standalone_port
L	2573	L2573_i_	FLOPPY.C	F0451_FLOPPY_Initialize	function_local_storage	no_standalone_port
L	2574	L2574_c_DriveNumber	FLOPPY.C	F0451_FLOPPY_Initialize	function_local_storage	no_standalone_port
L	2575	L2575_ac_SectorBuffer	FLOPPY.C	F1026_IdentifyDiskInDrive_CPSX	function_local_storage	no_standalone_port
L	2576	L2576_c_ReadResult	FLOPPY.C	F1026_IdentifyDiskInDrive_CPSX	function_local_storage	no_standalone_port
L	2577	L2577_i_	FLOPPY.C	F0452_FLOPPY_GetDiskTypeInDrive_CPSB	function_local_storage	no_standalone_port
L	2578	L2578_ui_	FLOPPY.C	F0452_FLOPPY_GetDiskTypeInDrive_CPSB	function_local_storage	no_standalone_port
L	2579	L2579_pc_	FLOPPY.C	F0452_FLOPPY_GetDiskTypeInDrive_CPSB	function_local_storage	no_standalone_port
L	2580	L2580_ps_FileLock	FLOPPY.C	F0452_FLOPPY_GetDiskTypeInDrive_CPSB	function_local_storage	no_standalone_port
L	2581	L2581_ps_FileInfoBlock	FLOPPY.C	F0452_FLOPPY_GetDiskTypeInDrive_CPSB	function_local_storage	no_standalone_port
L	2582	L2582_s_VolumeName	FLOPPY.C	F0452_FLOPPY_GetDiskTypeInDrive_CPSB	function_local_storage	no_standalone_port
L	2583	L2583_i_DrivePDA	FLOPPY.C	F0452_FLOPPY_GetDiskTypeInDrive_CPSB	function_local_storage	no_standalone_port
L	2584	L2584_i_DriveStatus	FLOPPY.C	F0452_FLOPPY_GetDiskTypeInDrive_CPSB	function_local_storage	no_standalone_port
L	2585	L2585_puc_	FLOPPY.C	F0453_FLOPPY_IsFormatDiskSuccessful	function_local_storage	no_standalone_port
L	2586	L2586_l_	FLOPPY.C	F0453_FLOPPY_IsFormatDiskSuccessful	function_local_storage	no_standalone_port
L	2587	L2587_l_	FLOPPY.C	F0453_FLOPPY_IsFormatDiskSuccessful	function_local_storage	no_standalone_port
L	2588	L2588_ac_	FLOPPY.C	F0453_FLOPPY_IsFormatDiskSuccessful	function_local_storage	no_standalone_port
L	2589	L2589_B_Result	FLOPPY.C	F0454_FLOPPY_IsSaveDiskTypeInSaveDiskDrive	function_local_storage	no_standalone_port
L	2590	L2590_i_DriveAddress	FLOPPY.C	F0528_FLOPPY_Eject	function_local_storage	no_standalone_port
L	2591	L2591_l_	FILE.C	F0775_FILE_GetSize	function_local_storage	no_standalone_port
L	2592	L2592_l_	FILE.C	F0775_FILE_GetSize	function_local_storage	no_standalone_port
L	2593	L2593_pc_CSBInternalErrorMessage	AMIGINIT.C	F1093_DisplayAlertCSBInternalError	function_local_storage	no_standalone_port
L	2594	L2594_pc_HexadecimalDigits	AMIGINIT.C	F1093_DisplayAlertCSBInternalError	function_local_storage	no_standalone_port
L	2595	L2595_pc_CSBSystemErrorMessage	AMIGINIT.C	F1094_DisplayAlertCSBSystemError	function_local_storage	no_standalone_port
L	2596	L2596_pc_HexadecimalDigits	AMIGINIT.C	F1094_DisplayAlertCSBSystemError	function_local_storage	no_standalone_port
L	2597	L2597_l_	AMIGINIT.C	F1050_AlertCSBSystemError	function_local_storage	no_standalone_port
L	2598	L2598_pc_ChipMemoryLargestBlockBottom	AMIGINIT.C	F1066_GetUsableChipMemoryByteCount	function_local_storage	no_standalone_port
L	2599	L2599_l_ChipMemoryRequirement	AMIGINIT.C	F1066_GetUsableChipMemoryByteCount	function_local_storage	no_standalone_port
L	2600	L2600_l_LargestChipMemoryBlockRequirement	AMIGINIT.C	F1066_GetUsableChipMemoryByteCount	function_local_storage	no_standalone_port
L	2601	L2601_l_	AMIGINIT.C	F1066_GetUsableChipMemoryByteCount	function_local_storage	no_standalone_port
L	2602	L2602_l_SecondLargestChipMemoryBlockByteCount	AMIGINIT.C	F1066_GetUsableChipMemoryByteCount	function_local_storage	no_standalone_port
L	2603	L2603_l_AvailableChipMemoryExceptLargestBlockByteCount	AMIGINIT.C	F1066_GetUsableChipMemoryByteCount	function_local_storage	no_standalone_port
L	2604	L2604_i_	FLOPPYAM.C	F1118_	function_local_storage	no_standalone_port
L	2605	L2605_ps_Process	FLOPPYAM.C	F1118_	function_local_storage	no_standalone_port
L	2606	L2606_al_	FLOPPYAM.C	F1118_	function_local_storage	no_standalone_port
L	2607	L2607_ac_	FLOPPYAM.C	F1118_	function_local_storage	no_standalone_port
L	2608	L2608_pc_	FLOPPYAM.C	F1118_	function_local_storage	no_standalone_port
L	2609	L2609_pc_	FLOPPYAM.C	F1118_	function_local_storage	no_standalone_port
L	2610	L2610_i_	FLOPPYAM.C	F0520_FLOPPY_GetSectorChecksum	function_local_storage	no_standalone_port
L	2611	L2611_l_	FLOPPYAM.C	F0520_FLOPPY_GetSectorChecksum	function_local_storage	no_standalone_port
L	2612	L2612_i_Unreferenced	FLOPPYAM.C	F0519_FLOPPY_GetFormatResult	function_local_storage	no_standalone_port
L	2613	L2613_i_	FLOPPYAM.C	F0519_FLOPPY_GetFormatResult	function_local_storage	no_standalone_port
L	2614	L2614_i_Unreferenced	FLOPPYAM.C	F0519_FLOPPY_GetFormatResult	function_local_storage	no_standalone_port
L	2615	L2615_i_TrackdiskDeviceOpened	FLOPPYAM.C	F1106_IsTrackdiskDeviceOpened	function_local_storage	no_standalone_port
L	2616	L2616_l_DiskChangeCounter	FLOPPYAM.C	F1107_GetDiskChangeCounter	function_local_storage	no_standalone_port
L	2617	L2617_l_DiskChangeCounter	FLOPPYAM.C	F1108_GetDiskChangeCounter	function_local_storage	no_standalone_port
L	2618	L2618_i_	FLOPPYAM.C	F1110_DrawFormatProgressBar	function_local_storage	no_standalone_port
L	2619	L2619_ai_XYZ	FLOPPYAM.C	F1110_DrawFormatProgressBar	function_local_storage	no_standalone_port
L	2620	L2620_ps_Process	COPYPROE.C	F1149_Init_CPSX	function_local_storage	no_standalone_port
L	2621	L2621_ps_Process	COPYPROE.C	F1150_Free_CPSX	function_local_storage	no_standalone_port
L	2622	L2622_i_Unreferenced	INPUT.C	F0543_INPUT_DeviceInterruptHandler	function_local_storage	no_standalone_port
L	2623	L2623_l_NormalizedKeyCode	INPUT.C	F0543_INPUT_DeviceInterruptHandler	function_local_storage	no_standalone_port
L	2624	L2624_i_ANSIByteCount	INPUT.C	F0543_INPUT_DeviceInterruptHandler	function_local_storage	no_standalone_port
L	2625	L2625_ui_ieQualifier	INPUT.C	F0543_INPUT_DeviceInterruptHandler	function_local_storage	no_standalone_port
L	2626	L2626_i_	INPUT.C	F1097_StoreKeyInBuffer	function_local_storage	no_standalone_port
L	2627	L2627_i_Key	INPUT.C	F1098_GetFirstKeyFromBuffer	function_local_storage	no_standalone_port
L	2628	L2628_B_IsKeyBufferNotEmpty	INPUT.C	F1099_IsKeyBufferNotEmpty	function_local_storage	no_standalone_port
L	2629	L2629_l_DiskChangeCounter	INPUT.C	F1101_DetectDiskChange	function_local_storage	no_standalone_port
L	2630	L2630_pi_	PALETTE.C	F1122_	function_local_storage	no_standalone_port
L	2631	L2631_ui_	PALETTE.C	F1122_	function_local_storage	no_standalone_port
L	2632	L2632_i_Color	PALETTE.C;UTAMSCR.C;VDEO1.C	F1127_TransitionFromPaletteToPalette	function_local_storage	no_standalone_port
L	2633	L2633_i_Counter	PALETTE.C;UTAMSCR.C;VDEO1.C	F1127_TransitionFromPaletteToPalette	function_local_storage	no_standalone_port
L	2634	L2634_i_ColorIndex	PALETTE.C;UTAMSCR.C;VDEO1.C	F1127_TransitionFromPaletteToPalette	function_local_storage	no_standalone_port
L	2635	L2635_i_SourceRedComponent	PALETTE.C;UTAMSCR.C;VDEO1.C	F1127_TransitionFromPaletteToPalette	function_local_storage	no_standalone_port
L	2636	L2636_i_DestinationRedComponent	PALETTE.C;UTAMSCR.C;VDEO1.C	F1127_TransitionFromPaletteToPalette	function_local_storage	no_standalone_port
L	2637	L2637_i_DeltaRed	PALETTE.C;UTAMSCR.C;VDEO1.C	F1127_TransitionFromPaletteToPalette	function_local_storage	no_standalone_port
L	2638	L2638_i_IntermediateRedComponent	PALETTE.C;UTAMSCR.C;VDEO1.C	F1127_TransitionFromPaletteToPalette	function_local_storage	no_standalone_port
L	2639	L2639_i_RedIncrement	PALETTE.C;UTAMSCR.C;VDEO1.C	F1127_TransitionFromPaletteToPalette	function_local_storage	no_standalone_port
L	2640	L2640_i_SourceGreenComponent	PALETTE.C;UTAMSCR.C;VDEO1.C	F1127_TransitionFromPaletteToPalette	function_local_storage	no_standalone_port
L	2641	L2641_i_DestinationGreenComponent	PALETTE.C;UTAMSCR.C;VDEO1.C	F1127_TransitionFromPaletteToPalette	function_local_storage	no_standalone_port
L	2642	L2642_i_DeltaGreen	PALETTE.C;UTAMSCR.C;VDEO1.C	F1127_TransitionFromPaletteToPalette	function_local_storage	no_standalone_port
L	2643	L2643_i_IntermediateGreenComponent	PALETTE.C;UTAMSCR.C;VDEO1.C	F1127_TransitionFromPaletteToPalette	function_local_storage	no_standalone_port
L	2644	L2644_i_GreenIncrement	PALETTE.C;UTAMSCR.C;VDEO1.C	F1127_TransitionFromPaletteToPalette	function_local_storage	no_standalone_port
L	2645	L2645_i_SourceBlueComponent	PALETTE.C;UTAMSCR.C;VDEO1.C	F1127_TransitionFromPaletteToPalette	function_local_storage	no_standalone_port
L	2646	L2646_i_DestinationBlueComponent	PALETTE.C;UTAMSCR.C;VDEO1.C	F1127_TransitionFromPaletteToPalette	function_local_storage	no_standalone_port
L	2647	L2647_i_DeltaBlue	PALETTE.C;UTAMSCR.C;VDEO1.C	F1127_TransitionFromPaletteToPalette	function_local_storage	no_standalone_port
L	2648	L2648_i_IntermediateBlueComponent	PALETTE.C;UTAMSCR.C;VDEO1.C	F1127_TransitionFromPaletteToPalette	function_local_storage	no_standalone_port
L	2649	L2649_i_BlueIncrement	PALETTE.C;UTAMSCR.C;VDEO1.C	F1127_TransitionFromPaletteToPalette	function_local_storage	no_standalone_port
L	2650	L2650_ps_Message	AMIGALIB.C	platform_or_unnumbered_file_scope	function_local_storage	no_standalone_port
L	2651	L2651_ps_MsgPort	AMIGALIB.C	F1065_SetExecBase	function_local_storage	no_standalone_port
L	2652	L2652_i_	AMIGALIB.C	F1065_SetExecBase	function_local_storage	no_standalone_port
L	2654	L2654_pc_Name	AMIGALIB.C	F1065_SetExecBase	function_local_storage	no_standalone_port
L	2656	L2656_i_ArgumentIndex	GAMELOOP.C	F0002_MAIN_GameLoop_CPSDF	function_local_storage	no_standalone_port
L	2657	L2657_i_X	EXPAND.C	F0466_EXPAND_GraphicToBitmap	function_local_storage	no_standalone_port
L	2658	L2658_i_Y	EXPAND.C	F0466_EXPAND_GraphicToBitmap	function_local_storage	no_standalone_port
L	2660	L2660_i_	IBMIO.C	F8088_	function_local_storage	no_standalone_port
L	2661	L2661_i_	IBMIO.C	F8088_	function_local_storage	no_standalone_port
L	2662	L2662_i_	IBMIO.C	F8090_	function_local_storage	no_standalone_port
L	2663	L2663_i_	IBMIO.C	F8091_	function_local_storage	no_standalone_port
L	2664	L2664_i_	IBMIO.C	F8092_ConvertScanCodeToASCII	function_local_storage	no_standalone_port
L	2665	L2665_i_	IBMIO.C	F8093_	function_local_storage	no_standalone_port
L	2666	L2666_i_	IBMIO.C	F8094_ProcessMouseMovement	function_local_storage	no_standalone_port
L	2667	L2667_i_	IBMIO.C	F8094_ProcessMouseMovement	function_local_storage	no_standalone_port
L	2668	L2668_i_MouseY	IBMIO.C	F8098_ProcessMouseStateHistory	function_local_storage	no_standalone_port
L	2669	L2669_i_ButtonsStatus	IBMIO.C	F8098_ProcessMouseStateHistory	function_local_storage	no_standalone_port
L	2670	L2670_i_MouseX	IBMIO.C	F8098_ProcessMouseStateHistory	function_local_storage	no_standalone_port
L	2672	L2672_i_	IBMIO.C	F8103_	function_local_storage	no_standalone_port
L	2673	L2673_i_	IBMIO.C	F8103_	function_local_storage	no_standalone_port
L	2674	L2674_i_ByteIndex	IBMIO.C	F8108_RegisterMousePointerBitmap	function_local_storage	no_standalone_port
L	2675	L2675_c_	IBMIO.C	F8116_	function_local_storage	no_standalone_port
L	2675	L2675_i_	IO.C;IBMIO.C;NECIO.C	F1040_SetMouseBoundEvent	function_local_storage	no_standalone_port
L	2676	L2676_i_	IBMIO.C	F8117_	function_local_storage	no_standalone_port
L	2677	L2677_i_	IBMIO.C	F8117_	function_local_storage	no_standalone_port
L	2678	L2678_ui_	IBMIO.C	F8119_	function_local_storage	no_standalone_port
L	2679	L2679_i_	IBMIO.C	F8119_	function_local_storage	no_standalone_port
L	2680	L2680_uc_	IBMIO.C	F8119_	function_local_storage	no_standalone_port
L	2681	L2681_ui_	IBMIO.C	F8120_	function_local_storage	no_standalone_port
L	2682	L2682_i_	IBMIO.C	F8120_	function_local_storage	no_standalone_port
L	2683	L2683_uc_	IBMIO.C	F8120_	function_local_storage	no_standalone_port
L	2684	L2684_i_	IBMIO.C	F8121_	function_local_storage	no_standalone_port
L	2685	L2685_i_	IBMIO.C	F8125_	function_local_storage	no_standalone_port
L	2686	L2686_ac_	IBMIO.C	F8127_	function_local_storage	no_standalone_port
L	2687	L2687_auc_	IBMIO.C	F8129_GetConvertedDeviceType	function_local_storage	no_standalone_port
L	2688	L2688_puc_	IBMIO.C	F8129_GetConvertedDeviceType	function_local_storage	no_standalone_port
L	2689	L2689_i_	IBMIO.C	F8129_GetConvertedDeviceType	function_local_storage	no_standalone_port
L	2690	L2690_ac_SectorData	IBMIO.C	F8130_GetReadFirstSectorResult	function_local_storage	no_standalone_port
L	2691	L2691_pc_SectorAddress	IBMIO.C	F8130_GetReadFirstSectorResult	function_local_storage	no_standalone_port
L	2692	L2692_i_	IBMIO.C	F8130_GetReadFirstSectorResult	function_local_storage	no_standalone_port
L	2693	L2693_i_	IBMIO.C	F8131_GetVolumeName	function_local_storage	no_standalone_port
L	2694	L2694_pc_	IBMIO.C	F8134_ExecuteProgramWithParameters	function_local_storage	no_standalone_port
L	2695	L2695_auc_	IBMIO.C	F8134_ExecuteProgramWithParameters	function_local_storage	no_standalone_port
L	2696	L2696_c_	IBMIO.C	F8136_	function_local_storage	no_standalone_port
L	2697	L2697_i_	IBMIO.C	F8136_	function_local_storage	no_standalone_port
L	2698	L2698_i_	IBMIO.C	F8136_	function_local_storage	no_standalone_port
L	2699	L2699_i_	IBMIO.C	F8136_	function_local_storage	no_standalone_port
L	2700	L2700_ac_	IBMIO.C	F8136_	function_local_storage	no_standalone_port
L	2701	L2701_ac_	IBMIO.C	F8136_	function_local_storage	no_standalone_port
L	2702	L2702_i_	IBMIO.C	F8136_	function_local_storage	no_standalone_port
L	2703	L2703_i_	IBMIO.C	F8136_	function_local_storage	no_standalone_port
L	2704	L2704_ai_XYZ	IMAGE3.C	F0684_Blit	function_local_storage	no_standalone_port
L	2710	L2710_ui_	IMAGE4.C	F1003_	function_local_storage	no_standalone_port
L	2711	L2711_ui_	IMAGE4.C	F1003_	function_local_storage	no_standalone_port
L	2712	L2712_c_	IMAGE4.C	F1003_	function_local_storage	no_standalone_port
L	2713	L2713_c_	IMAGE4.C	F1003_	function_local_storage	no_standalone_port
L	2714	L2714_i_	IMAGE2.C	F0688_IMG3_GetPixelCount	function_local_storage	no_standalone_port
L	2715	L2715_ui_	IMAGE2.C	F0689_IMG_ExpandGraphicToBitmap	function_local_storage	no_standalone_port
L	2716	L2716_ui_	IMAGE2.C	F0689_IMG_ExpandGraphicToBitmap	function_local_storage	no_standalone_port
L	2717	L2717_ui_	IMAGE2.C	F0689_IMG_ExpandGraphicToBitmap	function_local_storage	no_standalone_port
L	2718	L2718_ui_	IMAGE2.C	F0689_IMG_ExpandGraphicToBitmap	function_local_storage	no_standalone_port
L	2719	L2719_ui_	IMAGE2.C	F0689_IMG_ExpandGraphicToBitmap	function_local_storage	no_standalone_port
L	2720	L2720_ui_	IMAGE2.C	F0689_IMG_ExpandGraphicToBitmap	function_local_storage	no_standalone_port
L	2721	L2721_uc_	IMAGE2.C	F0689_IMG_ExpandGraphicToBitmap	function_local_storage	no_standalone_port
L	2722	L2722_uc_	IMAGE2.C	F0689_IMG_ExpandGraphicToBitmap	function_local_storage	no_standalone_port
L	2723	L2723_ui_	IMAGE2.C	F0689_IMG_ExpandGraphicToBitmap	function_local_storage	no_standalone_port
L	2724	L2724_ui_	IMAGE2.C	F0689_IMG_ExpandGraphicToBitmap	function_local_storage	no_standalone_port
L	2725	L2725_ui_	IMAGE2.C	F0689_IMG_ExpandGraphicToBitmap	function_local_storage	no_standalone_port
L	2726	L2726_ui_	IMAGE2.C	F0689_IMG_ExpandGraphicToBitmap	function_local_storage	no_standalone_port
L	2727	L2727_i_	IMAGE2.C	F0689_IMG_ExpandGraphicToBitmap	function_local_storage	no_standalone_port
L	2728	L2728_i_	IMAGE2.C	F0689_IMG_ExpandGraphicToBitmap	function_local_storage	no_standalone_port
L	2729	L2729_ui_	IMAGE2.C	F0689_IMG_ExpandGraphicToBitmap	function_local_storage	no_standalone_port
L	2730	L2730_i_	IMAGE2.C	F0689_IMG_ExpandGraphicToBitmap	function_local_storage	no_standalone_port
L	2731	L2731_ui_	IMAGE2.C	F0689_IMG_ExpandGraphicToBitmap	function_local_storage	no_standalone_port
L	2732	L2732_i_	IMAGE2.C	F0689_IMG_ExpandGraphicToBitmap	function_local_storage	no_standalone_port
L	2733	L2733_i_	IMAGE2.C	F0689_IMG_ExpandGraphicToBitmap	function_local_storage	no_standalone_port
L	2734	L2734_uc_	IMAGE2.C	F0689_IMG_ExpandGraphicToBitmap	function_local_storage	no_standalone_port
L	2735	L2735_uc_	IMAGE2.C	F0689_IMG_ExpandGraphicToBitmap	function_local_storage	no_standalone_port
L	2736	L2736_auc_LocalPalette	IMAGE2.C	F0689_IMG_ExpandGraphicToBitmap	function_local_storage	no_standalone_port
L	2737	L2737_c_	IMAGE2.C	F0689_IMG_ExpandGraphicToBitmap	function_local_storage	no_standalone_port
L	2738	L2738_ui_	IMAGE2.C	F0689_IMG_ExpandGraphicToBitmap	function_local_storage	no_standalone_port
L	2739	L2739_ui_	IMAGE2.C	F0689_IMG_ExpandGraphicToBitmap	function_local_storage	no_standalone_port
L	2740	L2740_ui_Width	SWITCH.C;IMAGE3.C	F0691_IMG_ExpandGraphicToScreen	function_local_storage	no_standalone_port
L	2741	L2741_ui_Height	SWITCH.C;IMAGE3.C	F0691_IMG_ExpandGraphicToScreen	function_local_storage	no_standalone_port
L	2743	L2743_ui_	SWITCH.C;IMAGE3.C	F0691_IMG_ExpandGraphicToScreen	function_local_storage	no_standalone_port
L	2744	L2744_i_	SWITCH.C;IMAGE3.C	F0691_IMG_ExpandGraphicToScreen	function_local_storage	no_standalone_port
L	2745	L2745_i_	SWITCH.C;IMAGE3.C	F0691_IMG_ExpandGraphicToScreen	function_local_storage	no_standalone_port
L	2746	L2746_i_	SWITCH.C;IMAGE3.C	F0691_IMG_ExpandGraphicToScreen	function_local_storage	no_standalone_port
L	2747	L2747_ui_	SWITCH.C;IMAGE3.C	F0691_IMG_ExpandGraphicToScreen	function_local_storage	no_standalone_port
L	2748	L2748_uc_	SWITCH.C;IMAGE3.C	F0691_IMG_ExpandGraphicToScreen	function_local_storage	no_standalone_port
L	2749	L2749_c_Color	SWITCH.C;IMAGE3.C	F0691_IMG_ExpandGraphicToScreen	function_local_storage	no_standalone_port
L	2750	L2750_i_	SWITCH.C;IMAGE3.C	F0691_IMG_ExpandGraphicToScreen	function_local_storage	no_standalone_port
L	2751	L2751_ui_	SWITCH.C;IMAGE3.C	F0691_IMG_ExpandGraphicToScreen	function_local_storage	no_standalone_port
L	2752	L2752_ui_	SWITCH.C;IMAGE3.C	F0691_IMG_ExpandGraphicToScreen	function_local_storage	no_standalone_port
L	2753	L2753_i_	IMAGE3.C	F0691_IMG_ExpandGraphicToScreen	function_local_storage	no_standalone_port
L	2754	L2754_i_	IMAGE3.C	F0691_IMG_ExpandGraphicToScreen	function_local_storage	no_standalone_port
L	2755	L2755_ui_	IMAGE3.C	F0691_IMG_ExpandGraphicToScreen	function_local_storage	no_standalone_port
L	2756	L2756_i_	IMAGE3.C	F0691_IMG_ExpandGraphicToScreen	function_local_storage	no_standalone_port
L	2757	L2757_i_	IMAGE3.C	F0691_IMG_ExpandGraphicToScreen	function_local_storage	no_standalone_port
L	2758	L2758_i_	IMAGE3.C	F0691_IMG_ExpandGraphicToScreen	function_local_storage	no_standalone_port
L	2759	L2759_ui_	IMAGE3.C	F0691_IMG_ExpandGraphicToScreen	function_local_storage	no_standalone_port
L	2760	L2760_uc_	IMAGE3.C	F0691_IMG_ExpandGraphicToScreen	function_local_storage	no_standalone_port
L	2761	L2761_uc_	IMAGE3.C	F0691_IMG_ExpandGraphicToScreen	function_local_storage	no_standalone_port
L	2762	L2762_uc_	IMAGE3.C	F0691_IMG_ExpandGraphicToScreen	function_local_storage	no_standalone_port
L	2763	L2763_c_	IMAGE3.C	F0691_IMG_ExpandGraphicToScreen	function_local_storage	no_standalone_port
L	2764	L2764_ui_	IMAGE3.C	F0691_IMG_ExpandGraphicToScreen	function_local_storage	no_standalone_port
L	2765	L2765_ui_	IMAGE3.C	F0691_IMG_ExpandGraphicToScreen	function_local_storage	no_standalone_port
L	2766	L2766_ai_Box	IMAGE3.C	F0692_FillBox	function_local_storage	no_standalone_port
L	2767	L2767_ui_Height	IMAGE3.C	F0692_FillBox	function_local_storage	no_standalone_port
L	2768	L2768_ui_Width	IMAGE3.C	F0692_FillBox	function_local_storage	no_standalone_port
L	2769	L2769_i_	IMAGE3.C	F0692_FillBox	function_local_storage	no_standalone_port
L	2770	L2770_ui_	IMAGE3.C	F0692_FillBox	function_local_storage	no_standalone_port
L	2771	L2771_l_	IMAGE.C	F0693_WaitVerticalBlank	function_local_storage	no_standalone_port
L	2772	L2772_puc_	IMAGE.C	F1028_FillX68000LargeScreenBlack	function_local_storage	no_standalone_port
L	2773	L2773_ppuc_	IMAGE.C	F1028_FillX68000LargeScreenBlack	function_local_storage	no_standalone_port
L	2774	L2774_puc_	IMAGE.C	F1028_FillX68000LargeScreenBlack	function_local_storage	no_standalone_port
L	2775	L2775_i_	IMAGE.C	F1010_LoadX68000BorderGraphics	function_local_storage	no_standalone_port
L	2776	L2776_l_	IMAGE.C	F1010_LoadX68000BorderGraphics	function_local_storage	no_standalone_port
L	2777	L2777_ppuc_	IMAGE.C	F1010_LoadX68000BorderGraphics	function_local_storage	no_standalone_port
L	2778	L2778_puc_	IMAGE.C	F1010_LoadX68000BorderGraphics	function_local_storage	no_standalone_port
L	2779	L2779_apuc_	IMAGE.C	F1010_LoadX68000BorderGraphics	function_local_storage	no_standalone_port
L	2780	L2780_i_X1	IMAGE.C	F0697_HatchScreenBox	function_local_storage	no_standalone_port
L	2781	L2781_i_X2	IMAGE.C	F0697_HatchScreenBox	function_local_storage	no_standalone_port
L	2782	L2782_i_Y1	IMAGE.C	F0697_HatchScreenBox	function_local_storage	no_standalone_port
L	2783	L2783_i_Y2	IMAGE.C	F0697_HatchScreenBox	function_local_storage	no_standalone_port
L	2784	L2784_l_SupervisorStack	IMAGE.C	F0698_InvertBox	function_local_storage	no_standalone_port
L	2785	L2785_i_X1	IMAGE.C	F0698_InvertBox	function_local_storage	no_standalone_port
L	2786	L2786_i_X2	IMAGE.C	F0698_InvertBox	function_local_storage	no_standalone_port
L	2787	L2787_i_Y1	IMAGE.C	F0698_InvertBox	function_local_storage	no_standalone_port
L	2788	L2788_i_Y2	IMAGE.C	F0698_InvertBox	function_local_storage	no_standalone_port
L	2789	L2789_i_X1	IMAGE.C	F0698_InvertBox	function_local_storage	no_standalone_port
L	2790	L2790_i_X2	IMAGE.C	F0698_InvertBox	function_local_storage	no_standalone_port
L	2791	L2791_i_Y1	IMAGE.C	F0698_InvertBox	function_local_storage	no_standalone_port
L	2792	L2792_i_Y2	IMAGE.C	F0698_InvertBox	function_local_storage	no_standalone_port
L	2793	L2793_ps_	INSTALL.C	F8049_	function_local_storage	no_standalone_port
L	2794	L2794_l_	INSTALL.C	F8049_	function_local_storage	no_standalone_port
L	2795	L2795_s_	INSTALL.C	F8050_	function_local_storage	no_standalone_port
L	2796	L2796_ps_	INSTALL.C	F8051_	function_local_storage	no_standalone_port
L	2797	L2797_ps_	INSTALL.C	F8051_	function_local_storage	no_standalone_port
L	2798	L2798_ac_	INSTALL.C	F8051_	function_local_storage	no_standalone_port
L	2799	L2799_ac_	INSTALL.C	F8051_	function_local_storage	no_standalone_port
L	2800	L2800_ac_	INSTALL.C	F8051_	function_local_storage	no_standalone_port
L	2801	L2801_i_	INSTALL.C	F8051_	function_local_storage	no_standalone_port
L	2804	L2804_uc_	INSTALL.C	F8053_	function_local_storage	no_standalone_port
L	2808	L2808_ac_	INSTALL.C	F8055_	function_local_storage	no_standalone_port
L	2809	L2809_i_	INSTALL.C	F8055_	function_local_storage	no_standalone_port
L	2810	L2810_i_	INSTALL.C	F8055_	function_local_storage	no_standalone_port
L	2811	L2811_i_	INSTALL.C	F8055_	function_local_storage	no_standalone_port
L	2812	L2812_i_	INSTALL.C	F8055_	function_local_storage	no_standalone_port
L	2813	L2813_i_	INSTALL.C	F8055_	function_local_storage	no_standalone_port
L	2814	L2814_ul_	INSTALL.C	F8055_	function_local_storage	no_standalone_port
L	2815	L2815_l_	INSTALL.C	F8055_	function_local_storage	no_standalone_port
L	2816	L2816_ul_	INSTALL.C	F8055_	function_local_storage	no_standalone_port
L	2817	L2817_l_	INSTALL.C	F8055_	function_local_storage	no_standalone_port
L	2818	L2818_l_	INSTALL.C	F8055_	function_local_storage	no_standalone_port
L	2819	L2819_ac_	INSTALL.C	F8055_	function_local_storage	no_standalone_port
L	2820	L2820_ac_	INSTALL.C	F8055_	function_local_storage	no_standalone_port
L	2821	L2821_ac_	INSTALL.C	F8055_	function_local_storage	no_standalone_port
L	2822	L2822_ac_	INSTALL.C	F8055_	function_local_storage	no_standalone_port
L	2823	L2823_ac_	INSTALL.C	F8055_	function_local_storage	no_standalone_port
L	2824	L2824_i_	INSTALL.C	F8055_	function_local_storage	no_standalone_port
L	2825	L2825_ai_XYZ	PANEL.C	F0332_INVENTORY_DrawIconToViewport	function_local_storage	no_standalone_port
L	2826	L2826_ac_ScrollText	PANEL.C	F0802_IsMagicMap	function_local_storage	no_standalone_port
L	2827	L2827_ai_XYZ	PANEL.C	F0803_DrawMagicMapIcon	function_local_storage	no_standalone_port
L	2828	L2828_i_	PANEL.C	F0804_DrawMagicMap	function_local_storage	no_standalone_port
L	2829	L2829_i_	PANEL.C	F0804_DrawMagicMap	function_local_storage	no_standalone_port
L	2830	L2830_ai_SquareAspect	PANEL.C	F0804_DrawMagicMap	function_local_storage	no_standalone_port
L	2831	L2831_ai_XYZ	PANEL.C	F0804_DrawMagicMap	function_local_storage	no_standalone_port
L	2832	L2832_ps_Champion	PANEL.C	F0804_DrawMagicMap	function_local_storage	no_standalone_port
L	2833	L2833_ps_Projectile	PANEL.C	F0804_DrawMagicMap	function_local_storage	no_standalone_port
L	2834	L2834_B_	PANEL.C	F0804_DrawMagicMap	function_local_storage	no_standalone_port
L	2835	L2835_T_Thing	PANEL.C	F0804_DrawMagicMap	function_local_storage	no_standalone_port
L	2836	L2836_T_Thing	PANEL.C	F0804_DrawMagicMap	function_local_storage	no_standalone_port
L	2837	L2837_T_Thing	PANEL.C	F0804_DrawMagicMap	function_local_storage	no_standalone_port
L	2838	L2838_T_Thing	PANEL.C	F0804_DrawMagicMap	function_local_storage	no_standalone_port
L	2839	L2839_i_Width	PANEL.C	F0340_INVENTORY_DrawPanel_ScrollTextLine	function_local_storage	no_standalone_port
L	2840	L2840_i_Height	PANEL.C	F0340_INVENTORY_DrawPanel_ScrollTextLine	function_local_storage	no_standalone_port
L	2841	L2841_pc_ScrollText	PANEL.C	F0805_CreatureNameScroll	function_local_storage	no_standalone_port
L	2842	L2842_pc_CreatureName	PANEL.C	F0805_CreatureNameScroll	function_local_storage	no_standalone_port
L	2843	L2843_i_CreatureNameScrollTextLength	PANEL.C	F0805_CreatureNameScroll	function_local_storage	no_standalone_port
L	2844	L2844_T_Thing	PANEL.C	F0805_CreatureNameScroll	function_local_storage	no_standalone_port
L	2845	L2845_i_	PANEL.C	F0805_CreatureNameScroll	function_local_storage	no_standalone_port
L	2846	L2846_i_	PANEL.C	F0805_CreatureNameScroll	function_local_storage	no_standalone_port
L	2847	L2847_i_X	PANEL.C	F0341_INVENTORY_DrawPanel_Scroll	function_local_storage	no_standalone_port
L	2848	L2848_i_Y	PANEL.C	F0341_INVENTORY_DrawPanel_Scroll	function_local_storage	no_standalone_port
L	2849	L2849_ps_Champion	PANEL.C	F0341_INVENTORY_DrawPanel_Scroll	function_local_storage	no_standalone_port
L	2850	L2850_i_	PANEL.C	F0341_INVENTORY_DrawPanel_Scroll	function_local_storage	no_standalone_port
L	2851	L2851_i_	PANEL.C	F0341_INVENTORY_DrawPanel_Scroll	function_local_storage	no_standalone_port
L	2852	L2852_i_	PANEL.C	F0341_INVENTORY_DrawPanel_Scroll	function_local_storage	no_standalone_port
L	2853	L2853_i_	PANEL.C	F0341_INVENTORY_DrawPanel_Scroll	function_local_storage	no_standalone_port
L	2854	L2854_i_	PANEL.C	F0341_INVENTORY_DrawPanel_Scroll	function_local_storage	no_standalone_port
L	2855	L2855_i_	PANEL.C	F0341_INVENTORY_DrawPanel_Scroll	function_local_storage	no_standalone_port
L	2856	L2856_i_	PANEL.C	F0341_INVENTORY_DrawPanel_Scroll	function_local_storage	no_standalone_port
L	2857	L2857_i_	PANEL.C	F0341_INVENTORY_DrawPanel_Scroll	function_local_storage	no_standalone_port
L	2858	L2858_i_	PANEL.C	F0341_INVENTORY_DrawPanel_Scroll	function_local_storage	no_standalone_port
L	2859	L2859_i_	PANEL.C	F0341_INVENTORY_DrawPanel_Scroll	function_local_storage	no_standalone_port
L	2860	L2860_i_	PANEL.C	F0341_INVENTORY_DrawPanel_Scroll	function_local_storage	no_standalone_port
L	2861	L2861_pc_	PANEL.C	F0342_INVENTORY_DrawPanel_Object	function_local_storage	no_standalone_port
L	2862	L2862_i_Counter	PANEL.C	F0344_INVENTORY_DrawPanel_FoodOrWaterBar	function_local_storage	no_standalone_port
L	2863	L2863_ai_XYZ	PANEL.C	F0344_INVENTORY_DrawPanel_FoodOrWaterBar	function_local_storage	no_standalone_port
L	2864	L2864_ai_XYZ	PANEL.C	F0344_INVENTORY_DrawPanel_FoodOrWaterBar	function_local_storage	no_standalone_port
L	2865	L2865_i_X	PANEL.C	F0351_INVENTORY_DrawChampionSkillsAndStatistics	function_local_storage	no_standalone_port
L	2866	L2866_i_X2	PANEL.C	F0351_INVENTORY_DrawChampionSkillsAndStatistics	function_local_storage	no_standalone_port
L	2867	L2867_i_	PANEL.C	F0353_INVENTORY_DrawStopPressingEye	function_local_storage	no_standalone_port
L	2868	L2868_ai_XYZ	PANEL.C	F0354_INVENTORY_DrawStatusBoxPortrait	function_local_storage	no_standalone_port
L	2869	L2869_B_	PANEL.C	F0355_INVENTORY_Toggle_CPSE	function_local_storage	no_standalone_port
L	2870	L2870_ai_XYZ	INVRTZON.C	F0731_InvertZone	function_local_storage	no_standalone_port
L	2871	L2871_i_ChampionIndex	IO.C	F0781_MouseHandler	function_local_storage	no_standalone_port
L	2872	L2872_i_	IO.C	F0781_MouseHandler	function_local_storage	no_standalone_port
L	2873	L2873_i_OverChampionName	IO.C	F0781_MouseHandler	function_local_storage	no_standalone_port
L	2874	L2874_i_PointerType	IO.C	F0781_MouseHandler	function_local_storage	no_standalone_port
L	2875	L2875_i_	IO.C	F0781_MouseHandler	function_local_storage	no_standalone_port
L	2876	L2876_i_	IO.C	F0782_	function_local_storage	no_standalone_port
L	2877	L2877_pi_	IO.C	F1038_UpdateMousePointer	function_local_storage	no_standalone_port
L	2878	L2878_i_	IO.C	F1038_UpdateMousePointer	function_local_storage	no_standalone_port
L	2879	L2879_i_	IO.C	F1038_UpdateMousePointer	function_local_storage	no_standalone_port
L	2880	L2880_i_	IO.C	F1038_UpdateMousePointer	function_local_storage	no_standalone_port
L	2881	L2881_i_	IO.C	F1038_UpdateMousePointer	function_local_storage	no_standalone_port
L	2882	L2882_pi_	IO.C	F0066_MOUSE_Initialize	function_local_storage	no_standalone_port
L	2883	L2883_ui_	IO.C	F0066_MOUSE_Initialize	function_local_storage	no_standalone_port
L	2884	L2884_i_	IO.C	F1045_	function_local_storage	no_standalone_port
L	2885	L2885_pi_	IO.C	F1045_	function_local_storage	no_standalone_port
L	2887	L2887_puc_Bitmap	IO.C	F0702_BuildObjectMousePointerIcon	function_local_storage	no_standalone_port
L	2888	L2888_i_	IO.C	F1036_Mouse1	function_local_storage	no_standalone_port
L	2889	L2889_i_	IO.C	F1036_Mouse1	function_local_storage	no_standalone_port
L	2890	L2890_i_	IO.C	F1036_Mouse1	function_local_storage	no_standalone_port
L	2891	L2891_i_	IO.C	F1036_Mouse1	function_local_storage	no_standalone_port
L	2892	L2892_i_	IO.C	F1036_Mouse1	function_local_storage	no_standalone_port
L	2893	L2893_pi_	IO.C	F1036_Mouse1	function_local_storage	no_standalone_port
L	2894	L2894_pi_	IO.C	F1036_Mouse1	function_local_storage	no_standalone_port
L	2895	L2895_l_SupervisorStack	IO.C	F1036_Mouse1	function_local_storage	no_standalone_port
L	2896	L2896_pi_	IO.C	F1036_Mouse1	function_local_storage	no_standalone_port
L	2897	L2897_ui_	IO.C	F1036_Mouse1	function_local_storage	no_standalone_port
L	2898	L2898_ui_	IO.C	F1036_Mouse1	function_local_storage	no_standalone_port
L	2899	L2899_i_	IO.C	F1036_Mouse1	function_local_storage	no_standalone_port
L	2900	L2900_ui_	IO.C	F1036_Mouse1	function_local_storage	no_standalone_port
L	2901	L2901_ui_	IO.C	F1036_Mouse1	function_local_storage	no_standalone_port
L	2902	L2902_pi_	IO.C	F1036_Mouse1	function_local_storage	no_standalone_port
L	2910	L2910_ai_XYZ	IO.C	F1037_Mouse2	function_local_storage	no_standalone_port
L	2911	L2911_i_Width	IO.C	F1037_Mouse2	function_local_storage	no_standalone_port
L	2912	L2912_i_Height	IO.C	F1037_Mouse2	function_local_storage	no_standalone_port
L	2913	L2913_l_	IO.C	F1037_Mouse2	function_local_storage	no_standalone_port
L	2914	L2914_puc_	IO.C	F1037_Mouse2	function_local_storage	no_standalone_port
L	2915	L2915_l_	IO.C	F0068_MOUSE_SetPointerToObject	function_local_storage	no_standalone_port
L	2916	L2916_puc_ChampionIconsBitmap	IO.C	F0070_MOUSE_ProcessCommands125To128_ClickOnChampionIcon	function_local_storage	no_standalone_port
L	2917	L2917_puc_Bitmap2	IO.C	F0070_MOUSE_ProcessCommands125To128_ClickOnChampionIcon	function_local_storage	no_standalone_port
L	2918	L2918_l_	IO.C	F0070_MOUSE_ProcessCommands125To128_ClickOnChampionIcon	function_local_storage	no_standalone_port
L	2919	L2919_l_	IO.C	F0070_MOUSE_ProcessCommands125To128_ClickOnChampionIcon	function_local_storage	no_standalone_port
L	2920	L2920_Unreferenced	IO.C	F0070_MOUSE_ProcessCommands125To128_ClickOnChampionIcon	function_local_storage	no_standalone_port
L	2921	L2921_i_	IO.C	F1041_GetMousePointerType	function_local_storage	no_standalone_port
L	2922	L2922_i_	IO.C	F1041_GetMousePointerType	function_local_storage	no_standalone_port
L	2923	L2923_i_	IO.C	F1041_GetMousePointerType	function_local_storage	no_standalone_port
L	2924	L2924_i_	IO.C	F1041_GetMousePointerType	function_local_storage	no_standalone_port
L	2925	L2925_i_	IO.C;SELECTOR.C	F0060_SOUND_Play_CPSX	function_local_storage	no_standalone_port
L	2926	L2926_i_	IO.C	F0060_SOUND_Play_CPSX	function_local_storage	no_standalone_port
L	2927	L2927_i_	IO.C;SELECTOR.C	F0786_	function_local_storage	no_standalone_port
L	2928	L2928_puc_	IO.C;TOWNSIO.C	F0709_StartSound	function_local_storage	no_standalone_port
L	2929	L2929_pui_	IO.C	F0709_StartSound	function_local_storage	no_standalone_port
L	2930	L2930_i_	IO.C	F0709_StartSound	function_local_storage	no_standalone_port
L	2931	L2931_i_	IO.C	F0714_GetReadFirstSectorResult	function_local_storage	no_standalone_port
L	2932	L2932_c_PhysicalDeviceAddress	IO.C	F0808_SeekToCylinder0_Unreferenced	function_local_storage	no_standalone_port
L	2933	L2933_c_PhysicalDeviceAddress	IO.C	F0809_CheckCopyProtectionSide0Track0_CPSX	function_local_storage	no_standalone_port
L	2934	L2934_uc_Checksum	IO.C	F0809_CheckCopyProtectionSide0Track0_CPSX	function_local_storage	no_standalone_port
L	2936	L2936_i_Unreferenced	IO.C	F0809_CheckCopyProtectionSide0Track0_CPSX	function_local_storage	no_standalone_port
L	2937	L2937_i_ByteIndex	IO.C	F0809_CheckCopyProtectionSide0Track0_CPSX	function_local_storage	no_standalone_port
L	2938	L2938_c_PhysicalDeviceAddress	IO.C	F0810_CheckCopyProtectionSide0Track2_CPSX	function_local_storage	no_standalone_port
L	2939	L2939_uc_Checksum	IO.C	F0810_CheckCopyProtectionSide0Track2_CPSX	function_local_storage	no_standalone_port
L	2940	L2940_i_Unreferenced	IO.C	F0810_CheckCopyProtectionSide0Track2_CPSX	function_local_storage	no_standalone_port
L	2941	L2941_i_ByteIndex	IO.C	F0810_CheckCopyProtectionSide0Track2_CPSX	function_local_storage	no_standalone_port
L	2942	L2942_c_PhysicalDeviceAddress	IO.C	F0811_CheckCopyProtectionSide0Track0_Unreferenced	function_local_storage	no_standalone_port
L	2943	L2943_c_PhysicalDeviceAddress	IO.C	F0812_CheckCopyProtectionSide0Track1_CPSX	function_local_storage	no_standalone_port
L	2944	L2944_ui_	IO2.C	F0540_INPUT_Crawcin	function_local_storage	no_standalone_port
L	2945	L2945_i_Key	IO2.C	F0540_INPUT_Crawcin	function_local_storage	no_standalone_port
L	2946	L2946_i_	SELECTOR.C;IO2.C	F0711_ConvertScanCodeToASCII	function_local_storage	no_standalone_port
L	2947	L2947_i_	IO2.C	F1035_Unreferenced	function_local_storage	no_standalone_port
L	2948	L2948_i_A	IO2.C	F0712_AnyKeyboardOrMouseInput	function_local_storage	no_standalone_port
L	2949	L2949_i_B	IO2.C	F0712_AnyKeyboardOrMouseInput	function_local_storage	no_standalone_port
L	2950	L2950_i_C	IO2.C	F0712_AnyKeyboardOrMouseInput	function_local_storage	no_standalone_port
L	2951	L2951_ui_	JAPANESE.C	F1001_JAPANESE_LoadANKCharacterPatterns	function_local_storage	no_standalone_port
L	2952	L2952_i_BytesPerCharacter	JAPANESE.C	F0952_JAPANESE_Print	function_local_storage	no_standalone_port
L	2953	L2953_i_	JAPANESE.C	F0952_JAPANESE_Print	function_local_storage	no_standalone_port
L	2954	L2954_i_	JAPANESE.C	F0952_JAPANESE_Print	function_local_storage	no_standalone_port
L	2955	L2955_i_	JAPANESE.C	F0952_JAPANESE_Print	function_local_storage	no_standalone_port
L	2956	L2956_i_	JAPANESE.C	F0952_JAPANESE_Print	function_local_storage	no_standalone_port
L	2957	L2957_auc_	JAPANESE.C	F0952_JAPANESE_Print	function_local_storage	no_standalone_port
L	2958	L2958_pc_	JAPANESE.C	F0952_JAPANESE_Print	function_local_storage	no_standalone_port
L	2959	L2959_i_	JAPANESE.C	F0952_JAPANESE_Print	function_local_storage	no_standalone_port
L	2960	L2960_i_	JAPANESE.C	F0952_JAPANESE_Print	function_local_storage	no_standalone_port
L	2961	L2961_uc_	CEDT027.C;JAPANESE.C;CEDT030.C	F0952_JAPANESE_Print	function_local_storage	no_standalone_port
L	2962	L2962_i_BytesPerCharacter	CEDT027.C;JAPANESE.C;CEDT030.C	F0952_JAPANESE_Print	function_local_storage	no_standalone_port
L	2963	L2963_uc_	JAPANESE.C;CEDT030.C	F0952_JAPANESE_Print	function_local_storage	no_standalone_port
L	2964	L2964_puc_	JAPANESE.C;CEDT030.C	F0952_JAPANESE_Print	function_local_storage	no_standalone_port
L	2965	L2965_i_	JAPANESE.C;CEDT030.C	F0952_JAPANESE_Print	function_local_storage	no_standalone_port
L	2966	L2966_l_SupervisorStack	JAPANESE.C;CEDT030.C	F0952_JAPANESE_Print	function_local_storage	no_standalone_port
L	2967	L2967_pc_Character	LANGUAGE.C	F0757_LoadTexts	function_local_storage	no_standalone_port
L	2968	L2968_ppc_	LANGUAGE.C	F0757_LoadTexts	function_local_storage	no_standalone_port
L	2969	L2969_i_ByteIndex	LANGUAGE.C	F0757_LoadTexts	function_local_storage	no_standalone_port
L	2970	L2970_i_StringCount	LANGUAGE.C	F0757_LoadTexts	function_local_storage	no_standalone_port
L	2971	L2971_ui_ByteCount	LANGUAGE.C	F0757_LoadTexts	function_local_storage	no_standalone_port
L	2973	L2973_i_Unreferenced	LOADSAVE.C	F0433_STARTEND_ProcessCommand140_SaveGame_CPSCDF	function_local_storage	no_standalone_port
L	2974	L2974_i_ChoiceCount	LOADSAVE.C	F0433_STARTEND_ProcessCommand140_SaveGame_CPSCDF	function_local_storage	no_standalone_port
L	2975	L2975_ui_ChoiceCancel	LOADSAVE.C	F0433_STARTEND_ProcessCommand140_SaveGame_CPSCDF	function_local_storage	no_standalone_port
L	2976	L2976_ui_ChoiceSave	LOADSAVE.C	F0433_STARTEND_ProcessCommand140_SaveGame_CPSCDF	function_local_storage	no_standalone_port
L	2977	L2977_ui_ChoiceQuit	LOADSAVE.C	F0433_STARTEND_ProcessCommand140_SaveGame_CPSCDF	function_local_storage	no_standalone_port
L	2978	L2978_i_ChoiceFormat	LOADSAVE.C	F0433_STARTEND_ProcessCommand140_SaveGame_CPSCDF	function_local_storage	no_standalone_port
L	2979	L2979_B_Quit	LOADSAVE.C	F0433_STARTEND_ProcessCommand140_SaveGame_CPSCDF	function_local_storage	no_standalone_port
L	2981	L2981_B_FileOpened	LOADSAVE.C	F0435_STARTEND_LoadGame	function_local_storage	no_standalone_port
L	2982	L2982_l_PortraitBitmapByteCount	LOADSAVE.C	F0435_STARTEND_LoadGame	function_local_storage	no_standalone_port
L	2983	L2983_apc_Portraits	LOADSAVE.C	F0435_STARTEND_LoadGame	function_local_storage	no_standalone_port
L	2984	L2984_l_	MEM1.C	F9010_MEM1_06_Allocate	function_local_storage	no_standalone_port
L	2985	L2985_pl_	MEM1.C	F9010_MEM1_06_Allocate	function_local_storage	no_standalone_port
L	2986	L2986_l_	MEM1.C	F9011_MEM1_07_Free	function_local_storage	no_standalone_port
L	2987	L2987_pl_	MEM1.C	F9011_MEM1_07_Free	function_local_storage	no_standalone_port
L	2988	L2988_l_	MEM1.C	F9012_MEM1_08_Available	function_local_storage	no_standalone_port
L	2989	L2989_l_	MEM1.C	F9012_MEM1_08_Available	function_local_storage	no_standalone_port
L	2990	L2990_B_AllocateBitmap	MEMORY.C	F0468_MEMORY_Allocate	function_local_storage	no_standalone_port
L	2991	L2991_puc_Bitmap	MEMORY.C	F0606_AllocateMemForGraphic	function_local_storage	no_standalone_port
L	2992	L2992_i_	MEMORY.C	F0608_GetLanguageSpecificGraphicIndex	function_local_storage	no_standalone_port
L	2993	L2993_i_	MEMORY.C	F0608_GetLanguageSpecificGraphicIndex	function_local_storage	no_standalone_port
L	2994	L2994_l_ByteCount	MEMORY.C	F0476_MEMORY_InitializeGraphicMemory	function_local_storage	no_standalone_port
L	2995	L2995_puc_	MEMORY.C	F0476_MEMORY_InitializeGraphicMemory	function_local_storage	no_standalone_port
L	2996	L2996_l_	MEMORY.C	F0476_MEMORY_InitializeGraphicMemory	function_local_storage	no_standalone_port
L	2997	L2997_puc_	MEMORY.C	F0476_MEMORY_InitializeGraphicMemory	function_local_storage	no_standalone_port
L	2998	L2998_l_	MEMORY.C	F0476_MEMORY_InitializeGraphicMemory	function_local_storage	no_standalone_port
L	2999	L2999_puc_	MEMORY.C	F0476_MEMORY_InitializeGraphicMemory	function_local_storage	no_standalone_port
L	3000	L3000_B_ContinueWithNextMemoryProfile	MEMORY.C	F0476_MEMORY_InitializeGraphicMemory	function_local_storage	no_standalone_port
L	3002	L3002_l_	MEMORY.C	F0479_MEMORY_ReadGraphicsDatHeader	function_local_storage	no_standalone_port
L	3003	L3003_l_Size	MEMORY.C	F0611_MarkGraphicAsUnused	function_local_storage	no_standalone_port
L	3004	L3004_puc_Graphic	MEMORY.C	F0612_RemoveGraphic	function_local_storage	no_standalone_port
L	3005	L3005_l_ByteCount	MEMORY.C	F0612_RemoveGraphic	function_local_storage	no_standalone_port
L	3006	L3006_Graphic	MEMORY.C	F0614_CopyToMemoryArea	function_local_storage	no_standalone_port
L	3007	L3007_ps_MemoryArea	MEMORY.C	F0484_MEMORY_LoadGraphics_CPSDEF	function_local_storage	no_standalone_port
L	3008	L3008_l_TotalEMSMemoryGraphicByteCountRequired	MEMORY.C	F0484_MEMORY_LoadGraphics_CPSDEF	function_local_storage	no_standalone_port
L	3009	L3009_l_EMSMemoryAreaByteCount	MEMORY.C	F0484_MEMORY_LoadGraphics_CPSDEF	function_local_storage	no_standalone_port
L	3010	L3010_l_CacheMemoryToReclaim	MEMORY.C	F0484_MEMORY_LoadGraphics_CPSDEF	function_local_storage	no_standalone_port
L	3011	L3011_B_DoNotCopyDimensions	MEMORY.C	F0490_MEMORY_LoadDecompressAndExpandGraphic	function_local_storage	no_standalone_port
L	3012	L3012_puc_	MEMORY.C	F0763_LoadEndgameBitmapExpanded	function_local_storage	no_standalone_port
L	3013	L3013_ac_DebugString	MEMORY.C	F0617_PrintMemoryUsage	function_local_storage	no_standalone_port
L	3014	L3014_i_SpellDisabledTicks	MENU.C	F0412_MENUS_GetChampionSpellCastResult	function_local_storage	no_standalone_port
L	3015	L3015_i_ZoneIndex	MENUDRAW.C	F0397_MENUS_DrawAvailableSymbols	function_local_storage	no_standalone_port
L	3016	L3016_i_ZoneIndex	MENUDRAW.C	F0398_MENUS_DrawChampionSymbols	function_local_storage	no_standalone_port
L	3017	L3017_i_Height	ACTIDRAW.C	F0385_MENUS_DrawActionDamage	function_local_storage	no_standalone_port
L	3018	L3018_i_ZoneIndex	SPELDRAW.C	F0393_MENUS_DrawSpellAreaControls	function_local_storage	no_standalone_port
L	3019	L3019_i_ChampionIndex	SPELDRAW.C	F0393_MENUS_DrawSpellAreaControls	function_local_storage	no_standalone_port
L	3020	L3020_i_Unreferenced	CASTER.C	F0394_MENUS_SetMagicCasterAndDrawSpellArea	function_local_storage	no_standalone_port
L	3021	L3021_pc_MessagePrefix	SPELFAIL.C	F0410_MENUS_PrintSpellFailureMessage	function_local_storage	no_standalone_port
L	3022	L3022_i_X	MOVESENS.C	F0267_MOVE_GetMoveResult_CPSCE	function_local_storage	no_standalone_port
L	3023	L3023_i_Y	MOVESENS.C	F0267_MOVE_GetMoveResult_CPSCE	function_local_storage	no_standalone_port
L	3024	L3024_i_Unreferenced	MOVESENS.C	F0267_MOVE_GetMoveResult_CPSCE	function_local_storage	no_standalone_port
L	3025	L3025_i_SoundOrdinal	MOVESENS.C	F0514_MOVE_GetSound	function_local_storage	no_standalone_port
L	3026	L3026_pc_String	FILENAME.C	F0744_ReplaceTildeInFileName	function_local_storage	no_standalone_port
L	3027	L3027_c_Character	FILENAME.C	F0744_ReplaceTildeInFileName	function_local_storage	no_standalone_port
L	3028	L3028_c_	FILENAME.C	F0745_SetFileNamesAccordingToLanguage	function_local_storage	no_standalone_port
L	3029	L3029_i_EventIndex	TIMELINE.C	F0651_TIMELINE_InitializeOptimizedManagement	function_local_storage	no_standalone_port
L	3030	L3030_i_UnusedEventIndex	TIMELINE.C	F0651_TIMELINE_InitializeOptimizedManagement	function_local_storage	no_standalone_port
L	3031	L3031_ps_Event	TIMELINE.C	F0652_MergeEvent	function_local_storage	no_standalone_port
L	3032	L3032_i_Multiple	TIMELINE.C	F0652_MergeEvent	function_local_storage	no_standalone_port
L	3033	L3033_puc_BaseMemoryBottom	STARTUP1.C	F0448_STARTUP1_InitializeMemoryManager_CPSADEF	function_local_storage	no_standalone_port
L	3034	L3034_l_BaseMemorySize	STARTUP1.C	F0448_STARTUP1_InitializeMemoryManager_CPSADEF	function_local_storage	no_standalone_port
L	3035	L3035_i_FileHandle	STARTUP2.C	F0746_IsEMSPresent	function_local_storage	no_standalone_port
L	3036	L3036_uc_Byte	STARTUP2.C	F0747_EMM_GetVersion	function_local_storage	no_standalone_port
L	3037	L3037_pui_Buffer	STARTUP2.C	F0748_Get_EMS_Memory	function_local_storage	no_standalone_port
L	3038	L3038_ui_	STARTUP2.C	F0748_Get_EMS_Memory	function_local_storage	no_standalone_port
L	3039	L3039_ui_PageCount	STARTUP2.C	F0748_Get_EMS_Memory	function_local_storage	no_standalone_port
L	3040	L3040_ui_UnallocatedPageCount	STARTUP2.C	F0748_Get_EMS_Memory	function_local_storage	no_standalone_port
L	3041	L3041_ui_	STARTUP2.C	F0748_Get_EMS_Memory	function_local_storage	no_standalone_port
L	3042	L3042_i_	STARTUP2.C	F0748_Get_EMS_Memory	function_local_storage	no_standalone_port
L	3043	L3043_ui_	STARTUP2.C	F0748_Get_EMS_Memory	function_local_storage	no_standalone_port
L	3044	L3044_i_	STARTUP2.C	F0748_Get_EMS_Memory	function_local_storage	no_standalone_port
L	3045	L3045_i_	STARTUP2.C	F0748_Get_EMS_Memory	function_local_storage	no_standalone_port
L	3046	L3046_i_	STARTUP2.C	F0748_Get_EMS_Memory	function_local_storage	no_standalone_port
L	3047	L3047_aaui_	STARTUP2.C	F0748_Get_EMS_Memory	function_local_storage	no_standalone_port
L	3048	L3048_aui_	STARTUP2.C	F0748_Get_EMS_Memory	function_local_storage	no_standalone_port
L	3049	L3049_i_Multiple	STARTUP2.C	F0460_START_InitializeGraphicData	function_local_storage	no_standalone_port
L	3052	L3052_l_	STARTUP2.C	F1009_	function_local_storage	no_standalone_port
L	3053	L3053_i_	STARTUP2.C	F1009_	function_local_storage	no_standalone_port
L	3054	L3054_puc_	STARTUP2.C	F0755_SetMemoryFlags	function_local_storage	no_standalone_port
L	3055	L3055_c_Counter	STARTUP2.C	F0755_SetMemoryFlags	function_local_storage	no_standalone_port
L	3056	L3056_i_MapIndex	STARTUP2.C	F0756_EvaluateMemoryRequirements	function_local_storage	no_standalone_port
L	3057	L3057_l_AvailableMemoryByteCountForSounds	STARTUP2.C	F0756_EvaluateMemoryRequirements	function_local_storage	no_standalone_port
L	3058	L3058_i_PartyMapIndexBackup	STARTUP2.C	F0756_EvaluateMemoryRequirements	function_local_storage	no_standalone_port
L	3059	L3059_ac_Value	STARTUP2.C	F0756_EvaluateMemoryRequirements	function_local_storage	no_standalone_port
L	3060	L3060_ac_String	STARTUP2.C	F0756_EvaluateMemoryRequirements	function_local_storage	no_standalone_port
L	3061	L3061_l_	STARTUP2.C	F0463_START_InitializeGame_CPSADEF	function_local_storage	no_standalone_port
L	3062	L3062_l_	STARTUP2.C	F0463_START_InitializeGame_CPSADEF	function_local_storage	no_standalone_port
L	3063	L3063_uc_	STARTUP2.C	F1019_	function_local_storage	no_standalone_port
L	3064	L3064_l_	STARTUP2.C	F1020_InitializeX68000	function_local_storage	no_standalone_port
L	3065	L3065_i_Unreferenced	STARTUP2.C	F0463_START_InitializeGame_CPSADEF	function_local_storage	no_standalone_port
L	3066	L3066_uc_	STARTUP2.C	F1019_	function_local_storage	no_standalone_port
L	3067	L3067_uc_	STARTUP2.C	F1019_	function_local_storage	no_standalone_port
L	3068	L3068_uc_	STARTUP2.C	F1019_	function_local_storage	no_standalone_port
L	3069	L3069_uc_	STARTUP2.C	F1019_	function_local_storage	no_standalone_port
L	3070	L3070_l_SupervisorStack	STARTUP2.C	F1016_SetPalette	function_local_storage	no_standalone_port
L	3071	L3071_puc_	STARTUP2.C	F1020_InitializeX68000	function_local_storage	no_standalone_port
L	3072	L3072_i_FileHandle	STATS.C	platform_or_unnumbered_file_scope	function_local_storage	no_standalone_port
L	3073	L3073_uc_	STATS.C	F8024_GetEMSDriverVersion	function_local_storage	no_standalone_port
L	3074	L3074_ui_	STATS.C	F8025_GetEMSMemorySize	function_local_storage	no_standalone_port
L	3075	L3075_i_	STATS.C	F8028_GetFTLSoundAdapterPort	function_local_storage	no_standalone_port
L	3076	L3076_ui_	STATS.C	F8028_GetFTLSoundAdapterPort	function_local_storage	no_standalone_port
L	3077	L3077_ui_	STATS.C	F8035_GetMouseVersionAndType	function_local_storage	no_standalone_port
L	3078	L3078_ui_	STATS.C	F8035_GetMouseVersionAndType	function_local_storage	no_standalone_port
L	3079	L3079_ui_	STATS.C	F8036_Tandy_WritableMemory	function_local_storage	no_standalone_port
L	3080	L3080_l_	STATS.C	F8036_Tandy_WritableMemory	function_local_storage	no_standalone_port
L	3081	L3081_l_	STATS.C	F8036_Tandy_WritableMemory	function_local_storage	no_standalone_port
L	3082	L3082_pl_	STATS.C	F8036_Tandy_WritableMemory	function_local_storage	no_standalone_port
L	3083	L3083_ui_	STATS.C	F8036_Tandy_WritableMemory	function_local_storage	no_standalone_port
L	3084	L3084_B_	STATS.C	F8036_Tandy_WritableMemory	function_local_storage	no_standalone_port
L	3085	L3085_puc_	STATS.C	F8037_IsTandyVideoPresent	function_local_storage	no_standalone_port
L	3086	L3086_puc_	STATS.C	F8037_IsTandyVideoPresent	function_local_storage	no_standalone_port
L	3087	L3087_c_	STATS.C	F8041_IsEGAVideoPresent	function_local_storage	no_standalone_port
L	3088	L3088_c_	STATS.C	F8041_IsEGAVideoPresent	function_local_storage	no_standalone_port
L	3089	L3089_c_	STATS.C	F8042_IsHerculesVideoPresent	function_local_storage	no_standalone_port
L	3090	L3090_auc_	STATS.C	F8047_	function_local_storage	no_standalone_port
L	3091	L3091_puc_	STATS.C	F8047_	function_local_storage	no_standalone_port
L	3092	L3092_i_	STATS.C	F8047_	function_local_storage	no_standalone_port
L	3094	L3094_i_	STATS.C	F8048_	function_local_storage	no_standalone_port
L	3095	L3095_ul_	STATS.C	F8048_	function_local_storage	no_standalone_port
L	3096	L3096_ui_	STATS.C	F8048_	function_local_storage	no_standalone_port
L	3097	L3097_ui_	STATS.C	F8048_	function_local_storage	no_standalone_port
L	3098	L3098_l_	STATS.C	F8048_	function_local_storage	no_standalone_port
L	3099	L3099_ac_	STATS.C	F8048_	function_local_storage	no_standalone_port
L	3100	L3100_i_MouseMajorVersion	STATS.C	F8048_	function_local_storage	no_standalone_port
L	3101	L3101_i_MouseMinorVersion	STATS.C	F8048_	function_local_storage	no_standalone_port
L	3102	L3102_i_MouseType	STATS.C	F8048_	function_local_storage	no_standalone_port
L	3103	L3103_i_MouseInterrupt	STATS.C	F8048_	function_local_storage	no_standalone_port
L	3104	L3104_uc_	STATS.C	F8048_	function_local_storage	no_standalone_port
L	3105	L3105_uc_	STATS.C	F8048_	function_local_storage	no_standalone_port
L	3106	L3106_B_VGAVideoPresent	STATS.C	F8048_	function_local_storage	no_standalone_port
L	3107	L3107_B_EGAVideoPresent	STATS.C	F8048_	function_local_storage	no_standalone_port
L	3108	L3108_B_TandyVideoPresent	STATS.C	F8048_	function_local_storage	no_standalone_port
L	3109	L3109_B_HerculesVideoPresent	STATS.C	F8048_	function_local_storage	no_standalone_port
L	3110	L3110_i_	STATS.C	F8048_	function_local_storage	no_standalone_port
L	3111	L3111_pc_Character	STRING.C	F0090_strlen	function_local_storage	no_standalone_port
L	3112	L3112_pc_Character	STRING.C	F0086_strcat	function_local_storage	no_standalone_port
L	3113	L3113_pc_Character	STRING.C	F0088_strcpy	function_local_storage	no_standalone_port
L	3114	L3114_pc_Character	STRING.C	F0089_strncpy	function_local_storage	no_standalone_port
L	3115	L3115_c_Character	STRING.C	F0091_strchr	function_local_storage	no_standalone_port
L	3116	L3116_pc_	STRING.C	F0816_strstr	function_local_storage	no_standalone_port
L	3117	L3117_pc_	STRING.C	F0816_strstr	function_local_storage	no_standalone_port
L	3118	L3118_c_	STRING.C	F0816_strstr	function_local_storage	no_standalone_port
L	3119	L3119_c_	STRING.C	F0816_strstr	function_local_storage	no_standalone_port
L	3120	L3120_pc_CopySource	STRING.C	F0817_SubstituteFirstCharactersByString	function_local_storage	no_standalone_port
L	3121	L3121_pc_CopyDestination	STRING.C	F0817_SubstituteFirstCharactersByString	function_local_storage	no_standalone_port
L	3122	L3122_i_RemainingCharacterCount	STRING.C	F0817_SubstituteFirstCharactersByString	function_local_storage	no_standalone_port
L	3123	L3123_ac_String	STRING.C	F0671_ConvertLongToString	function_local_storage	no_standalone_port
L	3124	L3124_i_CharacterIndex	STRING.C	F0671_ConvertLongToString	function_local_storage	no_standalone_port
L	3125	L3125_B_IsNegative	STRING.C	F0671_ConvertLongToString	function_local_storage	no_standalone_port
L	3126	L3126_i_ColorIndex	NEC816.C	F8382_PrepareV8382000FromPalette	function_local_storage	no_standalone_port
L	3127	L3127_c_	NEC816.C	F8382_PrepareV8382000FromPalette	function_local_storage	no_standalone_port
L	3128	L3128_c_	NEC816.C	F8382_PrepareV8382000FromPalette	function_local_storage	no_standalone_port
L	3129	L3129_c_	NEC816.C	F8382_PrepareV8382000FromPalette	function_local_storage	no_standalone_port
L	3130	L3130_c_	NEC816.C	F8382_PrepareV8382000FromPalette	function_local_storage	no_standalone_port
L	3131	L3131_c_	NEC816.C	F8382_PrepareV8382000FromPalette	function_local_storage	no_standalone_port
L	3132	L3132_c_	NEC816.C	F8382_PrepareV8382000FromPalette	function_local_storage	no_standalone_port
L	3133	L3133_c_	NEC816.C	F8382_PrepareV8382000FromPalette	function_local_storage	no_standalone_port
L	3134	L3134_c_	NEC816.C	F8382_PrepareV8382000FromPalette	function_local_storage	no_standalone_port
L	3135	L3135_c_	NEC816.C	F8382_PrepareV8382000FromPalette	function_local_storage	no_standalone_port
L	3136	L3136_c_	NEC816.C	F8382_PrepareV8382000FromPalette	function_local_storage	no_standalone_port
L	3137	L3137_c_	NEC816.C	F8382_PrepareV8382000FromPalette	function_local_storage	no_standalone_port
L	3138	L3138_c_	NEC816.C	F8382_PrepareV8382000FromPalette	function_local_storage	no_standalone_port
L	3139	L3139_i_	NEC816.C	F8384_	function_local_storage	no_standalone_port
L	3140	L3140_c_	NEC816.C	F8384_	function_local_storage	no_standalone_port
L	3141	L3141_c_	NEC816.C	F8384_	function_local_storage	no_standalone_port
L	3142	L3142_c_	NEC816.C	F8384_	function_local_storage	no_standalone_port
L	3143	L3143_c_	NEC816.C	F8384_	function_local_storage	no_standalone_port
L	3144	L3144_c_	NEC816.C	F8384_	function_local_storage	no_standalone_port
L	3145	L3145_c_	NEC816.C	F8384_	function_local_storage	no_standalone_port
L	3146	L3146_c_	NEC816.C	F8384_	function_local_storage	no_standalone_port
L	3147	L3147_c_	NEC816.C	F8384_	function_local_storage	no_standalone_port
L	3148	L3148_c_	NEC816.C	F8384_	function_local_storage	no_standalone_port
L	3149	L3149_c_	NEC816.C	F8384_	function_local_storage	no_standalone_port
L	3150	L3150_c_	NEC816.C	F8384_	function_local_storage	no_standalone_port
L	3151	L3151_c_	NEC816.C	F8384_	function_local_storage	no_standalone_port
L	3152	L3152_i_	NEC816.C	F8382_PrepareV8382000FromPalette	function_local_storage	no_standalone_port
L	3153	L3153_c_	NEC816.C	F8382_PrepareV8382000FromPalette	function_local_storage	no_standalone_port
L	3154	L3154_i_	NEC816.C	F8384_	function_local_storage	no_standalone_port
L	3155	L3155_c_	NEC816.C	F8384_	function_local_storage	no_standalone_port
L	3156	L3156_ui_	NEC816.C	F8389_	function_local_storage	no_standalone_port
L	3157	L3157_ui_	NEC816.C	F8389_	function_local_storage	no_standalone_port
L	3165	L3165_i_Unreferenced	NEC816.C	F8151_VIDRV_02_Blit	function_local_storage	no_standalone_port
L	3168	L3168_i_Unreferenced	NEC816.C	F8153_VIDRV_07_WaitVerticalBlank	function_local_storage	no_standalone_port
L	3178	L3178_i_	NEC816.C	F8154_VIDRV_05_InvertBox	function_local_storage	no_standalone_port
L	3179	L3179_i_Unreferenced	NEC816.C	F8154_VIDRV_05_InvertBox	function_local_storage	no_standalone_port
L	3185	L3185_i_Unreferenced	NEC816.C	F8155_VIDRV_06_HatchScreenBox	function_local_storage	no_standalone_port
L	3191	L3191_i_Unreferenced	NEC816.C	F8167_VIDRV_03_BlitMousePointerPrefixedBitmapFromScreen	function_local_storage	no_standalone_port
L	3192	L3192_i_Unreferenced	NEC816.C	F8168_VIDRV_04_BlitMousePointerPrefixedBitmapToScreen	function_local_storage	no_standalone_port
L	3193	L3193_ps_	NEC816.C	F8157_VIDRV_08_SetMultipleColorsInPalette	function_local_storage	no_standalone_port
L	3194	L3194_ui_PaletteType	NEC816.C	F8157_VIDRV_08_SetMultipleColorsInPalette	function_local_storage	no_standalone_port
L	3196	L3196_i_Unreferenced	NEC816.C	F8157_VIDRV_08_SetMultipleColorsInPalette	function_local_storage	no_standalone_port
L	3198	L3198_auc_	NEC816.C	F8157_VIDRV_08_SetMultipleColorsInPalette	function_local_storage	no_standalone_port
L	3199	L3199_pc_	NEC816.C	F8157_VIDRV_08_SetMultipleColorsInPalette	function_local_storage	no_standalone_port
L	3200	L3200_uc_	NEC816.C	F8157_VIDRV_08_SetMultipleColorsInPalette	function_local_storage	no_standalone_port
L	3201	L3201_uc_	NEC816.C	F8157_VIDRV_08_SetMultipleColorsInPalette	function_local_storage	no_standalone_port
L	3202	L3202_uc_	NEC816.C	F8157_VIDRV_08_SetMultipleColorsInPalette	function_local_storage	no_standalone_port
L	3203	L3203_uc_	NEC816.C	F8157_VIDRV_08_SetMultipleColorsInPalette	function_local_storage	no_standalone_port
L	3204	L3204_i_Unreferenced	NEC816.C	F8157_VIDRV_08_SetMultipleColorsInPalette	function_local_storage	no_standalone_port
L	3205	L3205_i_	NEC816.C	F8157_VIDRV_08_SetMultipleColorsInPalette	function_local_storage	no_standalone_port
L	3206	L3206_i_Unreferenced	NEC816.C	F8230_VIDRV_16_SetSingleColorComponentsInPalette	function_local_storage	no_standalone_port
L	3207	L3207_i_Unreferenced	NEC816.C	F8159_VIDRV_11_PALETTE_SetCurtain	function_local_storage	no_standalone_port
L	3209	L3209_i_Unreferenced	NEC816.C	F8160_VIDRV_12_SetCreatureReplacementColors	function_local_storage	no_standalone_port
L	3211	L3211_i_Unreferenced	NEC816.C	F8161_VIDRV_09_BlitViewPort	function_local_storage	no_standalone_port
L	3212	L3212_i_Unreferenced	NEC816.C	F8162_VIDRV_10_ScrollMessageAreaUp	function_local_storage	no_standalone_port
L	3213	L3213_i_Unreferenced	NEC816.C	F8163_VIDRV_00_CopyPixelsToScreenWithoutTransparency	function_local_storage	no_standalone_port
L	3215	L3215_i_	NEC816.C	F8162_VIDRV_10_ScrollMessageAreaUp	function_local_storage	no_standalone_port
L	3216	L3216_l_PixelCount	NEC816.C;VIDEODRV.C	F8163_VIDRV_00_CopyPixelsToScreenWithoutTransparency	function_local_storage	no_standalone_port
L	3217	L3217_i_FirstLinePixelCount	NEC816.C;VIDEODRV.C	F8163_VIDRV_00_CopyPixelsToScreenWithoutTransparency	function_local_storage	no_standalone_port
L	3219	L3219_ui_	NEC816.C	F8165_VIDRV_14_GetPrefixedBitmapByteCountOrBlitFromScreenNoTransparency	function_local_storage	no_standalone_port
L	3220	L3220_i_	NEC816.C;VIDEODRV.C	F8165_VIDRV_14_GetPrefixedBitmapByteCountOrBlitFromScreenNoTransparency	function_local_storage	no_standalone_port
L	3223	L3223_i_Unreferenced	NEC816.C;VIDEODRV.C	F8165_VIDRV_14_GetPrefixedBitmapByteCountOrBlitFromScreenNoTransparency	function_local_storage	no_standalone_port
L	3224	L3224_i_Unreferenced	NEC816.C;VIDEODRV.C	F8165_VIDRV_14_GetPrefixedBitmapByteCountOrBlitFromScreenNoTransparency	function_local_storage	no_standalone_port
L	3229	L3229_i_Unreferenced	NEC816.C	F8166_VIDRV_15_BlitToScreenNoTransparency	function_local_storage	no_standalone_port
L	3230	L3230_i_Unreferenced	NEC816.C	F8166_VIDRV_15_BlitToScreenNoTransparency	function_local_storage	no_standalone_port
L	3231	L3231_ui_	NEC816.C	F8167_VIDRV_03_BlitMousePointerPrefixedBitmapFromScreen	function_local_storage	no_standalone_port
L	3232	L3232_ui_	NEC816.C	F8167_VIDRV_03_BlitMousePointerPrefixedBitmapFromScreen	function_local_storage	no_standalone_port
L	3233	L3233_i_Unreferenced	NEC816.C	F8168_VIDRV_04_BlitMousePointerPrefixedBitmapToScreen	function_local_storage	no_standalone_port
L	3234	L3234_ac_InitialColorPalette	NEC816.C	F8425_ClearAllVRAM	function_local_storage	no_standalone_port
L	3240	L3240_i_	NECIO.C	F8447_ReplaceInterrupt9Vector	function_local_storage	no_standalone_port
L	3241	L3241_i_	NECIO.C	F8447_ReplaceInterrupt9Vector	function_local_storage	no_standalone_port
L	3242	L3242_i_	NECIO.C	F8449_	function_local_storage	no_standalone_port
L	3243	L3243_i_Unreferenced	NECIO.C	F8449_	function_local_storage	no_standalone_port
L	3244	L3244_i_	NECIO.C	F8450_	function_local_storage	no_standalone_port
L	3245	L3245_i_Unreferenced	NECIO.C	F8450_	function_local_storage	no_standalone_port
L	3246	L3246_i_Unreferenced	NECIO.C	F8451_	function_local_storage	no_standalone_port
L	3247	L3247_i_	NECIO.C	F8451_	function_local_storage	no_standalone_port
L	3248	L3248_i_	NECIO.C	F8452_	function_local_storage	no_standalone_port
L	3249	L3249_i_Unreferenced	NECIO.C	F8452_	function_local_storage	no_standalone_port
L	3250	L3250_i_	NECIO.C	F8454_	function_local_storage	no_standalone_port
L	3251	L3251_i_	NECIO.C	F8454_	function_local_storage	no_standalone_port
L	3252	L3252_i_Unreferenced	NECIO.C	F8457_	function_local_storage	no_standalone_port
L	3254	L3254_i_	NECIO.C	F8458_	function_local_storage	no_standalone_port
L	3255	L3255_i_	NECIO.C	F8458_	function_local_storage	no_standalone_port
L	3256	L3256_i_	NECIO.C	F8458_	function_local_storage	no_standalone_port
L	3257	L3257_i_Unreferenced	NECIO.C	F8458_	function_local_storage	no_standalone_port
L	3258	L3258_i_Unreferenced	NECIO.C	F8459_LockMouse	function_local_storage	no_standalone_port
L	3259	L3259_i_Unreferenced	NECIO.C	F8460_UnlockMouse	function_local_storage	no_standalone_port
L	3260	L3260_i_Unreferenced	NECIO.C	F8461_SetMouseHandler	function_local_storage	no_standalone_port
L	3261	L3261_i_	NECIO.C	F8462_ReplaceMouseInterruptHandler	function_local_storage	no_standalone_port
L	3262	L3262_i_	NECIO.C	F8462_ReplaceMouseInterruptHandler	function_local_storage	no_standalone_port
L	3263	L3263_i_Unreferenced	NECIO.C	F8465_	function_local_storage	no_standalone_port
L	3264	L3264_i_Unreferenced	NECIO.C	F8466_	function_local_storage	no_standalone_port
L	3265	L3265_i_	NECIO.C	F8467_	function_local_storage	no_standalone_port
L	3266	L3266_i_Unreferenced	NECIO.C	F8467_	function_local_storage	no_standalone_port
L	3267	L3267_i_Unreferenced	NECIO.C	F8468_	function_local_storage	no_standalone_port
L	3269	L3269_i_Unreferenced	NECIO.C	F1040_SetMouseBoundEvent	function_local_storage	no_standalone_port
L	3270	L3270_i_Unreferenced	NECIO.C	F8470_SetMousePointerCoordinates	function_local_storage	no_standalone_port
L	3271	L3271_i_Unreferenced	NECIO.C	F8471_GetMouseState	function_local_storage	no_standalone_port
L	3272	L3272_i_Unreferenced	NECIO.C	F8472_SetCustomVerticalBlankRoutine	function_local_storage	no_standalone_port
L	3273	L3273_ui_	NECIO.C	F8475_	function_local_storage	no_standalone_port
L	3274	L3274_ui_	NECIO.C	F8480_	function_local_storage	no_standalone_port
L	3275	L3275_i_	NECIO.C	F8481_	function_local_storage	no_standalone_port
L	3276	L3276_ps_	NECIO.C	F8481_	function_local_storage	no_standalone_port
L	3277	L3277_i_	NECIO.C	F8481_	function_local_storage	no_standalone_port
L	3278	L3278_i_	NECIO.C	F8484_	function_local_storage	no_standalone_port
L	3279	L3279_i_	NECIO.C	F8489_	function_local_storage	no_standalone_port
L	3280	L3280_i_	NECIO.C	F8491_GetBigEndianInt	function_local_storage	no_standalone_port
L	3281	L3281_l_	NECIO.C	F8492_GetBigEndianLong	function_local_storage	no_standalone_port
L	3282	L3282_i_	NECIO.C	F8492_GetBigEndianLong	function_local_storage	no_standalone_port
L	3283	L3283_l_TrackByteCount	NECIO.C	F8493_GetTrackAddresses	function_local_storage	no_standalone_port
L	3284	L3284_ppuc_MIDITrackAddresses	NECIO.C	F8493_GetTrackAddresses	function_local_storage	no_standalone_port
L	3285	L3285_i_TrackIndex	NECIO.C	F8493_GetTrackAddresses	function_local_storage	no_standalone_port
L	3286	L3286_l_	MUSCMIDI.C;NECIO.C	F8494_GetVariableLengthQuantity	function_local_storage	no_standalone_port
L	3287	L3287_uc_	MUSCMIDI.C;NECIO.C	F8494_GetVariableLengthQuantity	function_local_storage	no_standalone_port
L	3288	L3288_puc_	MUSCMIDI.C;NECIO.C	F8494_GetVariableLengthQuantity	function_local_storage	no_standalone_port
L	3289	L3289_l_HeaderChunkByteCount	MUSCMIDI.C;NECIO.C	F8495_LoadMIDIData	function_local_storage	no_standalone_port
L	3290	L3290_i_	MUSCMIDI.C;NECIO.C	F8495_LoadMIDIData	function_local_storage	no_standalone_port
L	3291	L3291_l_	NECIO.C	F8496_	function_local_storage	no_standalone_port
L	3292	L3292_l_	MUSCMIDI.C;NECIO.C	F8497_	function_local_storage	no_standalone_port
L	3293	L3293_i_	MUSCMIDI.C;NECIO.C	F8497_	function_local_storage	no_standalone_port
L	3294	L3294_i_	MUSCMIDI.C;NECIO.C	F8497_	function_local_storage	no_standalone_port
L	3295	L3295_i_	MUSCMIDI.C;NECIO.C	F8498_	function_local_storage	no_standalone_port
L	3296	L3296_l_	MUSCMIDI.C;NECIO.C	F8499_	function_local_storage	no_standalone_port
L	3297	L3297_i_	NECIO.C	F8505_ReplaceInterrupt10Vector	function_local_storage	no_standalone_port
L	3298	L3298_i_	NECIO.C	F8505_ReplaceInterrupt10Vector	function_local_storage	no_standalone_port
L	3299	L3299_ui_	NECIO.C	F8509_	function_local_storage	no_standalone_port
L	3300	L3300_i_	NECIO.C	F8509_	function_local_storage	no_standalone_port
L	3301	L3301_c_	NECIO.C	F8509_	function_local_storage	no_standalone_port
L	3302	L3302_ui_	NECIO.C	F8512_	function_local_storage	no_standalone_port
L	3303	L3303_ui_	NECIO.C	F8512_	function_local_storage	no_standalone_port
L	3304	L3304_uc_	NECIO.C	F8512_	function_local_storage	no_standalone_port
L	3305	L3305_i_Unreferenced	NECIO.C	F8513_	function_local_storage	no_standalone_port
L	3306	L3306_i_Unreferenced	NECIO.C	F8515_WaitSoundPlayComplete	function_local_storage	no_standalone_port
L	3307	L3307_i_	NECIO.C	F8516_	function_local_storage	no_standalone_port
L	3308	L3308_ac_	NECIO.C	F8517_	function_local_storage	no_standalone_port
L	3309	L3309_i_	NECIO.C	F8521_MIDIMusicControl	function_local_storage	no_standalone_port
L	3310	L3310_i_Unreferenced	NECIO.C	F8521_MIDIMusicControl	function_local_storage	no_standalone_port
L	3311	L3311_i_	NECIO.C	F8522_	function_local_storage	no_standalone_port
L	3312	L3312_uc_	NECIO.C	F8524_GetDiskState	function_local_storage	no_standalone_port
L	3313	L3313_c_SectorLength	NECIO.C	F8524_GetDiskState	function_local_storage	no_standalone_port
L	3314	L3314_i_Unreferenced	NECIO.C	F8524_GetDiskState	function_local_storage	no_standalone_port
L	3315	L3315_i_Result	NECIO.C	F8524_GetDiskState	function_local_storage	no_standalone_port
L	3316	L3316_B_FloppydiskIsOriginal	NECIO.C	F8525_GetVolumeName_CPSX	function_local_storage	no_standalone_port
L	3317	L3317_i_	NECIO.C	F8525_GetVolumeName_CPSX	function_local_storage	no_standalone_port
L	3318	L3318_ac_CopyProtectionRandomBytes_CPSX	NECIO.C	F8525_GetVolumeName_CPSX	function_local_storage	no_standalone_port
L	3319	L3319_i_Unreferenced	NECIO.C	F8525_GetVolumeName_CPSX	function_local_storage	no_standalone_port
L	3321	L3321_i_	NECIO.C	F8525_GetVolumeName_CPSX	function_local_storage	no_standalone_port
L	3322	L3322_i_	NECIO.C	F8525_GetVolumeName_CPSX	function_local_storage	no_standalone_port
L	3338	L3338_pc_Bitmap	NECIO.C	F2255_SWOOSH_main	function_local_storage	no_standalone_port
L	3339	L3339_ui_	SWSH.C;NECIO.C	F2255_SWOOSH_main	function_local_storage	no_standalone_port
L	3340	L3340_auc_	NECIO.C	F8527_ExecuteProgram	function_local_storage	no_standalone_port
L	3341	L3341_pc_	NECIO.C	F8527_ExecuteProgram	function_local_storage	no_standalone_port
L	3342	L3342_c_	NECIO.C	F8528_	function_local_storage	no_standalone_port
L	3343	L3343_ac_	NECIO.C	F8528_	function_local_storage	no_standalone_port
L	3344	L3344_ac_	NECIO.C	F8528_	function_local_storage	no_standalone_port
L	3345	L3345_ac_	NECIO.C	F8528_	function_local_storage	no_standalone_port
L	3346	L3346_i_	NECIO.C	F8528_	function_local_storage	no_standalone_port
L	3347	L3347_i_	NECIO.C	F8528_	function_local_storage	no_standalone_port
L	3348	L3348_i_	NECIO.C	F8528_	function_local_storage	no_standalone_port
L	3349	L3349_B_MouseDriverInstalled	NECIO.C	F8528_	function_local_storage	no_standalone_port
L	3350	L3350_B_StartSwoosh	NECIO.C	F8528_	function_local_storage	no_standalone_port
L	3351	L3351_B_StartAnimtitle	NECIO.C	F8528_	function_local_storage	no_standalone_port
L	3352	L3352_B_	NECIO.C	F8528_	function_local_storage	no_standalone_port
L	3353	L3353_B_	NECIO.C	F8528_	function_local_storage	no_standalone_port
L	3354	L3354_i_	NECIO.C	F8528_	function_local_storage	no_standalone_port
L	3355	L3355_i_	NECIO.C	F8528_	function_local_storage	no_standalone_port
L	3356	L3356_i_	NECIO.C	F8528_	function_local_storage	no_standalone_port
L	3357	L3357_i_	OBJECT.C	F0031_OBJECT_LoadNames	function_local_storage	no_standalone_port
L	3358	L3358_pl_	OBJECT.C	F0036_OBJECT_ExtractIconFromBitmap	function_local_storage	no_standalone_port
L	3359	L3359_i_X	OBJECT.C	F0618_LoadZone	function_local_storage	no_standalone_port
L	3360	L3360_i_Y	OBJECT.C	F0618_LoadZone	function_local_storage	no_standalone_port
L	3361	L3361_ai_XYZ	OBJECT.C	F0038_OBJECT_DrawIconInSlotBox	function_local_storage	no_standalone_port
L	3362	L3362_ai_Box	ENTRANCE.C	F0438_STARTEND_OpenEntranceDoors	function_local_storage	no_standalone_port
L	3363	L3363_ppuc_	ENTRANCE.C	F0438_STARTEND_OpenEntranceDoors	function_local_storage	no_standalone_port
L	3364	L3364_i_	ENTRANCE.C	F0438_STARTEND_OpenEntranceDoors	function_local_storage	no_standalone_port
L	3365	L3365_i_	ENTRANCE.C	F0438_STARTEND_OpenEntranceDoors	function_local_storage	no_standalone_port
L	3366	L3366_l_	ENTRANCE.C	F0438_STARTEND_OpenEntranceDoors	function_local_storage	no_standalone_port
L	3367	L3367_l_	ENTRANCE.C	F0438_STARTEND_OpenEntranceDoors	function_local_storage	no_standalone_port
L	3368	L3368_ai_XYZ	ENTRANCE.C	F0438_STARTEND_OpenEntranceDoors	function_local_storage	no_standalone_port
L	3369	L3369_ai_XYZ	ENTRANCE.C	F0438_STARTEND_OpenEntranceDoors	function_local_storage	no_standalone_port
L	3370	L3370_ai_XYZ	ENTRANCE.C	F0438_STARTEND_OpenEntranceDoors	function_local_storage	no_standalone_port
L	3371	L3371_puc_	ENTRANCE.C	F0439_STARTEND_DrawEntrance	function_local_storage	no_standalone_port
L	3372	L3372_ppuc_	ENTRANCE.C	F0439_STARTEND_DrawEntrance	function_local_storage	no_standalone_port
L	3373	L3373_puc_	ENTRANCE.C	F0439_STARTEND_DrawEntrance	function_local_storage	no_standalone_port
L	3374	L3374_l_	ENTRANCE.C	F0439_STARTEND_DrawEntrance	function_local_storage	no_standalone_port
L	3375	L3375_i_	ENTRANCE.C	F0439_STARTEND_DrawEntrance	function_local_storage	no_standalone_port
L	3376	L3376_i_	ENTRANCE.C	F0439_STARTEND_DrawEntrance	function_local_storage	no_standalone_port
L	3377	L3377_ai_XYZ	ENTRANCE.C	F0439_STARTEND_DrawEntrance	function_local_storage	no_standalone_port
L	3378	L3378_puc_	ENTRANCE.C	F0441_STARTEND_ProcessEntrance	function_local_storage	no_standalone_port
L	3379	L3379_i_	ENTRANCE.C	F0441_STARTEND_ProcessEntrance	function_local_storage	no_standalone_port
L	3380	L3380_i_Unreferenced	ENTRANCE.C	F0441_STARTEND_ProcessEntrance	function_local_storage	no_standalone_port
L	3381	L3381_i_	ENTRANCE.C	F0441_STARTEND_ProcessEntrance	function_local_storage	no_standalone_port
L	3382	L3382_i_	ENTRANCE.C	F0441_STARTEND_ProcessEntrance	function_local_storage	no_standalone_port
L	3383	L3383_ai_XYZ	ENTRANCE.C	F0441_STARTEND_ProcessEntrance	function_local_storage	no_standalone_port
L	3384	L3384_ul_	ENTRANCE.C	F0441_STARTEND_ProcessEntrance	function_local_storage	no_standalone_port
L	3385	L3385_pc_	ENTRANCE.C	F0441_STARTEND_ProcessEntrance	function_local_storage	no_standalone_port
L	3386	L3386_l_	ENTRANCE.C	F0441_STARTEND_ProcessEntrance	function_local_storage	no_standalone_port
L	3387	L3387_i_	ENTRANCE.C	F0441_STARTEND_ProcessEntrance	function_local_storage	no_standalone_port
L	3388	L3388_s_	ENTRANCE.C	F0441_STARTEND_ProcessEntrance	function_local_storage	no_standalone_port
L	3389	L3389_puc_	ENTRANCE.C	F0442_STARTEND_ProcessCommand202_EntranceDrawCredits	function_local_storage	no_standalone_port
L	3390	L3390_l_	ENTRANCE.C	F0442_STARTEND_ProcessCommand202_EntranceDrawCredits	function_local_storage	no_standalone_port
L	3391	L3391_i_	ENTRANCE.C	F0442_STARTEND_ProcessCommand202_EntranceDrawCredits	function_local_storage	no_standalone_port
L	3392	L3392_i_	ENTRANCE.C	F0442_STARTEND_ProcessCommand202_EntranceDrawCredits	function_local_storage	no_standalone_port
L	3393	L3393_l_Unreferenced	ENTRANCE.C	F0442_STARTEND_ProcessCommand202_EntranceDrawCredits	function_local_storage	no_standalone_port
L	3394	L3394_pui_	PALETTE.C	F0436_STARTEND_FadeToPalette	function_local_storage	no_standalone_port
L	3396	L3396_ui_	FILLBOX.C;GRF1.C	F1129_	function_local_storage	no_standalone_port
L	3397	L3397_ai_Box	FILLBOX.C	F0135_VIDEO_FillBox	function_local_storage	no_standalone_port
L	3404	L3404_l_SupervisorStack	FILLBOX.C	F0135_VIDEO_FillBox	function_local_storage	no_standalone_port
L	3405	L3405_l_SupervisorStack	FILLBOX.C	F1032_GRF1_12_HatchBox	function_local_storage	no_standalone_port
L	3411	L3411_ppuc_	FILLBOX.C	F0509_AMIGA_FillScreen	function_local_storage	no_standalone_port
L	3412	L3412_i_	SWITCH.C	F8530_	function_local_storage	no_standalone_port
L	3429	L3429_ai_Box	SWITCH.C	F8542_	function_local_storage	no_standalone_port
L	3430	L3430_i_	SWITCH.C	F8547_	function_local_storage	no_standalone_port
L	3431	L3431_i_	SWITCH.C	F8547_	function_local_storage	no_standalone_port
L	3432	L3432_i_	SWITCH.C	F8547_	function_local_storage	no_standalone_port
L	3433	L3433_i_CommandLineOrdinal	SWITCH.C	F8547_	function_local_storage	no_standalone_port
L	3434	L3434_apc_CommandLines	SWITCH.C	F8547_	function_local_storage	no_standalone_port
L	3436	L3436_pc_ReplacementString	SAVEPATH.C	F0414_SAVEUTIL_ReplaceTildeByDriveLetterInString	function_local_storage	no_standalone_port
L	3437	L3437_i_	SOUND.C	F1051_	function_local_storage	no_standalone_port
L	3438	L3438_i_	SOUND.C	F1051_	function_local_storage	no_standalone_port
L	3439	L3439_ps_	SOUND.C	F1051_	function_local_storage	no_standalone_port
L	3440	L3440_pc_	SOUND.C	F1051_	function_local_storage	no_standalone_port
L	3441	L3441_i_Period	SOUND.C	F0709_StartSound	function_local_storage	no_standalone_port
L	3442	L3442_puc_	SOUND.C	F0709_StartSound	function_local_storage	no_standalone_port
L	3443	L3443_ui_	SOUND.C	F0709_StartSound	function_local_storage	no_standalone_port
L	3444	L3444_i_SoundIndex	SOUND.C	F0799_SOUND_DisableUnavailableSounds	function_local_storage	no_standalone_port
L	3445	L3445_uc_	TEXT.C;CEDT030.C	F0818_IsJapaneseText	function_local_storage	no_standalone_port
L	3446	L3446_ui_	TEXT.C	F1029_InitializeMessageAreaData	function_local_storage	no_standalone_port
L	3447	L3447_i_	TEXT.C	F0645_GetStringPixelDimensions	function_local_storage	no_standalone_port
L	3448	L3448_i_Width	TEXT.C	F0645_GetStringPixelDimensions	function_local_storage	no_standalone_port
L	3449	L3449__Height	TEXT.C	F0645_GetStringPixelDimensions	function_local_storage	no_standalone_port
L	3450	L3450_i_	TEXT.C	F0646_GetLargestPrintableSubString	function_local_storage	no_standalone_port
L	3451	L3451_i_	TEXT.C	F0646_GetLargestPrintableSubString	function_local_storage	no_standalone_port
L	3452	L3452_i_	TEXT.C	F0646_GetLargestPrintableSubString	function_local_storage	no_standalone_port
L	3453	L3453_i_SpaceCharacterIndex	TEXT.C	F0646_GetLargestPrintableSubString	function_local_storage	no_standalone_port
L	3455	L3455_i_	TEXT.C	F0646_GetLargestPrintableSubString	function_local_storage	no_standalone_port
L	3456	L3456_i_	TEXT.C	F0646_GetLargestPrintableSubString	function_local_storage	no_standalone_port
L	3457	L3457_i_	TEXT.C	F0646_GetLargestPrintableSubString	function_local_storage	no_standalone_port
L	3458	L3458_i_	TEXT.C	F0646_GetLargestPrintableSubString	function_local_storage	no_standalone_port
L	3459	L3459_i_	TEXT.C	F0646_GetLargestPrintableSubString	function_local_storage	no_standalone_port
L	3460	L3460_i_	TEXT.C	F0646_GetLargestPrintableSubString	function_local_storage	no_standalone_port
L	3461	L3461_i_Width	TEXT.C	F0040_TEXT_Print	function_local_storage	no_standalone_port
L	3462	L3462_i_Height	TEXT.C	F0040_TEXT_Print	function_local_storage	no_standalone_port
L	3463	L3463_ai_XYZ	TEXT.C	F0040_TEXT_Print	function_local_storage	no_standalone_port
L	3464	L3464_i_ZoneYBackup	TEXT.C	F0044_TEXT_MESSAGEAREA_ClearExpiredRows	function_local_storage	no_standalone_port
L	3465	L3465_ai_XYZ	TEXT.C	F0046_TEXT_MESSAGEAREA_PrintString	function_local_storage	no_standalone_port
L	3466	L3466_i_Width	TEXT.C	F0047_TEXT_MESSAGEAREA_PrintMessage	function_local_storage	no_standalone_port
L	3467	L3467_ac_String	TEXT.C	F0819_TEXT_MESSAGEAREA_PrintMessageAsJapanese	function_local_storage	no_standalone_port
L	3468	L3468_ac_String	TEXT.C	F0647_PrintLongForDebugMemory	function_local_storage	no_standalone_port
L	3469	L3469_ui_	TEXT.C	F0647_PrintLongForDebugMemory	function_local_storage	no_standalone_port
L	3470	L3470_i_Width	TEXT.C	F0648_PrintTextInViewportZone	function_local_storage	no_standalone_port
L	3471	L3471_i_Height	TEXT.C	F0648_PrintTextInViewportZone	function_local_storage	no_standalone_port
L	3472	L3472_ai_XYZ	TEXT.C	F0648_PrintTextInViewportZone	function_local_storage	no_standalone_port
L	3473	L3473_i_Width	TEXT.C	F0649_PrintCenteredTextToViewportZone	function_local_storage	no_standalone_port
L	3474	L3474_i_Height	TEXT.C	F0649_PrintCenteredTextToViewportZone	function_local_storage	no_standalone_port
L	3475	L3475_ai_XYZ	TEXT.C	F0649_PrintCenteredTextToViewportZone	function_local_storage	no_standalone_port
L	3476	L3476_i_Width	TEXT.C	F0650_PrintCenteredTextToScreenZone	function_local_storage	no_standalone_port
L	3477	L3477_i_Height	TEXT.C	F0650_PrintCenteredTextToScreenZone	function_local_storage	no_standalone_port
L	3478	L3478_ai_XYZ	TEXT.C	F0650_PrintCenteredTextToScreenZone	function_local_storage	no_standalone_port
L	3479	L3479_puc_	FONT.C	F0643_BuildCustomColorsFont	function_local_storage	no_standalone_port
L	3480	L3480_puc_	FONT.C	F0643_BuildCustomColorsFont	function_local_storage	no_standalone_port
L	3481	L3481_i_	FONT.C	F0643_BuildCustomColorsFont	function_local_storage	no_standalone_port
L	3482	L3482_i_	FONT.C	F0643_BuildCustomColorsFont	function_local_storage	no_standalone_port
L	3483	L3483_i_	FONT.C	F0643_BuildCustomColorsFont	function_local_storage	no_standalone_port
L	3484	L3484_i_	FONT.C	F0643_BuildCustomColorsFont	function_local_storage	no_standalone_port
L	3485	L3485_ui_	FONT.C	F0643_BuildCustomColorsFont	function_local_storage	no_standalone_port
L	3486	L3486_ui_	FONT.C	F0643_BuildCustomColorsFont	function_local_storage	no_standalone_port
L	3487	L3487_i_FontX	TEXT2.C	F0644_PrintTextAlt	function_local_storage	no_standalone_port
L	3488	L3488_puc_Bitmap	TEXT2.C	F0644_PrintTextAlt	function_local_storage	no_standalone_port
L	3489	L3489_i_TransparentColor	TEXT2.C	F0644_PrintTextAlt	function_local_storage	no_standalone_port
L	3490	L3490_ai_XYZ	TEXT2.C	F0644_PrintTextAlt	function_local_storage	no_standalone_port
L	3491	L3491_puc_	TEXT2.C	F0644_PrintTextAlt	function_local_storage	no_standalone_port
L	3492	L3492_l_ByteCount	TEXT2.C	F0644_PrintTextAlt	function_local_storage	no_standalone_port
L	3493	L3493_i_Width	TEXT2.C	F0644_PrintTextAlt	function_local_storage	no_standalone_port
L	3494	L3494_i_Height	TEXT2.C	F0644_PrintTextAlt	function_local_storage	no_standalone_port
L	3495	L3495_i_	TEXT2.C	F0644_PrintTextAlt	function_local_storage	no_standalone_port
L	3496	L3496_i_ActualBitmapCount	TITLE.C	F0437_STARTEND_DrawTitle	function_local_storage	no_standalone_port
L	3497	L3497_l_BitmapByteCount	TITLE.C	F0437_STARTEND_DrawTitle	function_local_storage	no_standalone_port
L	3498	L3498_i_	TITLE.C	F0437_STARTEND_DrawTitle	function_local_storage	no_standalone_port
L	3499	L3499_ps_Struct2	TITLE.C	F0437_STARTEND_DrawTitle	function_local_storage	no_standalone_port
L	3500	L3500_i_	TITLE.C	F0437_STARTEND_DrawTitle	function_local_storage	no_standalone_port
L	3501	L3501_i_	TITLE.C	F0437_STARTEND_DrawTitle	function_local_storage	no_standalone_port
L	3502	L3502_ai_XYZ	DRAWMSGA.C	F0696_UpdateMessageArea	function_local_storage	no_standalone_port
L	3503	L3503_ai_Box	DRAWMSGA.C	F0696_UpdateMessageArea	function_local_storage	no_standalone_port
L	3504	L3504_i_	DRAWMSGA.C	F0696_UpdateMessageArea	function_local_storage	no_standalone_port
L	3505	L3505_ul_	DRAWMSGA.C	F0696_UpdateMessageArea	function_local_storage	no_standalone_port
L	3506	L3506_l_	DRAWMSGA.C	F0696_UpdateMessageArea	function_local_storage	no_standalone_port
L	3507	L3507_i_	DRAWMSGA.C	F0696_UpdateMessageArea	function_local_storage	no_standalone_port
L	3508	L3508_i_	DRAWMSGA.C	F0696_UpdateMessageArea	function_local_storage	no_standalone_port
L	3509	L3509_puc_	DRAWMSGA.C	F0696_UpdateMessageArea	function_local_storage	no_standalone_port
L	3510	L3510_puc_	DRAWMSGA.C	F0696_UpdateMessageArea	function_local_storage	no_standalone_port
L	3511	L3511_l_SupervisorStack	DRAWMSGA.C	F0696_UpdateMessageArea	function_local_storage	no_standalone_port
L	3512	L3512_i_ReturnCode	PRIM1.C	F0922_Custom_strcpy	function_local_storage	no_standalone_port
L	3513	L3513_i_	PRIM2A.C	platform_or_unnumbered_file_scope	function_local_storage	no_standalone_port
L	3514	L3514_s_	PRIM2A.C	platform_or_unnumbered_file_scope	function_local_storage	no_standalone_port
L	3515	L3515_ps_CurrentFunction	PRIM2B.C	F6037_PRIM_04_Library_HookFunction	function_local_storage	no_standalone_port
L	3516	L3516_ppv_LibraryFunctionPointer	PRIM2B.C	F6037_PRIM_04_Library_HookFunction	function_local_storage	no_standalone_port
L	3517	L3517_l_	PRIM2B.C	F6039_PRIM_27_File_IsOpenable	function_local_storage	no_standalone_port
L	3518	L3518_ps_	PRIM2B.C	F6040_PRIM_08_Library_Open	function_local_storage	no_standalone_port
L	3519	L3519_ps_	PRIM2B.C	F6040_PRIM_08_Library_Open	function_local_storage	no_standalone_port
L	3520	L3520_ps_	PRIM2B.C	F6040_PRIM_08_Library_Open	function_local_storage	no_standalone_port
L	3521	L3521_i_	PRIM2B.C	F6040_PRIM_08_Library_Open	function_local_storage	no_standalone_port
L	3522	L3522_B_	PRIM2B.C	F6040_PRIM_08_Library_Open	function_local_storage	no_standalone_port
L	3524	L3524_s_	PRIM2B.C	F6040_PRIM_08_Library_Open	function_local_storage	no_standalone_port
L	3525	L3525_ps_	PRIM2B.C	F6041_PRIM_09_Library_Close	function_local_storage	no_standalone_port
L	3526	L3526_i_	PRIM2B.C	F6043_PRIM_26_FTL_LoadAndExecute	function_local_storage	no_standalone_port
L	3527	L3527_B_	PRIM2B.C	F6043_PRIM_26_FTL_LoadAndExecute	function_local_storage	no_standalone_port
L	3529	L3529_l_	PRIM2B.C	F0929_PRIM_05_FTL_Load	function_local_storage	no_standalone_port
L	3530	L3530_ui_key	PRIM2B.C	F0929_PRIM_05_FTL_Load	function_local_storage	no_standalone_port
L	3531	L3531_i_	PRIM2B.C	F6050_InitializeFTLLibraryManagement	function_local_storage	no_standalone_port
L	3532	L3532_ps_	PRIM2B.C	F6052_FTL_UnloadAll	function_local_storage	no_standalone_port
L	3533	L3533_ps_	PRIM2B.C	F6052_FTL_UnloadAll	function_local_storage	no_standalone_port
L	3534	L3534_i_LoadedLibraryCount	PRIM2B.C	F6052_FTL_UnloadAll	function_local_storage	no_standalone_port
L	3535	L3535_i_UnloadedLibraryCount	PRIM2B.C	F6052_FTL_UnloadAll	function_local_storage	no_standalone_port
L	3536	L3536_ul_	PRIM2B.C	F6052_FTL_UnloadAll	function_local_storage	no_standalone_port
L	3537	L3537_l_	PRIM2B.C	F6052_FTL_UnloadAll	function_local_storage	no_standalone_port
L	3539	L3539_l_ByteCount	PRIM2C.C	F0918_PRIM_16_Memory_Free	function_local_storage	no_standalone_port
L	3540	L3540_pl_Address	PRIM2C.C	F0918_PRIM_16_Memory_Free	function_local_storage	no_standalone_port
L	3542	L3542_ac_	PRIM2C.C	F6002_PRIM_22_Console_PrintMessage	function_local_storage	no_standalone_port
L	3543	L3543_pc_	PRIM2C.C	F6002_PRIM_22_Console_PrintMessage	function_local_storage	no_standalone_port
L	3544	L3544_c_	PRIM2C.C	F6002_PRIM_22_Console_PrintMessage	function_local_storage	no_standalone_port
L	3545	L3545_ps_FileHandle	PRIM2C.C	F6002_PRIM_22_Console_PrintMessage	function_local_storage	no_standalone_port
L	3549	L3549_c_	PRIM2C.C	F6004_PRIM_24_Input_Read	function_local_storage	no_standalone_port
L	3550	L3550_ac_FatalError	PRIM2C.C	F6005_PRIM_21_FTL_FatalLoaderError	function_local_storage	no_standalone_port
L	3551	L3551_l_	PRIM2C.C	F6006_PRIM_07_FTL_Execute	function_local_storage	no_standalone_port
L	3559	L3559_i_	SELECTOR.C	F0540_INPUT_Crawcin	function_local_storage	no_standalone_port
L	3561	L3561_i_	SELECTOR.C	F8327_	function_local_storage	no_standalone_port
L	3562	L3562_i_	SELECTOR.C	F8327_	function_local_storage	no_standalone_port
L	3563	L3563_i_	SELECTOR.C	F8327_	function_local_storage	no_standalone_port
L	3598	L3598_ai_Box	SELECTOR.C	F8345_	function_local_storage	no_standalone_port
L	3600	L3600_ai_XYZ	SELECTOR.C	F8348_	function_local_storage	no_standalone_port
L	3601	L3601_ui_	SELECTOR.C	F8355_	function_local_storage	no_standalone_port
L	3602	L3602_i_	SELECTOR.C	F8355_	function_local_storage	no_standalone_port
L	3603	L3603_ps_	SELECTOR.C	F8356_AllocateGraphicData	function_local_storage	no_standalone_port
L	3604	L3604_ui_	SELECTOR.C	F8356_AllocateGraphicData	function_local_storage	no_standalone_port
L	3605	L3605_ps_	SELECTOR.C	F8357_	function_local_storage	no_standalone_port
L	3606	L3606_i_	SELECTOR.C	F8357_	function_local_storage	no_standalone_port
L	3607	L3607_i_	SELECTOR.C	F8357_	function_local_storage	no_standalone_port
L	3608	L3608_ai_Box	SELECTOR.C	F8358_DrawGraphicData	function_local_storage	no_standalone_port
L	3609	L3609_ai_XYZ	SELECTOR.C	F8359_GetSubGraphic	function_local_storage	no_standalone_port
L	3610	L3610_ai_XYZ	SELECTOR.C	F8360_	function_local_storage	no_standalone_port
L	3611	L3611_i_	SELECTOR.C	F8360_	function_local_storage	no_standalone_port
L	3612	L3612_l_	SELECTOR.C	F8361_	function_local_storage	no_standalone_port
L	3613	L3613_i_	SELECTOR.C	F8361_	function_local_storage	no_standalone_port
L	3614	L3614_ul_	SELECTOR.C	F8364_DecodeSound	function_local_storage	no_standalone_port
L	3615	L3615_uc_	SELECTOR.C	F8364_DecodeSound	function_local_storage	no_standalone_port
L	3616	L3616_uc_	SELECTOR.C	F8364_DecodeSound	function_local_storage	no_standalone_port
L	3617	L3617_uc_	SELECTOR.C	F8364_DecodeSound	function_local_storage	no_standalone_port
L	3618	L3618_ui_	SELECTOR.C	F8364_DecodeSound	function_local_storage	no_standalone_port
L	3619	L3619_i_	SELECTOR.C	F8365_LoadSoundGraphic	function_local_storage	no_standalone_port
L	3620	L3620_pc_	SELECTOR.C	F8365_LoadSoundGraphic	function_local_storage	no_standalone_port
L	3621	L3621_pc_	SELECTOR.C	F8365_LoadSoundGraphic	function_local_storage	no_standalone_port
L	3622	L3622_i_Width	SELECTOR.C	F8366_LoadGraphic	function_local_storage	no_standalone_port
L	3623	L3623_i_Height	SELECTOR.C	F8366_LoadGraphic	function_local_storage	no_standalone_port
L	3624	L3624_ps_	SELECTOR.C	F8366_LoadGraphic	function_local_storage	no_standalone_port
L	3625	L3625_ps_	SELECTOR.C	F8366_LoadGraphic	function_local_storage	no_standalone_port
L	3626	L3626_i_Unreferenced	SELECTOR.C	F8368_	function_local_storage	no_standalone_port
L	3627	L3627_i_	SELECTOR.C	F8369_	function_local_storage	no_standalone_port
L	3628	L3628_i_	SELECTOR.C	F8369_	function_local_storage	no_standalone_port
L	3629	L3629_ps_Graphic_Buttons	SELECTOR.C	F8369_	function_local_storage	no_standalone_port
L	3630	L3630_ps_Graphic_EnterButton	SELECTOR.C	F8369_	function_local_storage	no_standalone_port
L	3631	L3631_ps_Graphic_ResumeButton	SELECTOR.C	F8369_	function_local_storage	no_standalone_port
L	3632	L3632_ps_Graphic_QuitButton	SELECTOR.C	F8369_	function_local_storage	no_standalone_port
L	3633	L3633_ps_Graphic_Credits	SELECTOR.C	F8369_	function_local_storage	no_standalone_port
L	3634	L3634_s_Credits	SELECTOR.C	F8369_	function_local_storage	no_standalone_port
L	3635	L3635_ai_XYZ_DungeonView	SELECTOR.C	F8369_	function_local_storage	no_standalone_port
L	3636	L3636_i_Language	SELECTOR.C	F8369_	function_local_storage	no_standalone_port
L	3637	L3637_i_	SELECTOR.C	F8369_	function_local_storage	no_standalone_port
L	3638	L3638_ui_Command	SELECTOR.C	F8369_	function_local_storage	no_standalone_port
L	3656	L3656_pi_Color	VDEO1.C	F9024_VDEO_15_ApplyNormalColorPalette	function_local_storage	no_standalone_port
L	3657	L3657_i_ColorIndex	VDEO1.C	F9024_VDEO_15_ApplyNormalColorPalette	function_local_storage	no_standalone_port
L	3658	L3658_pi_	VDEO1.C	F9025_VDEO_17_GetColorPalette	function_local_storage	no_standalone_port
L	3659	L3659_pi_	VDEO1.C	F9025_VDEO_17_GetColorPalette	function_local_storage	no_standalone_port
L	3660	L3660_i_	VDEO1.C	F9025_VDEO_17_GetColorPalette	function_local_storage	no_standalone_port
L	3661	L3661_puc_Bitmap_Screen	VDEO1.C	F9030_VDEO_05_ExpandGraphicToBitmap	function_local_storage	no_standalone_port
L	3662	L3662_pl_	VDEO1.C	F9032_VDEO_08_FillScreenBox	function_local_storage	no_standalone_port
L	3663	L3663_pl_	VDEO1.C	F9033_VDEO_09_HatchScreenBox	function_local_storage	no_standalone_port
L	3664	L3664_pl_	VDEO1.C	F9034_VDEO_10_InvertScreenBox	function_local_storage	no_standalone_port
L	3665	L3665_puc_Bitmap_Screen	VDEO1.C	F9035_VDEO_11_BlitFromScreenNoTransparency	function_local_storage	no_standalone_port
L	3666	L3666_ai_Box	VDEO1.C	F9035_VDEO_11_BlitFromScreenNoTransparency	function_local_storage	no_standalone_port
L	3667	L3667_puc_Bitmap_Screen	VDEO1.C	F9041_VDEO_06_BlitToScreen	function_local_storage	no_standalone_port
L	3668	L3668_ui_BaseLineStridePixelCount	VDEO1.C	F9043_VDEO_04_GetBitmapByteCount	function_local_storage	no_standalone_port
L	3669	L3669_ps_View	VDEOAMIG.C	F9051_	function_local_storage	no_standalone_port
L	3671	L3671_ps_View	VDEOAMIG.C	F9052_	function_local_storage	no_standalone_port
L	3672	L3672_pi_	VDEOAMIG.C	F9057_CopySpriteDataToChipMemory	function_local_storage	no_standalone_port
L	3673	L3673_pi_	VDEOAMIG.C	F9057_CopySpriteDataToChipMemory	function_local_storage	no_standalone_port
L	3674	L3674_i_	VDEOAMIG.C	F9057_CopySpriteDataToChipMemory	function_local_storage	no_standalone_port
L	3675	L3675_ui_	VDEOAMIG.C	F9058_CopperList0	function_local_storage	no_standalone_port
L	3676	L3676_pc_	VDEOAMIG.C	F9058_CopperList0	function_local_storage	no_standalone_port
L	3677	L3677_i_	VDEOAMIG.C	F9059_CopperList1	function_local_storage	no_standalone_port
L	3678	L3678_i_	VDEOAMIG.C	F9060_CopperList2	function_local_storage	no_standalone_port
L	3679	L3679_ps_Process	VDEOAMIG.C	F9067_	function_local_storage	no_standalone_port
L	3680	L3680_ps_Process	VDEOAMIG.C	F9068_	function_local_storage	no_standalone_port
L	3681	L3681_ps_MsgPort	VDEOAMIG.C	F9069_InstallMsgPort	function_local_storage	no_standalone_port
L	3682	L3682_ps_MsgPort	VDEOAMIG.C	F9070_	function_local_storage	no_standalone_port
L	3683	L3683_i_Unreferenced	VDEOAMIG.C	F9071_	function_local_storage	no_standalone_port
L	3684	L3684_l_	AMIGINIT.C	F9073_DisplayError	function_local_storage	no_standalone_port
L	3685	L3685_ai_Box	VIDEODRV.C	F8166_VIDRV_15_BlitToScreenNoTransparency	function_local_storage	no_standalone_port
L	3686	L3686_ac_	IBMIO.C	F8116_	function_local_storage	no_standalone_port
L	3687	L3687_ui_	VIDEODRV.C	F8172_	function_local_storage	no_standalone_port
L	3688	L3688_i_	VIDEODRV.C	F8172_	function_local_storage	no_standalone_port
L	3690	L3690_puc_	VIDEODRV.C	F8139_Unreferenced	function_local_storage	no_standalone_port
L	3749	L3749_i_Unreferenced	VIDEODRV.C	F8140_ScrollMessageAreaUp	function_local_storage	no_standalone_port
L	3750	L3750_i_Unreferenced	VIDEODRV.C	F8140_ScrollMessageAreaUp	function_local_storage	no_standalone_port
L	3751	L3751_pc_	VIDEODRV.C	F8139_Unreferenced	function_local_storage	no_standalone_port
L	3752	L3752_pc_	VIDEODRV.C	F8139_Unreferenced	function_local_storage	no_standalone_port
L	3753	L3753_uc_	VIDEODRV.C	F8139_Unreferenced	function_local_storage	no_standalone_port
L	3754	L3754_c_	VIDEODRV.C	F8139_Unreferenced	function_local_storage	no_standalone_port
L	3772	L3772_pc_	VIDEODRV.C	F8154_VIDRV_05_InvertBox	function_local_storage	no_standalone_port
L	3775	L3775_pc_	VIDEODRV.C	F8155_VIDRV_06_HatchScreenBox	function_local_storage	no_standalone_port
L	3778	L3778_c_Red	DRAWVIEW.C;SWITCH.C;ANIMTOWN.C;VIDEODRV.C;CEDT027.C	F2261_Palette;F8156_SetPalette	function_local_storage	no_standalone_port
L	3779	L3779_c_Green	DRAWVIEW.C;SWITCH.C;ANIMTOWN.C;VIDEODRV.C;CEDT027.C	F2261_Palette;F8156_SetPalette	function_local_storage	no_standalone_port
L	3780	L3780_c_Blue	DRAWVIEW.C;SWITCH.C;ANIMTOWN.C;VIDEODRV.C;CEDT027.C	F2261_Palette;F8156_SetPalette	function_local_storage	no_standalone_port
L	3782	L3782_c_ColorIndex	DRAWVIEW.C;SWITCH.C;ANIMTOWN.C;CEDT027.C	F0694_SetMultipleColorsInPalette	function_local_storage	no_standalone_port
L	3783	L3783_i_	DRAWVIEW.C;SWITCH.C;ANIMTOWN.C;CEDT027.C	F0694_SetMultipleColorsInPalette	function_local_storage	no_standalone_port
L	3800	L3800_i_	VIDEODRV.C	F8166_VIDRV_15_BlitToScreenNoTransparency	function_local_storage	no_standalone_port
L	3811	L3811_pc_	CEDTINCE.C	F7001_SaveChampions	function_local_storage	no_standalone_port
L	3811	L3811_puc_	CEDT001.C	F7000_SavePortrait	function_local_storage	no_standalone_port
L	3812	L3812_uc_	CEDTINCE.C;CEDT001.C	F7000_SavePortrait;F7001_SaveChampions	function_local_storage	no_standalone_port
L	3813	L3813_ac_FileName	CEDTINCE.C;CEDT001.C	F7000_SavePortrait;F7001_SaveChampions	function_local_storage	no_standalone_port
L	3814	L3814_i_	CEDTINCE.C;CEDT001.C	F7000_SavePortrait;F7001_SaveChampions	function_local_storage	no_standalone_port
L	3815	L3815_s_	CEDT001.C	F7000_SavePortrait	function_local_storage	no_standalone_port
L	3816	L3816_c_	CEDT001.C	F7000_SavePortrait	function_local_storage	no_standalone_port
L	3817	L3817_i_	CEDTINCE.C;CEDT001.C	F7000_SavePortrait;F7001_SaveChampions	function_local_storage	no_standalone_port
L	3818	L3818_i_	CEDT001.C	F7000_SavePortrait	function_local_storage	no_standalone_port
L	3819	L3819_i_	CEDT001.C	F7001_SaveChampions	function_local_storage	no_standalone_port
L	3820	L3820_ui_	CEDT001.C	F7001_SaveChampions	function_local_storage	no_standalone_port
L	3821	L3821_i_	CEDT001.C	F7001_SaveChampions	function_local_storage	no_standalone_port
L	3822	L3822_i_	CEDT001.C	F7002_ReadCMP	function_local_storage	no_standalone_port
L	3823	L3823_i_	CEDT001.C	F7003_LoadPortrait	function_local_storage	no_standalone_port
L	3824	L3824_i_	CEDT001.C	F7003_LoadPortrait	function_local_storage	no_standalone_port
L	3825	L3825_i_FileHandle	CEDT001.C	F7003_LoadPortrait	function_local_storage	no_standalone_port
L	3826	L3826_s_	CEDT001.C	F7003_LoadPortrait	function_local_storage	no_standalone_port
L	3827	L3827_c_	CEDT001.C	F7003_LoadPortrait	function_local_storage	no_standalone_port
L	3828	L3828_ui_	CEDTINCG.C;CEDT001.C	F7004_LoadChampions	function_local_storage	no_standalone_port
L	3829	L3829_i_	CEDTINCG.C;CEDT001.C	F7004_LoadChampions	function_local_storage	no_standalone_port
L	3830	L3830_i_	CEDT001.C	F7004_LoadChampions	function_local_storage	no_standalone_port
L	3831	L3831_s_	CEDT001.C	F7005_Quit	function_local_storage	no_standalone_port
L	3832	L3832_i_	CEDT001.C	F7005_Quit	function_local_storage	no_standalone_port
L	3833	L3833_i_	CEDT001.C	F7005_Quit	function_local_storage	no_standalone_port
L	3834	L3834_i_	CEDT001.C	F7005_Quit	function_local_storage	no_standalone_port
L	3835	L3835_i_	CEDT002.C	F0026_MAIN_GetBoundedValue	function_local_storage	no_standalone_port
L	3841	L3841_pps_InputInfo	COMMAND.C	F0361_COMMAND_ProcessKeyPress	function_local_storage	no_standalone_port
L	3843	L3843_i_InputInfoIndex	COMMAND.C	F0361_COMMAND_ProcessKeyPress	function_local_storage	no_standalone_port
L	3845	L3845_i_	COMMAND.C	F0361_COMMAND_ProcessKeyPress	function_local_storage	no_standalone_port
L	3846	L3846_i_	COMMAND.C	F0361_COMMAND_ProcessKeyPress	function_local_storage	no_standalone_port
L	3848	L3848_i_InputInfoIndex	COMMAND.C	F7012_AddToInputInfoList	function_local_storage	no_standalone_port
L	3849	L3849_pps_InputInfo	COMMAND.C	F7012_AddToInputInfoList	function_local_storage	no_standalone_port
L	3850	L3850_pps_OldInputInfoList	COMMAND.C	F7014_SetCurrentInputInfoList	function_local_storage	no_standalone_port
L	3851	L3851_pfv_InputInfoFunction	COMMAND.C	F7015_ProcessNextUDCommand	function_local_storage	no_standalone_port
L	3852	L3852_ui_Multiple	COMMAND.C	F7015_ProcessNextUDCommand	function_local_storage	no_standalone_port
L	3853	L3853_i_	CEDT004.C	F7017_GetIconIndex	function_local_storage	no_standalone_port
L	3854	L3854_ps_	CEDT004.C	F7018_GetThingData	function_local_storage	no_standalone_port
L	3855	L3855_i_	CEDT004.C	F7019_GetObjectInfoIndex	function_local_storage	no_standalone_port
L	3856	L3856_i_	CEDT004.C	F7019_GetObjectInfoIndex	function_local_storage	no_standalone_port
L	3857	L3857_ui_	CEDT004.C	F7020_RemoveObjectModifiersFromStatistics	function_local_storage	no_standalone_port
L	3858	L3858_paauc_	CEDT004.C	F7020_RemoveObjectModifiersFromStatistics	function_local_storage	no_standalone_port
L	3860	L3860_i_	CEDT005.C	F7021_InitAllocatedMemoryBlocks	function_local_storage	no_standalone_port
L	3861	L3861_i_	CEDT005.C	F7022_FreeAllAllocatedBlocks	function_local_storage	no_standalone_port
L	3862	L3862_ppuc_	CEDT005.C	F7023_Alloc	function_local_storage	no_standalone_port
L	3863	L3863_puc_	CEDT005.C	F7023_Alloc	function_local_storage	no_standalone_port
L	3864	L3864_l_	CEDT005.C	F7023_Alloc	function_local_storage	no_standalone_port
L	3865	L3865_ppuc_	CEDT005.C	F7024_Free	function_local_storage	no_standalone_port
L	3866	L3866_i_	CEDT005.C	F7024_Free	function_local_storage	no_standalone_port
L	3867	L3867_i_	CEDT005.C	F7024_Free	function_local_storage	no_standalone_port
L	3868	L3868_pi_Box	CEDT006.C	F7027_DrawTextCursor	function_local_storage	no_standalone_port
L	3869	L3869_ai_	CEDT006.C	F7030_DrawFilledBox	function_local_storage	no_standalone_port
L	3870	L3870_ai_Box	CEDT006.C	F7030_DrawFilledBox	function_local_storage	no_standalone_port
L	3871	L3871_ai_Box	CEDT006.C	F7030_DrawFilledBox	function_local_storage	no_standalone_port
L	3872	L3872_i_	CEDT006.C	F7030_DrawFilledBox	function_local_storage	no_standalone_port
L	3873	L3873_puc_Bitmap	CEDT006.C	F7031_DrawZoomedPortrait	function_local_storage	no_standalone_port
L	3874	L3874_ai_Box_ZoomedPortraitPixel	CEDT006.C	F7031_DrawZoomedPortrait	function_local_storage	no_standalone_port
L	3875	L3875_i_Y	CEDT006.C	F7031_DrawZoomedPortrait	function_local_storage	no_standalone_port
L	3876	L3876_i_X	CEDT006.C	F7031_DrawZoomedPortrait	function_local_storage	no_standalone_port
L	3877	L3877_pi_Box	CEDT006.C	F7032_DrawChampionNameOnTopOfScreen	function_local_storage	no_standalone_port
L	3878	L3878_pc_	CEDT006.C	F7032_DrawChampionNameOnTopOfScreen	function_local_storage	no_standalone_port
L	3879	L3879_ai_	CEDT006.C	F7033_DrawPortraitsAndNamesOnTopOfScreen	function_local_storage	no_standalone_port
L	3880	L3880_ai_Box	CEDT006.C	F7034_DrawButton	function_local_storage	no_standalone_port
L	3881	L3881_s_	CEDT006.C	F7034_DrawButton	function_local_storage	no_standalone_port
L	3882	L3882_ai_	CEDT006.C	F7036_SetSelectedColorIndex	function_local_storage	no_standalone_port
L	3883	L3883_pi_Box	CEDT006.C	F7038_PrintChampionNameOrTitleForEdition	function_local_storage	no_standalone_port
L	3884	L3884_i_	CEDT006.C	F7038_PrintChampionNameOrTitleForEdition	function_local_storage	no_standalone_port
L	3885	L3885_i_	CEDT006.C	F7038_PrintChampionNameOrTitleForEdition	function_local_storage	no_standalone_port
L	3886	L3886_i_	CEDT006.C	F7038_PrintChampionNameOrTitleForEdition	function_local_storage	no_standalone_port
L	3887	L3887_ac_	CEDT006.C	F7039_DrawHealthOrStaminaOrMana	function_local_storage	no_standalone_port
L	3888	L3888_i_	CEDT006.C	F7040_SelectChampion	function_local_storage	no_standalone_port
L	3889	L3889_l_	CEDT006.C	F7040_SelectChampion	function_local_storage	no_standalone_port
L	3890	L3890_ai_Box	CEDT006.C	F7040_SelectChampion	function_local_storage	no_standalone_port
L	3891	L3891_ac_	CEDT006.C	F7040_SelectChampion	function_local_storage	no_standalone_port
L	3892	L3892_pc_Champion	CEDT006.C	F7040_SelectChampion	function_local_storage	no_standalone_port
L	3892	L3892_pc_ChampionName	CEDT006.C	F7040_SelectChampion	function_local_storage	no_standalone_port
L	3893	L3893_pc_ChampionTitle	CEDT006.C	F7040_SelectChampion	function_local_storage	no_standalone_port
L	3894	L3894_ps_	CEDT006.C	F7040_SelectChampion	function_local_storage	no_standalone_port
L	3895	L3895_i_	CEDT006.C	F7040_SelectChampion	function_local_storage	no_standalone_port
L	3896	L3896_i_	CEDT006.C	F7040_SelectChampion	function_local_storage	no_standalone_port
L	3897	L3897_pc_	CEDT006.C	F7041_ProcessKeyboardInput	function_local_storage	no_standalone_port
L	3898	L3898_i_MaximumLength	CEDT006.C	F7041_ProcessKeyboardInput	function_local_storage	no_standalone_port
L	3899	L3899_i_	CEDT006.C	F7041_ProcessKeyboardInput	function_local_storage	no_standalone_port
L	3900	L3900_pc_	CEDT006.C	F7041_ProcessKeyboardInput	function_local_storage	no_standalone_port
L	3901	L3901_ui_	CEDT006.C	F7041_ProcessKeyboardInput	function_local_storage	no_standalone_port
L	3902	L3902_i_CharacterIndex	CEDT006.C	F7041_ProcessKeyboardInput	function_local_storage	no_standalone_port
L	3903	L3903_ai_	CEDT006.C	F7042_DrawChampionEditorScreen	function_local_storage	no_standalone_port
L	3904	L3904_i_	CEDT006.C	F7042_DrawChampionEditorScreen	function_local_storage	no_standalone_port
L	3905	L3905_i_Color	CEDT006.C	F7044_DrawPortraitPixel	function_local_storage	no_standalone_port
L	3906	L3906_ai_Box	CEDT006.C	F7044_DrawPortraitPixel	function_local_storage	no_standalone_port
L	3907	L3907_i_SelectedChampionIndex	CEDT006.C	F7044_DrawPortraitPixel	function_local_storage	no_standalone_port
L	3908	L3908_pi_	CEDT006.C	F7046_FloodFillBitmapArea	function_local_storage	no_standalone_port
L	3908	L3908_puc_	CEDT006.C	F7046_FloodFillBitmapArea	function_local_storage	no_standalone_port
L	3909	L3909_puc_Bitmap	CEDT006.C	F7046_FloodFillBitmapArea	function_local_storage	no_standalone_port
L	3910	L3910_i_	CEDT006.C	F7046_FloodFillBitmapArea	function_local_storage	no_standalone_port
L	3911	L3911_i_	CEDT006.C	F7046_FloodFillBitmapArea	function_local_storage	no_standalone_port
L	3912	L3912_auc_	CEDT006.C	F7046_FloodFillBitmapArea	function_local_storage	no_standalone_port
L	3912	L3912_pi_	CEDT006.C	F7046_FloodFillBitmapArea	function_local_storage	no_standalone_port
L	3913	L3913_l_	CEDT006.C	F7046_FloodFillBitmapArea	function_local_storage	no_standalone_port
L	3914	L3914_i_	CEDT006.C	F7047_SwapOnDiskAndOnScreenPortraits	function_local_storage	no_standalone_port
L	3915	L3915_i_	CEDT006.C	F7048_CopyPortraitsAfterGameLoaded	function_local_storage	no_standalone_port
L	3916	L3916_i_	CEDT006.C	F7050_MainLoop	function_local_storage	no_standalone_port
L	3917	L3917_i_	CEDT006.C	F7050_MainLoop	function_local_storage	no_standalone_port
L	3918	L3918_s_Command	CEDT006.C	F7050_MainLoop	function_local_storage	no_standalone_port
L	3920	L3920_pc_	CEDT006.C	F7050_MainLoop	function_local_storage	no_standalone_port
L	3921	L3921_pc_	CEDT006.C	F7050_MainLoop	function_local_storage	no_standalone_port
L	3922	L3922_i_MouseX	CEDT006.C	F7050_MainLoop	function_local_storage	no_standalone_port
L	3923	L3923_i_MouseY	CEDT006.C	F7050_MainLoop	function_local_storage	no_standalone_port
L	3924	L3924_ps_	CEDTINCD.C	F7051_LoadGame	function_local_storage	no_standalone_port
L	3925	L3925_s_Game	CEDTINCD.C	F7051_LoadGame	function_local_storage	no_standalone_port
L	3926	L3926_ps_	CEDTINCD.C	F7051_LoadGame	function_local_storage	no_standalone_port
L	3927	L3927_s_	CEDTINCD.C	F7051_LoadGame	function_local_storage	no_standalone_port
L	3928	L3928_pui_	CEDTINCD.C	F7051_LoadGame	function_local_storage	no_standalone_port
L	3929	L3929_pui_	CEDTINCD.C	F7051_LoadGame	function_local_storage	no_standalone_port
L	3930	L3930_i_FileID	CEDTINCD.C	F7051_LoadGame	function_local_storage	no_standalone_port
L	3931	L3931_s_	CEDTINCD.C	F7051_LoadGame	function_local_storage	no_standalone_port
L	3932	L3932_ui_	CEDTINCD.C	F7051_LoadGame	function_local_storage	no_standalone_port
L	3933	L3933_c_	CEDTINCD.C	F7051_LoadGame	function_local_storage	no_standalone_port
L	3934	L3934_l_	CEDTINCD.C	F7051_LoadGame	function_local_storage	no_standalone_port
L	3935	L3935_pc_TempBuffer	CEDTINCD.C	F7051_LoadGame	function_local_storage	no_standalone_port
L	3936	L3936_i_	CEDTINCD.C	F7051_LoadGame	function_local_storage	no_standalone_port
L	3937	L3937_ui_	CEDTINCD.C	F7051_LoadGame	function_local_storage	no_standalone_port
L	3938	L3938_ps_Game	CEDTINC8.C	F7052_SaveGame	function_local_storage	no_standalone_port
L	3939	L3939_pi_Checksum	CEDTINC8.C	F7052_SaveGame	function_local_storage	no_standalone_port
L	3940	L3940_i_	CEDTINC8.C	F7052_SaveGame	function_local_storage	no_standalone_port
L	3941	L3941_i_	CEDTINC8.C	F7052_SaveGame	function_local_storage	no_standalone_port
L	3942	L3942_i_Checksum	CEDTINC8.C	F7052_SaveGame	function_local_storage	no_standalone_port
L	3943	L3943_ps_	CEDTINC8.C	F7052_SaveGame	function_local_storage	no_standalone_port
L	3944	L3944_pui_	CEDTINC8.C	F7052_SaveGame	function_local_storage	no_standalone_port
L	3945	L3945_pui_	CEDTINC8.C	F7052_SaveGame	function_local_storage	no_standalone_port
L	3946	L3946_as_SaveParts	CEDTINC8.C	F7052_SaveGame	function_local_storage	no_standalone_port
L	3947	L3947_s_	CEDTINC8.C	F7052_SaveGame	function_local_storage	no_standalone_port
L	3948	L3948_c_	CEDTINC8.C	F7052_SaveGame	function_local_storage	no_standalone_port
L	3949	L3949_i_DungeonID	CEDTINC8.C	F7052_SaveGame	function_local_storage	no_standalone_port
L	3950	L3950_pc_	CEDTINC8.C	F7052_SaveGame	function_local_storage	no_standalone_port
L	3951	L3951_l_	CEDTINC8.C	F7052_SaveGame	function_local_storage	no_standalone_port
L	3952	L3952_i_	CEDTINC8.C	F7052_SaveGame	function_local_storage	no_standalone_port
L	3953	L3953_i_	CEDTINC8.C	F7052_SaveGame	function_local_storage	no_standalone_port
L	3954	L3954_i_	CEDTINCB.C	F7053_FreeGame	function_local_storage	no_standalone_port
L	3955	L3955_ui_	CEDTINCT.C	F7054_DetermineGameFormats	function_local_storage	no_standalone_port
L	3956	L3956_uc_	CEDTINCT.C	F7054_DetermineGameFormats	function_local_storage	no_standalone_port
L	3957	L3957_c_	CEDTINCT.C	F7054_DetermineGameFormats	function_local_storage	no_standalone_port
L	3958	L3958_ps_	CEDTINCT.C	F7054_DetermineGameFormats	function_local_storage	no_standalone_port
L	3959	L3959_i_	CEDTINCT.C	F7054_DetermineGameFormats	function_local_storage	no_standalone_port
L	3960	L3960_ui_	CEDTINCT.C	F7054_DetermineGameFormats	function_local_storage	no_standalone_port
L	3961	L3961_i_	CEDTINC6.C	F7058_WriteSavePartWithChecksum	function_local_storage	no_standalone_port
L	3962	L3962_ui_	CEDTINC6.C	F7059_ReadDungeonPartWithChecksum	function_local_storage	no_standalone_port
L	3963	L3963_i_	CEDTINC6.C	F7060_WriteDungeonPartWithChecksum	function_local_storage	no_standalone_port
L	3964	L3964_i_	CEDTINCA.C	F7063_LoadDungeon	function_local_storage	no_standalone_port
L	3965	L3965_i_	CEDTINCA.C	F7063_LoadDungeon	function_local_storage	no_standalone_port
L	3966	L3966_i_	CEDTINCA.C	F7063_LoadDungeon	function_local_storage	no_standalone_port
L	3967	L3967_i_	CEDTINCA.C	F7063_LoadDungeon	function_local_storage	no_standalone_port
L	3968	L3968_i_	CEDTINCA.C	F7063_LoadDungeon	function_local_storage	no_standalone_port
L	3969	L3969_i_	CEDTINCA.C	F7063_LoadDungeon	function_local_storage	no_standalone_port
L	3970	L3970_ps_Game	CEDTINCQ.C	F7064_PadChampionNameAndTitle	function_local_storage	no_standalone_port
L	3971	L3971_pc_Name	CEDTINCQ.C	F7064_PadChampionNameAndTitle	function_local_storage	no_standalone_port
L	3972	L3972_pc_Title	CEDTINCQ.C	F7064_PadChampionNameAndTitle	function_local_storage	no_standalone_port
L	3973	L3973_ui_CharacterIndex	CEDTINCQ.C	F7064_PadChampionNameAndTitle	function_local_storage	no_standalone_port
L	3974	L3974_ui_ChampionIndex	CEDTINCQ.C	F7064_PadChampionNameAndTitle	function_local_storage	no_standalone_port
L	3975	L3975_ui_PortaitIndex	CEDTINCS.C	F7065_ClearChampionPortraitPointersBeforeSavingGame	function_local_storage	no_standalone_port
L	3976	L3976_l_	CEDTINCS.C	F7066_LoadPortraits	function_local_storage	no_standalone_port
L	3977	L3977_ui_PortraitIndex	CEDTINCS.C	F7066_LoadPortraits	function_local_storage	no_standalone_port
L	3978	L3978_l_	CEDT007.C	F7067_GetChampionInfo	function_local_storage	no_standalone_port
L	3979	L3979_ps_ChampionExcludingPortrait	CEDT007.C	F7067_GetChampionInfo	function_local_storage	no_standalone_port
L	3980	L3980_ps_ChampionIncludingPortrait	CEDT007.C	F7067_GetChampionInfo	function_local_storage	no_standalone_port
L	3981	L3981_ps_ChampionIncludingPortrait	CEDT007.C	F7068_SetChampionInfo	function_local_storage	no_standalone_port
L	3982	L3982_ps_ChampionExcludingPortrait	CEDT007.C	F7068_SetChampionInfo	function_local_storage	no_standalone_port
L	3983	L3983_c_	CEDTINC4.C	F7069_CopyStringFirstLine	function_local_storage	no_standalone_port
L	3984	L3984_puc_	CEDTINC4.C	F7069_CopyStringFirstLine	function_local_storage	no_standalone_port
L	3985	L3985_s_	CEDTINC4.C	F7070_DrawDialogTitle	function_local_storage	no_standalone_port
L	3986	L3986_ac_	CEDTINC4.C	F7070_DrawDialogTitle	function_local_storage	no_standalone_port
L	3987	L3987_ps_	CEDTINC4.C	F7072_GetDialogChoiceOrdinal	function_local_storage	no_standalone_port
L	3988	L3988_B_InvertBox	CEDTINC4.C	F7072_GetDialogChoiceOrdinal	function_local_storage	no_standalone_port
L	3989	L3989_pps_BackupInputInfoList	CEDTINC4.C	F7072_GetDialogChoiceOrdinal	function_local_storage	no_standalone_port
L	3990	L3990_aps_DialogInputInfoList	CEDTINC4.C	F7072_GetDialogChoiceOrdinal	function_local_storage	no_standalone_port
L	3991	L3991_ac_	CEDTINC4.C	F7072_GetDialogChoiceOrdinal	function_local_storage	no_standalone_port
L	3992	L3992_i_ChoiceOrdinal	CEDTINC4.C	F7072_GetDialogChoiceOrdinal	function_local_storage	no_standalone_port
L	3993	L3993_i_	CEDTINC4.C	F7072_GetDialogChoiceOrdinal	function_local_storage	no_standalone_port
L	3994	L3994_ui_	CEDT008.C	F7073_	function_local_storage	no_standalone_port
L	3995	L3995_i_	CEDT008.C	F7073_	function_local_storage	no_standalone_port
L	3996	L3996_i_	CEDT008.C	F7074_DrawDialogErrorMessage	function_local_storage	no_standalone_port
L	3997	L3997_i_	CEDT008.C	F7075_	function_local_storage	no_standalone_port
L	3998	L3998_pc_	CEDTINC7.C	F7076_AreAllChampionNamesUnique	function_local_storage	no_standalone_port
L	3999	L3999_ps_	CEDTINC7.C	F7076_AreAllChampionNamesUnique	function_local_storage	no_standalone_port
L	4000	L4000_i_ChampionIndex	CEDTINC7.C	F7076_AreAllChampionNamesUnique	function_local_storage	no_standalone_port
L	4001	L4001_i_	CEDTINC7.C	F7076_AreAllChampionNamesUnique	function_local_storage	no_standalone_port
L	4002	L4002_ps_	CEDTINC9.C	F7077_InitCMPStructure	function_local_storage	no_standalone_port
L	4003	L4003_ps_	CEDTINC9.C	F7077_InitCMPStructure	function_local_storage	no_standalone_port
L	4004	L4004_i_	CEDTINC9.C	F7077_InitCMPStructure	function_local_storage	no_standalone_port
L	4005	L4005_i_	CEDTINC9.C	F7077_InitCMPStructure	function_local_storage	no_standalone_port
L	4006	L4006_ul_	CEDTINCF.C	F7078_SortFileNames	function_local_storage	no_standalone_port
L	4007	L4007_ul_	CEDTINCF.C	F7078_SortFileNames	function_local_storage	no_standalone_port
L	4008	L4008_ul_	CEDTINCF.C	F7078_SortFileNames	function_local_storage	no_standalone_port
L	4009	L4009_c_	CEDTINCF.C	F7078_SortFileNames	function_local_storage	no_standalone_port
L	4010	L4010_uc_	CEDTINCF.C	F7079_ConvertFileNameToUpperCase	function_local_storage	no_standalone_port
L	4011	L4011_ui_	CEDTINCF.C	F7079_ConvertFileNameToUpperCase	function_local_storage	no_standalone_port
L	4012	L4012_pc_	CEDTINCF.C	F7080_DrawFilePickerFileList	function_local_storage	no_standalone_port
L	4013	L4013_auc_FileName	CEDTINCF.C	F7080_DrawFilePickerFileList	function_local_storage	no_standalone_port
L	4014	L4014_ui_	CEDTINCF.C	F7080_DrawFilePickerFileList	function_local_storage	no_standalone_port
L	4015	L4015_i_	CEDTINCF.C	F7080_DrawFilePickerFileList	function_local_storage	no_standalone_port
L	4016	L4016_i_	CEDTINCF.C	F7082_DrawFilePickerDialog	function_local_storage	no_standalone_port
L	4017	L4017_i_	CEDT008.C	F7083_DrawInitialFilePickerFileList	function_local_storage	no_standalone_port
L	4018	L4018_i_	CEDT008.C	F7084_ProcessFilePickerInput	function_local_storage	no_standalone_port
L	4019	L4019_i_FileCount	CEDT008.C	F7084_ProcessFilePickerInput	function_local_storage	no_standalone_port
L	4020	L4020_B_ClickOnArrow	CEDT008.C	F7084_ProcessFilePickerInput	function_local_storage	no_standalone_port
L	4021	L4021_s_Command	CEDT008.C	F7084_ProcessFilePickerInput	function_local_storage	no_standalone_port
L	4022	L4022_i_MouseX	CEDT008.C	F7084_ProcessFilePickerInput	function_local_storage	no_standalone_port
L	4023	L4023_i_MouseY	CEDT008.C	F7084_ProcessFilePickerInput	function_local_storage	no_standalone_port
L	4024	L4024_ui_	CEDT008.C	F7084_ProcessFilePickerInput	function_local_storage	no_standalone_port
L	4025	L4025_i_	CEDT008.C	F7084_ProcessFilePickerInput	function_local_storage	no_standalone_port
L	4026	L4026_i_	CEDT008.C	F7085_	function_local_storage	no_standalone_port
L	4027	L4027_pc_	CEDTINCH.C	F7086_IsReadyToMakeNewAdventure	function_local_storage	no_standalone_port
L	4028	L4028_l_	CEDTINCR.C	F7087_CopyChampionProperty	function_local_storage	no_standalone_port
L	4029	L4029_pc_	CEDTINCR.C	F7087_CopyChampionProperty	function_local_storage	no_standalone_port
L	4030	L4030_l_	CEDTINCR.C	F7087_CopyChampionProperty	function_local_storage	no_standalone_port
L	4031	L4031_l_	CEDTINCR.C	F7088_CopyChampionPortraits	function_local_storage	no_standalone_port
L	4032	L4032_pc_	CEDTINCR.C	F7088_CopyChampionPortraits	function_local_storage	no_standalone_port
L	4033	L4033_ui_	CEDTINCR.C	F7088_CopyChampionPortraits	function_local_storage	no_standalone_port
L	4034	L4034_ui_	CEDTINCR.C	F7088_CopyChampionPortraits	function_local_storage	no_standalone_port
L	4035	L4035_ac_	CEDT008.C	F7089_GetFirstCellWithNoChampion	function_local_storage	no_standalone_port
L	4036	L4036_ui_	CEDT008.C	F7089_GetFirstCellWithNoChampion	function_local_storage	no_standalone_port
L	4037	L4037_i_	CEDT008.C	F7089_GetFirstCellWithNoChampion	function_local_storage	no_standalone_port
L	4038	L4038_ps_	CEDTINCI.C	F7090_MakeNewAdventure	function_local_storage	no_standalone_port
L	4039	L4039_ps_	CEDTINCI.C	F7090_MakeNewAdventure	function_local_storage	no_standalone_port
L	4040	L4040_ps_	CEDTINCI.C	F7090_MakeNewAdventure	function_local_storage	no_standalone_port
L	4041	L4041_ps_	CEDTINCI.C	F7090_MakeNewAdventure	function_local_storage	no_standalone_port
L	4042	L4042_uc_	CEDTINCI.C	F7090_MakeNewAdventure	function_local_storage	no_standalone_port
L	4043	L4043_ui_	CEDTINCI.C	F7090_MakeNewAdventure	function_local_storage	no_standalone_port
L	4044	L4044_i_	CEDTINCI.C	F7090_MakeNewAdventure	function_local_storage	no_standalone_port
L	4045	L4045_ps_	CEDTINCI.C	F7090_MakeNewAdventure	function_local_storage	no_standalone_port
L	4046	L4046_ps_	CEDTINCI.C	F7090_MakeNewAdventure	function_local_storage	no_standalone_port
L	4047	L4047_pc_	CEDTINCI.C	F7090_MakeNewAdventure	function_local_storage	no_standalone_port
L	4048	L4048_paauc_	CEDTINCI.C	F7090_MakeNewAdventure	function_local_storage	no_standalone_port
L	4049	L4049_ps_	CEDTINCI.C	F7090_MakeNewAdventure	function_local_storage	no_standalone_port
L	4050	L4050_ps_	CEDTINCI.C	F7090_MakeNewAdventure	function_local_storage	no_standalone_port
L	4051	L4051_i_	CEDTINCI.C	F7090_MakeNewAdventure	function_local_storage	no_standalone_port
L	4052	L4052_i_	CEDTINCI.C	F7090_MakeNewAdventure	function_local_storage	no_standalone_port
L	4052	L4052_ui_	CEDTINCI.C	F7090_MakeNewAdventure	function_local_storage	no_standalone_port
L	4053	L4053_i_	CEDTINCI.C	F7091_RunChampionEditor	function_local_storage	no_standalone_port
L	4054	L4054_s_	CEDTINCI.C	F7091_RunChampionEditor	function_local_storage	no_standalone_port
L	4055	L4055_c_	CEDTINCI.C	F7091_RunChampionEditor	function_local_storage	no_standalone_port
L	4056	L4056_i_	CEDTINCI.C	F7091_RunChampionEditor	function_local_storage	no_standalone_port
L	4057	L4057_i_	CEDTINCI.C	F7091_RunChampionEditor	function_local_storage	no_standalone_port
L	4058	L4058_i_	CEDTINCI.C	F7092_Unreferenced	function_local_storage	no_standalone_port
L	4059	L4059_pc_	STRING.C	F7094_ConvertLongToString	function_local_storage	no_standalone_port
L	4060	L4060_c_LocalString	STRING.C	F7094_ConvertLongToString	function_local_storage	no_standalone_port
L	4061	L4061_ui_	STRING.C	F7094_ConvertLongToString	function_local_storage	no_standalone_port
L	4062	L4062_i_DigitCount	STRING.C	F7094_ConvertLongToString	function_local_storage	no_standalone_port
L	4064	L4064_ui_String1Length	STRING.C	F7097_strstr	function_local_storage	no_standalone_port
L	4065	L4065_ui_String2Length	STRING.C	F7097_strstr	function_local_storage	no_standalone_port
L	4066	L4066_c_CharacterBackup	STRING.C	F7097_strstr	function_local_storage	no_standalone_port
L	4067	L4067_i_	STRING.C	F7097_strstr	function_local_storage	no_standalone_port
L	4068	L4068_ui_	STRING.C	F7097_strstr	function_local_storage	no_standalone_port
L	4069	L4069_i_	STRING.C	F7097_strstr	function_local_storage	no_standalone_port
L	4070	L4070_i_	STRING.C	F7098_SubstituteString	function_local_storage	no_standalone_port
L	4070	L4070_i_Result	FIO1.C	F1318_FIO1_29_	function_local_storage	no_standalone_port
L	4071	L4071_i_	STRING.C	F7098_SubstituteString	function_local_storage	no_standalone_port
L	4072	L4072_ui_	STRING.C	F7098_SubstituteString	function_local_storage	no_standalone_port
L	4073	L4073_ui_	STRING.C	F7098_SubstituteString	function_local_storage	no_standalone_port
L	4074	L4074_ui_	STRING.C	F7098_SubstituteString	function_local_storage	no_standalone_port
L	4076	L4076_ui_CharacterCount	STRING.C	F0090_strlen	function_local_storage	no_standalone_port
L	4077	L4077_p_NextParameterAddress	STRING.C	F7101_sprintf	function_local_storage	no_standalone_port
L	4078	L4078_p_	STRING.C	F7101_sprintf	function_local_storage	no_standalone_port
L	4079	L4079_pc_	STRING.C	F7101_sprintf	function_local_storage	no_standalone_port
L	4080	L4080_i_IsLong	STRING.C	F7101_sprintf	function_local_storage	no_standalone_port
L	4081	L4081_ul_	STRING.C	F7101_sprintf	function_local_storage	no_standalone_port
L	4082	L4082_ui_PrintAsDecimal	STRING.C	F7101_sprintf	function_local_storage	no_standalone_port
L	4083	L4083_ui_	STRING.C	F7101_sprintf	function_local_storage	no_standalone_port
L	4084	L4084_i_IsSigned	STRING.C	F7101_sprintf	function_local_storage	no_standalone_port
L	4085	L4085_i_	STRING.C	F7102_DoesFileNameMatchPattern	function_local_storage	no_standalone_port
L	4086	L4086_puc_	STRING.C	F7102_DoesFileNameMatchPattern	function_local_storage	no_standalone_port
L	4087	L4087_puc_	STRING.C	F7102_DoesFileNameMatchPattern	function_local_storage	no_standalone_port
L	4088	L4088_uc_	STRING.C	F7102_DoesFileNameMatchPattern	function_local_storage	no_standalone_port
L	4089	L4089_uc_	STRING.C	F7102_DoesFileNameMatchPattern	function_local_storage	no_standalone_port
L	4090	L4090_ui_	CEDT010.C	F7103_InitUnusedVariables	function_local_storage	no_standalone_port
L	4091	L4091_i_	CEDT011.C	F7105_HangIfThirdParameterNot0	function_local_storage	no_standalone_port
L	4092	L4092_ps_	CEDT011.C	F7110_RemoveCleanupHandlerByID	function_local_storage	no_standalone_port
L	4093	L4093_i_	CEDT011.C	F7110_RemoveCleanupHandlerByID	function_local_storage	no_standalone_port
L	4094	L4094_ps_	CEDT011.C	F7111_RestorePreviousProgramState	function_local_storage	no_standalone_port
L	4095	L4095_ps_	CEDT011.C	F7111_RestorePreviousProgramState	function_local_storage	no_standalone_port
L	4096	L4096_ps_	CEDT011.C	F7112_FallbackToLastProgramState	function_local_storage	no_standalone_port
L	4097	L4097_i_	CEDT011.C	F7112_FallbackToLastProgramState	function_local_storage	no_standalone_port
L	4098	L4098_i_	CEDT011.C	F7112_FallbackToLastProgramState	function_local_storage	no_standalone_port
L	4099	L4099_B_Result	CEDT018.C	F7262_IsSemaphoreEnabled	function_local_storage	no_standalone_port
L	4100	L4100_ui_SemaphoreIndex	CEDT018.C	F7262_IsSemaphoreEnabled	function_local_storage	no_standalone_port
L	4101	L4101_i_	CEDT018.C	F7269_InitChampionEditor	function_local_storage	no_standalone_port
L	4102	L4102_ui_GameType	CEDTINCU.C	F7272_IsDungeonValid	function_local_storage	no_standalone_port
L	4103	L4103_i_	CEDTINCU.C	F7272_IsDungeonValid	function_local_storage	no_standalone_port
L	4104	L4104_i_	CEDTINCU.C	F7272_IsDungeonValid	function_local_storage	no_standalone_port
L	4105	L4105_i_	CEDTINCU.C	F7272_IsDungeonValid	function_local_storage	no_standalone_port
L	4106	L4106_i_	CEDTINCU.C	F7272_IsDungeonValid	function_local_storage	no_standalone_port
L	4107	L4107_i_	CEDTINCU.C	F7272_IsDungeonValid	function_local_storage	no_standalone_port
L	4108	L4108_ps_	CEDTINCU.C	F7272_IsDungeonValid	function_local_storage	no_standalone_port
L	4109	L4109_i_	CEDTINCU.C	F7272_IsDungeonValid	function_local_storage	no_standalone_port
L	4110	L4110_B_	CEDTINCU.C	F7272_IsDungeonValid	function_local_storage	no_standalone_port
L	4111	L4111_i_MouseButtons	CEDT020.C	F7274_GetMouseStatus	function_local_storage	no_standalone_port
L	4112	L4112_i_	CEDTINCO.C	F7276_GetPixelColor	function_local_storage	no_standalone_port
L	4113	L4113_ui_	CEDTINCP.C	F7277_SetPixelColor	function_local_storage	no_standalone_port
L	4116	L4116_i_	CEDT025.C	F7319_Crawcin	function_local_storage	no_standalone_port
L	4117	L4117_i_	CEDT025.C	F7319_Crawcin	function_local_storage	no_standalone_port
L	4118	L4118_i_Unreferenced	CEDT026.C	F7325_VerticalBlankRoutine	function_local_storage	no_standalone_port
L	4119	L4119_i_Unreferenced	CEDT026.C	F7326_MouseClickHandler	function_local_storage	no_standalone_port
L	4120	L4120_i_A	CEDT026.C	F0712_AnyKeyboardOrMouseInput	function_local_storage	no_standalone_port
L	4121	L4121_i_B	CEDT026.C	F0712_AnyKeyboardOrMouseInput	function_local_storage	no_standalone_port
L	4122	L4122_i_C	CEDT026.C	F0712_AnyKeyboardOrMouseInput	function_local_storage	no_standalone_port
L	4123	L4123_B_PortraitsNotObfuscated	LOADSAVE.C	F0433_STARTEND_ProcessCommand140_SaveGame_CPSCDF	function_local_storage	no_standalone_port
L	4129	L4129_puc_	CEDTFNT.C	F7337_	function_local_storage	no_standalone_port
L	4130	L4130_puc_	CEDTFNT.C	F7337_	function_local_storage	no_standalone_port
L	4131	L4131_i_	CEDTFNT.C	F7337_	function_local_storage	no_standalone_port
L	4132	L4132_i_	CEDTFNT.C	F7337_	function_local_storage	no_standalone_port
L	4133	L4133_i_	CEDTFNT.C	F7337_	function_local_storage	no_standalone_port
L	4134	L4134_i_	CEDTFNT.C	F7337_	function_local_storage	no_standalone_port
L	4135	L4135_i_	CEDTFNT.C	F7337_	function_local_storage	no_standalone_port
L	4136	L4136_i_	CEDTFNT.C	F7337_	function_local_storage	no_standalone_port
L	4137	L4137_ui_	CEDTFNT.C	F7337_	function_local_storage	no_standalone_port
L	4138	L4138_puc_Bitmap	CEDTTXT.C	F7338_	function_local_storage	no_standalone_port
L	4139	L4139_ai_Box	CEDTTXT.C	F7338_	function_local_storage	no_standalone_port
L	4140	L4140_i_X	CEDTTXT.C	F7338_	function_local_storage	no_standalone_port
L	4141	L4141_i_	CEDT030.C	F7341_DrawText	function_local_storage	no_standalone_port
L	4142	L4142_ai_Box	CEDT030.C	F7341_DrawText	function_local_storage	no_standalone_port
L	4143	L4143_i_Width	CEDT030.C	F7341_DrawText	function_local_storage	no_standalone_port
L	4144	L4144_i_Height	CEDT030.C	F7341_DrawText	function_local_storage	no_standalone_port
L	4145	L4145_s_	CEDT030.C	F7341_DrawText	function_local_storage	no_standalone_port
L	4146	L4146_i_	CEDT030.C	F7341_DrawText	function_local_storage	no_standalone_port
L	4147	L4147_i_Width	CEDT030.C	F7342_BuildUDSTRUCT3	function_local_storage	no_standalone_port
L	4148	L4148_i_Height	CEDT030.C	F7342_BuildUDSTRUCT3	function_local_storage	no_standalone_port
L	4149	L4149_i_	CEDT030.C	F7342_BuildUDSTRUCT3	function_local_storage	no_standalone_port
L	4150	L4150_i_	CEDT030.C	F7342_BuildUDSTRUCT3	function_local_storage	no_standalone_port
L	4152	L4152_ps_	CEDT012.C	F7113_	function_local_storage	no_standalone_port
L	4153	L4153_i_	CEDT012.C	F7113_	function_local_storage	no_standalone_port
L	4154	L4154_l_	CEDT012.C	F7114_	function_local_storage	no_standalone_port
L	4155	L4155_ps_	CEDT012.C	F7114_	function_local_storage	no_standalone_port
L	4156	L4156_ps_	CEDT012.C	F7114_	function_local_storage	no_standalone_port
L	4157	L4157_ps_	CEDT012.C	F7114_	function_local_storage	no_standalone_port
L	4158	L4158_l_SegmentOffset	CEDT012.C	F7114_	function_local_storage	no_standalone_port
L	4159	L4159_ui_SegmentIndex	CEDT012.C	F7114_	function_local_storage	no_standalone_port
L	4160	L4160_i_	CEDT012.C	F7114_	function_local_storage	no_standalone_port
L	4161	L4161_l_	CEDT012.C	F7115_	function_local_storage	no_standalone_port
L	4162	L4162_ps_	CEDT012.C	F7115_	function_local_storage	no_standalone_port
L	4163	L4163_ps_	CEDT012.C	F7115_	function_local_storage	no_standalone_port
L	4164	L4164_i_	CEDT012.C	F7115_	function_local_storage	no_standalone_port
L	4165	L4165_l_	CEDT012.C	F7116_	function_local_storage	no_standalone_port
L	4166	L4166_ps_	CEDT012.C	F7116_	function_local_storage	no_standalone_port
L	4167	L4167_ps_	CEDT012.C	F7116_	function_local_storage	no_standalone_port
L	4168	L4168_i_	CEDT012.C	F7116_	function_local_storage	no_standalone_port
L	4169	L4169_ul_	CEDT012.C	F7117_	function_local_storage	no_standalone_port
L	4170	L4170_i_	CEDT012.C	F7117_	function_local_storage	no_standalone_port
L	4171	L4171_ps_	CEDT012.C	F7117_	function_local_storage	no_standalone_port
L	4172	L4172_ps_	CEDT012.C	F7117_	function_local_storage	no_standalone_port
L	4173	L4173_ps_	CEDT012.C	F7117_	function_local_storage	no_standalone_port
L	4174	L4174_ps_	CEDT012.C	F7117_	function_local_storage	no_standalone_port
L	4175	L4175_ul_	CEDT012.C	F7117_	function_local_storage	no_standalone_port
L	4176	L4176_pps_	CEDT012.C	F7117_	function_local_storage	no_standalone_port
L	4177	L4177_i_	CEDT012.C	F7117_	function_local_storage	no_standalone_port
L	4178	L4178_i_	CEDT012.C	F7117_	function_local_storage	no_standalone_port
L	4179	L4179_ps_	CEDT012.C	F7118_	function_local_storage	no_standalone_port
L	4180	L4180_i_	CEDT012.C	F7118_	function_local_storage	no_standalone_port
L	4181	L4181_ps_	CEDT012.C	F7119_	function_local_storage	no_standalone_port
L	4182	L4182_i_	CEDT012.C	F7119_	function_local_storage	no_standalone_port
L	4183	L4183_ps_	CEDT012.C	F7120_	function_local_storage	no_standalone_port
L	4184	L4184_ps_	CEDT012.C	F7120_	function_local_storage	no_standalone_port
L	4185	L4185_i_	CEDT012.C	F7120_	function_local_storage	no_standalone_port
L	4186	L4186_ps_	CEDT012.C	F7121_	function_local_storage	no_standalone_port
L	4187	L4187_i_	CEDT012.C	F7121_	function_local_storage	no_standalone_port
L	4188	L4188_pc_	CEDT012.C	F7122_GetDrivePath	function_local_storage	no_standalone_port
L	4189	L4189_l_	CEDT012.C	F7123_GetFileDestinationUsage	function_local_storage	no_standalone_port
L	4190	L4190_l_	CEDT012.C	F7124_GetFileSourceUsage	function_local_storage	no_standalone_port
L	4191	L4191_ui_	CEDT012.C	F7125_	function_local_storage	no_standalone_port
L	4192	L4192_i_	CEDT012.C	F7125_	function_local_storage	no_standalone_port
L	4193	L4193_ps_	CEDT012.C	F7126_	function_local_storage	no_standalone_port
L	4194	L4194_ps_	CEDT012.C	F7126_	function_local_storage	no_standalone_port
L	4195	L4195_i_	CEDT012.C	F7126_	function_local_storage	no_standalone_port
L	4196	L4196_pps_	CEDT012.C	F7126_	function_local_storage	no_standalone_port
L	4197	L4197_ps_	CEDT012.C	F7127_	function_local_storage	no_standalone_port
L	4198	L4198_ps_	CEDT012.C	F7127_	function_local_storage	no_standalone_port
L	4199	L4199_ps_	CEDT012.C	F7131_Unreferenced	function_local_storage	no_standalone_port
L	4200	L4200_ps_	CEDT012.C	F7131_Unreferenced	function_local_storage	no_standalone_port
L	4201	L4201_pps_	CEDT012.C	F7131_Unreferenced	function_local_storage	no_standalone_port
L	4202	L4202_pps_	CEDT012.C	F7132_	function_local_storage	no_standalone_port
L	4203	L4203_pps_	CEDT012.C	F7132_	function_local_storage	no_standalone_port
L	4204	L4204_ps_	CEDT012.C	F7132_	function_local_storage	no_standalone_port
L	4205	L4205_i_	CEDT012.C	F7132_	function_local_storage	no_standalone_port
L	4206	L4206_pps_	CEDT012.C	F7133_Unreferenced	function_local_storage	no_standalone_port
L	4207	L4207_i_	CEDT012.C	F7133_Unreferenced	function_local_storage	no_standalone_port
L	4208	L4208_pps_	CEDT012.C	F7134_Unreferenced	function_local_storage	no_standalone_port
L	4209	L4209_ps_	CEDT012.C	F7134_Unreferenced	function_local_storage	no_standalone_port
L	4210	L4210_i_	CEDT012.C	F7134_Unreferenced	function_local_storage	no_standalone_port
L	4211	L4211_pps_	CEDT012.C	F7135_	function_local_storage	no_standalone_port
L	4212	L4212_ps_	CEDT012.C	F7135_	function_local_storage	no_standalone_port
L	4213	L4213_ps_	CEDT012.C	F7136_	function_local_storage	no_standalone_port
L	4214	L4214_ps_	CEDT012.C	F7136_	function_local_storage	no_standalone_port
L	4215	L4215_ps_	CEDT012.C	F7136_	function_local_storage	no_standalone_port
L	4216	L4216_l_	CEDT012.C	F7136_	function_local_storage	no_standalone_port
L	4217	L4217_l_	CEDT012.C	F7136_	function_local_storage	no_standalone_port
L	4218	L4218_pps_	CEDT012.C	F7136_	function_local_storage	no_standalone_port
L	4219	L4219_i_	CEDT012.C	F7136_	function_local_storage	no_standalone_port
L	4220	L4220_ps_	CEDT012.C	F7137_FileOperation	function_local_storage	no_standalone_port
L	4221	L4221_ps_	CEDT012.C	F7137_FileOperation	function_local_storage	no_standalone_port
L	4222	L4222_i_	CEDT012.C	F7137_FileOperation	function_local_storage	no_standalone_port
L	4223	L4223_p_NextParameterAddress	CEDT012.C	F7137_FileOperation	function_local_storage	no_standalone_port
L	4224	L4224_l_	CEDT012.C	F7137_FileOperation	function_local_storage	no_standalone_port
L	4225	L4225_pps_	CEDT012.C	F7137_FileOperation	function_local_storage	no_standalone_port
L	4226	L4226_i_	CEDT012.C	F7137_FileOperation	function_local_storage	no_standalone_port
L	4227	L4227_i_	CEDT012.C	F7137_FileOperation	function_local_storage	no_standalone_port
L	4228	L4228_ps_	CEDT012.C	F7138_	function_local_storage	no_standalone_port
L	4229	L4229_s_	CEDT012.C	F7138_	function_local_storage	no_standalone_port
L	4230	L4230_i_	CEDT012.C	F7138_	function_local_storage	no_standalone_port
L	4231	L4231_ps_	CEDT012.C	F7138_	function_local_storage	no_standalone_port
L	4232	L4232_l_Unreferenced	CEDT012.C	F7138_	function_local_storage	no_standalone_port
L	4233	L4233_i_	CEDT012.C	F7139_	function_local_storage	no_standalone_port
L	4234	L4234_ps_	CEDT012.C	F7139_	function_local_storage	no_standalone_port
L	4235	L4235_s_	CEDT012.C	F7140_InitializeUDSTRUCT8	function_local_storage	no_standalone_port
L	4236	L4236_ui_	CEDT012.C	F7140_InitializeUDSTRUCT8	function_local_storage	no_standalone_port
L	4237	L4237_ui_	CEDT012.C	F7141_UninitializeUDSTRUCT8	function_local_storage	no_standalone_port
L	4238	L4238_ps_	CEDT013.C	F7144_GetFileDescriptor	function_local_storage	no_standalone_port
L	4239	L4239_ps_	CEDT013.C	F7145_	function_local_storage	no_standalone_port
L	4240	L4240_ul_	CEDT013.C	F7147_	function_local_storage	no_standalone_port
L	4241	L4241_ps_	CEDT013.C	F7149_GetItemInUDSTRUCT55	function_local_storage	no_standalone_port
L	4242	L4242_pps_	CEDT013.C	F7149_GetItemInUDSTRUCT55	function_local_storage	no_standalone_port
L	4243	L4243_l_	CEDT013.C	F7150_	function_local_storage	no_standalone_port
L	4244	L4244_ps_	CEDT013.C	F7150_	function_local_storage	no_standalone_port
L	4245	L4245_i_	CEDT013.C	F7150_	function_local_storage	no_standalone_port
L	4246	L4246_ppps_	CEDT013.C	F7151_GetItemIndexInUDSTRUCT5	function_local_storage	no_standalone_port
L	4247	L4247_ps_	CEDT013.C	F7151_GetItemIndexInUDSTRUCT5	function_local_storage	no_standalone_port
L	4248	L4248_s_	CEDT013.C	F7151_GetItemIndexInUDSTRUCT5	function_local_storage	no_standalone_port
L	4249	L4249_i_	CEDT013.C	F7151_GetItemIndexInUDSTRUCT5	function_local_storage	no_standalone_port
L	4250	L4250_i_	CEDT013.C	F7151_GetItemIndexInUDSTRUCT5	function_local_storage	no_standalone_port
L	4251	L4251_i_FileCount	CEDT013.C	F7152_	function_local_storage	no_standalone_port
L	4252	L4252_s_	CEDT013.C	F7152_	function_local_storage	no_standalone_port
L	4253	L4253_c_	CEDT013.C	F7152_	function_local_storage	no_standalone_port
L	4254	L4254_i_	CEDT013.C	F7152_	function_local_storage	no_standalone_port
L	4255	L4255_i_	CEDT013.C	F7152_	function_local_storage	no_standalone_port
L	4256	L4256_ps_	CEDT013.C	F7153_SetItemInUDSTRUCT55	function_local_storage	no_standalone_port
L	4257	L4257_ps_	CEDT013.C	F7155_	function_local_storage	no_standalone_port
L	4258	L4258_pps_	CEDT013.C	F7155_	function_local_storage	no_standalone_port
L	4259	L4259_s_	CEDT013.C	F7155_	function_local_storage	no_standalone_port
L	4260	L4260_pps_	CEDT013.C	F7157_	function_local_storage	no_standalone_port
L	4261	L4261_ps_	CEDT013.C	F7157_	function_local_storage	no_standalone_port
L	4262	L4262_ps_	CEDT013.C	F7159_	function_local_storage	no_standalone_port
L	4263	L4263_ps_	CEDT013.C	F7160_	function_local_storage	no_standalone_port
L	4264	L4264_ps_	CEDT013.C	F7160_	function_local_storage	no_standalone_port
L	4265	L4265_i_	CEDT013.C	F7160_	function_local_storage	no_standalone_port
L	4266	L4266_ps_	CEDT013.C	F7161_	function_local_storage	no_standalone_port
L	4267	L4267_puc_	CEDT013.C	F7162_GetFTLHeaderChecksum	function_local_storage	no_standalone_port
L	4268	L4268_i_	CEDT013.C	F7162_GetFTLHeaderChecksum	function_local_storage	no_standalone_port
L	4269	L4269_ui_	CEDT013.C	F7162_GetFTLHeaderChecksum	function_local_storage	no_standalone_port
L	4270	L4270_ul_	CEDT013.C	F7163_	function_local_storage	no_standalone_port
L	4271	L4271_ul_	CEDT013.C	F7163_	function_local_storage	no_standalone_port
L	4272	L4272_ps_	CEDT013.C	F7163_	function_local_storage	no_standalone_port
L	4273	L4273_ps_	CEDT013.C	F7163_	function_local_storage	no_standalone_port
L	4274	L4274_i_	CEDT013.C	F7163_	function_local_storage	no_standalone_port
L	4275	L4275_i_	CEDT013.C	F7163_	function_local_storage	no_standalone_port
L	4276	L4276_ul_	CEDT013.C	F7164_	function_local_storage	no_standalone_port
L	4277	L4277_l_	CEDT013.C	F7164_	function_local_storage	no_standalone_port
L	4278	L4278_ps_	CEDT013.C	F7164_	function_local_storage	no_standalone_port
L	4279	L4279_ps_	CEDT013.C	F7164_	function_local_storage	no_standalone_port
L	4280	L4280_ps_	CEDT013.C	F7164_	function_local_storage	no_standalone_port
L	4281	L4281_pps_	CEDT013.C	F7164_	function_local_storage	no_standalone_port
L	4282	L4282_s_	CEDT013.C	F7164_	function_local_storage	no_standalone_port
L	4283	L4283_i_	CEDT013.C	F7164_	function_local_storage	no_standalone_port
L	4284	L4284_i_	CEDT013.C	F7164_	function_local_storage	no_standalone_port
L	4285	L4285_l_	CEDT013.C	F7165_	function_local_storage	no_standalone_port
L	4286	L4286_ps_	CEDT013.C	F7165_	function_local_storage	no_standalone_port
L	4287	L4287_i_	CEDT013.C	F7165_	function_local_storage	no_standalone_port
L	4288	L4288_i_	CEDT013.C	F7165_	function_local_storage	no_standalone_port
L	4289	L4289_ps_	CEDT013.C	F7167_	function_local_storage	no_standalone_port
L	4290	L4290_ps_	CEDT013.C	F7167_	function_local_storage	no_standalone_port
L	4291	L4291_pps_	CEDT013.C	F7167_	function_local_storage	no_standalone_port
L	4292	L4292_ul_	CEDT013.C	F7168_	function_local_storage	no_standalone_port
L	4293	L4293_ps_	CEDT013.C	F7168_	function_local_storage	no_standalone_port
L	4294	L4294_l_	CEDT013.C	F7168_	function_local_storage	no_standalone_port
L	4295	L4295_l_	CEDT013.C	F7168_	function_local_storage	no_standalone_port
L	4296	L4296_l_	CEDT013.C	F7168_	function_local_storage	no_standalone_port
L	4297	L4297_i_	CEDT013.C	F7168_	function_local_storage	no_standalone_port
L	4298	L4298_ps_	CEDT013.C	F7169_	function_local_storage	no_standalone_port
L	4299	L4299_pps_	CEDT013.C	F7169_	function_local_storage	no_standalone_port
L	4300	L4300_ppps_	CEDT013.C	F7169_	function_local_storage	no_standalone_port
L	4301	L4301_ps_	CEDT013.C	F7169_	function_local_storage	no_standalone_port
L	4302	L4302_i_	CEDT013.C	F7169_	function_local_storage	no_standalone_port
L	4303	L4303_ps_	CEDT013.C	F7170_	function_local_storage	no_standalone_port
L	4304	L4304_i_	CEDT013.C	F7170_	function_local_storage	no_standalone_port
L	4305	L4305_puc_	CEDT013.C	F7171_	function_local_storage	no_standalone_port
L	4306	L4306_ps_	CEDT013.C	F7171_	function_local_storage	no_standalone_port
L	4307	L4307_i_	CEDT013.C	F7171_	function_local_storage	no_standalone_port
L	4308	L4308_i_	CEDT013.C	F7171_	function_local_storage	no_standalone_port
L	4309	L4309_ps_	CEDT013.C	F7172_	function_local_storage	no_standalone_port
L	4310	L4310_ps_	CEDT013.C	F7172_	function_local_storage	no_standalone_port
L	4311	L4311_ps_	CEDT013.C	F7173_	function_local_storage	no_standalone_port
L	4312	L4312_ps_	CEDT013.C	F7173_	function_local_storage	no_standalone_port
L	4313	L4313_ps_	CEDT013.C	F7173_	function_local_storage	no_standalone_port
L	4314	L4314_pps_	CEDT013.C	F7173_	function_local_storage	no_standalone_port
L	4315	L4315_i_	CEDT013.C	F7173_	function_local_storage	no_standalone_port
L	4316	L4316_ps_	CEDT013.C	F7174_GetInitializedFTLHeader	function_local_storage	no_standalone_port
L	4317	L4317_l_	CEDT013.C	F7174_GetInitializedFTLHeader	function_local_storage	no_standalone_port
L	4318	L4318_pps_	CEDT013.C	F7174_GetInitializedFTLHeader	function_local_storage	no_standalone_port
L	4319	L4319_s_	CEDT013.C	F7174_GetInitializedFTLHeader	function_local_storage	no_standalone_port
L	4320	L4320_ps_	CEDT013.C	F7175_	function_local_storage	no_standalone_port
L	4321	L4321_ps_	CEDT013.C	F7175_	function_local_storage	no_standalone_port
L	4322	L4322_pps_	CEDT013.C	F7175_	function_local_storage	no_standalone_port
L	4323	L4323_s_	CEDT013.C	F7175_	function_local_storage	no_standalone_port
L	4324	L4324_i_	CEDT013.C	F7175_	function_local_storage	no_standalone_port
L	4325	L4325_ps_	CEDT013.C	F7176_	function_local_storage	no_standalone_port
L	4326	L4326_ps_	CEDT013.C	F7176_	function_local_storage	no_standalone_port
L	4327	L4327_pps_	CEDT013.C	F7176_	function_local_storage	no_standalone_port
L	4328	L4328_pps_	CEDT013.C	F7176_	function_local_storage	no_standalone_port
L	4329	L4329_i_	CEDT013.C	F7176_	function_local_storage	no_standalone_port
L	4330	L4330_i_	CEDT013.C	F7176_	function_local_storage	no_standalone_port
L	4331	L4331_c_	CEDT013.C	F7177_	function_local_storage	no_standalone_port
L	4332	L4332_i_	CEDT013.C	F7178_	function_local_storage	no_standalone_port
L	4333	L4333_s_	CEDT013.C	F7178_	function_local_storage	no_standalone_port
L	4336	L4336_i_	CEDT013.C	F7178_	function_local_storage	no_standalone_port
L	4337	L4337_ppps_	CEDT013.C	F7179_	function_local_storage	no_standalone_port
L	4338	L4338_ps_	CEDT013.C	F7179_	function_local_storage	no_standalone_port
L	4339	L4339_ps_	CEDT013.C	F7179_	function_local_storage	no_standalone_port
L	4340	L4340_i_	CEDT013.C	F7179_	function_local_storage	no_standalone_port
L	4341	L4341_i_	CEDT013.C	F7179_	function_local_storage	no_standalone_port
L	4342	L4342_s_	CEDT013.C	F7180_	function_local_storage	no_standalone_port
L	4343	L4343_i_	CEDT013.C	F7180_	function_local_storage	no_standalone_port
L	4344	L4344_ul_	CEDT013.C	F7181_	function_local_storage	no_standalone_port
L	4345	L4345_ps_	CEDT013.C	F7181_	function_local_storage	no_standalone_port
L	4346	L4346_ps_	CEDT013.C	F7181_	function_local_storage	no_standalone_port
L	4347	L4347_i_	CEDT013.C	F7181_	function_local_storage	no_standalone_port
L	4348	L4348_ps_	CEDT013.C	F7182_	function_local_storage	no_standalone_port
L	4349	L4349_pps_	CEDT013.C	F7182_	function_local_storage	no_standalone_port
L	4350	L4350_i_	CEDT013.C	F7182_	function_local_storage	no_standalone_port
L	4351	L4351_s_	CEDT013.C	F7183_	function_local_storage	no_standalone_port
L	4352	L4352_i_	CEDT013.C	F7183_	function_local_storage	no_standalone_port
L	4353	L4353_s_	CEDT013.C	F7184_	function_local_storage	no_standalone_port
L	4354	L4354_i_	CEDT013.C	F7184_	function_local_storage	no_standalone_port
L	4355	L4355_i_	CEDT013.C	F7184_	function_local_storage	no_standalone_port
L	4356	L4356_s_	CEDT013.C	F7185_	function_local_storage	no_standalone_port
L	4357	L4357_i_	CEDT013.C	F7185_	function_local_storage	no_standalone_port
L	4358	L4358_i_	CEDT013.C	F7185_	function_local_storage	no_standalone_port
L	4359	L4359_i_	CEDT013.C	F7185_	function_local_storage	no_standalone_port
L	4360	L4360_ps_	CEDT014.C	F7187_	function_local_storage	no_standalone_port
L	4361	L4361_ui_	CEDT014.C	F7187_	function_local_storage	no_standalone_port
L	4362	L4362_i_	CEDT014.C	F7187_	function_local_storage	no_standalone_port
L	4363	L4363_ps_	CEDT014.C	F7190_InitUdStruct77	function_local_storage	no_standalone_port
L	4364	L4364_i_	CEDT014.C	F7190_InitUdStruct77	function_local_storage	no_standalone_port
L	4365	L4365_ps_	CEDT014.C	F7191_	function_local_storage	no_standalone_port
L	4366	L4366_i_	CEDT014.C	F7191_	function_local_storage	no_standalone_port
L	4367	L4367_ps_	CEDT014.C	F7192_GetDataFileInfo	function_local_storage	no_standalone_port
L	4368	L4368_i_	CEDT014.C	F7192_GetDataFileInfo	function_local_storage	no_standalone_port
L	4369	L4369_i_	CEDT014.C	F7192_GetDataFileInfo	function_local_storage	no_standalone_port
L	4370	L4370_ui_	CEDT014.C	F7193_RemoveExtensionsFromFileNames	function_local_storage	no_standalone_port
L	4371	L4371_pc_	CEDT014.C	F7193_RemoveExtensionsFromFileNames	function_local_storage	no_standalone_port
L	4372	L4372_ui_	CEDT014.C	F7193_RemoveExtensionsFromFileNames	function_local_storage	no_standalone_port
L	4373	L4373_ui_	CEDT014.C	F7193_RemoveExtensionsFromFileNames	function_local_storage	no_standalone_port
L	4374	L4374_ui_	CEDT014.C	F7194_RestoreExtensionsInFileNames	function_local_storage	no_standalone_port
L	4375	L4375_pc_	CEDT014.C	F7194_RestoreExtensionsInFileNames	function_local_storage	no_standalone_port
L	4376	L4376_ui_	CEDT014.C	F7194_RestoreExtensionsInFileNames	function_local_storage	no_standalone_port
L	4377	L4377_ui_	CEDT014.C	F7194_RestoreExtensionsInFileNames	function_local_storage	no_standalone_port
L	4378	L4378_ps_	CEDT014.C	F7195_AreFileNamesIdentical	function_local_storage	no_standalone_port
L	4379	L4379_ps_	CEDT014.C	F7195_AreFileNamesIdentical	function_local_storage	no_standalone_port
L	4380	L4380_pc_	CEDT014.C	F7195_AreFileNamesIdentical	function_local_storage	no_standalone_port
L	4381	L4381_pc_	CEDT014.C	F7195_AreFileNamesIdentical	function_local_storage	no_standalone_port
L	4382	L4382_c_	CEDT014.C	F7195_AreFileNamesIdentical	function_local_storage	no_standalone_port
L	4383	L4383_i_	CEDT014.C	F7195_AreFileNamesIdentical	function_local_storage	no_standalone_port
L	4384	L4384_i_	CEDT014.C	F7195_AreFileNamesIdentical	function_local_storage	no_standalone_port
L	4385	L4385_i_	CEDT014.C	F7196_PrepareAndDrawFilePicker	function_local_storage	no_standalone_port
L	4386	L4386_i_	CEDT014.C	F7197_	function_local_storage	no_standalone_port
L	4387	L4387_i_	CEDT014.C	F7198_	function_local_storage	no_standalone_port
L	4388	L4388_i_	CEDT014.C	F7199_	function_local_storage	no_standalone_port
L	4389	L4389_ps_	CEDT014.C	F7200_	function_local_storage	no_standalone_port
L	4390	L4390_i_	CEDT014.C	F7200_	function_local_storage	no_standalone_port
L	4391	L4391_i_	CEDT014.C	F7201_GetDataFileIndexByFileID	function_local_storage	no_standalone_port
L	4392	L4392_ul_	UTMEMORY.C	F7202_GetEvenMemoryBlockSize	function_local_storage	no_standalone_port
L	4393	L4393_puc_	UTMEMORY.C	F7203_	function_local_storage	no_standalone_port
L	4394	L4394_ps_	UTMEMORY.C	F7204_GetMemoryAreaContainingAddress	function_local_storage	no_standalone_port
L	4395	L4395_ps_NextBlock	UTMEMORY.C	F7205_RemoveUDSTRUCT66FromLinkedList	function_local_storage	no_standalone_port
L	4396	L4396_ps_PreviousBlock	UTMEMORY.C	F7205_RemoveUDSTRUCT66FromLinkedList	function_local_storage	no_standalone_port
L	4397	L4397_ps_InsertBefore	UTMEMORY.C	F7206_InsertUDSTRUCT66InLinkedList	function_local_storage	no_standalone_port
L	4398	L4398_ps_InsertAfter	UTMEMORY.C	F7206_InsertUDSTRUCT66InLinkedList	function_local_storage	no_standalone_port
L	4399	L4399_ul_BlockSize	UTMEMORY.C	F7206_InsertUDSTRUCT66InLinkedList	function_local_storage	no_standalone_port
L	4400	L4400_l_	UTMEMORY.C	F7207_AddUsedBlockToList	function_local_storage	no_standalone_port
L	4401	L4401_l_	UTMEMORY.C	F7208_RemoveBlockFromLinkedList	function_local_storage	no_standalone_port
L	4402	L4402_ps_	UTMEMORY.C	F7209_	function_local_storage	no_standalone_port
L	4403	L4403_ps_	UTMEMORY.C	F7209_	function_local_storage	no_standalone_port
L	4404	L4404_ul_	UTMEMORY.C	F7209_	function_local_storage	no_standalone_port
L	4405	L4405_l_	UTMEMORY.C	F7210_	function_local_storage	no_standalone_port
L	4406	L4406_ps_	UTMEMORY.C	F7210_	function_local_storage	no_standalone_port
L	4407	L4407_ps_	UTMEMORY.C	F7211_	function_local_storage	no_standalone_port
L	4408	L4408_ps_	UTMEMORY.C	F7211_	function_local_storage	no_standalone_port
L	4409	L4409_ul_	UTMEMORY.C	F7211_	function_local_storage	no_standalone_port
L	4410	L4410_l_	UTMEMORY.C	F7211_	function_local_storage	no_standalone_port
L	4411	L4411_ps_	UTMEMORY.C	F7212_	function_local_storage	no_standalone_port
L	4412	L4412_ps_	UTMEMORY.C	F7212_	function_local_storage	no_standalone_port
L	4413	L4413_puc_	UTMEMORY.C	F7213_	function_local_storage	no_standalone_port
L	4414	L4414_ps_	UTMEMORY.C	F7213_	function_local_storage	no_standalone_port
L	4415	L4415_ps_	UTMEMORY.C	F7213_	function_local_storage	no_standalone_port
L	4416	L4416_l_	UTMEMORY.C	F7213_	function_local_storage	no_standalone_port
L	4417	L4417_B_	UTMEMORY.C	F7213_	function_local_storage	no_standalone_port
L	4418	L4418_puc_	UTMEMORY.C	F7214_	function_local_storage	no_standalone_port
L	4419	L4419_puc_	UTMEMORY.C	F7214_	function_local_storage	no_standalone_port
L	4420	L4420_puc_	UTMEMORY.C	F7214_	function_local_storage	no_standalone_port
L	4421	L4421_l_	UTMEMORY.C	F7214_	function_local_storage	no_standalone_port
L	4422	L4422_l_	UTMEMORY.C	F7214_	function_local_storage	no_standalone_port
L	4423	L4423_B_	UTMEMORY.C	F7214_	function_local_storage	no_standalone_port
L	4424	L4424_ul_	UTMEMORY.C	F7215_	function_local_storage	no_standalone_port
L	4425	L4425_ul_	UTMEMORY.C	F7215_	function_local_storage	no_standalone_port
L	4426	L4426_pc_	UTMEMORY.C	F7215_	function_local_storage	no_standalone_port
L	4427	L4427_ps_	UTMEMORY.C	F7215_	function_local_storage	no_standalone_port
L	4428	L4428_ps_	UTMEMORY.C	F7215_	function_local_storage	no_standalone_port
L	4429	L4429_B_	UTMEMORY.C	F7215_	function_local_storage	no_standalone_port
L	4430	L4430_B_	UTMEMORY.C	F7215_	function_local_storage	no_standalone_port
L	4431	L4431_ps_	UTMEMORY.C	F7216_AllocateFirstHandleBlock	function_local_storage	no_standalone_port
L	4432	L4432_ps_	UTMEMORY.C	F7216_AllocateFirstHandleBlock	function_local_storage	no_standalone_port
L	4433	L4433_ps_MemoryRegion	UTMEMORY.C	F7216_AllocateFirstHandleBlock	function_local_storage	no_standalone_port
L	4434	L4434_ul_RequestedByteCount	UTMEMORY.C	F7216_AllocateFirstHandleBlock	function_local_storage	no_standalone_port
L	4435	L4435_s_MemoryRequest	UTMEMORY.C	F7216_AllocateFirstHandleBlock	function_local_storage	no_standalone_port
L	4436	L4436_ppuc_	UTMEMORY.C	F7217_	function_local_storage	no_standalone_port
L	4437	L4437_ps_	UTMEMORY.C	F7217_	function_local_storage	no_standalone_port
L	4438	L4438_i_	UTMEMORY.C	F7217_	function_local_storage	no_standalone_port
L	4439	L4439_ui_	UTMEMORY.C	F7217_	function_local_storage	no_standalone_port
L	4440	L4440_i_	UTMEMORY.C	F7217_	function_local_storage	no_standalone_port
L	4441	L4441_puc_	UTMEMORY.C	F7218_	function_local_storage	no_standalone_port
L	4442	L4442_ul_RequestedByteCount	UTMEMORY.C	F7219_	function_local_storage	no_standalone_port
L	4443	L4443_B_	UTMEMORY.C	F7219_	function_local_storage	no_standalone_port
L	4444	L4444_B_	UTMEMORY.C	F7219_	function_local_storage	no_standalone_port
L	4445	L4445_ps_	UTMEMORY.C	F7219_	function_local_storage	no_standalone_port
L	4446	L4446_ps_	UTMEMORY.C	F7219_	function_local_storage	no_standalone_port
L	4447	L4447_i_	UTMEMORY.C	F7219_	function_local_storage	no_standalone_port
L	4448	L4448_ul_ByteCount	UTMEMORY.C	F7220_	function_local_storage	no_standalone_port
L	4449	L4449_puc_	UTMEMORY.C	F7220_	function_local_storage	no_standalone_port
L	4450	L4450_puc_	UTMEMORY.C	F7220_	function_local_storage	no_standalone_port
L	4451	L4451_B_	UTMEMORY.C	F7220_	function_local_storage	no_standalone_port
L	4452	L4452_ps_	UTMEMORY.C	F7221_	function_local_storage	no_standalone_port
L	4453	L4453_ppuc_MemoryHandle	UTMEMORY.C	F7221_	function_local_storage	no_standalone_port
L	4454	L4454_ps_MemoryRegion	UTMEMORY.C	F7221_	function_local_storage	no_standalone_port
L	4455	L4455_ul_ByteCount	UTMEMORY.C	F7221_	function_local_storage	no_standalone_port
L	4456	L4456_ps_	UTMEMORY.C	F7221_	function_local_storage	no_standalone_port
L	4457	L4457_l_	UTMEMORY.C	F7222_RemoveBlock	function_local_storage	no_standalone_port
L	4458	L4458_ps_	UTMEMORY.C	F7224_AddMemoryArea	function_local_storage	no_standalone_port
L	4459	L4459_s_MemoryRequest	UTMEMORY.C	F7227_RequestMemoryHandle	function_local_storage	no_standalone_port
L	4460	L4460_pps_MemoryHandle	UTMEMORY.C	F7227_RequestMemoryHandle	function_local_storage	no_standalone_port
L	4461	L4461_puc_	UTMEMORY.C	F7228_FreeMemory	function_local_storage	no_standalone_port
L	4463	L4463_ps_	UTMEMORY.C	F7229_	function_local_storage	no_standalone_port
L	4464	L4464_puc_	UTMEMORY.C	F7229_	function_local_storage	no_standalone_port
L	4465	L4465_i_	UTMEMORY.C	F7229_	function_local_storage	no_standalone_port
L	4465	L4465_l_	UTMEMORY.C	F7229_	function_local_storage	no_standalone_port
L	4466	L4466_ps_	UTMEMORY.C	F7230_	function_local_storage	no_standalone_port
L	4467	L4467_i_	UTMEMORY.C	F7230_	function_local_storage	no_standalone_port
L	4468	L4468_ps_	UTMEMORY.C	F7231_Unreferenced	function_local_storage	no_standalone_port
L	4469	L4469_i_	UTMEMORY.C	F7231_Unreferenced	function_local_storage	no_standalone_port
L	4471	L4471_ps_	UTMEMORY.C	F7232_Unreferenced	function_local_storage	no_standalone_port
L	4472	L4472_i_	UTMEMORY.C	F7232_Unreferenced	function_local_storage	no_standalone_port
L	4473	L4473_i_	UTMEMORY.C	F7232_Unreferenced	function_local_storage	no_standalone_port
L	4474	L4474_puc_	UTMEMORY.C	F7233_	function_local_storage	no_standalone_port
L	4476	L4476_puc_	UTMEMORY.C	F7234_	function_local_storage	no_standalone_port
L	4477	L4477_ps_	UTMEMORY.C	F7234_	function_local_storage	no_standalone_port
L	4478	L4478_ps_	UTMEMORY.C	F7234_	function_local_storage	no_standalone_port
L	4479	L4479_ul_	UTMEMORY.C	F7234_	function_local_storage	no_standalone_port
L	4480	L4480_ul_	UTMEMORY.C	F7234_	function_local_storage	no_standalone_port
L	4481	L4481_l_	UTMEMORY.C	F7234_	function_local_storage	no_standalone_port
L	4482	L4482_ps_	UTMEMORY.C	F7234_	function_local_storage	no_standalone_port
L	4483	L4483_s_	UTMEMORY.C	F7234_	function_local_storage	no_standalone_port
L	4484	L4484_i_	UTMEMORY.C	F7234_	function_local_storage	no_standalone_port
L	4487	L4487_ps_	UTMEMORY.C	F7235_Unreferenced	function_local_storage	no_standalone_port
L	4488	L4488_ps_	UTMEMORY.C	F7236_Unreferenced	function_local_storage	no_standalone_port
L	4489	L4489_ps_	UTMEMORY.C	F7236_Unreferenced	function_local_storage	no_standalone_port
L	4490	L4490_s_	UTMEMORY.C	F7236_Unreferenced	function_local_storage	no_standalone_port
L	4493	L4493_puc_	UTMEMORY.C	F7237_Unreferenced	function_local_storage	no_standalone_port
L	4494	L4494_l_	UTMEMORY.C	F7237_Unreferenced	function_local_storage	no_standalone_port
L	4495	L4495_ul_	UTMEMORY.C	F7238_Unreferenced	function_local_storage	no_standalone_port
L	4496	L4496_ul_	UTMEMORY.C	F7238_Unreferenced	function_local_storage	no_standalone_port
L	4497	L4497_ps_	UTMEMORY.C	F7238_Unreferenced	function_local_storage	no_standalone_port
L	4498	L4498_pc_	UTMEMORY.C	F7239_Unreferenced	function_local_storage	no_standalone_port
L	4499	L4499_ps_	UTMEMORY.C	F7239_Unreferenced	function_local_storage	no_standalone_port
L	4500	L4500_pc_Useless	UTMEMORY.C	F7239_Unreferenced	function_local_storage	no_standalone_port
L	4501	L4501_l_	UTMEMORY.C	F7239_Unreferenced	function_local_storage	no_standalone_port
L	4502	L4502_B_	UTMEMORY.C	F7239_Unreferenced	function_local_storage	no_standalone_port
L	4503	L4503_i_Useless	UTMEMORY.C	F7239_Unreferenced	function_local_storage	no_standalone_port
L	4504	L4504_i_	UTMEMORY.C	F7239_Unreferenced	function_local_storage	no_standalone_port
L	4505	L4505_ps_	UTMEMORY.C	F7240_	function_local_storage	no_standalone_port
L	4506	L4506_ul_	UTMEMORY.C	F7240_	function_local_storage	no_standalone_port
L	4507	L4507_i_	UTMEMORY.C	F7240_	function_local_storage	no_standalone_port
L	4508	L4508_puc_	UTMEMORY.C	F7241_Unreferenced	function_local_storage	no_standalone_port
L	4509	L4509_ps_	UTMEMORY.C	F7241_Unreferenced	function_local_storage	no_standalone_port
L	4510	L4510_ps_	UTMEMORY.C	F7241_Unreferenced	function_local_storage	no_standalone_port
L	4511	L4511_l_	UTMEMORY.C	F7241_Unreferenced	function_local_storage	no_standalone_port
L	4512	L4512_B_	UTMEMORY.C	F7241_Unreferenced	function_local_storage	no_standalone_port
L	4513	L4513_l_	UTMEMORY.C	F7241_Unreferenced	function_local_storage	no_standalone_port
L	4514	L4514_B_IsBlockUsed	UTMEMORY.C	F7241_Unreferenced	function_local_storage	no_standalone_port
L	4515	L4515_i_MemoryAreaIndex	UTMEMORY.C	F7241_Unreferenced	function_local_storage	no_standalone_port
L	4516	L4516_i_	CEDT016.C	F7242_	function_local_storage	no_standalone_port
L	4517	L4517_i_	CEDT016.C	F7243_	function_local_storage	no_standalone_port
L	4518	L4518_i_	CEDT016.C	F7243_	function_local_storage	no_standalone_port
L	4519	L4519_ac_	CEDT016.C	F7243_	function_local_storage	no_standalone_port
L	4520	L4520_s_	CEDT016.C	F7243_	function_local_storage	no_standalone_port
L	4521	L4521_i_	CEDT016.C	F7243_	function_local_storage	no_standalone_port
L	4522	L4522_ui_	CEDT016.C	F7243_	function_local_storage	no_standalone_port
L	4523	L4523_i_	CEDT016.C	F7244_	function_local_storage	no_standalone_port
L	4524	L4524_ac_	CEDT016.C	F7244_	function_local_storage	no_standalone_port
L	4525	L4525_i_	CEDT016.C	F7244_	function_local_storage	no_standalone_port
L	4526	L4526_ui_	CEDT016.C	F7244_	function_local_storage	no_standalone_port
L	4527	L4527_B_	CEDT016.C	F7244_	function_local_storage	no_standalone_port
L	4528	L4528_ui_	CEDT016.C	F7244_	function_local_storage	no_standalone_port
L	4529	L4529_i_	CEDT016.C	F7244_	function_local_storage	no_standalone_port
L	4530	L4530_ui_	CEDT016.C	F7245_Unreferenced	function_local_storage	no_standalone_port
L	4531	L4531_ui_	CEDT016.C	F7245_Unreferenced	function_local_storage	no_standalone_port
L	4532	L4532_ui_	CEDT016.C	F7245_Unreferenced	function_local_storage	no_standalone_port
L	4533	L4533_ui_	CEDT016.C	F7245_Unreferenced	function_local_storage	no_standalone_port
L	4534	L4534_i_	CEDT016.C	F7246_	function_local_storage	no_standalone_port
L	4535	L4535_i_	CEDT016.C	F7246_	function_local_storage	no_standalone_port
L	4536	L4536_ac_	CEDT016.C	F7246_	function_local_storage	no_standalone_port
L	4537	L4537_ac_	CEDT016.C	F7246_	function_local_storage	no_standalone_port
L	4538	L4538_pc_	CEDT016.C	F7246_	function_local_storage	no_standalone_port
L	4539	L4539_pc_	CEDT016.C	F7246_	function_local_storage	no_standalone_port
L	4540	L4540_c_	CEDT016.C	F7246_	function_local_storage	no_standalone_port
L	4541	L4541_i_	CEDT016.C	F7246_	function_local_storage	no_standalone_port
L	4542	L4542_i_	CEDT016.C	F7247_	function_local_storage	no_standalone_port
L	4543	L4543_ac_	CEDT016.C	F7247_	function_local_storage	no_standalone_port
L	4544	L4544_pc_	CEDT016.C	F7247_	function_local_storage	no_standalone_port
L	4545	L4545_i_	CEDT016.C	F7247_	function_local_storage	no_standalone_port
L	4546	L4546_i_	CEDT016.C	F7247_	function_local_storage	no_standalone_port
L	4547	L4547_uc_Byte	PORTRAIT.C	F7251_ConvertBitmapFromAtariSTPlanar	function_local_storage	no_standalone_port
L	4547	L4547_ui_WordIndex	PORTRAIT.C	F7251_ConvertBitmapFromAtariSTPlanar	function_local_storage	no_standalone_port
L	4548	L4548_i_BitplaneLineWordOffset	PORTRAIT.C	F7251_ConvertBitmapFromAtariSTPlanar	function_local_storage	no_standalone_port
L	4548	L4548_ui_BitMask	PORTRAIT.C	F7251_ConvertBitmapFromAtariSTPlanar	function_local_storage	no_standalone_port
L	4549	L4549_i_AtariSTPixelBit0	PORTRAIT.C	F7251_ConvertBitmapFromAtariSTPlanar	function_local_storage	no_standalone_port
L	4549	L4549_i_BitplaneLineWordCount	PORTRAIT.C	F7251_ConvertBitmapFromAtariSTPlanar	function_local_storage	no_standalone_port
L	4550	L4550_i_AtariSTPixelBit1	PORTRAIT.C	F7251_ConvertBitmapFromAtariSTPlanar	function_local_storage	no_standalone_port
L	4550	L4550_ul_BitplaneWordCount	PORTRAIT.C	F7251_ConvertBitmapFromAtariSTPlanar	function_local_storage	no_standalone_port
L	4551	L4551_i_AtariSTPixelBit2	PORTRAIT.C	F7251_ConvertBitmapFromAtariSTPlanar	function_local_storage	no_standalone_port
L	4551	L4551_ui_BitplaneAddress	PORTRAIT.C	F7251_ConvertBitmapFromAtariSTPlanar	function_local_storage	no_standalone_port
L	4552	L4552_i_AtariSTPixelBit3	PORTRAIT.C	F7251_ConvertBitmapFromAtariSTPlanar	function_local_storage	no_standalone_port
L	4553	L4553_i_Counter	PORTRAIT.C	F7251_ConvertBitmapFromAtariSTPlanar	function_local_storage	no_standalone_port
L	4554	L4554_uc_Byte	PORTRAIT.C	F7252_ConvertBitmapToAtariSTPlanar	function_local_storage	no_standalone_port
L	4555	L4555_i_Counter	PORTRAIT.C	F7252_ConvertBitmapToAtariSTPlanar	function_local_storage	no_standalone_port
L	4556	L4556_ui_AtariSTPixelBit0	PORTRAIT.C	F7252_ConvertBitmapToAtariSTPlanar	function_local_storage	no_standalone_port
L	4557	L4557_ui_AtariSTPixelBit1	PORTRAIT.C	F7252_ConvertBitmapToAtariSTPlanar	function_local_storage	no_standalone_port
L	4558	L4558_ui_AtariSTPixelBit2	PORTRAIT.C	F7252_ConvertBitmapToAtariSTPlanar	function_local_storage	no_standalone_port
L	4559	L4559_ui_AtariSTPixelBit3	PORTRAIT.C	F7252_ConvertBitmapToAtariSTPlanar	function_local_storage	no_standalone_port
L	4560	L4560_i_	PORTRAIT.C	F7252_ConvertBitmapToAtariSTPlanar	function_local_storage	no_standalone_port
L	4560	L4560_ui_BitMask	PORTRAIT.C	F7252_ConvertBitmapToAtariSTPlanar	function_local_storage	no_standalone_port
L	4561	L4561_ai_Box	CEDT017.C	F7257_ClearScreen	function_local_storage	no_standalone_port
L	4562	L4562_ai_Box	CEDT017.C	F7258_DrawScreenPixel	function_local_storage	no_standalone_port
L	4563	L4563_l_	CEDT017.C	F7261_ClearBitmap	function_local_storage	no_standalone_port
L	4564	L4564_pc_	CEDT023.C	F7288_	function_local_storage	no_standalone_port
L	4565	L4565_ui_	CEDT023.C	F7288_	function_local_storage	no_standalone_port
L	4566	L4566_i_Result	CEDT023.C	F7288_	function_local_storage	no_standalone_port
L	4567	L4567_i_	CEDT023.C	F7289_	function_local_storage	no_standalone_port
L	4568	L4568_ps_	CEDT023.C	F7290_	function_local_storage	no_standalone_port
L	4569	L4569_pc_	CEDT023.C	F7290_	function_local_storage	no_standalone_port
L	4570	L4570_l_	CEDT023.C	F7290_	function_local_storage	no_standalone_port
L	4571	L4571_i_Result	CEDT023.C	F7290_	function_local_storage	no_standalone_port
L	4572	L4572_ps_	CEDT023.C	F7291_	function_local_storage	no_standalone_port
L	4573	L4573_i_Result	CEDT023.C	F7291_	function_local_storage	no_standalone_port
L	4574	L4574_ps_	CEDT023.C	F7292_SubstituteStringInFileName	function_local_storage	no_standalone_port
L	4575	L4575_ac_OutputFileName	CEDT023.C	F7292_SubstituteStringInFileName	function_local_storage	no_standalone_port
L	4576	L4576_i_Result	CEDT023.C	F7292_SubstituteStringInFileName	function_local_storage	no_standalone_port
L	4577	L4577_l_	CEDT023.C	F7293_	function_local_storage	no_standalone_port
L	4578	L4578_c_	CEDT023.C	F7293_	function_local_storage	no_standalone_port
L	4579	L4579_ps_	CEDT023.C	F7293_	function_local_storage	no_standalone_port
L	4580	L4580_i_DriveAddress	CEDT023.C	F7293_	function_local_storage	no_standalone_port
L	4581	L4581_ps_	CEDT023.C	F7294_	function_local_storage	no_standalone_port
L	4582	L4582_B_	CEDT023.C	F7294_	function_local_storage	no_standalone_port
L	4583	L4583_ps_	CEDT023.C	F7295_	function_local_storage	no_standalone_port
L	4584	L4584_i_	CEDT023.C	F7295_	function_local_storage	no_standalone_port
L	4585	L4585_i_	CEDT023.C	F7295_	function_local_storage	no_standalone_port
L	4586	L4586_ps_	CEDT023.C	F7295_	function_local_storage	no_standalone_port
L	4587	L4587_i_Result	CEDT023.C	F7295_	function_local_storage	no_standalone_port
L	4588	L4588_ui_	CEDT023.C	F7295_	function_local_storage	no_standalone_port
L	4589	L4589_i_Result	CEDT023.C	F7282__TryOpenFile	function_local_storage	no_standalone_port
L	4590	L4590_ps_	CEDT023.C	F7296_OpenFile	function_local_storage	no_standalone_port
L	4591	L4591_i_Result	CEDT023.C	F7296_OpenFile	function_local_storage	no_standalone_port
L	4592	L4592_i_	CEDT023.C	F7296_OpenFile	function_local_storage	no_standalone_port
L	4593	L4593_ps_	CEDT023.C	F7283__CreateFile	function_local_storage	no_standalone_port
L	4594	L4594_i_Result	CEDT023.C	F7283__CreateFile	function_local_storage	no_standalone_port
L	4595	L4595_i_	CEDT023.C	F7283__CreateFile	function_local_storage	no_standalone_port
L	4596	L4596_ps_	CEDT023.C	F7297_CloseFile	function_local_storage	no_standalone_port
L	4597	L4597_i_Result	CEDT023.C	F7297_CloseFile	function_local_storage	no_standalone_port
L	4598	L4598_ps_	CEDT023.C	F7298_GetFileSize	function_local_storage	no_standalone_port
L	4599	L4599_i_Result	CEDT023.C	F7298_GetFileSize	function_local_storage	no_standalone_port
L	4600	L4600_ps_	CEDT023.C	F7299_FSeek_FromCurrent_Unreferenced	function_local_storage	no_standalone_port
L	4601	L4601_i_Result	CEDT023.C	F7299_FSeek_FromCurrent_Unreferenced	function_local_storage	no_standalone_port
L	4602	L4602_ps_	CEDT023.C	F7300_Fseek	function_local_storage	no_standalone_port
L	4603	L4603_i_Result	CEDT023.C	F7300_Fseek	function_local_storage	no_standalone_port
L	4604	L4604_ps_	CEDT023.C	F7286__Fread	function_local_storage	no_standalone_port
L	4605	L4605_i_Result	CEDT023.C	F7286__Fread	function_local_storage	no_standalone_port
L	4606	L4606_ps_	CEDT023.C	F7301_Fwrite	function_local_storage	no_standalone_port
L	4607	L4607_l_	CEDT023.C	F7301_Fwrite	function_local_storage	no_standalone_port
L	4608	L4608_i_Result	CEDT023.C	F7301_Fwrite	function_local_storage	no_standalone_port
L	4609	L4609_ps_	CEDT023.C	F7302_	function_local_storage	no_standalone_port
L	4610	L4610_i_Result	CEDT023.C	F7302_	function_local_storage	no_standalone_port
L	4611	L4611_ps_	CEDT023.C	F7303_Fdelete	function_local_storage	no_standalone_port
L	4612	L4612_i_Result	CEDT023.C	F7303_Fdelete	function_local_storage	no_standalone_port
L	4613	L4613_ps_	CEDT023.C	F7304_Frename_Unreferenced	function_local_storage	no_standalone_port
L	4614	L4614_ps_	CEDT023.C	F7304_Frename_Unreferenced	function_local_storage	no_standalone_port
L	4615	L4615_i_Result	CEDT023.C	F7304_Frename_Unreferenced	function_local_storage	no_standalone_port
L	4616	L4616_ps_	CEDT023.C	F7305_	function_local_storage	no_standalone_port
L	4617	L4617_c_	CEDT023.C	F7305_	function_local_storage	no_standalone_port
L	4618	L4618_pc_	CEDT023.C	F7306_	function_local_storage	no_standalone_port
L	4619	L4619_ps_	CEDT023.C	F7306_	function_local_storage	no_standalone_port
L	4620	L4620_ac_	CEDT023.C	F7306_	function_local_storage	no_standalone_port
L	4621	L4621_ui_	CEDT023.C	F7306_	function_local_storage	no_standalone_port
L	4622	L4622_ui_	CEDT023.C	F7306_	function_local_storage	no_standalone_port
L	4623	L4623_ps_	CEDT023.C	F7307_GetDrivePath	function_local_storage	no_standalone_port
L	4624	L4624_i_Result	CEDT023.C	F7307_GetDrivePath	function_local_storage	no_standalone_port
L	4625	L4625_ps_	CEDTINC2.C	F7309_	function_local_storage	no_standalone_port
L	4626	L4626_i_	CEDTINC2.C	F7309_	function_local_storage	no_standalone_port
L	4627	L4627_ui_	CEDTINC2.C	F7310_Unreferenced	function_local_storage	no_standalone_port
L	4628	L4628_i_	CEDTINC2.C	F7310_Unreferenced	function_local_storage	no_standalone_port
L	4629	L4629_ui_	CEDTINC2.C	F7311_	function_local_storage	no_standalone_port
L	4630	L4630_i_	CEDTINC2.C	F7311_	function_local_storage	no_standalone_port
L	4631	L4631_i_	CEDTINC2.C	F7311_	function_local_storage	no_standalone_port
L	4632	L4632_uc_	CEDTINC2.C	F7311_	function_local_storage	no_standalone_port
L	4633	L4633_i_	CEDTINC2.C	F7311_	function_local_storage	no_standalone_port
L	4634	L4634_i_	CEDTINC2.C	F7311_	function_local_storage	no_standalone_port
L	4635	L4635_uc_	CEDTINC2.C	F7313_GetDriveIndex	function_local_storage	no_standalone_port
L	4636	L4636_ps_	CEDTINC2.C	F7313_GetDriveIndex	function_local_storage	no_standalone_port
L	4637	L4637_i_	CEDTINC2.C	F7313_GetDriveIndex	function_local_storage	no_standalone_port
L	4638	L4638_i_	CEDTINC1.C	F7314_FindFirst	function_local_storage	no_standalone_port
L	4639	L4639_i_	CEDTINC1.C	F7315_FindNext	function_local_storage	no_standalone_port
L	4640	L4640_i_	CEDTINC1.C	F7316_GetFileNamesArray	function_local_storage	no_standalone_port
L	4641	L4641_i_	CEDTINCF.C;CEDTINC1.C	F7316_GetFileNamesArray	function_local_storage	no_standalone_port
L	4642	L4642_i_	CEDTINCF.C	F7316_GetFileNamesArray	function_local_storage	no_standalone_port
L	4643	L4643_ac_	CEDTINCF.C;CEDTINC1.C	F7316_GetFileNamesArray	function_local_storage	no_standalone_port
L	4644	L4644_ac_	CEDTINC1.C	F7316_GetFileNamesArray	function_local_storage	no_standalone_port
L	4646	L4646_pc_	CEDTINC1.C	F7316_GetFileNamesArray	function_local_storage	no_standalone_port
L	4647	L4647_pc_	CEDTINC1.C	F7316_GetFileNamesArray	function_local_storage	no_standalone_port
L	4648	L4648_c_	CEDTINCF.C;CEDTINC1.C	F7316_GetFileNamesArray	function_local_storage	no_standalone_port
L	4649	L4649_ps_	CEDTINC1.C	F7316_GetFileNamesArray	function_local_storage	no_standalone_port
L	4674	L4674_l_Unreferenced	APPA.C	F9002_OpenUSIO	function_local_storage	no_standalone_port
L	4693	L4693_ai_XYZ	GRF1.C	F9086_GRF1_06_Blit	function_local_storage	no_standalone_port
L	4694	L4694_ps_InfoData	USIO2.C	F1171_USIO_19_LockDF0	function_local_storage	no_standalone_port
L	4695	L4695_B_Result	USIO2.C	F1171_USIO_19_LockDF0	function_local_storage	no_standalone_port
L	4700	L4700_i_MouseButtons	USIO2.C	F1172_QueueMouseAndKeyboardInput	function_local_storage	no_standalone_port
L	4708	L4708_i_MouseButtons	USIO2.C	F1167_USIO_14_GetMouseStatus	function_local_storage	no_standalone_port
L	4709	L4709_i_Delay	ANIM.C	F1210_	function_local_storage	no_standalone_port
L	4712	L4712_ps_Buffer	ANIM.C	F1177_	function_local_storage	no_standalone_port
L	4713	L4713_FileHandle	ANIM.C	F1177_	function_local_storage	no_standalone_port
L	4714	L4714_l_FileSize	ANIM.C	F1177_	function_local_storage	no_standalone_port
L	4715	L4715_l_BufferSize	ANIM.C	F1177_	function_local_storage	no_standalone_port
L	4716	L4716_puc_AnimationData	ANIM.C	F1177_	function_local_storage	no_standalone_port
L	4718	L4718_ColorIndex	ANIM.C	F1181_Process_PL	function_local_storage	no_standalone_port
L	4721	L4721_FileHandle	ANIM.C	F1188_Process_SF	function_local_storage	no_standalone_port
L	4724	L4724_FileHandle	ANIM.C	F1189_Process_MF	function_local_storage	no_standalone_port
L	4731	L4731_i_Unreferenced	ANIM.C	F1204_	function_local_storage	no_standalone_port
L	4732	L4732_i_Unreferenced	ANIM.C	F1205_	function_local_storage	no_standalone_port
L	4741	L4741_i_Unreferenced	ANIM.C	F1225_	function_local_storage	no_standalone_port
L	4776	L4776_l_ChosenOption	SWITCH.C	F1288_GetChosenOption	function_local_storage	no_standalone_port
L	4777	L4777_LanguageIndex	APPBLANG.C	F1298_GetAutomaticStartupLanguage	function_local_storage	no_standalone_port
L	4778	L4778_i_Result	APPBLANG.C	F1299_SaveLanguageChoice	function_local_storage	no_standalone_port
L	4779	L4779_i_LanguageChoiceFileNameIndex	APPBLANG.C	F1291_GetLanguageIndexFromLanguageFileName	function_local_storage	no_standalone_port
L	4780	L4780_FileHandle	APPBLANG.C	F1291_GetLanguageIndexFromLanguageFileName	function_local_storage	no_standalone_port
L	4781	L4781_ps_FileLock	APPBLANG.C	F1290_GetVolumeState	function_local_storage	no_standalone_port
L	4782	L4782_ps_InfoData	APPBLANG.C	F1290_GetVolumeState	function_local_storage	no_standalone_port
L	4783	L4783_i_RetryCount	APPBLANG.C	F1290_GetVolumeState	function_local_storage	no_standalone_port
L	4784	L4784_i_Result	APPBLANG.C	F1290_GetVolumeState	function_local_storage	no_standalone_port
L	4785	L4785_pc_Character	APPBLANG.C	F1289_GetFullFileName	function_local_storage	no_standalone_port
L	4786	L4786_i_LanguageFileNameIndex	APPBLANG.C	F1292_DeleteLanguageFilesFromGameDisk	function_local_storage	no_standalone_port
L	4787	L4787_FileHandle	APPBLANG.C	F1293_CreateLanguageFile	function_local_storage	no_standalone_port
L	4789	L4789_l_ByteCount	SWITCH.C	F1288_GetChosenOption	function_local_storage	no_standalone_port
L	4790	L4790_i_ChoiceIndex	SWITCH.C	F1288_GetChosenOption	function_local_storage	no_standalone_port
L	4791	L4791_l_ChosenOption	SWITCH.C	F1288_GetChosenOption	function_local_storage	no_standalone_port
L	4796	L4796_Bitmap_Screen	VDEO1.C	F9036_VDEO_12_BlitToScreenNoTransparency	function_local_storage	no_standalone_port
L	4797	L4797_ps_InfoData	FIO1.C	F1337_FIO1_13_Lock	function_local_storage	no_standalone_port
L	4798	L4798_ps_FileLock	FIO1.C	F1337_FIO1_13_Lock	function_local_storage	no_standalone_port
L	4799	L4799_ps_FIO1File	FIO1.C	F1337_FIO1_13_Lock	function_local_storage	no_standalone_port
L	4800	L4800_i_Result	FIO1.C	F1337_FIO1_13_Lock	function_local_storage	no_standalone_port
L	4818	L4818_ps_FIO1File	FIO1.C	F1318_FIO1_29_	function_local_storage	no_standalone_port
L	4820	L4820_i_Result	FIO1.C	F1319_FIO1_28_	function_local_storage	no_standalone_port
L	4821	L4821_ps_FIO1File	FIO1.C	F1319_FIO1_28_	function_local_storage	no_standalone_port
L	4823	L4823_ps_FIO1File	FIO1.C	F1321_FIO1_07_SubstituteStringInFileName	function_local_storage	no_standalone_port
L	4824	L4824_ac_OutputFileName	FIO1.C	F1321_FIO1_07_SubstituteStringInFileName	function_local_storage	no_standalone_port
L	4825	L4825_ps_FIO1File	FIO1.C	F1322_FIO1_26_	function_local_storage	no_standalone_port
L	4829	L4829_l_NoDiskInDrive	FLOPPYAM.C	F1362_IsFloppyDriveEmpty	function_local_storage	no_standalone_port
L	4830	L4830_l_DiskIsWriteProtected	FLOPPYAM.C	F1363_IsFloppyDiskWriteProtected	function_local_storage	no_standalone_port
L	4831	L4831_i_Counter	FIO1.C	F1348_IsFloppyDiskInDrive	function_local_storage	no_standalone_port
L	4832	L4832_ps_FileLock	FIO1.C	F1348_IsFloppyDiskInDrive	function_local_storage	no_standalone_port
L	4833	L4833_i_DiskState	FIO1.C	F1348_IsFloppyDiskInDrive	function_local_storage	no_standalone_port
L	4834	L4834_B_FloppyDiskInDrive	FIO1.C	F1348_IsFloppyDiskInDrive	function_local_storage	no_standalone_port
L	4836	L4836_i_Unreferenced	ANIMSND.C	F0060_SOUND_Play_CPSX	function_local_storage	no_standalone_port
L	4838	L4838_i_TargetVerticalBlankCount	SWSH.C	F0022_MAIN_SwooshDelay	function_local_storage	no_standalone_port
L	4839	L4839_FTLLogoBitmap	SWSH.C	F0909_PlaySwooshSound	function_local_storage	no_standalone_port
L	4840	L4840_FTLLogo	SWSH.C	F0909_PlaySwooshSound	function_local_storage	no_standalone_port
L	4841	L4841_Width	SWSH.C	F0909_PlaySwooshSound	function_local_storage	no_standalone_port
L	4842	L4842_Height	SWSH.C	F0909_PlaySwooshSound	function_local_storage	no_standalone_port
L	4844	L4844_l_SupervisorStack	SWSH.C	F1374_ApplyPaletteAndWaitForDelay	function_local_storage	no_standalone_port
L	4848	L4848_l_SupervisorStack	SWSH.C	F0902_DrawFTLLogo	function_local_storage	no_standalone_port
L	4849	L4849_ul_VerticalBlankCount	SWSH.C	F0022_MAIN_SwooshDelay	function_local_storage	no_standalone_port
L	4852	L4852_i_Unreferenced	SWSH.C	F1379_	function_local_storage	no_standalone_port
L	5000	L5000_i_SwitchOptionCount	SWITCH.C	F1513_MainLoop	function_local_storage	no_standalone_port
L	5001	L5001_l_SupervisorStack	VBLANK.C	F1372_SetVerticalBlankInterrupt	function_local_storage	no_standalone_port
L	5002	L5002_l_SupervisorStack	HINT002.C;PRIM1.C;SWITCH.C;UTIO.C	F0924_SetCriticalErrorHandler	function_local_storage	no_standalone_port
L	5003	L5003_i_FloppyDriveCount	SWITCH.C;UTIO.C	F0924_SetCriticalErrorHandler	function_local_storage	no_standalone_port
L	5004	L5004_i_Result	SWITCH.C	F1510_LoadDataFile	function_local_storage	no_standalone_port
L	5007	L5007_puc_HeaderBuffer	SWITCH.C	F1510_LoadDataFile	function_local_storage	no_standalone_port
L	5008	L5008_puc_SegmentHeadersBuffer	SWITCH.C	F1510_LoadDataFile	function_local_storage	no_standalone_port
L	5010	L5010_aui_Palette	SWITCH.C	F1510_LoadDataFile	function_local_storage	no_standalone_port
L	5011	L5011_ps_Header	SWITCH.C	F1510_LoadDataFile	function_local_storage	no_standalone_port
L	5012	L5012_ps_SegmentHeader	SWITCH.C	F1510_LoadDataFile	function_local_storage	no_standalone_port
L	5014	L5014_i_SwitchOptionIndex	SWITCH.C	F1513_MainLoop	function_local_storage	no_standalone_port
L	5015	L5015_i_Command	SWITCH.C	F1513_MainLoop	function_local_storage	no_standalone_port
L	5016	L5016_i_	SWITCH.C	F1513_MainLoop	function_local_storage	no_standalone_port
L	5017	L5017_l_VerticalBlankCount	SWITCH.C	F1513_MainLoop	function_local_storage	no_standalone_port
L	5018	L5018_l_Unreferenced	SWITCH.C	F1513_MainLoop	function_local_storage	no_standalone_port
L	5019	L5019_s_UDCommand	SWITCH.C	F1513_MainLoop	function_local_storage	no_standalone_port
L	5020	L5020_pc_NextFTLModuleToRun	SWITCH.C	F1513_MainLoop	function_local_storage	no_standalone_port
L	5027	L5027_Unreferenced	VDEO2.C	F1661_	function_local_storage	no_standalone_port
L	5028	L5028_Unreferenced	VDEO2.C	F1661_	function_local_storage	no_standalone_port
L	5029	L5029_Unreferenced	VDEO2.C	F1661_	function_local_storage	no_standalone_port
L	5030	L5030_Unreferenced	VDEO2.C	F1661_	function_local_storage	no_standalone_port
L	5031	L5031_l_SupervisorStack	VDEO1.C	F9025_VDEO_17_GetColorPalette	function_local_storage	no_standalone_port
L	5032	L5032_l_SupervisorStack	VDEO1.C	F9026_SetColorPalette	function_local_storage	no_standalone_port
L	5033	L5033_l_SupervisorStack	VDEO1.C	F9028_	function_local_storage	no_standalone_port
L	5034	L5034_i_Width	VDEO1.C	F9030_VDEO_05_ExpandGraphicToBitmap	function_local_storage	no_standalone_port
L	5035	L5035_i_Height	VDEO1.C	F9030_VDEO_05_ExpandGraphicToBitmap	function_local_storage	no_standalone_port
L	5036	L5036_l_SupervisorStack	VDEO1.C	F9030_VDEO_05_ExpandGraphicToBitmap	function_local_storage	no_standalone_port
L	5041	L5041_l_SupervisorStack	VDEO1.C	F9032_VDEO_08_FillScreenBox	function_local_storage	no_standalone_port
L	5043	L5043_l_SupervisorStack	VDEO1.C	F9033_VDEO_09_HatchScreenBox	function_local_storage	no_standalone_port
L	5045	L5045_l_Unreferenced	VDEO1.C	F9034_VDEO_10_InvertScreenBox	function_local_storage	no_standalone_port
L	5047	L5047_l_SupervisorStack	VDEO1.C	F9041_VDEO_06_BlitToScreen	function_local_storage	no_standalone_port
L	5048	L5048_l_SupervisorStack	VDEO1.C	F9035_VDEO_11_BlitFromScreenNoTransparency	function_local_storage	no_standalone_port
L	5056	L5056_l_SupervisorStack	VDEO1.C	F9036_VDEO_12_BlitToScreenNoTransparency	function_local_storage	no_standalone_port
L	5066	L5066_Unreferenced	INT1.C	F1673_ExecuteSampleHandlers_Unreferenced	function_local_storage	no_standalone_port
L	5070	L5070_l_SupervisorStack	INT1.C	F1674_AddInterruptHandler	function_local_storage	no_standalone_port
L	5075	L5075_l_SupervisorStack	INT1.C	F1676_UninstallInterruptHandler	function_local_storage	no_standalone_port
L	5078	L5078_ps_FIO1File	FIO1.C	F1323_FIO1_25_	function_local_storage	no_standalone_port
L	5080	L5080_ac_FileName	FIO1.C	F1323_FIO1_25_	function_local_storage	no_standalone_port
L	5081	L5081_ac_FileName	FIO1.C	F1323_FIO1_25_	function_local_storage	no_standalone_port
L	5082	L5082_ps_InfoData	FIO1.C	F1323_FIO1_25_	function_local_storage	no_standalone_port
L	5083	L5083_ps_FileLock	FIO1.C	F1323_FIO1_25_	function_local_storage	no_standalone_port
L	5086	L5086_i_Result	FIO1.C	F1323_FIO1_25_	function_local_storage	no_standalone_port
L	5090	L5090_i_Result	FIO1.C	F1324_FIO1_24_	function_local_storage	no_standalone_port
L	5093	L5093_ps_FIO1File	FIO1.C	F1325_FIO1_04_IsDiskWriteable	function_local_storage	no_standalone_port
L	5094	L5094_i_Result	FIO1.C	F1326_FIO1_05_FormatSaveDisk	function_local_storage	no_standalone_port
L	5095	L5095_ps_FIO1File	FIO1.C	F1326_FIO1_05_FormatSaveDisk	function_local_storage	no_standalone_port
L	5096	L5096_i_Result	FIO1.C	F1327_FIO1_23_	function_local_storage	no_standalone_port
L	5098	L5098_ps_FIO1File	FIO1.C	F1327_FIO1_23_	function_local_storage	no_standalone_port
L	5099	L5099_ps_InfoData	FIO1.C	F1327_FIO1_23_	function_local_storage	no_standalone_port
L	5100	L5100_ps_FileLock	FIO1.C	F1327_FIO1_23_	function_local_storage	no_standalone_port
L	5101	L5101_i_Result	FIO1.C	F1328_FIO1_22_	function_local_storage	no_standalone_port
L	5103	L5103_ps_FileHandle	FIO1.C	F1329_FIO1_21_Open	function_local_storage	no_standalone_port
L	5104	L5104_i_Result	FIO1.C	F1329_FIO1_21_Open	function_local_storage	no_standalone_port
L	5105	L5105_ps_FIO1File	FIO1.C	F1329_FIO1_21_Open	function_local_storage	no_standalone_port
L	5106	L5106_ps_FileHandle	FIO1.C	F1330_FIO1_20_Create	function_local_storage	no_standalone_port
L	5107	L5107_i_Result	FIO1.C	F1330_FIO1_20_Create	function_local_storage	no_standalone_port
L	5108	L5108_ps_FIO1File	FIO1.C	F1330_FIO1_20_Create	function_local_storage	no_standalone_port
L	5109	L5109_i_Result	FIO1.C	F1331_FIO1_19_Close	function_local_storage	no_standalone_port
L	5110	L5110_ps_FIO1File	FIO1.C	F1331_FIO1_19_Close	function_local_storage	no_standalone_port
L	5111	L5111_i_Result	FIO1.C	F1332_FIO1_18_GetSize	function_local_storage	no_standalone_port
L	5112	L5112_ps_FIO1File	FIO1.C	F1332_FIO1_18_GetSize	function_local_storage	no_standalone_port
L	5113	L5113_l_Unreferenced	FIO1.C	F1332_FIO1_18_GetSize	function_local_storage	no_standalone_port
L	5114	L5114_i_Result	FIO1.C	F1333_FIO1_17_Tell	function_local_storage	no_standalone_port
L	5115	L5115_ps_FIO1File	FIO1.C	F1333_FIO1_17_Tell	function_local_storage	no_standalone_port
L	5116	L5116_i_Result	FIO1.C	F1334_FIO1_16_Seek	function_local_storage	no_standalone_port
L	5117	L5117_ps_FIO1File	FIO1.C	F1334_FIO1_16_Seek	function_local_storage	no_standalone_port
L	5118	L5118_i_Result	FIO1.C	F1335_FIO1_15_Read	function_local_storage	no_standalone_port
L	5119	L5119_ps_FIO1File	FIO1.C	F1335_FIO1_15_Read	function_local_storage	no_standalone_port
L	5120	L5120_i_Result	FIO1.C	F1336_FIO1_14_Write	function_local_storage	no_standalone_port
L	5121	L5121_ps_FIO1File	FIO1.C	F1336_FIO1_14_Write	function_local_storage	no_standalone_port
L	5123	L5123_i_Result	FIO1.C	F1338_FIO1_12_Delete	function_local_storage	no_standalone_port
L	5124	L5124_ps_FIO1File	FIO1.C	F1338_FIO1_12_Delete	function_local_storage	no_standalone_port
L	5125	L5125_i_Result	FIO1.C	F1339_FIO1_11_Rename	function_local_storage	no_standalone_port
L	5126	L5126_ps_FIO1File	FIO1.C	F1339_FIO1_11_Rename	function_local_storage	no_standalone_port
L	5127	L5127_ps_FIO1File	FIO1.C	F1339_FIO1_11_Rename	function_local_storage	no_standalone_port
L	5128	L5128_i_DriveIndex	FIO1.C	F1340_FIO1_09_	function_local_storage	no_standalone_port
L	5130	L5130_ps_FIO1File	FIO1.C	F1341_FIO1_10_	function_local_storage	no_standalone_port
L	5132	L5132_ps_FIO1File	FIO1.C	F1346_	function_local_storage	no_standalone_port
L	5134	L5134_i_DriveIndex	FIO1.C	F1345_InitializeData	function_local_storage	no_standalone_port
L	5139	L5139_ps_FIO1File	FIO1.C	F1342_FIO1_08_	function_local_storage	no_standalone_port
L	5140	L5140_ac_FileName	FIO1.C	F1342_FIO1_08_	function_local_storage	no_standalone_port
L	5141	L5141_i_Result	FIO1.C	F1343_FIO1_06_	function_local_storage	no_standalone_port
L	5142	L5142_ps_FIO1File	FIO1.C	F1343_FIO1_06_	function_local_storage	no_standalone_port
L	5143	L5143_ui_FloppyDriveIndex	FIO1.C	F1347_	function_local_storage	no_standalone_port
L	5147	L5147_ps_FIO1File	FIO1.C	F1347_	function_local_storage	no_standalone_port
L	5148	L5148_ps_Process	FIO1.C	F1347_	function_local_storage	no_standalone_port
L	5152	L5152_ac_Unreferenced	FIO1.C	F1324_FIO1_24_	function_local_storage	no_standalone_port
L	5160	L5160_RawKeyCode	USIO2.C	F1172_QueueMouseAndKeyboardInput	function_local_storage	no_standalone_port
L	5165	L5165_i_TrackIndex	MUSCMIDI.C	F8493_GetTrackAddresses	function_local_storage	no_standalone_port
L	5166	L5166_l_TrackByteCount	MUSCMIDI.C	F8493_GetTrackAddresses	function_local_storage	no_standalone_port
L	5167	L5167_ppuc_MIDITrackAddresses	MUSCMIDI.C	F8493_GetTrackAddresses	function_local_storage	no_standalone_port
L	5168	L5168_i_	MUSCMIDI.C	F1704_	function_local_storage	no_standalone_port
L	5176	L5176_i_Unreferenced	MUSCOPM.C	F8485_	function_local_storage	no_standalone_port
L	5178	L5178_i_Unreferenced	MUSCMIDI.C	F8495_LoadMIDIData	function_local_storage	no_standalone_port
L	5179	L5179_i_Result	SWITCH.C	F1503_ReadFTLHeaders	function_local_storage	no_standalone_port
L	5180	L5180_l_ByteCount	SWITCH.C	F1503_ReadFTLHeaders	function_local_storage	no_standalone_port
L	5181	L5181_puc_HeaderBuffer	SWITCH.C	F1503_ReadFTLHeaders	function_local_storage	no_standalone_port
L	5182	L5182_puc_SegmentHeadersBuffer	SWITCH.C	F1503_ReadFTLHeaders	function_local_storage	no_standalone_port
L	5183	L5183_ps_Header	SWITCH.C	F1503_ReadFTLHeaders	function_local_storage	no_standalone_port
L	5184	L5184_ps_SegmentHeaders	SWITCH.C	F1503_ReadFTLHeaders	function_local_storage	no_standalone_port
L	5185	L5185_i_FileHandle	SWITCH.C	F1503_ReadFTLHeaders	function_local_storage	no_standalone_port
L	5187	L5187_i_SegmentIndex	SWITCH.C	F1504_LoadSegment	function_local_storage	no_standalone_port
L	5188	L5188_i_FileHandle	SWITCH.C	F1504_LoadSegment	function_local_storage	no_standalone_port
L	5190	L5190_i_Result	SWITCH.C	F1504_LoadSegment	function_local_storage	no_standalone_port
L	5191	L5191_i_SwitchOptionIndex	SWITCH.C	F1506_SetMouseInputFromSwitchOptions	function_local_storage	no_standalone_port
L	5192	L5192_i_MouseInputIndex	SWITCH.C	F1506_SetMouseInputFromSwitchOptions	function_local_storage	no_standalone_port
L	5193	L5193_as_MouseInput	SWITCH.C	F1506_SetMouseInputFromSwitchOptions	function_local_storage	no_standalone_port
L	5195	L5195_i_Result	SWITCH.C	F1507_DrawSwitchOptionBitmap	function_local_storage	no_standalone_port
L	5196	L5196_puc_TemporaryBuffer	SWITCH.C	F1507_DrawSwitchOptionBitmap	function_local_storage	no_standalone_port
L	5197	L5197_puc_Bitmap	SWITCH.C	F1507_DrawSwitchOptionBitmap	function_local_storage	no_standalone_port
L	5198	L5198_ai_XYZ	SWITCH.C	F1507_DrawSwitchOptionBitmap	function_local_storage	no_standalone_port
L	5199	L5199_i_Unreferenced	SWITCH.C	F1507_DrawSwitchOptionBitmap	function_local_storage	no_standalone_port
L	5200	L5200_i_SwitchOptionIndex	SWITCH.C	F1508_FreeMemoryOfAllSwitchOptionGraphics	function_local_storage	no_standalone_port
L	5201	L5201_ac_Unreference	SWITCH.C	F1509_Initialization	function_local_storage	no_standalone_port
L	5202	L5202_pps_InputInfo	COMMAND.C	F0359_COMMAND_ProcessClick_CPSC	function_local_storage	no_standalone_port
L	5203	L5203_i_InputInfoIndex	COMMAND.C	F0359_COMMAND_ProcessClick_CPSC	function_local_storage	no_standalone_port
L	5212	L5212_l_SupervisorStack	UTSTWKS.C	F1524_VerticalBlankClearPalette	function_local_storage	no_standalone_port
L	5223	L5223_puc_Buffer	SWITCHMM.C	F1650_AllocateMemory	function_local_storage	no_standalone_port
L	5225	L5225_pc_	STRING.C	F7101_sprintf	function_local_storage	no_standalone_port
L	5226	L5226_i_Requirements	SWITCHMM.C	F1650_AllocateMemory	function_local_storage	no_standalone_port
L	5229	L5229_i_Character	UTDEBUG.C	F1760_Unreferenced	function_local_storage	no_standalone_port
L	5233	L5233_B_Backup	UTDEBUG.C	F1764_Unreferenced	function_local_storage	no_standalone_port
L	5235	L5235_B_Backup	UTDEBUG.C	F1765_Unreferenced	function_local_storage	no_standalone_port
L	5237	L5237_i_Unreferenced	UTERROR.C	F1768_	function_local_storage	no_standalone_port
L	5252	L5252_pui_PaletteRegister	PALETTE.C	F1779_SwapPalette	function_local_storage	no_standalone_port
L	5253	L5253_ui_ColorIndex	PALETTE.C	F1779_SwapPalette	function_local_storage	no_standalone_port
L	5254	L5254_l_SupervisorStack	PALETTE.C	F1779_SwapPalette	function_local_storage	no_standalone_port
L	5255	L5255_aui_Palette	PALETTE.C	F1779_SwapPalette	function_local_storage	no_standalone_port
L	5263	L5263_l_SupervisorStack	SOUND.C	F1785_SOUND_RestoreKeyClick	function_local_storage	no_standalone_port
L	5264	L5264_i_FileHandle	ANIM.C	F1792_LoadAnimationScript	function_local_storage	no_standalone_port
L	5265	L5265_i_Result	ANIM.C	F1792_LoadAnimationScript	function_local_storage	no_standalone_port
L	5268	L5268_pl_AnimationScriptByteCount	ANIM.C	F1793_	function_local_storage	no_standalone_port
L	5269	L5269_puc_AnimationScript	ANIM.C	F1793_	function_local_storage	no_standalone_port
L	5276	L5276_pi_Instruction	ANIM.C	F1797_ReadInstructionAndParameters	function_local_storage	no_standalone_port
L	5286	L5286_l_RequestedByteCount	ANIM.C	F1798_	function_local_storage	no_standalone_port
L	5287	L5287_puc_AnimationData	ANIM.C	F1798_	function_local_storage	no_standalone_port
L	5299	L5299_i_Destination	ANIM.C	F1798_	function_local_storage	no_standalone_port
L	5300	L5300_i_Source	ANIM.C	F1798_	function_local_storage	no_standalone_port
L	5305	L5305_i_GraphicItemCount	ANIMLOAD.C	F1799_LoadAnimationData	function_local_storage	no_standalone_port
L	5373	L5373_l_Unreferenced	UTMEMORY.C	F7218_	function_local_storage	no_standalone_port
L	5396	L5396_l_Unreferenced	UTMEMORY.C	F1824_AllocateMemoryHeap	function_local_storage	no_standalone_port
L	5445	L5445_l_Unreferenced	ANIM.C	F1792_LoadAnimationScript	function_local_storage	no_standalone_port
L	5448	L5448_i_Unreferenced	ANIMLOAD.C	F1802_	function_local_storage	no_standalone_port
L	5459	L5459_ps_IORequest	HINTIORQ.C	F1836_GetIORequest	function_local_storage	no_standalone_port
L	5466	L5466_l_SupervisorStack	HINTIORQ.C	F1843_GetFixedDrvmap	function_local_storage	no_standalone_port
L	5469	L5469_ps_DTABackup	HINTIORQ.C	F1844_	function_local_storage	no_standalone_port
L	5473	L5473_ps_FileLock	HINTIORQ.C	F1846_	function_local_storage	no_standalone_port
L	5480	L5480_i_FileHandle	HINTIORQ.C	F1848_OpenOrCreateFile	function_local_storage	no_standalone_port
L	5491	L5491_ps_DTABackup	HINTIORQ.C	F1851_GetDirectoryFileList	function_local_storage	no_standalone_port
L	5502	L5502_ps_IORequest	HINTIORQ.C	F1855_GetAvailableIORequestIndex	function_local_storage	no_standalone_port
L	5503	L5503_i_Counter	HINTIORQ.C	F1855_GetAvailableIORequestIndex	function_local_storage	no_standalone_port
L	5504	L5504_ps_IORequest	HINTIORQ.C	F1856_CloseFile	function_local_storage	no_standalone_port
L	5515	L5515_ps_IORequest	HINTIORQ.C	F1861_GetIORequestOutputValue	function_local_storage	no_standalone_port
L	5516	L5516_l_IORequestOutputValue	HINTIORQ.C	F1861_GetIORequestOutputValue	function_local_storage	no_standalone_port
L	5525	L5525_l_SupervisorStack	UTSTWKS.C	F1870_AddVerticalBlankClearPalette	function_local_storage	no_standalone_port
L	5526	L5526_l_SupervisorStack	UTSTWKS.C	F1871_RemoveVerticalBlankClearPalette	function_local_storage	no_standalone_port
L	5529	L5529_i_GraphicCount	HINTGRAP.C	F1872_LoadGraphics	function_local_storage	no_standalone_port
L	5534	L5534_ps_HintGraphics	HINTGRAP.C	F1875_FreeHintGraphics_CPSX	function_local_storage	no_standalone_port
L	5535	L5535_ps_HintGraphic	HINTGRAP.C	F1878_LoadGraphic	function_local_storage	no_standalone_port
L	5545	L5545_ai_XYZ	HINTTEXT.C	F1882_PrintTextString	function_local_storage	no_standalone_port
L	5546	L5546_c_CharacterIndex	HINTTEXT.C	F1882_PrintTextString	function_local_storage	no_standalone_port
L	5547	L5547_i_X	HINTTEXT.C	F1882_PrintTextString	function_local_storage	no_standalone_port
L	5548	L5548_i_Y	HINTTEXT.C	F1882_PrintTextString	function_local_storage	no_standalone_port
L	5574	L5574_l_SupervisorStack	HINTPAL.C	F1893_ColorPalette	function_local_storage	no_standalone_port
L	5575	L5575_i_Unreferenced	HINT002.C	F1894_ExitHintOracle	function_local_storage	no_standalone_port
L	5583	L5583_l_SupervisorStack	HINT003.C	F1897_FadeToPalette	function_local_storage	no_standalone_port
L	5585	L5585_ai_XYZ	HINT003.C	F1898_;F2004_	function_local_storage	no_standalone_port
L	5589	L5589_ai_XYZ	HINT003.C	F1898_;F2004_	function_local_storage	no_standalone_port
L	5593	L5593_ai_XYZ	HINT003.C	F1898_;F2004_	function_local_storage	no_standalone_port
L	5601	L5601_i_Width	HINT004.C	F1904_ApplyPaletteChangesToScreenArea	function_local_storage	no_standalone_port
L	5602	L5602_i_Height	HINT004.C	F1904_ApplyPaletteChangesToScreenArea	function_local_storage	no_standalone_port
L	5603	L5603_puc_Bitmap	HINT004.C	F1904_ApplyPaletteChangesToScreenArea	function_local_storage	no_standalone_port
L	5619	L5619_i_MapCount	HINTLOAD.C	F1918_LoadGame_CPSX	function_local_storage	no_standalone_port
L	5630	L5630_i_	HINTHTC.C	F1925_CPSX	function_local_storage	no_standalone_port
L	5632	L5632_i_IORequestIndex	HINTHTC.C	F1925_CPSX	function_local_storage	no_standalone_port
L	5636	L5636_i_ByteCount	HINTHTC.C	F1925_CPSX	function_local_storage	no_standalone_port
L	5642	L5642_l_SupervisorStack	UTIO.C;HINTFLOP.C	F1928_ForceMediaChangeDetection	function_local_storage	no_standalone_port
L	5647	L5647_i_IORequestIndex	HINTFLOP.C	F1931_	function_local_storage	no_standalone_port
L	5653	L5653_i_PartyMapX	HINTHINT.C	F1937_Hints_CPSX	function_local_storage	no_standalone_port
L	5654	L5654_i_PartyMapY	HINTHINT.C	F1937_Hints_CPSX	function_local_storage	no_standalone_port
L	5655	L5655_i_PartyMapIndex	HINTHINT.C	F1937_Hints_CPSX	function_local_storage	no_standalone_port
L	5656	L5656_l_Result	HINTHINT.C	F1937_Hints_CPSX	function_local_storage	no_standalone_port
L	5660	L5660_ps_Hint	HINTHINT.C	F1937_Hints_CPSX	function_local_storage	no_standalone_port
L	5662	L5662_s_HintPalette	HINTHINT.C	F1937_Hints_CPSX	function_local_storage	no_standalone_port
L	5663	L5663_pi_XYZ	HINTHINT.C	F1937_Hints_CPSX	function_local_storage	no_standalone_port
L	5672	L5672_i_CommandIndex	HINTMAIN.C	F1944_ChecksumAdd	function_local_storage	no_standalone_port
L	5676	L5676_i_Width	HINT005.C	F1947_BlitBitmapToOrFromScreen	function_local_storage	no_standalone_port
L	5677	L5677_i_Height	HINT005.C	F1947_BlitBitmapToOrFromScreen	function_local_storage	no_standalone_port
L	5678	L5678_ai_XYZ	HINT005.C	F1947_BlitBitmapToOrFromScreen	function_local_storage	no_standalone_port
L	5703	L5703_ac_Unreferenced	HINTEND.C	F1956_EndProgram	function_local_storage	no_standalone_port
L	5722	L5722_i_CallDepth	HINTDBG.C	F1966_DebugEnter	function_local_storage	no_standalone_port
L	5723	L5723_i_CallDepth	HINTDBG.C	F1967_DebugExit	function_local_storage	no_standalone_port
L	5731	L5731_i_Unreferenced	HINTGRAP.C	F1879_BlitBitmapFromGraphic	function_local_storage	no_standalone_port
L	5732	L5732_l_Unreferenced	HINTTEXT.C	F1885_	function_local_storage	no_standalone_port
L	5739	L5739_l_Unreferenced	HINTIORQ.C	F1844_	function_local_storage	no_standalone_port
L	5741	L5741_l_Unreferenced	HINTMEM.C	F1886_Memory	function_local_storage	no_standalone_port
L	5743	L5743_l_Unreferenced	HINTGRAP.C	F1872_LoadGraphics	function_local_storage	no_standalone_port
L	5744	L5744_i_Unreferenced	HINTMEM.C	F1886_Memory	function_local_storage	no_standalone_port
L	5745	L5745_ac_Unreferenced	HINTSCR.C	F1889_Screen_CPSX	function_local_storage	no_standalone_port
L	5746	L5746_l_Unreferenced	HINTSCR.C	F1889_Screen_CPSX	function_local_storage	no_standalone_port
L	5747	L5747_l_Unreferenced	HINT004.C	F1901_CopyProtectionRoutine_CPSX	function_local_storage	no_standalone_port
L	5748	L5748_i_Unreferenced	HINTLOAD.C	F1918_LoadGame_CPSX	function_local_storage	no_standalone_port
L	5749	L5749_l_Unreferenced	HINTHTC.C	F1925_CPSX	function_local_storage	no_standalone_port
L	5750	L5750_l_Unreferenced	HINTHINT.C	F1937_Hints_CPSX	function_local_storage	no_standalone_port
L	5752	L5752_l_Unreferenced	HINT007.C	F1965_	function_local_storage	no_standalone_port
L	5755	L5755_pc_PathWithoutTrailingAntislash	UTIO.C	F0530_FLOPPY_DirectoryExists	function_local_storage	no_standalone_port
L	5756	L5756_l_Result	UTIO.C	F0530_FLOPPY_DirectoryExists	function_local_storage	no_standalone_port
L	5757	L5757_ac_Path	UTIO.C	F0530_FLOPPY_DirectoryExists	function_local_storage	no_standalone_port
L	5758	L5758_ac_CurrentPathBackup	UTIO.C	F0530_FLOPPY_DirectoryExists	function_local_storage	no_standalone_port
L	5776	L5776_i_FloppyDriveIndex	UTIO.C	F1928_ForceMediaChangeDetection	function_local_storage	no_standalone_port
L	5780	L5780_i_	CEDTINC6.C	F7058_WriteSavePartWithChecksum	function_local_storage	no_standalone_port
L	5784	L5784_pc_	CEDTINCD.C	F7051_LoadGame	function_local_storage	no_standalone_port
L	5785	L5785_pc_	CEDTINCD.C	F7051_LoadGame	function_local_storage	no_standalone_port
L	5791	L5791_ac_Unreferenced	CEDTINCE.C	F7001_SaveChampions	function_local_storage	no_standalone_port
L	5792	L5792_s_	CEDTINCF.C	F7316_GetFileNamesArray	function_local_storage	no_standalone_port
L	5793	L5793_ps_	CEDTINCF.C	F7316_GetFileNamesArray	function_local_storage	no_standalone_port
L	5809	L5809_aps_FilePickerInputInfoList	CEDTINCF.C	F7082_DrawFilePickerDialog	function_local_storage	no_standalone_port
L	5814	L5814_i_	CEDTINCG.C	F7004_LoadChampions	function_local_storage	no_standalone_port
L	5815	L5815_ps_Game	CEDTINCH.C	F7086_IsReadyToMakeNewAdventure	function_local_storage	no_standalone_port
L	5817	L5817_ps_Champion	CEDTINCI.C	F7090_MakeNewAdventure	function_local_storage	no_standalone_port
L	5825	L5825_ac_Unreferenced	CEDT006.C	F7034_DrawButton	function_local_storage	no_standalone_port
L	5826	L5826_ac_Unreferenced	CEDT006.C	F7036_SetSelectedColorIndex	function_local_storage	no_standalone_port
L	5829	L5829_pui_Color	UTAMSCR.C	F2045_FadeToPalette	function_local_storage	no_standalone_port
L	5830	L5830_i_ColorIndex	UTAMSCR.C	F2045_FadeToPalette	function_local_storage	no_standalone_port
L	5865	L5865_ps_FileLock	HINTIORQ.C	F2006_	function_local_storage	no_standalone_port
L	5866	L5866_i_Unreferenced	HINTIORQ.C	F2006_	function_local_storage	no_standalone_port
L	5867	L5867_l_	HINTIORQ.C	F2006_	function_local_storage	no_standalone_port
L	5872	L5872_i_DiskDriveCount	UTIO.C	F2007_SetFloppyDriveIndex	function_local_storage	no_standalone_port
L	5873	L5873_i_SaveDiskFloppyDriveIndex	UTIO.C	F2007_SetFloppyDriveIndex	function_local_storage	no_standalone_port
L	5874	L5874_c_SavedGameFloppyDriveNumber	UTIO.C	F2007_SetFloppyDriveIndex	function_local_storage	no_standalone_port
L	5894	L5894_i_Useless	UTMEMORY.C	F7241_Unreferenced	function_local_storage	no_standalone_port
L	5897	L5897_ac_Unreferenced	HINT001.C	F2022_F1889_SubForInit	function_local_storage	no_standalone_port
L	5905	L5905_i_TextCount	HINTGTXT.C	F2028_LoadHintOracleTexts	function_local_storage	no_standalone_port
L	5906	L5906_ui_TextByteCount	HINTGTXT.C	F2028_LoadHintOracleTexts	function_local_storage	no_standalone_port
L	5918	L5918_ps_SectorBuffer	CEDTINC2.C	F2084_CheckX68000OriginalDisk_CPSX	function_local_storage	no_standalone_port
L	5920	L5920_i_DriveAddress	CEDTINC2.C	F2084_CheckX68000OriginalDisk_CPSX	function_local_storage	no_standalone_port
L	5921	L5921_i_DriveAddress	CEDTINC2.C	F2085_EjectFloppyDisk	function_local_storage	no_standalone_port
L	5923	L5923_i_DriveAddress	CEDTINC2.C	F2086_	function_local_storage	no_standalone_port
L	5927	L5927_i_DriveAddress	CEDTINC2.C	F2088_	function_local_storage	no_standalone_port
L	5932	L5932_i_DriveAddress	CEDTINC2.C	F2089_	function_local_storage	no_standalone_port
L	5937	L5937_i_DriveAddress	CEDTINC2.C	F2090_	function_local_storage	no_standalone_port
L	5939	L5939_i_DriveAddress	CEDTINC2.C	F2091_GetDriveAddress	function_local_storage	no_standalone_port
L	5940	L5940_B_ReturnValue	FILE.C	F1031_IsOperationSuccessful	function_local_storage	no_standalone_port
L	5947	L5947_i_Result	CEDT023.C	F7281__EmptyFunction	function_local_storage	no_standalone_port
L	5948	L5948_i_DriveIndex	CEDT023.C	F7281__EmptyFunction	function_local_storage	no_standalone_port
L	5960	L5960_B_ReadSectorSucceeded	CEDT023.C	F2078_ReadSector_Unreferenced	function_local_storage	no_standalone_port
L	5961	L5961_i_DriveAddress	CEDT023.C	F2078_ReadSector_Unreferenced	function_local_storage	no_standalone_port
L	5962	L5962_B_	CEDT023.C	F2078_ReadSector_Unreferenced	function_local_storage	no_standalone_port
L	5967	L5967_i_DriveAddress	CEDT023.C	F2079_FormatFloppyDisk	function_local_storage	no_standalone_port
L	5973	L5973_i_Unreferenced	CEDTTXT.C	F7338_	function_local_storage	no_standalone_port
L	5982	L5982_l_SupervisorStack	CEDT021.C	F2073_	function_local_storage	no_standalone_port
L	6014	L6014_l_SupervisorStack	CEDT027.C	F7330_DrawBitmap	function_local_storage	no_standalone_port
L	6015	L6015_l_SupervisorStack	CEDT027.C	F7329_FillBox	function_local_storage	no_standalone_port
L	6016	L6016_l_SupervisorStack	GRF1.C;CEDT027.C	F0698_InvertBox;F9079_GRF1_13_InvertBox	function_local_storage	no_standalone_port
L	6017	L6017_i_Unreferenced	CEDT016.C	F7246_	function_local_storage	no_standalone_port
L	6018	L6018_l_Unreferenced	UTMEMORY.C	F7204_GetMemoryAreaContainingAddress	function_local_storage	no_standalone_port
L	6020	L6020_l_Unreferenced	UTMEMORY.C	F7219_	function_local_storage	no_standalone_port
L	6021	L6021_pc_Unreferenced	UTMEMORY.C	F7225_	function_local_storage	no_standalone_port
L	6022	L6022_pc_Unreferenced	UTMEMORY.C	F7225_	function_local_storage	no_standalone_port
L	6023	L6023_l_Unreferenced	UTMEMORY.C	F7225_	function_local_storage	no_standalone_port
L	6024	L6024_l_Unreferenced	UTMEMORY.C	F7225_	function_local_storage	no_standalone_port
L	6025	L6025_l_Unreferenced	UTMEMORY.C	F7225_	function_local_storage	no_standalone_port
L	6026	L6026_i_Unreferenced	UTMEMORY.C	F7225_	function_local_storage	no_standalone_port
L	6027	L6027_i_Unreferenced	CEDT012.C	F7122_GetDrivePath	function_local_storage	no_standalone_port
L	6028	L6028_i_Unreferenced	CEDT012.C	F7123_GetFileDestinationUsage	function_local_storage	no_standalone_port
L	6029	L6029_i_Unreferenced	CEDT012.C	F7124_GetFileSourceUsage	function_local_storage	no_standalone_port
L	6030	L6030_l_Unreferenced	CEDTINC4.C	F7072_GetDialogChoiceOrdinal	function_local_storage	no_standalone_port
L	6031	L6031_l_Unreferenced	CEDTINCF.C	F7082_DrawFilePickerDialog	function_local_storage	no_standalone_port
L	6032	L6032_l_Unreferenced	CEDT008.C	F7083_DrawInitialFilePickerFileList	function_local_storage	no_standalone_port
L	6033	L6033_ac_Unreferenced	CEDTINCR.C	F7088_CopyChampionPortraits	function_local_storage	no_standalone_port
L	6036	L6036_l_Unreferenced	CEDTINC6.C	F7058_WriteSavePartWithChecksum	function_local_storage	no_standalone_port
L	6040	L6040_i_Unreferenced	CEDT001.C	F7004_LoadChampions	function_local_storage	no_standalone_port
L	6041	L6041_l_Unreferenced	CEDT001.C	F7000_SavePortrait	function_local_storage	no_standalone_port
L	6046	L6046_ac_Unreferenced	CEDTINCD.C	F7051_LoadGame	function_local_storage	no_standalone_port
L	6048	L6048_pc_	CEDTINCD.C	F7051_LoadGame	function_local_storage	no_standalone_port
L	6049	L6049_i_Unreferenced	CEDTINC8.C	F7052_SaveGame	function_local_storage	no_standalone_port
L	6050	L6050_i_Unreferenced	CEDTINCA.C	F7063_LoadDungeon	function_local_storage	no_standalone_port
L	6051	L6051_ac_Unreferenced	CEDTINCS.C	F7065_ClearChampionPortraitPointersBeforeSavingGame	function_local_storage	no_standalone_port
L	6052	L6052_ac_Unreferenced	CEDTINCI.C	F7091_RunChampionEditor	function_local_storage	no_standalone_port
L	6053	L6053_ac_Unreferenced	CEDT012.C	F7136_	function_local_storage	no_standalone_port
L	6054	L6054_ac_Unreferenced	CEDT012.C	F7138_	function_local_storage	no_standalone_port
L	6055	L6055_i_Unreferenced	UTMEMORY.C	F7221_	function_local_storage	no_standalone_port
L	6056	L6056_ac_Unreferenced	UTMEMORY.C	F7241_Unreferenced	function_local_storage	no_standalone_port
L	6057	L6057_i_Unreferenced	CEDT016.C	F7243_	function_local_storage	no_standalone_port
L	6059	L6059_pui_Bitmap	PORTRAIT.C	F7251_ConvertBitmapFromAtariSTPlanar	function_local_storage	no_standalone_port
L	6060	L6060_ac_Unreferenced	CEDT019.C	F2124_DecodeAllPortraitsAfterSaving	function_local_storage	no_standalone_port
L	6062	L6062_pc_	CEDTTXT.C	F7338_	function_local_storage	no_standalone_port
L	6063	L6063_i_Unreferenced	CEDTINC1.C	F7316_GetFileNamesArray	function_local_storage	no_standalone_port
L	6064	L6064_i_Unreferenced	CEDT012.C	F7127_	function_local_storage	no_standalone_port
L	6065	L6065_ac_Unreferenced	CEDTTXT.C	F7338_	function_local_storage	no_standalone_port
L	6066	L6066_i_Unreferenced	CEDT014.C	F7190_InitUdStruct77	function_local_storage	no_standalone_port
L	6067	L6067_i_Unreferenced	CEDTINC2.C	F2090_	function_local_storage	no_standalone_port
L	6069	L6069_i_FilteredUsioDataNextIndex	COMMAND.C	F2108_AddUsioDataToFilteredQueue	function_local_storage	no_standalone_port
L	6070	L6070_ui_FilteredUsioDataLastIndex	COMMAND.C	F2108_AddUsioDataToFilteredQueue	function_local_storage	no_standalone_port
L	6071	L6071_i_Unreferenced	COMMAND.C	F2108_AddUsioDataToFilteredQueue	function_local_storage	no_standalone_port
L	6072	L6072_i_UsioType	COMMAND.C	F2109_BuildUsioDataFilteredQueue	function_local_storage	no_standalone_port
L	6073	L6073_s_UsioData	COMMAND.C	F2109_BuildUsioDataFilteredQueue	function_local_storage	no_standalone_port
L	6074	L6074_ui_UsioDataTypeIndex	COMMAND.C	F2109_BuildUsioDataFilteredQueue	function_local_storage	no_standalone_port
L	6075	L6075_B_Result	COMMAND.C	F2110_GetFirstUsioDataInFilteredQueueOfSpecifiedTypeIndex	function_local_storage	no_standalone_port
L	6076	L6076_ui_UsioDataIndex	COMMAND.C	F2110_GetFirstUsioDataInFilteredQueueOfSpecifiedTypeIndex	function_local_storage	no_standalone_port
L	6077	L6077_ps_UsioData	COMMAND.C	F2110_GetFirstUsioDataInFilteredQueueOfSpecifiedTypeIndex_RemoveFromQueue	function_local_storage	no_standalone_port
L	6078	L6078_B_Result	COMMAND.C	F2110_GetFirstUsioDataInFilteredQueueOfSpecifiedTypeIndex_RemoveFromQueue	function_local_storage	no_standalone_port
L	6079	L6079_i_UsioDataIndex	COMMAND.C	F2110_GetFirstUsioDataInFilteredQueueOfSpecifiedTypeIndex_RemoveFromQueue	function_local_storage	no_standalone_port
L	6080	L6080_ps_UsioData	COMMAND.C	F2113_GetFirstUsioDataInFilteredQueueOfSpecifiedTypeIndex_KeepInQueue	function_local_storage	no_standalone_port
L	6081	L6081_B_Result	COMMAND.C	F2113_GetFirstUsioDataInFilteredQueueOfSpecifiedTypeIndex_KeepInQueue	function_local_storage	no_standalone_port
L	6082	L6082_i_UsioDataIndex	COMMAND.C	F2113_GetFirstUsioDataInFilteredQueueOfSpecifiedTypeIndex_KeepInQueue	function_local_storage	no_standalone_port
L	6083	L6083_i_UsioType	COMMAND.C	F2114_EmptyUsioDataFilteredQueue	function_local_storage	no_standalone_port
L	6084	L6084_s_UsioData	COMMAND.C	F2114_EmptyUsioDataFilteredQueue	function_local_storage	no_standalone_port
L	6085	L6085_ui_FilteredUsioDataIndexToRemove	COMMAND.C	F2111_RemoveUsioDataFromFilteredQueue	function_local_storage	no_standalone_port
L	6086	L6086_ui_NextFilteredUsioDataIndex	COMMAND.C	F2111_RemoveUsioDataFromFilteredQueue	function_local_storage	no_standalone_port
L	6088	L6088_ps_NextUsioData	COMMAND.C	F2111_RemoveUsioDataFromFilteredQueue	function_local_storage	no_standalone_port
L	6089	L6089_ps_UsioDataToRemove	COMMAND.C	F2111_RemoveUsioDataFromFilteredQueue	function_local_storage	no_standalone_port
L	6090	L6090_ai_XYZ	CEDT027.C	F7330_DrawBitmap	function_local_storage	no_standalone_port
L	6105	L6105_i_Unreferenced	CEDT025.C	F2136_GetAsciiCode	function_local_storage	no_standalone_port
L	6106	L6106_i_Unreferenced	CEDT025.C	F2136_GetAsciiCode	function_local_storage	no_standalone_port
L	6107	L6107_i_Unreferenced	CEDT025.C	F2136_GetAsciiCode	function_local_storage	no_standalone_port
L	6108	L6108_i_AsciiCode	CEDT025.C	F2136_GetAsciiCode	function_local_storage	no_standalone_port
L	6114	L6114_s_	CEDT102.C	F2142_	function_local_storage	no_standalone_port
L	6117	L6117_ac_Unreferenced	CEDT102.C	F2142_	function_local_storage	no_standalone_port
L	6119	L6119_s_	CEDT102.C	F2141_	function_local_storage	no_standalone_port
L	6125	L6125_ac_Unreferenced	CEDT102.C	F2141_	function_local_storage	no_standalone_port
L	6126	L6126_ac_Unreferenced	CEDT102.C	F2141_	function_local_storage	no_standalone_port
L	6130	L6130_ai_XYZ	CEDT027.C	F7329_FillBox	function_local_storage	no_standalone_port
L	6131	L6131_ai_XYZ	CEDTINCN.C	F7248_InvertBox	function_local_storage	no_standalone_port
L	6132	L6132_ai_XYZ	CEDT017.C	F7255_	function_local_storage	no_standalone_port
L	6133	L6133_ai_XYZ	CEDT017.C	F7256_	function_local_storage	no_standalone_port
L	6137	L6137_ai_XYZ	CEDTINCM.C	F7259_DrawBitmapOnScreen	function_local_storage	no_standalone_port
L	6143	L6143_ai_XYZ	CEDTINCM.C	F7260_FillScreenBox	function_local_storage	no_standalone_port
L	6144	L6144_i_Unreferenced	COMMAND.C	F2109_BuildUsioDataFilteredQueue	function_local_storage	no_standalone_port
L	6149	L6149_ac_Unreferenced	CEDT102.C	F2142_	function_local_storage	no_standalone_port
L	6150	L6150_ac_Unreferenced	CEDT102.C	F2143_Initialize	function_local_storage	no_standalone_port
L	6157	L6157_ps_InfoData	UTIO.C	F2100_GetChildFiles	function_local_storage	no_standalone_port
L	6158	L6158_ps_FileLock	UTIO.C	F2100_GetChildFiles	function_local_storage	no_standalone_port
L	6160	L6160_ps_InfoData	UTIO.C	F1991_	function_local_storage	no_standalone_port
L	6161	L6161_ps_Lock	UTIO.C	F1991_	function_local_storage	no_standalone_port
L	6164	L6164_ai_ColorPalette	UTIO.C	F2102_	function_local_storage	no_standalone_port
L	6165	L6165_i_ColorIndex	UTIO.C	F2102_	function_local_storage	no_standalone_port
L	6166	L6166_pi_TemporaryBitmap	PORTRAIT.C	F2104_CHAMPION_ConvertBitmapToAtariSTPlanar	function_local_storage	no_standalone_port
L	6167	L6167_pi_Bitmap	PORTRAIT.C	F2104_CHAMPION_ConvertBitmapToAtariSTPlanar	function_local_storage	no_standalone_port
L	6168	L6168_i_BitplaneLineWordOffset	PORTRAIT.C	F0515_CHAMPION_ConvertPortraitsToAtariSTPlanar;F2104_CHAMPION_ConvertBitmapToAtariSTPlanar	function_local_storage	no_standalone_port
L	6169	L6169_i_WordIndex	PORTRAIT.C	F2104_CHAMPION_ConvertBitmapToAtariSTPlanar	function_local_storage	no_standalone_port
L	6170	L6170_ui_BitplaneLineWordCount	PORTRAIT.C	F2104_CHAMPION_ConvertBitmapToAtariSTPlanar	function_local_storage	no_standalone_port
L	6171	L6171_ul_BitplaneWordCount	PORTRAIT.C	F2104_CHAMPION_ConvertBitmapToAtariSTPlanar	function_local_storage	no_standalone_port
L	6172	L6172_ui_BitplaneAddress	PORTRAIT.C	F0515_CHAMPION_ConvertPortraitsToAtariSTPlanar;F2104_CHAMPION_ConvertBitmapToAtariSTPlanar	function_local_storage	no_standalone_port
L	6173	L6173_pi_TemporaryBitmap	PORTRAIT.C	F2105_CHAMPION_ConvertBitmapFromAtariSTPlanar	function_local_storage	no_standalone_port
L	6174	L6174_i_BitplaneLineWordOffset	PORTRAIT.C	F2105_CHAMPION_ConvertBitmapFromAtariSTPlanar	function_local_storage	no_standalone_port
L	6175	L6175_i_WordIndex	PORTRAIT.C	F2105_CHAMPION_ConvertBitmapFromAtariSTPlanar	function_local_storage	no_standalone_port
L	6176	L6176_ui_BitplaneLineWordCount	PORTRAIT.C	F2105_CHAMPION_ConvertBitmapFromAtariSTPlanar	function_local_storage	no_standalone_port
L	6177	L6177_ul_BitplaneWordCount	PORTRAIT.C	F2105_CHAMPION_ConvertBitmapFromAtariSTPlanar	function_local_storage	no_standalone_port
L	6178	L6178_ui_BitplaneAddress	PORTRAIT.C	F2105_CHAMPION_ConvertBitmapFromAtariSTPlanar	function_local_storage	no_standalone_port
L	6179	L6179_ps_FileHandle	CEDTINC7.C	F1994_	function_local_storage	no_standalone_port
L	6184	L6184_pc_Portrait	CEDTINC8.C	F7052_SaveGame	function_local_storage	no_standalone_port
L	6185	L6185_c_LoadPortraits	CEDTINC8.C	F7052_SaveGame	function_local_storage	no_standalone_port
L	6186	L6186_ac_Unreferenced	CEDTINCI.C	F1988_Checksum	function_local_storage	no_standalone_port
L	6187	L6187_pui_Bitmap_AtariST	PORTRAIT.C	F7252_ConvertBitmapToAtariSTPlanar	function_local_storage	no_standalone_port
L	6188	L6188_i_	MENU.C	F0412_MENUS_GetChampionSpellCastResult	function_local_storage	no_standalone_port
L	6189	L6189_i_	MENU.C	F0412_MENUS_GetChampionSpellCastResult	function_local_storage	no_standalone_port
L	6190	L6190_ac_Unreferenced	PANEL.C	F0341_INVENTORY_DrawPanel_Scroll	function_local_storage	no_standalone_port
L	6191	L6191_i_Unreferenced	CHAMDRAW.C	F0287_CHAMPION_DrawBarGraphs	function_local_storage	no_standalone_port
L	6192	L6192_ac_Unreferenced	MEMORY.C	F0476_MEMORY_InitializeGraphicMemory	function_local_storage	no_standalone_port
L	6194	L6194_puc_	ENTRANCE.C	F0438_STARTEND_OpenEntranceDoors	function_local_storage	no_standalone_port
L	6195	L6195_pl_	ENTRANCE.C	F0438_STARTEND_OpenEntranceDoors	function_local_storage	no_standalone_port
L	6197	L6197_i_Unreferenced	ENTRANCE.C	F0441_STARTEND_ProcessEntrance	function_local_storage	no_standalone_port
L	6207	L6207_c_	COPYPRO6.C	F0277_CPSE_IsFuzzySectorValid_FuzzyBits	function_local_storage	no_standalone_port
L	6208	L6208_ui_ByteIndex	COPYPRO5.C	F0210_CPSE_ProcessEvent22_IsFuzzySectorValid_NormalBytes	function_local_storage	no_standalone_port
L	6210	L6210_s_SoundVolume	COMMAND.C	F2156_	function_local_storage	no_standalone_port
L	6211	L6211_c_Multiple	COMMAND.C	F2156_	function_local_storage	no_standalone_port
L	6214	L6214_ui_Checksum	COPYPRO1.C	F0079_CPSC_GetChecksumAdd	function_local_storage	no_standalone_port
L	6215	L6215_ui_Offset	COPYPRO1.C	F0079_CPSC_GetChecksumAdd	function_local_storage	no_standalone_port
L	6218	L6218_ui_Checksum	COPYPRO9.C	F0464_CPSC_GetChecksumSub	function_local_storage	no_standalone_port
L	6221	L6221_ui_Checksum	COPYPRO8.C	F0413_CPSC_GetChecksumEor	function_local_storage	no_standalone_port
L	6234	L6234_puc_Address	TEXT.C	F0040_TEXT_Print	function_local_storage	no_standalone_port
L	6235	L6235_c_TextColor2	TEXT.C	F0040_TEXT_Print	function_local_storage	no_standalone_port
L	6236	L6236_c_TextColor1	TEXT.C	F0040_TEXT_Print	function_local_storage	no_standalone_port
L	6237	L6237_c_BackgroundColor2	TEXT.C	F0040_TEXT_Print	function_local_storage	no_standalone_port
L	6238	L6238_c_BackgroundColor1	TEXT.C	F0040_TEXT_Print	function_local_storage	no_standalone_port
L	6239	L6239_i_CharacterIndex	TEXT.C	F0040_TEXT_Print	function_local_storage	no_standalone_port
L	6262	L6262_i_Unreferenced	DRAWVIEW.C	F2172_	function_local_storage	no_standalone_port
L	6263	L6263_i_Unreferenced	DRAWVIEW.C	F2172_	function_local_storage	no_standalone_port
L	6288	L6288_Unreferenced	BLTSHRNK.C	F0129_VIDEO_BlitShrinkWithPaletteChanges	function_local_storage	no_standalone_port
L	6291	L6291_Unreferenced	BLTSHRNK.C	F0129_VIDEO_BlitShrinkWithPaletteChanges	function_local_storage	no_standalone_port
L	6357	L6357_Unreferenced	BLITMASK.C	F0133_VIDEO_BlitBoxFilledWithMaskedBitmap	function_local_storage	no_standalone_port
L	6360	L6360_puc_CodeToPatch	GSTHINGS.C	F2164_PatchAddresses	function_local_storage	no_standalone_port
L	6361	L6361_puc_Bitmap	GSTHINGS.C	F2164_PatchAddresses	function_local_storage	no_standalone_port
L	6362	L6362_puc_ScreenMemoryOffset	GSTHINGS.C	F2164_PatchAddresses	function_local_storage	no_standalone_port
L	6365	L6365_c_Index	GSTHINGS.C	F2179_InitializeGraphicData	function_local_storage	no_standalone_port
L	6393	L6393_i_Unreferenced	INPUT.C	F0539_INPUT_Cconis	function_local_storage	no_standalone_port
L	6394	L6394_i_Unreferenced	INPUT.C	F0540_INPUT_Crawcin	function_local_storage	no_standalone_port
L	6407	L6407_i_Unreferenced	FLOPPY.C	F0452_FLOPPY_GetDiskTypeInDrive_CPSB	function_local_storage	no_standalone_port
L	6415	L6415_auc_Box_MousePointer	IO.C	F0068_MOUSE_SetPointerToObject	function_local_storage	no_standalone_port
L	6417	L6417_ui_CursorBitmapByteCount	IO.C	F2167_BuildAppleIIGSMouseCursor	function_local_storage	no_standalone_port
L	6421	L6421_uc_VolumeLeft	SOUND.C	F0060_SOUND_Play_CPSX	function_local_storage	no_standalone_port
L	6423	L6423_uc_VolumeRight	SOUND.C	F0060_SOUND_Play_CPSX	function_local_storage	no_standalone_port
L	6426	L6426_i_Unreferenced	SOUND.C	F2189_	function_local_storage	no_standalone_port
L	6428	L6428_ui_SoundIndex	SOUND.C	F0062_SOUND_Initialize	function_local_storage	no_standalone_port
L	6439	L6439_Unreferenced	SOUND.C	F2188_	function_local_storage	no_standalone_port
L	6443	L6443_i_Unreferenced	STARTUP1.C	F0448_STARTUP1_InitializeMemoryManager_CPSADEF	function_local_storage	no_standalone_port
L	6445	L6445_i_	FLOPPY.C	F0451_FLOPPY_Initialize	function_local_storage	no_standalone_port
L	6455	L6455_i_Unreferenced	SWSH.C	F0022_MAIN_SwooshDelay	function_local_storage	no_standalone_port
L	6459	L6459_i_Unreferenced	SWSH.C	F2211_InitQuickDraw	function_local_storage	no_standalone_port
L	6460	L6460_i_Unreferenced	SWSH.C	F2211_InitQuickDraw	function_local_storage	no_standalone_port
L	6463	L6463_puc_SwooshSoundData	SWSH.C	F0909_PlaySwooshSound	function_local_storage	no_standalone_port
L	6464	L6464_i_SwooshSoundDataByteCount	SWSH.C	F0909_PlaySwooshSound	function_local_storage	no_standalone_port
L	6481	L6481_puc_PointerPattern	IO.C;CEDT026.C	F2236_IODRV_9_SetMousePointerBitmap	function_local_storage	no_standalone_port
L	6482	L6482_puc_PointerMask	IO.C;CEDT026.C	F2236_IODRV_9_SetMousePointerBitmap	function_local_storage	no_standalone_port
L	6499	L6499_l_Offset	FILE.C	F0772_FILE_Read	function_local_storage	no_standalone_port
L	6502	L6502_i_Status	MUSIC.C	F2257_IsCDPlaying	function_local_storage	no_standalone_port
L	6503	L6503_i_NowMusicNo	MUSIC.C	F2257_IsCDPlaying	function_local_storage	no_standalone_port
L	6504	L6504_s_TrackTime	MUSIC.C	F2257_IsCDPlaying	function_local_storage	no_standalone_port
L	6505	L6505_s_DiscTime	MUSIC.C	F2257_IsCDPlaying	function_local_storage	no_standalone_port
L	6517	L6517_i_Width	EXPAND.C	F0466_EXPAND_GraphicToBitmap	function_local_storage	no_standalone_port
L	6518	L6518_i_Height	EXPAND.C	F0466_EXPAND_GraphicToBitmap	function_local_storage	no_standalone_port
L	6519	L6519_ai_Box	EXPAND.C	F0466_EXPAND_GraphicToBitmap	function_local_storage	no_standalone_port
L	6524	L6524_i_Y1	FILLBOX.C;CEDT027.C	F0135_VIDEO_FillBox;F7329_FillBox	function_local_storage	no_standalone_port
L	6525	L6525_i_X1	FILLBOX.C;CEDT027.C	F0135_VIDEO_FillBox;F7329_FillBox	function_local_storage	no_standalone_port
L	6526	L6526_i_Y2	FILLBOX.C;CEDT027.C	F0135_VIDEO_FillBox;F7329_FillBox	function_local_storage	no_standalone_port
L	6528	L6528_i_X2	BLIT.C;CEDT027.C	F0132_VIDEO_Blit;F7330_DrawBitmap	function_local_storage	no_standalone_port
L	6531	L6531_i_Y2	BLIT.C;CEDT027.C	F0132_VIDEO_Blit;F7330_DrawBitmap	function_local_storage	no_standalone_port
L	6532	L6532_i_Y1	BLIT.C;CEDT027.C	F0132_VIDEO_Blit;F7330_DrawBitmap	function_local_storage	no_standalone_port
L	6533	L6533_i_X1	BLIT.C;CEDT027.C	F0132_VIDEO_Blit;F7330_DrawBitmap	function_local_storage	no_standalone_port
L	6549	L6549_ps_	DRAWVIEW.C	F0695_SetCreatureReplacementColors	function_local_storage	no_standalone_port
L	6552	L6552_i_Frequency	TOWNSIO.C;ANIMSND.C	F0060_SOUND_Play_CPSX	function_local_storage	no_standalone_port
L	6573	L6573_i_X2	FILLBOX.C;CEDT027.C	F0135_VIDEO_FillBox;F7329_FillBox	function_local_storage	no_standalone_port
L	6578	L6578_ui_Checksum	CEDT013.C	F7162_GetFTLHeaderChecksum	function_local_storage	no_standalone_port
L	6582	L6582_i_	CEDT027.C	F7334_BlitToScreenNoTransparency	function_local_storage	no_standalone_port
L	6583	L6583_i_	CEDT027.C	F7334_BlitToScreenNoTransparency	function_local_storage	no_standalone_port
L	6584	L6584_i_	CEDT027.C	F7334_BlitToScreenNoTransparency	function_local_storage	no_standalone_port
L	6585	L6585_i_	CEDT027.C	F7334_BlitToScreenNoTransparency	function_local_storage	no_standalone_port
L	6586	L6586_ai_XYZ	CEDT027.C	F7334_BlitToScreenNoTransparency	function_local_storage	no_standalone_port
L	6587	L6587_ai_XYZ	CEDT027.C	F7333_BlitFromScreenNoTransparency	function_local_storage	no_standalone_port
L	6590	L6590_i_Language	SWITCH.C	F2280_	function_local_storage	no_standalone_port
L	6595	L6595_i_Height	SWITCH.C	F2279_	function_local_storage	no_standalone_port
L	6595	L6595_i_Width	SWITCH.C	F2279_	function_local_storage	no_standalone_port
L	6596	L6596_i_Width	SWITCH.C	F2280_	function_local_storage	no_standalone_port
L	6597	L6597_i_Height	SWITCH.C	F2280_	function_local_storage	no_standalone_port
L	6598	L6598_ai_XYZ	SWITCH.C	F2280_	function_local_storage	no_standalone_port
L	6599	L6599_pi_XYZ	CEDT027.C	F7333_BlitFromScreenNoTransparency	function_local_storage	no_standalone_port
L	6603	L6603_ac_Unreferenced	VDEO1.C	F9030_VDEO_05_ExpandGraphicToBitmap	function_local_storage	no_standalone_port
M	000	M000_INDEX_TO_ORDINAL	PANEL.C;GROUP.C;DUNGEON.C;DUNVIEW.C;REVIVE.C;MENU.C;CHAMDRAW.C;IO.C;CHAMPION.C;TIMELINE.C;FLOPPY.C;COMPILE.H;STARTUP2.C;CEDT023.C;CLIKCHAM.C;MOVESENS.C;CEDT029.C	macro_or_module_definition	macro_or_module_name	no_standalone_port
M	001	M001_ORDINAL_TO_INDEX	PANEL.C;GROUP.C;DUNGEON.C;DUNVIEW.C;CEDTINC2.C;MENU.C;CHAMDRAW.C;COMMAND.C;IO.C;ACTIDRAW.C;CHAMPION.C;GAMELOOP.C;TIMELINE.C;CEDTINC4.C;COMPILE.H;STARTUP2.C;CEDT023.C;MOVESENS.C;CEDT011.C	macro_or_module_definition	macro_or_module_name	no_standalone_port
M	002	M002_RANDOM	GROUP.C;COPYPRO3.C;REVIVE.C;MENU.C;DEFS.H;CHAMPION.C;TIMELINE.C;PROJEXPL.C	macro_or_module_definition	macro_or_module_name	no_standalone_port
M	003	M003_RANDOM	GROUP.C;CEDTINCI.C;DUNVIEW.C;REVIVE.C;MENU.C;DEFS.H;CHAMPION.C;PROJEXPL.C	macro_or_module_definition	macro_or_module_name	no_standalone_port
M	004	M004_RANDOM	PANEL.C;GROUP.C;DUNVIEW.C;DEFS.H;CHAMPION.C;TIMELINE.C;PROJEXPL.C	macro_or_module_definition	macro_or_module_name	no_standalone_port
M	005	M005_RANDOM	GROUP.C;DUNVIEW.C;MENU.C;DEFS.H;CHAMPION.C;TIMELINE.C;PROJEXPL.C	macro_or_module_definition	macro_or_module_name	no_standalone_port
M	006	M006_RANDOM	PANEL.C;SAVEHEAD.C;GROUP.C;LOADSAVE.C;DEFS.H;CEDTINC8.C;CEDTINC6.C;PROJEXPL.C	macro_or_module_definition	macro_or_module_name	no_standalone_port
M	007	M007_GET	COPYPRO5.C;INPUT.C;PANEL.C;PALETTE.C;GROUP.C;FLOPPYAM.C;LOADSAVE.C;FIO1.C;CEDT020.C;MEMORY.C;DUNGEON.C;BLITMASK.C;CLIKVIEW.C;DUNVIEW.C;COORD.C;MEM1CLCP.C;TEXT2.C;DARKCOLR.C;REVIVE.C;MENU.C;CHAMDRAW.C;CLIKMENU.C;IBMIO.C;DEFS.H;ACTIDRAW.C;SWITCH.C;CHAMPION.C;MEM1.C;UTMEMORY.C;GAMELOOP.C;TIMELINE.C;BLTSHRNK.C;CEDTINC4.C;COMPILE.H;CEDT006.C;STARTUP2.C;CEDT023.C;CEDT018.C;SELECTOR.C;SOUND.C;PROJEXPL.C;MOVESENS.C;PRIM2B.C;CEDT008.C	macro_or_module_definition	macro_or_module_name	no_standalone_port
M	008	M008_SET	SWSHSND.C;INPUT.C;PANEL.C;GROUP.C;FIO1.C;MEMORY.C;DUNGEON.C;DUNVIEW.C;REVIVE.C;MENU.C;CHAMDRAW.C;COMMAND.C;IO.C;CHAMPRST.C;CHAMPION.C;UTMEMORY.C;GAMELOOP.C;TIMELINE.C;COMPILE.H;CEDT023.C;SOUND.C;CLIKCHAM.C;ANIMSND.C;HINTIORQ.C;SYMBOL.C;NECIO.C;CEDTINCD.C	macro_or_module_definition	macro_or_module_name	no_standalone_port
M	009	M009_CLEAR	SWSHSND.C;INPUT.C;AMIGINIT.C;GROUP.C;FIO1.C;MEMORY.C;DUNGEON.C;DUNVIEW.C;COORD.C;TEXT2.C;MENU.C;CHAMDRAW.C;CHAMPRST.C;CHAMPION.C;UTMEMORY.C;CEDTTXT.C;TIMELINE.C;COMPILE.H;CEDT023.C;CEDT018.C;SOUND.C;PROJEXPL.C;ANIMSND.C;HINTIORQ.C;STARTUP1.C	macro_or_module_definition	macro_or_module_name	no_standalone_port
M	010	M010_TOGGLE	GROUP.C;COMPILE.H	macro_or_module_definition	macro_or_module_name	no_standalone_port
M	011	M011_CELL	PANEL.C;DUNGEON.C;DUNVIEW.C;REVIVE.C;DEFS.H;TIMELINE.C;PROJEXPL.C;MOVESENS.C	macro_or_module_definition	macro_or_module_name	no_standalone_port
M	012	M012_TYPE	PANEL.C;GROUP.C;CEDT004.C;DUNGEON.C;DUNVIEW.C;REVIVE.C;MENU.C;READWRIT.C;DEFS.H;CHAMPION.C;TIMELINE.C;ENDGAME.C;PROJEXPL.C;MOVESENS.C;AMMO.C	macro_or_module_definition	macro_or_module_name	no_standalone_port
M	013	M013_INDEX	PANEL.C;GROUP.C;CEDT004.C;DUNGEON.C;CLIKVIEW.C;DUNVIEW.C;MENU.C;READWRIT.C;DEFS.H;CHAMPION.C;TIMELINE.C;PROJEXPL.C;MOVESENS.C;AMMO.C	macro_or_module_definition	macro_or_module_name	no_standalone_port
M	014	M014_TYPE_AND_INDEX	DUNGEON.C;DEFS.H;PROJEXPL.C	macro_or_module_definition	macro_or_module_name	no_standalone_port
M	015	M015_THING_WITH_NEW_CELL	GROUP.C;CLIKVIEW.C;DEFS.H;CHAMPION.C;TIMELINE.C;PROJEXPL.C;MOVESENS.C	macro_or_module_definition	macro_or_module_name	no_standalone_port
M	016	M016_IS_ORIENTED_WEST_EAST	PANEL.C;DUNGEON.C;DUNVIEW.C;DEFS.H	macro_or_module_definition	macro_or_module_name	no_standalone_port
M	017	M017_NEXT	GROUP.C;DUNVIEW.C;MENU.C;CLIKMENU.C;DEFS.H;TIMELINE.C;PROJEXPL.C;MOVESENS.C	macro_or_module_definition	macro_or_module_name	no_standalone_port
M	018	M018_OPPOSITE	GROUP.C;CLIKVIEW.C;DUNVIEW.C;REVIVE.C;MENU.C;DEFS.H;TIMELINE.C;ENDGAME.C;MOVESENS.C	macro_or_module_definition	macro_or_module_name	no_standalone_port
M	019	M019_PREVIOUS	MENU.C;DEFS.H;PROJEXPL.C;MOVESENS.C;SYMBOL.C	macro_or_module_definition	macro_or_module_name	no_standalone_port
M	020	M020_PREVIOUS	GROUP.C;DUNVIEW.C;DEFS.H	macro_or_module_definition	macro_or_module_name	no_standalone_port
M	021	M021_NORMALIZE	PANEL.C;GROUP.C;DUNGEON.C;CLIKVIEW.C;DUNVIEW.C;REVIVE.C;MENU.C;COMMAND.C;IO.C;CLIKMENU.C;DEFS.H;CHAMPION.C;TIMELINE.C;MOVESENS.C	macro_or_module_definition	macro_or_module_name	no_standalone_port
M	022	M022_HORIZONTAL_OFFSET	DUNVIEW.C;DEFS.H	macro_or_module_definition	macro_or_module_name	no_standalone_port
M	023	M023_VERTICAL_OFFSET	DUNVIEW.C;DEFS.H	macro_or_module_definition	macro_or_module_name	no_standalone_port
M	024	M024_SET_HORIZONTAL_OFFSET	GROUP.C;DEFS.H	macro_or_module_definition	macro_or_module_name	no_standalone_port
M	025	M025_SET_VERTICAL_OFFSET	GROUP.C;DEFS.H	macro_or_module_definition	macro_or_module_name	no_standalone_port
M	026	M026_CHAMPION_ICON_INDEX	REVIVE.C;CHAMDRAW.C;DEFS.H;CHAMPION.C	macro_or_module_definition	macro_or_module_name	no_standalone_port
M	027	M027_PORTRAIT_X	REVIVE.C;DEFS.H	macro_or_module_definition	macro_or_module_name	no_standalone_port
M	028	M028_PORTRAIT_Y	REVIVE.C;DEFS.H	macro_or_module_definition	macro_or_module_name	no_standalone_port
M	029	M029_MAP	GROUP.C;DEFS.H;TIMELINE.C	macro_or_module_definition	macro_or_module_name	no_standalone_port
M	030	M030_TIME	GROUP.C;DEFS.H;CHAMPION.C;TIMELINE.C	macro_or_module_definition	macro_or_module_name	no_standalone_port
M	031	M031_SET_MAP	DEFS.H;TIMELINE.C;PROJEXPL.C	macro_or_module_definition	macro_or_module_name	no_standalone_port
M	032	M032_SET_TIME	GROUP.C;DEFS.H	macro_or_module_definition	macro_or_module_name	no_standalone_port
M	033	M033_SET_MAP_AND_TIME	PANEL.C;GROUP.C;CLIKVIEW.C;MENU.C;DEFS.H;CHAMPION.C;NEWMAP.C;TIMELINE.C;SOUND.C;PROJEXPL.C;MOVESENS.C	macro_or_module_definition	macro_or_module_name	no_standalone_port
M	034	M034_SQUARE_TYPE	PANEL.C;GROUP.C;DUNGEON.C;CLIKVIEW.C;DUNVIEW.C;MENU.C;CLIKMENU.C;DEFS.H;GAMELOOP.C;PROJEXPL.C;MOVESENS.C	macro_or_module_definition	macro_or_module_name	no_standalone_port
M	035	M035_SQUARE	DUNGEON.C;DEFS.H;ENTRANCE.C	macro_or_module_definition	macro_or_module_name	no_standalone_port
M	036	M036_DOOR_STATE	GROUP.C;DUNGEON.C;MENU.C;CLIKMENU.C;DEFS.H;TIMELINE.C;PROJEXPL.C	macro_or_module_definition	macro_or_module_name	no_standalone_port
M	037	M037_SET_DOOR_STATE	DEFS.H;TIMELINE.C;PROJEXPL.C	macro_or_module_definition	macro_or_module_name	no_standalone_port
M	038	M038_DISTANCE	GROUP.C;DEFS.H;CHAMPION.C	macro_or_module_definition	macro_or_module_name	no_standalone_port
M	039	M039_TYPE	DUNGEON.C;DEFS.H;TIMELINE.C;MOVESENS.C	macro_or_module_definition	macro_or_module_name	no_standalone_port
M	040	M040_DATA	DUNGEON.C;DEFS.H;TIMELINE.C;MOVESENS.C	macro_or_module_definition	macro_or_module_name	no_standalone_port
M	041	M041_SET_DATA	DEFS.H;TIMELINE.C	macro_or_module_definition	macro_or_module_name	no_standalone_port
M	042	M042_MASK_CURRENT	DEFS.H;TIMELINE.C	macro_or_module_definition	macro_or_module_name	no_standalone_port
M	043	M043_MASK_REFERENCE	DEFS.H;TIMELINE.C	macro_or_module_definition	macro_or_module_name	no_standalone_port
M	044	M044_SET_TYPE_DISABLED	REVIVE.C;DEFS.H;TIMELINE.C;MOVESENS.C	macro_or_module_definition	macro_or_module_name	no_standalone_port
M	045	M045_HEALTH_MULTIPLIER	DEFS.H;TIMELINE.C	macro_or_module_definition	macro_or_module_name	no_standalone_port
M	046	M046_TICKS	DEFS.H;TIMELINE.C	macro_or_module_definition	macro_or_module_name	no_standalone_port
M	047	M047_KINETIC_ENERGY	DEFS.H;TIMELINE.C	macro_or_module_definition	macro_or_module_name	no_standalone_port
M	048	M048_STEP_ENERGY	DEFS.H;TIMELINE.C	macro_or_module_definition	macro_or_module_name	no_standalone_port
M	049	M049_LOCAL_EFFECT	DEFS.H;MOVESENS.C	macro_or_module_definition	macro_or_module_name	no_standalone_port
M	050	M050_CREATURE_VALUE	GROUP.C;DUNVIEW.C;DEFS.H	macro_or_module_definition	macro_or_module_name	no_standalone_port
M	051	M051_CREATURE_HEIGHT	GROUP.C;DEFS.H;TIMELINE.C	macro_or_module_definition	macro_or_module_name	no_standalone_port
M	052	M052_MAXIMUM_HORIZONTAL_OFFSET	GROUP.C;DEFS.H	macro_or_module_definition	macro_or_module_name	no_standalone_port
M	053	M053_MAXIMUM_VERTICAL_OFFSET	GROUP.C;DEFS.H	macro_or_module_definition	macro_or_module_name	no_standalone_port
M	054	M054_SIGHT_RANGE	GROUP.C;DEFS.H	macro_or_module_definition	macro_or_module_name	no_standalone_port
M	055	M055_SMELL_RANGE	GROUP.C;DEFS.H	macro_or_module_definition	macro_or_module_name	no_standalone_port
M	056	M056_ATTACK_RANGE	GROUP.C;DEFS.H	macro_or_module_definition	macro_or_module_name	no_standalone_port
M	057	M057_FEAR_RESISTANCE	GROUP.C;MENU.C;DEFS.H	macro_or_module_definition	macro_or_module_name	no_standalone_port
M	058	M058_EXPERIENCE	DEFS.H;PROJEXPL.C	macro_or_module_definition	macro_or_module_name	no_standalone_port
M	059	M059_WARINESS	GROUP.C;DEFS.H	macro_or_module_definition	macro_or_module_name	no_standalone_port
M	060	M060_FIRE_RESISTANCE	DEFS.H;PROJEXPL.C	macro_or_module_definition	macro_or_module_name	no_standalone_port
M	061	M061_POISON_RESISTANCE	GROUP.C;DEFS.H	macro_or_module_definition	macro_or_module_name	no_standalone_port
M	062	M062_NEXT_BEHAVIOR_UPDATE_AFTER_ATTACK_TICKS	GROUP.C;DEFS.H	macro_or_module_definition	macro_or_module_name	no_standalone_port
M	063	M063_NEXT_NON_ATTACK_ASPECT_UPDATE_TICKS	GROUP.C;DEFS.H	macro_or_module_definition	macro_or_module_name	no_standalone_port
M	064	M064_NEXT_ATTACK_ASPECT_UPDATE_TICKS	GROUP.C;DEFS.H	macro_or_module_definition	macro_or_module_name	no_standalone_port
M	065	M065_SHOOT_ATTACK	MENU.C;DEFS.H	macro_or_module_definition	macro_or_module_name	no_standalone_port
M	066	M066_PROJECTILE_ASPECT_ORDINAL	DUNGEON.C;DEFS.H	macro_or_module_definition	macro_or_module_name	no_standalone_port
M	067	M067_SPELL_KIND	MENU.C;DEFS.H	macro_or_module_definition	macro_or_module_name	no_standalone_port
M	068	M068_SPELL_TYPE	MENU.C;DEFS.H	macro_or_module_definition	macro_or_module_name	no_standalone_port
M	069	M069_SPELL_DISABLED_TICKS	MENU.C;DEFS.H	macro_or_module_definition	macro_or_module_name	no_standalone_port
M	070	M070_HAND_SLOT_INDEX	CHAMDRAW.C;DEFS.H;CHAMPION.C	macro_or_module_definition	macro_or_module_name	no_standalone_port
M	071	M071_COORDINATE_SET	DUNVIEW.C;DEFS.H	macro_or_module_definition	macro_or_module_name	no_standalone_port
M	072	M072_TRANSPARENT_COLOR	DUNVIEW.C;DEFS.H	macro_or_module_definition	macro_or_module_name	no_standalone_port
M	073	M073_COLOR_09_REPLACEMENT_COLOR_SET	DUNVIEW.C;DEFS.H	macro_or_module_definition	macro_or_module_name	no_standalone_port
M	074	M074_COLOR_10_REPLACEMENT_COLOR_SET	DUNVIEW.C;DEFS.H	macro_or_module_definition	macro_or_module_name	no_standalone_port
M	075	M075_BITMAP_BYTE_COUNT	EXEC.C;PANEL.C;FONT.C;LOADSAVE.C;MEMORY.C;OBJECT.C;DUNVIEW.C;COORD.C;REVIVE.C;MENU.C;IO.C;PORTRAIT.C;IBMIO.C;DEFS.H;ACTIDRAW.C;SWITCH.C;CEDT026.C;CEDT006.C;STARTUP2.C;ENDGAME.C;SELECTOR.C;TEXT.C;ENTRANCE.C;HINTSCR.C;TITLE.C;NECIO.C;DIALOG.C;DATA.C;MENUDRAW.C;TOWNSGLB.H	macro_or_module_definition	macro_or_module_name	no_standalone_port
M	076	M076_BITMAP_UNIT_COUNT	DUNVIEW.C;COMMAND.C;IO.C;DEFS.H;ACTIDRAW.C;ENDGAME.C	macro_or_module_definition	macro_or_module_name	no_standalone_port
M	077	M077_NORMALIZED_BYTE_WIDTH	DUNVIEW.C;BMPSIZE.C;DEFS.H	macro_or_module_definition	macro_or_module_name	no_standalone_port
M	078	M078_SCALED_DIMENSION	DUNVIEW.C;BMPSIZE.C;DEFS.H	macro_or_module_definition	macro_or_module_name	no_standalone_port
M	079	M079_PREVIOUS_BLOCK_SIZE	MEMORY.C;DEFS.H	macro_or_module_definition	macro_or_module_name	no_standalone_port
M	080	M080_BLOCK_SIZE	MEMORY.C;DEFS.H	macro_or_module_definition	macro_or_module_name	no_standalone_port
M	081	M081_USED_BLOCK_USAGE_COUNT	MEMORY.C;DEFS.H	macro_or_module_definition	macro_or_module_name	no_standalone_port
M	082	M082_USED_BLOCK_PREVIOUS_INDEX	MEMORY.C;DEFS.H	macro_or_module_definition	macro_or_module_name	no_standalone_port
M	083	M083_USED_BLOCK_NEXT_INDEX	MEMORY.C;DEFS.H	macro_or_module_definition	macro_or_module_name	no_standalone_port
M	084	M084_USED_BLOCK_BITMAP_INDEX	MEMORY.C;DEFS.H	macro_or_module_definition	macro_or_module_name	no_standalone_port
M	085	M085_USED_BLOCK_BITMAP	MEMORY.C;DEFS.H	macro_or_module_definition	macro_or_module_name	no_standalone_port
M	086	M086_UNUSED_BLOCK_PREVIOUS_ADDRESS	MEMORY.C;DEFS.H	macro_or_module_definition	macro_or_module_name	no_standalone_port
M	087	M087_UNUSED_BLOCK_NEXT_ADDRESS	MEMORY.C;DEFS.H	macro_or_module_definition	macro_or_module_name	no_standalone_port
M	088	M088_GRAPHIC_BYTE_WIDTH	MEMORY.C;DEFS.H	macro_or_module_definition	macro_or_module_name	no_standalone_port
M	089	M089_GRAPHIC_HEIGHT	MEMORY.C;DEFS.H	macro_or_module_definition	macro_or_module_name	no_standalone_port
M	090	M090_GRAPHIC_INDEX_OR_SIZE	MEMORY.C;DEFS.H	macro_or_module_definition	macro_or_module_name	no_standalone_port
M	091	M091_BITPLANE_SIZE	EXEC.C;AMIGA.H;DUNVIEW.C;STARTUP2.C;TEXT.C;ENTRANCE.C;SWSH.C;VIEWPORT.C	macro_or_module_definition	macro_or_module_name	no_standalone_port
M	092	M092_BLITSIZE	AMIGA.H;BLIT.C;BLITAMIG.C;ENTRANCE.C;VIEWPORT.C	macro_or_module_definition	macro_or_module_name	no_standalone_port
M	100	M100_PIXEL_WIDTH	LOADSAVE.C;MEMORY.C;BLITMASK.C;OBJECT.C;DUNVIEW.C;COORD.C;TEXT2.C;REVIVE.C;CHAMDRAW.C;IO.C;BASE.C;DEFS.H;ACTIDRAW.C;ENDGAME.C;ENTRANCE.C;JAPANESE.C;TITLE.C;DIALOG.C	macro_or_module_definition	macro_or_module_name	no_standalone_port
M	101	M101_PIXEL_HEIGHT	LOADSAVE.C;MEMORY.C;OBJECT.C;DUNVIEW.C;COORD.C;TEXT2.C;REVIVE.C;CHAMDRAW.C;IO.C;BASE.C;DEFS.H;ACTIDRAW.C;ENDGAME.C;ENTRANCE.C;JAPANESE.C;TITLE.C;DIALOG.C	macro_or_module_definition	macro_or_module_name	no_standalone_port
M	102	M102_XXX_RANGE	GROUP.C;DEFS.H	macro_or_module_definition	macro_or_module_name	no_standalone_port
M	103	M103_BITMAP_BYTE_COUNT	LOADSAVE.C;MEMORY.C;BLITMASK.C;BMPSIZE.C;TEXT2.C;CHAMDRAW.C;IO.C;BASE.C;DEFS.H;BLITFILL.C;CEDT017.C;GRF1.C;STARTUP2.C;ENDGAME.C;ENTRANCE.C;TITLE.C	macro_or_module_definition	macro_or_module_name	no_standalone_port
M	104	M104_EVEN_INTEGER	MEMORY.C;ANIMIMG.C;DEFS.H;IMAGE2.C;BLTSHRNK.C;NEC816.C;VIDEODRV.C;IMAGE3.C	macro_or_module_definition	macro_or_module_name	no_standalone_port
M	105	M105_GRAPHIC_PIXEL_WIDTH	MEMORY.C;DEFS.H	macro_or_module_definition	macro_or_module_name	no_standalone_port
M	106	M106_USED_BLOCK_BITMAP_WIDTH	MEMORY.C;DEFS.H	macro_or_module_definition	macro_or_module_name	no_standalone_port
M	107	M107_USED_BLOCK_BITMAP_HEIGHT	MEMORY.C;DEFS.H	macro_or_module_definition	macro_or_module_name	no_standalone_port
M	108	M108_PREVIOUS	DEFS.H;SYMBOL.C	macro_or_module_definition	macro_or_module_name	no_standalone_port
M	109	M109_PIXEL_WIDTH_2	DEFS.H;ENTRANCE.C	macro_or_module_definition	macro_or_module_name	no_standalone_port
M	110	M110_PIXEL_HEIGHT_2	DEFS.H;ENTRANCE.C	macro_or_module_definition	macro_or_module_name	no_standalone_port
M	201	M201_PREVIOUS_BLOCK_SIZE	DEFS.H;UTMEMORY.C	macro_or_module_definition	macro_or_module_name	no_standalone_port
M	202	M202_BLOCK_SIZE	DEFS.H;UTMEMORY.C	macro_or_module_definition	macro_or_module_name	no_standalone_port
M	203	M203_USED_BLOCK_USAGE_COUNT	DEFS.H	macro_or_module_definition	macro_or_module_name	no_standalone_port
M	204	M204_USED_BLOCK_PREVIOUS_INDEX	DEFS.H	macro_or_module_definition	macro_or_module_name	no_standalone_port
M	205	M205_USED_BLOCK_NEXT_INDEX	DEFS.H	macro_or_module_definition	macro_or_module_name	no_standalone_port
M	206	M206_USED_BLOCK_BITMAP_INDEX	DEFS.H	macro_or_module_definition	macro_or_module_name	no_standalone_port
M	207	M207_USED_BLOCK_BITMAP	DEFS.H	macro_or_module_definition	macro_or_module_name	no_standalone_port
M	500	M500_RGB_BLACK	DEFS.H;TITLE.C	macro_or_module_definition	macro_or_module_name	no_standalone_port
M	501	M501_RGB_DARK_BLUE	DEFS.H;ENDGAME.C;TITLE.C	macro_or_module_definition	macro_or_module_name	no_standalone_port
M	502	M502_RGB_LIGHT_BROWN	DEFS.H;TITLE.C	macro_or_module_definition	macro_or_module_name	no_standalone_port
M	503	M503_RGB_PINK	DEFS.H;ENDGAME.C	macro_or_module_definition	macro_or_module_name	no_standalone_port
M	504	M504_RGB_LIGHTER_BROWN	DEFS.H;TITLE.C	macro_or_module_definition	macro_or_module_name	no_standalone_port
M	505	M505_RGB_DARK_GOLD	DEFS.H;TITLE.C	macro_or_module_definition	macro_or_module_name	no_standalone_port
M	506	M506_RGB_GOLD	DEFS.H;TITLE.C	macro_or_module_definition	macro_or_module_name	no_standalone_port
M	507	M507_RGB_RED	DEFS.H;TITLE.C	macro_or_module_definition	macro_or_module_name	no_standalone_port
M	508	M508_RGB_YELLOW	DEFS.H;TITLE.C	macro_or_module_definition	macro_or_module_name	no_standalone_port
M	509	M509_RGB_WHITE	DEFS.H;ENDGAME.C;TITLE.C	macro_or_module_definition	macro_or_module_name	no_standalone_port
M	510	M510_MASK_RED_COMPONENT	PALETTE.C;PRIM1.C;DARKCOLR.C;DEFS.H	macro_or_module_definition	macro_or_module_name	no_standalone_port
M	511	M511_MASK_GREEN_COMPONENT	PALETTE.C;PRIM1.C;DARKCOLR.C;DEFS.H	macro_or_module_definition	macro_or_module_name	no_standalone_port
M	512	M512_MASK_BLUE_COMPONENT	PALETTE.C;PRIM1.C;DARKCOLR.C;DEFS.H	macro_or_module_definition	macro_or_module_name	no_standalone_port
M	513	M513_SOUND_COUNT	AMIGA.H;GROUP.C;DUNVIEW.C;DEFS.H;STARTUP2.C;SOUND.C;MOVESENS.C;DATA.C;TOWNSGLB.H	macro_or_module_definition	macro_or_module_name	no_standalone_port
M	514	M514_GRAPHIC_COUNT	MEMORY.C;DEFS.H	macro_or_module_definition	macro_or_module_name	no_standalone_port
M	515	M515_DERIVED_BITMAP_ACTUAL_COUNT	MEMORY.C;DEFS.H	macro_or_module_definition	macro_or_module_name	no_standalone_port
M	516	M516_CHAMPIONS	PANEL.C;GROUP.C;CASTER.C;LOADSAVE.C;OBJECT.C;CLIKVIEW.C;SPELDRAW.C;REVIVE.C;MENU.C;CHAMDRAW.C;READWRIT.C;COMMAND.C;IO.C;CHAMPRST.C;CLIKMENU.C;PORTRAIT.C;DEFS.H;ACTIDRAW.C;CHAMPION.C;GAMELOOP.C;TIMELINE.C;ENDGAME.C;PROJEXPL.C;CLIKCHAM.C;MOVESENS.C;AMMO.C;SYMBOL.C	macro_or_module_definition	macro_or_module_name	no_standalone_port
M	517	M517_FuzzySectorReadingBuffer_CPSE	GRAPH21.C;PANEL.C;MEMORY.C;DUNVIEW.C;IO.C;CLIKMENU.C;DEFS.H;NEWMAP.C;TIMELINE.C;STARTUP2.C;STARTUP1.C	macro_or_module_definition	macro_or_module_name	no_standalone_port
M	518	M518_FillScreenBlack	LOADSAVE.C;DEFS.H;STARTUP2.C;ENDGAME.C;TITLE.C;DIALOG.C	macro_or_module_definition	macro_or_module_name	no_standalone_port
M	519	M519_F0020_MAIN_BlitToViewport	PANEL.C;REVIVE.C;CHAMDRAW.C;DEFS.H;CHEST.C	macro_or_module_definition	macro_or_module_name	no_standalone_port
M	520	M520_F0021_MAIN_BlitToScreen	CASTER.C;OBJECT.C;CHAMDRAW.C;IO.C;DEFS.H;ACTIDRAW.C;CHAMPION.C;ENDGAME.C;ENTRANCE.C;DIALOG.C;MENUDRAW.C	macro_or_module_definition	macro_or_module_name	no_standalone_port
M	521	M521_F0040_TEXT_Print	PANEL.C;REVIVE.C;COMMAND.C;DEFS.H;TEXT.C;DIALOG.C	macro_or_module_definition	macro_or_module_name	no_standalone_port
M	522	M522_MOUSE_HidePointer	PANEL.C;CLIKVIEW.C;IO.C;CLIKMENU.C;DEFS.H;ENDGAME.C;ENTRANCE.C;DIALOG.C	macro_or_module_definition	macro_or_module_name	no_standalone_port
M	523	M523_MOUSE_ShowPointer	PANEL.C;COMMAND.C;IO.C;CLIKMENU.C;DEFS.H;CHAMPION.C;GAMELOOP.C;ENDGAME.C;ENTRANCE.C;DIALOG.C	macro_or_module_definition	macro_or_module_name	no_standalone_port
M	524	M524_FillScreenBox	CASTER.C;OBJECT.C;SPELDRAW.C;REVIVE.C;CHAMDRAW.C;IO.C;DEFS.H;ACTIDRAW.C;CHAMPION.C;STARTUP2.C;ENDGAME.C;DIALOG.C	macro_or_module_definition	macro_or_module_name	no_standalone_port
M	525	M525_F0135_VIDEO_FillBox	PANEL.C;REVIVE.C;DEFS.H;BLITFILL.C;TEXT.C	macro_or_module_definition	macro_or_module_name	no_standalone_port
M	526	M526_WaitVerticalBlank	UTDEBUG.C;EXEC.C;INPUT.C;PANEL.C;PALETTE.C;PRIM1.C;CEDTINCF.C;LOADSAVE.C;ANIM.C;DRAWVIEW.C;REVIVE.C;CHAMDRAW.C;CLIKMENU.C;BASE.C;DEFS.H;DRAWMSGA.C;CEDT006.C;STARTUP2.C;ENDGAME.C;ENTRANCE.C;HINTSCR.C;TITLE.C;SWSH.C;DIALOG.C;HINT003.C;VIEWPORT.C;STARTUP1.C	macro_or_module_definition	macro_or_module_name	no_standalone_port
M	527	M527_IsCharacterInKeyboardBuffer	REVIVE.C;COMMAND.C;DEFS.H;GAMELOOP.C;ENDGAME.C;ENTRANCE.C;DIALOG.C	macro_or_module_definition	macro_or_module_name	no_standalone_port
M	528	M528_GetCharacterInKeyboardBuffer	REVIVE.C;COMMAND.C;DEFS.H;GAMELOOP.C;ENDGAME.C;DIALOG.C	macro_or_module_definition	macro_or_module_name	no_standalone_port
M	529	M529_COMMAND_QUEUE_SIZE	COMMAND.C;DEFS.H;TOWNSGLB.H	macro_or_module_definition	macro_or_module_name	no_standalone_port
M	530	M530_SPELL_COUNT	MENU.C;DEFS.H;TOWNSGLB.H	macro_or_module_definition	macro_or_module_name	no_standalone_port
M	531	M531_MANDATORY_GRAPHIC_COUNT	DUNVIEW.C;DEFS.H;DATA.C;TOWNSGLB.H	macro_or_module_definition	macro_or_module_name	no_standalone_port
M	532	M532_MESSAGE_AREA_ROW_COUNT	DEFS.H;TEXT.C;TOWNSGLB.H	macro_or_module_definition	macro_or_module_name	no_standalone_port
M	533	M533_F0468_MEMORY_Allocate	GROUP.C;FONT.C;LOADSAVE.C;MEMORY.C;BLITMASK.C;OBJECT.C;DUNVIEW.C;COORD.C;MENU.C;IO.C;DEFS.H;TIMELINE.C;TEXT.C;ENTRANCE.C;LANGUAGE.C	macro_or_module_definition	macro_or_module_name	no_standalone_port
M	534	M534_LOADABLE_GRAPHIC_COUNT	DUNVIEW.C;DEFS.H	macro_or_module_definition	macro_or_module_name	no_standalone_port
M	535	M535_DERIVED_BITMAP_ACTUAL_COUNT_ALT	MEMORY.C;DEFS.H	macro_or_module_definition	macro_or_module_name	no_standalone_port
M	536	M536_F0440_STARTEND_GetTemporarilyLoadedGraphicByteCount	DEFS.H;ENDGAME.C;ENTRANCE.C	macro_or_module_definition	macro_or_module_name	no_standalone_port
M	537	M537_DERIVED_BITMAP_FIRST_PROJECTILE	DUNVIEW.C;DEFS.H;STARTUP2.C	macro_or_module_definition	macro_or_module_name	no_standalone_port
M	538	M538_DERIVED_BITMAP_FIRST_EXPLOSION	DUNVIEW.C;DEFS.H;STARTUP2.C	macro_or_module_definition	macro_or_module_name	no_standalone_port
M	539	M539_DERIVED_BITMAP_FIRST_CREATURE	DEFS.H;STARTUP2.C	macro_or_module_definition	macro_or_module_name	no_standalone_port
M	540	M540_F0427_DIALOG_Draw	REQDISK.C;LOADSAVE.C;DEFS.H;STARTUP2.C	macro_or_module_definition	macro_or_module_name	no_standalone_port
M	541	M541_SOUND_WEAK_EXPLOSION	DEFS.H;PROJEXPL.C;DATA.C	macro_or_module_definition	macro_or_module_name	no_standalone_port
M	542	M542_SOUND_SPELL	GROUP.C;DEFS.H;PROJEXPL.C;DATA.C	macro_or_module_definition	macro_or_module_name	no_standalone_port
M	543	M543_BYTE_COUNT_INT	GROUP.C;LOADSAVE.C;MEMORY.C;DUNGEON.C;DUNVIEW.C;REVIVE.C;CHAMDRAW.C;DEFS.H;CHAMPION.C;ENDGAME.C;PROJEXPL.C;MOVESENS.C;DIALOG.C	macro_or_module_definition	macro_or_module_name	no_standalone_port
M	544	M544_STRLEN	PANEL.C;FLOPPYAM.C;DUNGEON.C;REVIVE.C;MENU.C;DEFS.H;FLOPPY.C;ENDGAME.C;TEXT.C;SYMBOL.C;MENUDRAW.C	macro_or_module_definition	macro_or_module_name	no_standalone_port
M	545	M545_STRCAT	PANEL.C;SAVEPATH.C;DUNGEON.C;OBJECT.C;MENU.C;CHAMDRAW.C;DEFS.H;ENDGAME.C	macro_or_module_definition	macro_or_module_name	no_standalone_port
M	546	M546_STRCMP	PANEL.C;REVIVE.C;DEFS.H;FLOPPY.C	macro_or_module_definition	macro_or_module_name	no_standalone_port
M	547	M547_STRCPY	PANEL.C;MEMORY.C;OBJECT.C;REVIVE.C;CHAMDRAW.C;DEFS.H;ENDGAME.C;TEXT.C	macro_or_module_definition	macro_or_module_name	no_standalone_port
M	548	M548_STRNCPY	SAVEPATH.C;DEFS.H	macro_or_module_definition	macro_or_module_name	no_standalone_port
M	549	M549_STRCHR	SAVEPATH.C;STRING.C;DEFS.H	macro_or_module_definition	macro_or_module_name	no_standalone_port
M	550	M550_FIRST_THING	PANEL.C;DUNGEON.C;DUNVIEW.C;DEFS.H	macro_or_module_definition	macro_or_module_name	no_standalone_port
M	551	M551_RIGHT_WALL_ORNAMENT_ORDINAL	DUNGEON.C;DUNVIEW.C;DEFS.H	macro_or_module_definition	macro_or_module_name	no_standalone_port
M	552	M552_FRONT_WALL_ORNAMENT_ORDINAL	DUNGEON.C;DUNVIEW.C;DEFS.H	macro_or_module_definition	macro_or_module_name	no_standalone_port
M	553	M553_LEFT_WALL_ORNAMENT_ORDINAL	DUNGEON.C;DUNVIEW.C;DEFS.H	macro_or_module_definition	macro_or_module_name	no_standalone_port
M	554	M554_PIT_OR_TELEPORTER_VISIBLE	PANEL.C;DUNGEON.C;DUNVIEW.C;DEFS.H	macro_or_module_definition	macro_or_module_name	no_standalone_port
M	555	M555_STAIRS_UP	PANEL.C;DUNGEON.C;DUNVIEW.C;DEFS.H	macro_or_module_definition	macro_or_module_name	no_standalone_port
M	556	M556_DOOR_STATE	PANEL.C;DUNGEON.C;DUNVIEW.C;DEFS.H	macro_or_module_definition	macro_or_module_name	no_standalone_port
M	557	M557_DOOR_THING_INDEX	PANEL.C;DUNGEON.C;DUNVIEW.C;DEFS.H	macro_or_module_definition	macro_or_module_name	no_standalone_port
M	558	M558_FLOOR_ORNAMENT_ORDINAL	PANEL.C;DUNGEON.C;DUNVIEW.C;DEFS.H	macro_or_module_definition	macro_or_module_name	no_standalone_port
M	559	M559_SQUARE_ASPECT_INT_COUNT	PANEL.C;DUNGEON.C;DUNVIEW.C;DEFS.H	macro_or_module_definition	macro_or_module_name	no_standalone_port
M	560	M560_SOUND_BUZZ	GROUP.C;DEFS.H;TIMELINE.C;ENDGAME.C;MOVESENS.C;DATA.C	macro_or_module_definition	macro_or_module_name	no_standalone_port
M	561	M561_SOUND_SCREAM	DEFS.H;ENDGAME.C;MOVESENS.C;DATA.C	macro_or_module_definition	macro_or_module_name	no_standalone_port
M	562	M562_SOUND_PARTY_DAMAGED	CLIKMENU.C;DEFS.H;TIMELINE.C;DATA.C	macro_or_module_definition	macro_or_module_name	no_standalone_port
M	563	M563_SOUND_COMBAT_ATTACK_SKELETON_ANIMATED_ARMOUR_DETH_KNIGHT	GROUP.C;DUNGEON.C;MENU.C;DEFS.H;CHAMPION.C;DATA.C	macro_or_module_definition	macro_or_module_name	no_standalone_port
M	564	M564_GRAPHIC_OBJECT_NAMES	OBJECT.C;DUNVIEW.C;DEFS.H	macro_or_module_definition	macro_or_module_name	no_standalone_port
M	565	M565_PANEL_FOOD_WATER_POISONED	PANEL.C;DEFS.H;CHAMPION.C	macro_or_module_definition	macro_or_module_name	no_standalone_port
M	566	M566_COMMAND_ENTRANCE_RESUME	COMMAND.C;DEFS.H	macro_or_module_definition	macro_or_module_name	no_standalone_port
M	567	M567_COMMAND_ENTRANCE_DRAW_CREDITS	COMMAND.C;DEFS.H;ENTRANCE.C	macro_or_module_definition	macro_or_module_name	no_standalone_port
M	568	M568_PANEL_RESURRECT_REINCARNATE	PANEL.C;COMMAND.C;DEFS.H	macro_or_module_definition	macro_or_module_name	no_standalone_port
M	569	M569_PANEL_CHEST	PANEL.C;CHAMDRAW.C;COMMAND.C;DEFS.H;STARTUP2.C;CHEST.C	macro_or_module_definition	macro_or_module_name	no_standalone_port
M	570	M570_RenameFile	LOADSAVE.C;DEFS.H	macro_or_module_definition	macro_or_module_name	no_standalone_port
M	571	M571_DeleteFile	LOADSAVE.C;DEFS.H	macro_or_module_definition	macro_or_module_name	no_standalone_port
M	572	M572_CloseFile	LOADSAVE.C;MEMORY.C;DEFS.H;FLOPPY.C;README.C;MKBIN.C;HINTIORQ.C	macro_or_module_definition	macro_or_module_name	no_standalone_port
M	573	M573_BYTE_COUNT_LONG	MEMORY.C;READWRIT.C;DEFS.H	macro_or_module_definition	macro_or_module_name	no_standalone_port
M	574	M574_BITMAP_OVERHEAD	MEMORY.C;DEFS.H	macro_or_module_definition	macro_or_module_name	no_standalone_port
M	575	M575_VIEW_WALL_D3L_RIGHT	DUNVIEW.C;DEFS.H	macro_or_module_definition	macro_or_module_name	no_standalone_port
M	576	M576_VIEW_WALL_D3R_LEFT	DUNVIEW.C;DEFS.H	macro_or_module_definition	macro_or_module_name	no_standalone_port
M	577	M577_VIEW_WALL_D3L_FRONT	DUNVIEW.C;DEFS.H	macro_or_module_definition	macro_or_module_name	no_standalone_port
M	578	M578_VIEW_WALL_D3C_FRONT	DUNVIEW.C;DEFS.H	macro_or_module_definition	macro_or_module_name	no_standalone_port
M	579	M579_VIEW_WALL_D3R_FRONT	DUNVIEW.C;DEFS.H	macro_or_module_definition	macro_or_module_name	no_standalone_port
M	580	M580_VIEW_WALL_D2L_RIGHT	DUNVIEW.C;DEFS.H	macro_or_module_definition	macro_or_module_name	no_standalone_port
M	581	M581_VIEW_WALL_D2R_LEFT	DUNVIEW.C;DEFS.H	macro_or_module_definition	macro_or_module_name	no_standalone_port
M	582	M582_VIEW_WALL_D2L_FRONT	DUNVIEW.C;DEFS.H	macro_or_module_definition	macro_or_module_name	no_standalone_port
M	583	M583_VIEW_WALL_D2C_FRONT	DUNVIEW.C;DEFS.H	macro_or_module_definition	macro_or_module_name	no_standalone_port
M	584	M584_VIEW_WALL_D2R_FRONT	DUNVIEW.C;DEFS.H	macro_or_module_definition	macro_or_module_name	no_standalone_port
M	585	M585_VIEW_WALL_D1L_RIGHT	DUNVIEW.C;DEFS.H	macro_or_module_definition	macro_or_module_name	no_standalone_port
M	586	M586_VIEW_WALL_D1R_LEFT	DUNVIEW.C;DEFS.H	macro_or_module_definition	macro_or_module_name	no_standalone_port
M	587	M587_VIEW_WALL_D1C_FRONT	DUNVIEW.C;DEFS.H	macro_or_module_definition	macro_or_module_name	no_standalone_port
M	588	M588_VIEW_FLOOR_D3L	DUNVIEW.C;DEFS.H	macro_or_module_definition	macro_or_module_name	no_standalone_port
M	589	M589_VIEW_FLOOR_D3C	DUNVIEW.C;DEFS.H	macro_or_module_definition	macro_or_module_name	no_standalone_port
M	590	M590_VIEW_FLOOR_D3R	DUNVIEW.C;DEFS.H	macro_or_module_definition	macro_or_module_name	no_standalone_port
M	591	M591_VIEW_FLOOR_D2L	DUNVIEW.C;DEFS.H	macro_or_module_definition	macro_or_module_name	no_standalone_port
M	592	M592_VIEW_FLOOR_D2C	DUNVIEW.C;DEFS.H	macro_or_module_definition	macro_or_module_name	no_standalone_port
M	593	M593_VIEW_FLOOR_D2R	DUNVIEW.C;DEFS.H	macro_or_module_definition	macro_or_module_name	no_standalone_port
M	594	M594_VIEW_FLOOR_D1L	DUNVIEW.C;DEFS.H	macro_or_module_definition	macro_or_module_name	no_standalone_port
M	595	M595_VIEW_FLOOR_D1C	DUNVIEW.C;DEFS.H	macro_or_module_definition	macro_or_module_name	no_standalone_port
M	596	M596_VIEW_FLOOR_D1R	DUNVIEW.C;DEFS.H	macro_or_module_definition	macro_or_module_name	no_standalone_port
M	597	M597_VIEW_SQUARE_D4C	DUNVIEW.C;DEFS.H	macro_or_module_definition	macro_or_module_name	no_standalone_port
M	598	M598_VIEW_SQUARE_D4L	DUNVIEW.C;DEFS.H	macro_or_module_definition	macro_or_module_name	no_standalone_port
M	599	M599_VIEW_SQUARE_D4R	DUNVIEW.C;DEFS.H	macro_or_module_definition	macro_or_module_name	no_standalone_port
M	600	M600_VIEW_SQUARE_D3C	DUNVIEW.C;DEFS.H	macro_or_module_definition	macro_or_module_name	no_standalone_port
M	601	M601_VIEW_SQUARE_D3L	DUNVIEW.C;DEFS.H	macro_or_module_definition	macro_or_module_name	no_standalone_port
M	602	M602_VIEW_SQUARE_D3R	DUNVIEW.C;DEFS.H	macro_or_module_definition	macro_or_module_name	no_standalone_port
M	603	M603_VIEW_SQUARE_D2C	DUNVIEW.C;DEFS.H	macro_or_module_definition	macro_or_module_name	no_standalone_port
M	604	M604_VIEW_SQUARE_D2L	DUNVIEW.C;DEFS.H	macro_or_module_definition	macro_or_module_name	no_standalone_port
M	605	M605_VIEW_SQUARE_D2R	DUNVIEW.C;DEFS.H	macro_or_module_definition	macro_or_module_name	no_standalone_port
M	606	M606_VIEW_SQUARE_D1C	DUNVIEW.C;DEFS.H	macro_or_module_definition	macro_or_module_name	no_standalone_port
M	607	M607_VIEW_SQUARE_D1L	DUNVIEW.C;DEFS.H	macro_or_module_definition	macro_or_module_name	no_standalone_port
M	608	M608_VIEW_SQUARE_D1R	DUNVIEW.C;DEFS.H	macro_or_module_definition	macro_or_module_name	no_standalone_port
M	609	M609_VIEW_SQUARE_D0C	DUNVIEW.C;DEFS.H	macro_or_module_definition	macro_or_module_name	no_standalone_port
M	610	M610_VIEW_SQUARE_D0L	DUNVIEW.C;DEFS.H	macro_or_module_definition	macro_or_module_name	no_standalone_port
M	611	M611_VIEW_SQUARE_D0R	DUNVIEW.C;DEFS.H	macro_or_module_definition	macro_or_module_name	no_standalone_port
M	612	M612_GRAPHIC_FIRST_OBJECT	DUNVIEW.C;DEFS.H;STARTUP2.C	macro_or_module_definition	macro_or_module_name	no_standalone_port
M	613	M613_GRAPHIC_FIRST_PROJECTILE	DUNVIEW.C;DEFS.H;STARTUP2.C	macro_or_module_definition	macro_or_module_name	no_standalone_port
M	614	M614_GRAPHIC_FIRST_EXPLOSION	DUNVIEW.C;DEFS.H;STARTUP2.C	macro_or_module_definition	macro_or_module_name	no_standalone_port
M	615	M615_GRAPHIC_FIRST_WALL_ORNAMENT	DUNVIEW.C;DEFS.H	macro_or_module_definition	macro_or_module_name	no_standalone_port
M	616	M616_GRAPHIC_FIRST_FLOOR_ORNAMENT	DUNVIEW.C;DEFS.H	macro_or_module_definition	macro_or_module_name	no_standalone_port
M	617	M617_GRAPHIC_FIRST_DOOR_ORNAMENT	DUNVIEW.C;DEFS.H	macro_or_module_definition	macro_or_module_name	no_standalone_port
M	618	M618_GRAPHIC_FIRST_CREATURE	DUNVIEW.C;DEFS.H;STARTUP2.C	macro_or_module_definition	macro_or_module_name	no_standalone_port
M	619	M619_SOUND_WAR_CRY	MENU.C;DEFS.H;DATA.C	macro_or_module_definition	macro_or_module_name	no_standalone_port
M	620	M620_SOUND_BLOW_HORN	MENU.C;DEFS.H;DATA.C	macro_or_module_definition	macro_or_module_name	no_standalone_port
M	621	M621_NEGGRAPHIC_DIALOG_PATCH_1_CHOICE	DEFS.H;DIALOG.C	macro_or_module_definition	macro_or_module_name	no_standalone_port
M	622	M622_NEGGRAPHIC_DIALOG_PATCH_2_CHOICES	DEFS.H;DIALOG.C	macro_or_module_definition	macro_or_module_name	no_standalone_port
M	623	M623_NEGGRAPHIC_DIALOG_PATCH_4_CHOICES	DEFS.H;DIALOG.C	macro_or_module_definition	macro_or_module_name	no_standalone_port
M	624	M624_ZONE_DOOR_D3L	DUNVIEW.C;DEFS.H	macro_or_module_definition	macro_or_module_name	no_standalone_port
M	625	M625_ZONE_DOOR_D3C	DUNVIEW.C;DEFS.H	macro_or_module_definition	macro_or_module_name	no_standalone_port
M	626	M626_ZONE_DOOR_D3R	DUNVIEW.C;DEFS.H	macro_or_module_definition	macro_or_module_name	no_standalone_port
M	627	M627_ZONE_DOOR_D2L	DUNVIEW.C;DEFS.H	macro_or_module_definition	macro_or_module_name	no_standalone_port
M	628	M628_ZONE_DOOR_D2C	DUNVIEW.C;DEFS.H	macro_or_module_definition	macro_or_module_name	no_standalone_port
M	629	M629_ZONE_DOOR_D2R	DUNVIEW.C;DEFS.H	macro_or_module_definition	macro_or_module_name	no_standalone_port
M	630	M630_ZONE_DOOR_D1L	DUNVIEW.C;DEFS.H	macro_or_module_definition	macro_or_module_name	no_standalone_port
M	631	M631_ZONE_DOOR_D1C	DUNVIEW.C;DEFS.H	macro_or_module_definition	macro_or_module_name	no_standalone_port
M	632	M632_ZONE_DOOR_D1R	DUNVIEW.C;DEFS.H	macro_or_module_definition	macro_or_module_name	no_standalone_port
M	633	M633_GRAPHIC_FIRST_DOOR_SET	DUNVIEW.C;DEFS.H	macro_or_module_definition	macro_or_module_name	no_standalone_port
M	634	M634_GRAPHIC_FIRST_DOOR_BUTTON	DUNVIEW.C;DEFS.H	macro_or_module_definition	macro_or_module_name	no_standalone_port
M	635	M635_ZONE_PORTRAIT_ON_WALL	DUNVIEW.C;DEFS.H	macro_or_module_definition	macro_or_module_name	no_standalone_port
M	636	M636_GRAPHIC_FIRST_EXPLOSION_PATTERN	DUNVIEW.C;DEFS.H	macro_or_module_definition	macro_or_module_name	no_standalone_port
M	637	M637_SCALE_14_16	DUNVIEW.C;DEFS.H;STARTUP2.C	macro_or_module_definition	macro_or_module_name	no_standalone_port
M	638	M638_SCALE_21_20	DUNVIEW.C;DEFS.H;STARTUP2.C	macro_or_module_definition	macro_or_module_name	no_standalone_port
M	638	M638_SCALE_21_23	DUNVIEW.C;DEFS.H;STARTUP2.C	macro_or_module_definition	macro_or_module_name	no_standalone_port
M	639	M639_GRAPHIC_FLOOR_ORNAMENT_15_D3L_FOOTPRINTS	DUNVIEW.C;DEFS.H;STARTUP2.C;DATA.C	macro_or_module_definition	macro_or_module_name	no_standalone_port
M	640	M640_ZONE	CLIKVIEW.C;DEFS.H	macro_or_module_definition	macro_or_module_name	no_standalone_port
M	641	M641_ZONE	CLIKVIEW.C;DEFS.H	macro_or_module_definition	macro_or_module_name	no_standalone_port
M	642	M642_ZONE_OBJECT_PILES	CLIKVIEW.C;DEFS.H	macro_or_module_definition	macro_or_module_name	no_standalone_port
M	643	M643_PANEL_SCROLL	PANEL.C;DEFS.H	macro_or_module_definition	macro_or_module_name	no_standalone_port
M	644	M644_GRAPHIC_FIRST_FLOOR_SET	DUNVIEW.C;DEFS.H	macro_or_module_definition	macro_or_module_name	no_standalone_port
M	645	M645_GRAPHIC_FIRST_STAIRS	DUNVIEW.C;DEFS.H	macro_or_module_definition	macro_or_module_name	no_standalone_port
M	646	M646_GRAPHIC_FIRST_WALL_SET	DUNVIEW.C;DEFS.H	macro_or_module_definition	macro_or_module_name	no_standalone_port
M	647	M647_WALL_SET_GRAPHIC_COUNT	DUNVIEW.C;DEFS.H	macro_or_module_definition	macro_or_module_name	no_standalone_port
M	648	M648_GRAPHIC_INSCRIPTION_FONT	DUNVIEW.C;DEFS.H;DATA.C	macro_or_module_definition	macro_or_module_name	no_standalone_port
M	649	M649_GRAPHIC_DOOR_MASK_DESTROYED	DUNVIEW.C;DEFS.H;STARTUP2.C;DATA.C	macro_or_module_definition	macro_or_module_name	no_standalone_port
M	650	M650_GRAPHIC_FLOOR_SET_0_FLOOR	DUNVIEW.C;DEFS.H;STARTUP2.C	macro_or_module_definition	macro_or_module_name	no_standalone_port
M	651	M651_GRAPHIC_FLOOR_SET_0_CEILING	DUNVIEW.C;DEFS.H;STARTUP2.C	macro_or_module_definition	macro_or_module_name	no_standalone_port
M	652	M652_GRAPHIC_FIRST_FIELD_MASK	DUNVIEW.C;DEFS.H	macro_or_module_definition	macro_or_module_name	no_standalone_port
M	653	M653_GRAPHIC_FONT	DEFS.H;TEXT.C	macro_or_module_definition	macro_or_module_name	no_standalone_port
M	654	M654_GRAPHIC_WALLSET_0_DOOR_FRAME_FRONT_D0C	DEFS.H;STARTUP2.C	macro_or_module_definition	macro_or_module_name	no_standalone_port
M	655	M655_GRAPHIC_WALLSET_0_DOOR_FRAME_LEFT_D1C	DEFS.H;STARTUP2.C	macro_or_module_definition	macro_or_module_name	no_standalone_port
M	656	M656_GRAPHIC_WALLSET_0_DOOR_FRAME_LEFT_D2C	DEFS.H;STARTUP2.C	macro_or_module_definition	macro_or_module_name	no_standalone_port
M	657	M657_GRAPHIC_WALLSET_0_DOOR_FRAME_LEFT_D3C	DEFS.H;STARTUP2.C	macro_or_module_definition	macro_or_module_name	no_standalone_port
M	658	M658_GRAPHIC_WALLSET_0_DOOR_FRAME_LEFT_D3L	DEFS.H;STARTUP2.C	macro_or_module_definition	macro_or_module_name	no_standalone_port
M	659	M659_GRAPHIC_WALLSET_0_DOOR_FRAME_TOP_D1LCR	DEFS.H;STARTUP2.C	macro_or_module_definition	macro_or_module_name	no_standalone_port
M	660	M660_GRAPHIC_WALLSET_0_DOOR_FRAME_TOP_D2LCR	DEFS.H;STARTUP2.C	macro_or_module_definition	macro_or_module_name	no_standalone_port
M	661	M661_GRAPHIC_WALLSET_0_D0R	DEFS.H;STARTUP2.C	macro_or_module_definition	macro_or_module_name	no_standalone_port
M	662	M662_GRAPHIC_WALLSET_0_D0L	DEFS.H;STARTUP2.C	macro_or_module_definition	macro_or_module_name	no_standalone_port
M	663	M663_GRAPHIC_WALLSET_0_D3L2	DEFS.H;STARTUP2.C	macro_or_module_definition	macro_or_module_name	no_standalone_port
M	664	M664_ZONE_RESURRECT	COMMAND.C;DEFS.H	macro_or_module_definition	macro_or_module_name	no_standalone_port
M	665	M665_ZONE_REINCARNATE	COMMAND.C;DEFS.H	macro_or_module_definition	macro_or_module_name	no_standalone_port
M	666	M666_ZONE_CANCEL	COMMAND.C;DEFS.H	macro_or_module_definition	macro_or_module_name	no_standalone_port
M	667	M667_ZONE_RENAME_BACKSPACE	COMMAND.C;DEFS.H	macro_or_module_definition	macro_or_module_name	no_standalone_port
M	668	M668_ZONE_RENAME_OK	COMMAND.C;DEFS.H	macro_or_module_definition	macro_or_module_name	no_standalone_port
M	669	M669_ZONE_RENAME_TITLE	COMMAND.C;DEFS.H	macro_or_module_definition	macro_or_module_name	no_standalone_port
M	670	M670_ZONE_RENAME_A	COMMAND.C;DEFS.H	macro_or_module_definition	macro_or_module_name	no_standalone_port
M	671	M671_ZONE_RENAME_B	COMMAND.C;DEFS.H	macro_or_module_definition	macro_or_module_name	no_standalone_port
M	672	M672_ZONE_RENAME_C	COMMAND.C;DEFS.H	macro_or_module_definition	macro_or_module_name	no_standalone_port
M	673	M673_ZONE_RENAME_D	COMMAND.C;DEFS.H	macro_or_module_definition	macro_or_module_name	no_standalone_port
M	674	M674_ZONE_RENAME_E	COMMAND.C;DEFS.H	macro_or_module_definition	macro_or_module_name	no_standalone_port
M	675	M675_ZONE_RENAME_F	COMMAND.C;DEFS.H	macro_or_module_definition	macro_or_module_name	no_standalone_port
M	676	M676_ZONE_RENAME_G	COMMAND.C;DEFS.H	macro_or_module_definition	macro_or_module_name	no_standalone_port
M	677	M677_ZONE_RENAME_H	COMMAND.C;DEFS.H	macro_or_module_definition	macro_or_module_name	no_standalone_port
M	678	M678_ZONE_RENAME_I	COMMAND.C;DEFS.H	macro_or_module_definition	macro_or_module_name	no_standalone_port
M	679	M679_ZONE_RENAME_J	COMMAND.C;DEFS.H	macro_or_module_definition	macro_or_module_name	no_standalone_port
M	680	M680_ZONE_RENAME_K	COMMAND.C;DEFS.H	macro_or_module_definition	macro_or_module_name	no_standalone_port
M	681	M681_ZONE_RENAME_L	COMMAND.C;DEFS.H	macro_or_module_definition	macro_or_module_name	no_standalone_port
M	682	M682_ZONE_RENAME_M	COMMAND.C;DEFS.H	macro_or_module_definition	macro_or_module_name	no_standalone_port
M	683	M683_ZONE_RENAME_N	COMMAND.C;DEFS.H	macro_or_module_definition	macro_or_module_name	no_standalone_port
M	684	M684_ZONE_RENAME_O	COMMAND.C;DEFS.H	macro_or_module_definition	macro_or_module_name	no_standalone_port
M	685	M685_ZONE_RENAME_P	COMMAND.C;DEFS.H	macro_or_module_definition	macro_or_module_name	no_standalone_port
M	686	M686_ZONE_RENAME_Q	COMMAND.C;DEFS.H	macro_or_module_definition	macro_or_module_name	no_standalone_port
M	687	M687_ZONE_RENAME_R	COMMAND.C;DEFS.H	macro_or_module_definition	macro_or_module_name	no_standalone_port
M	688	M688_ZONE_RENAME_S	COMMAND.C;DEFS.H	macro_or_module_definition	macro_or_module_name	no_standalone_port
M	689	M689_ZONE_RENAME_T	COMMAND.C;DEFS.H	macro_or_module_definition	macro_or_module_name	no_standalone_port
M	690	M690_ZONE_RENAME_U	COMMAND.C;DEFS.H	macro_or_module_definition	macro_or_module_name	no_standalone_port
M	691	M691_ZONE_RENAME_V	COMMAND.C;DEFS.H	macro_or_module_definition	macro_or_module_name	no_standalone_port
M	692	M692_ZONE_RENAME_W	COMMAND.C;DEFS.H	macro_or_module_definition	macro_or_module_name	no_standalone_port
M	693	M693_ZONE_RENAME_X	COMMAND.C;DEFS.H	macro_or_module_definition	macro_or_module_name	no_standalone_port
M	694	M694_ZONE_RENAME_Y	COMMAND.C;DEFS.H	macro_or_module_definition	macro_or_module_name	no_standalone_port
M	695	M695_ZONE_RENAME_Z	COMMAND.C;DEFS.H	macro_or_module_definition	macro_or_module_name	no_standalone_port
M	696	M696_ZONE_RENAME_COMMA	COMMAND.C;DEFS.H	macro_or_module_definition	macro_or_module_name	no_standalone_port
M	697	M697_ZONE_RENAME_PERIOD	COMMAND.C;DEFS.H	macro_or_module_definition	macro_or_module_name	no_standalone_port
M	698	M698_ZONE_RENAME_SEMICOLON	COMMAND.C;DEFS.H	macro_or_module_definition	macro_or_module_name	no_standalone_port
M	699	M699_ZONE_RENAME_COLON	COMMAND.C;DEFS.H	macro_or_module_definition	macro_or_module_name	no_standalone_port
M	700	M700_ZONE_RENAME_SPACE	COMMAND.C;DEFS.H	macro_or_module_definition	macro_or_module_name	no_standalone_port
M	701	M701_ZONE_TOGGLE_MUSIC_ICON	CHAMDRAW.C;COMMAND.C;DEFS.H	macro_or_module_definition	macro_or_module_name	no_standalone_port
M	702	M702_ZONE_CHAMPION_NAME	REVIVE.C;DEFS.H	macro_or_module_definition	macro_or_module_name	no_standalone_port
M	703	M703_ZONE_CHAMPION_TITLE	REVIVE.C;DEFS.H	macro_or_module_definition	macro_or_module_name	no_standalone_port
M	704	M704_ZONE_LEFT	FILLBOX.C;FLOPPYAM.C;BLIT.C;BLITMASK.C;OBJECT.C;DUNVIEW.C;COORD.C;TEXT2.C;DRAWVIEW.C;CHAMDRAW.C;COMMAND.C;IO.C;CLIKMENU.C;BASE.C;DEFS.H;BLITFILL.C;SWITCH.C;GRF1.C;IMAGE.C;DRAWMSGA.C;CEDT027.C;ENDGAME.C;IMAGE3.C;SELECTOR.C;TEXT.C;ENTRANCE.C;TOWNSSCR.C;DIALOG.C;INVRTZON.C	macro_or_module_definition	macro_or_module_name	no_standalone_port
M	705	M705_ZONE_RIGHT	FILLBOX.C;BLIT.C;BLITMASK.C;OBJECT.C;DUNVIEW.C;COORD.C;TEXT2.C;DRAWVIEW.C;CHAMDRAW.C;COMMAND.C;IO.C;CLIKMENU.C;BASE.C;DEFS.H;SWITCH.C;GRF1.C;IMAGE.C;DRAWMSGA.C;CEDT027.C;ENDGAME.C;SELECTOR.C;TEXT.C;ENTRANCE.C;TOWNSSCR.C;DIALOG.C;INVRTZON.C	macro_or_module_definition	macro_or_module_name	no_standalone_port
M	706	M706_ZONE_TOP	FILLBOX.C;FLOPPYAM.C;BLIT.C;BLITMASK.C;OBJECT.C;DUNVIEW.C;COORD.C;TEXT2.C;DRAWVIEW.C;CHAMDRAW.C;COMMAND.C;IO.C;CLIKMENU.C;BASE.C;DEFS.H;BLITFILL.C;SWITCH.C;GRF1.C;IMAGE.C;DRAWMSGA.C;CEDT027.C;ENDGAME.C;IMAGE3.C;SELECTOR.C;TEXT.C;ENTRANCE.C;TOWNSSCR.C;DIALOG.C;INVRTZON.C	macro_or_module_definition	macro_or_module_name	no_standalone_port
M	707	M707_ZONE_BOTTOM	FILLBOX.C;BLIT.C;BLITMASK.C;OBJECT.C;DUNVIEW.C;COORD.C;TEXT2.C;DRAWVIEW.C;CHAMDRAW.C;COMMAND.C;IO.C;CLIKMENU.C;BASE.C;DEFS.H;SWITCH.C;GRF1.C;IMAGE.C;DRAWMSGA.C;CEDT027.C;ENDGAME.C;SELECTOR.C;TEXT.C;ENTRANCE.C;TOWNSSCR.C;DIALOG.C;INVRTZON.C	macro_or_module_definition	macro_or_module_name	no_standalone_port
M	708	M708_ZONE_WIDTH	FLOPPYAM.C;BLITMASK.C;DUNVIEW.C;COORD.C;TEXT2.C;COMMAND.C;IO.C;DEFS.H;BLITFILL.C;IMAGE.C;VDEO1.C;IMAGE3.C;SELECTOR.C;ENTRANCE.C;DIALOG.C	macro_or_module_definition	macro_or_module_name	no_standalone_port
M	709	M709_ZONE_HEIGHT	FLOPPYAM.C;BLITMASK.C;DUNVIEW.C;COORD.C;TEXT2.C;CHAMDRAW.C;COMMAND.C;IO.C;DEFS.H;BLITFILL.C;IMAGE.C;DRAWMSGA.C;VDEO1.C;IMAGE3.C;SELECTOR.C;TEXT.C;ENTRANCE.C;DIALOG.C	macro_or_module_definition	macro_or_module_name	no_standalone_port
M	710	M710_NEGGRAPHIC_THIEVES_EYE_VISIBLE_AREA	DUNVIEW.C;DEFS.H;STARTUP2.C	macro_or_module_definition	macro_or_module_name	no_standalone_port
M	711	M711_NEGGRAPHIC_HOLE_IN_WALL	DUNVIEW.C;DEFS.H	macro_or_module_definition	macro_or_module_name	no_standalone_port
M	712	M712_NEGGRAPHIC_	DUNVIEW.C;DEFS.H;STARTUP2.C	macro_or_module_definition	macro_or_module_name	no_standalone_port
M	713	M713_NEGGRAPHIC_MUSIC_ICON	CHAMDRAW.C;DEFS.H	macro_or_module_definition	macro_or_module_name	no_standalone_port
M	714	M714_NEGGRAPHIC_STAIRS_UP_D3L2	DUNVIEW.C;DEFS.H	macro_or_module_definition	macro_or_module_name	no_standalone_port
M	715	M715_NEGGRAPHIC_STAIRS_UP_D3R2	DUNVIEW.C;DEFS.H	macro_or_module_definition	macro_or_module_name	no_standalone_port
M	716	M716_NEGGRAPHIC_STAIRS_DOWN_D3L2	DUNVIEW.C;DEFS.H	macro_or_module_definition	macro_or_module_name	no_standalone_port
M	717	M717_NEGGRAPHIC_STAIRS_DOWN_D3R2	DUNVIEW.C;DEFS.H	macro_or_module_definition	macro_or_module_name	no_standalone_port
M	718	M718_GRAPHIC_READ_FUZZY_SECTOR	DUNVIEW.C;DEFS.H	macro_or_module_definition	macro_or_module_name	no_standalone_port
M	719	M719_GRAPHIC_FIRST_SOUND	DUNVIEW.C;DEFS.H	macro_or_module_definition	macro_or_module_name	no_standalone_port
M	720	M720_F0644_PrintTextAlt	PANEL.C;DEFS.H;TEXT.C;DIALOG.C	macro_or_module_definition	macro_or_module_name	no_standalone_port
M	721	M721_F0041_TEXT_PrintWithTrailingSpaces	OBJECT.C;DEFS.H;ACTIDRAW.C	macro_or_module_definition	macro_or_module_name	no_standalone_port
M	722	M722_F0768_TEXT_PrintToZoneWithTrailingSpaces	OBJECT.C;DEFS.H;ACTIDRAW.C	macro_or_module_definition	macro_or_module_name	no_standalone_port
M	723	M723_X68000_BORDER_TOP	DEFS.H;IMAGE.C	macro_or_module_definition	macro_or_module_name	no_standalone_port
M	724	M724_BITMAP_BYTE_WIDTH	IO.C;DEFS.H;JAPANESE.C	macro_or_module_definition	macro_or_module_name	no_standalone_port
M	725	M725_RGB_XXX	DEFS.H;TITLE.C	macro_or_module_definition	macro_or_module_name	no_standalone_port
M	726	M726_RGB_XXX	DEFS.H;TITLE.C	macro_or_module_definition	macro_or_module_name	no_standalone_port
M	727	M727_CLEAR	INPUT.C;MEMORY.C;DUNVIEW.C;CEDTINC4.C;COMPILE.H	macro_or_module_definition	macro_or_module_name	no_standalone_port
M	728	M728_NATIVE_BITMAP_RELATIVE_INDEX	DUNVIEW.C;DEFS.H	macro_or_module_definition	macro_or_module_name	no_standalone_port
M	729	M729_BASE_START_UNIT_INDEX	DUNVIEW.C;DEFS.H	macro_or_module_definition	macro_or_module_name	no_standalone_port
M	730	M730_TRANSPARENT_COLOR	DUNVIEW.C;DEFS.H	macro_or_module_definition	macro_or_module_name	no_standalone_port
M	731	M731_MASK	DUNVIEW.C;DEFS.H	macro_or_module_definition	macro_or_module_name	no_standalone_port
M	732	M732_BYTE_WIDTH	DUNVIEW.C;DEFS.H	macro_or_module_definition	macro_or_module_name	no_standalone_port
M	733	M733_HEIGHT	DUNVIEW.C;DEFS.H	macro_or_module_definition	macro_or_module_name	no_standalone_port
M	734	M734_X	DUNVIEW.C;DEFS.H	macro_or_module_definition	macro_or_module_name	no_standalone_port
M	735	M735_BITPLANE_WORD_COUNT	DUNVIEW.C;DEFS.H	macro_or_module_definition	macro_or_module_name	no_standalone_port
M	736	M736_F0608_GetLanguageSpecificGraphicIndex	MEMORY.C;DEFS.H	macro_or_module_definition	macro_or_module_name	no_standalone_port
M	737	M737_ANIM_SOUND_PERIOD	ANIM.C;DEFS.H	macro_or_module_definition	macro_or_module_name	no_standalone_port
M	739	M739_HINT_FONT_HEIGHT	DEFS.H;HINTTEXT.C;HINTSCR.C	macro_or_module_definition	macro_or_module_name	no_standalone_port
M	740	M740_FILE_ID_LOAD_MINI_DAT	DEFS.H;CEDTDATA.C;CEDTINCD.C	macro_or_module_definition	macro_or_module_name	no_standalone_port
M	741	M741_FILE_ID_LOAD_DMSAVE_DAT	DEFS.H;CEDTDATA.C;CEDTINCD.C	macro_or_module_definition	macro_or_module_name	no_standalone_port
M	742	M742_FILE_ID_LOAD_CSBGAME_DAT	DEFS.H;CEDTDATA.C;CEDTINCD.C	macro_or_module_definition	macro_or_module_name	no_standalone_port
M	743	M743_FILE_ID_LOAD_CMP	DEFS.H;CEDTDATA.C;CEDT001.C	macro_or_module_definition	macro_or_module_name	no_standalone_port
M	744	M744_FILE_ID_	DEFS.H;CEDTDATA.C	macro_or_module_definition	macro_or_module_name	no_standalone_port
M	745	M745_FILE_ID_SAVE_DMSAVE_DAT	DEFS.H;CEDTINC8.C;CEDTDATA.C	macro_or_module_definition	macro_or_module_name	no_standalone_port
M	746	M746_FILE_ID_SAVE_CSBGAME_DAT	DEFS.H;CEDTINC8.C;CEDTDATA.C	macro_or_module_definition	macro_or_module_name	no_standalone_port
M	747	M747_FILE_ID_SAVE_CMP	DEFS.H;CEDTDATA.C;CEDT001.C	macro_or_module_definition	macro_or_module_name	no_standalone_port
M	748	M748_FILE_ID_CURRENT_FOLDER	DEFS.H;CEDTDATA.C;CEDT001.C	macro_or_module_definition	macro_or_module_name	no_standalone_port
M	749	M749_GRAPHIC_FLOOR_ORNAMENT_15_D3C_FOOTPRINTS	DEFS.H;DATA.C	macro_or_module_definition	macro_or_module_name	no_standalone_port
M	750	M750_GRAPHIC_FLOOR_ORNAMENT_15_D2L_FOOTPRINTS	DEFS.H;DATA.C	macro_or_module_definition	macro_or_module_name	no_standalone_port
M	751	M751_GRAPHIC_FLOOR_ORNAMENT_15_D2C_FOOTPRINTS	DEFS.H;DATA.C	macro_or_module_definition	macro_or_module_name	no_standalone_port
M	752	M752_GRAPHIC_FLOOR_ORNAMENT_15_D1L_FOOTPRINTS	DEFS.H;DATA.C	macro_or_module_definition	macro_or_module_name	no_standalone_port
M	753	M753_GRAPHIC_FLOOR_ORNAMENT_15_D1C_FOOTPRINTS	DEFS.H;DATA.C	macro_or_module_definition	macro_or_module_name	no_standalone_port
M	754	M754_GRAPHIC_FLOOR_PIT_D3L	DUNVIEW.C;DEFS.H;DATA.C	macro_or_module_definition	macro_or_module_name	no_standalone_port
M	755	M755_GRAPHIC_FLOOR_PIT_D3C	DUNVIEW.C;DEFS.H;DATA.C	macro_or_module_definition	macro_or_module_name	no_standalone_port
M	756	M756_GRAPHIC_FLOOR_PIT_D2L	DUNVIEW.C;DEFS.H;DATA.C	macro_or_module_definition	macro_or_module_name	no_standalone_port
M	757	M757_GRAPHIC_FLOOR_PIT_D2C	DUNVIEW.C;DEFS.H;DATA.C	macro_or_module_definition	macro_or_module_name	no_standalone_port
M	758	M758_GRAPHIC_FLOOR_PIT_D1L	DUNVIEW.C;DEFS.H;DATA.C	macro_or_module_definition	macro_or_module_name	no_standalone_port
M	759	M759_GRAPHIC_FLOOR_PIT_D1C	DUNVIEW.C;DEFS.H;DATA.C	macro_or_module_definition	macro_or_module_name	no_standalone_port
M	760	M760_GRAPHIC_FLOOR_PIT_D0L	DUNVIEW.C;DEFS.H;DATA.C	macro_or_module_definition	macro_or_module_name	no_standalone_port
M	761	M761_GRAPHIC_FLOOR_PIT_D0C	DUNVIEW.C;DEFS.H;DATA.C	macro_or_module_definition	macro_or_module_name	no_standalone_port
M	762	M762_GRAPHIC_FLOOR_PIT_INVISIBLE_D2L	DUNVIEW.C;DEFS.H;DATA.C	macro_or_module_definition	macro_or_module_name	no_standalone_port
M	763	M763_GRAPHIC_FLOOR_PIT_INVISIBLE_D2C	DUNVIEW.C;DEFS.H;DATA.C	macro_or_module_definition	macro_or_module_name	no_standalone_port
M	764	M764_GRAPHIC_FLOOR_PIT_INVISIBLE_D1L	DUNVIEW.C;DEFS.H;DATA.C	macro_or_module_definition	macro_or_module_name	no_standalone_port
M	765	M765_GRAPHIC_FLOOR_PIT_INVISIBLE_D1C	DUNVIEW.C;DEFS.H;DATA.C	macro_or_module_definition	macro_or_module_name	no_standalone_port
M	766	M766_GRAPHIC_FLOOR_PIT_INVISIBLE_D0L	DUNVIEW.C;DEFS.H;DATA.C	macro_or_module_definition	macro_or_module_name	no_standalone_port
M	767	M767_GRAPHIC_FLOOR_PIT_INVISIBLE_D0C	DUNVIEW.C;DEFS.H;DATA.C	macro_or_module_definition	macro_or_module_name	no_standalone_port
M	768	M768_BOX_LEFT	PANEL.C;FILLBOX.C;CEDTINCF.C;ANIM.C;BLIT.C;BLITMASK.C;OBJECT.C;CLIKVIEW.C;DUNVIEW.C;DRAWVIEW.C;REVIVE.C;CHAMDRAW.C;COMMAND.C;IO.C;CLIKMENU.C;IBMIO.C;DEFS.H;BLITFILL.C;ACTIDRAW.C;CEDT017.C;SWITCH.C;CHAMPION.C;CEDTTXT.C;DRAWMSGA.C;NEC816.C;CEDT006.C;VIDEODRV.C;IMAGE3.C;SELECTOR.C;TEXT.C;ENTRANCE.C;TITLE.C;CEDT002.C;NECIO.C;DIALOG.C;CEDT030.C;CEDTINCN.C	macro_or_module_definition	macro_or_module_name	no_standalone_port
M	769	M769_BOX_RIGHT	PANEL.C;FILLBOX.C;CEDTINCF.C;ANIM.C;BLIT.C;BLITMASK.C;OBJECT.C;CLIKVIEW.C;DUNVIEW.C;DRAWVIEW.C;REVIVE.C;CHAMDRAW.C;COMMAND.C;IO.C;CLIKMENU.C;IBMIO.C;DEFS.H;BLITFILL.C;ACTIDRAW.C;CEDT017.C;SWITCH.C;CHAMPION.C;CEDTTXT.C;DRAWMSGA.C;NEC816.C;CEDT006.C;VIDEODRV.C;IMAGE3.C;SELECTOR.C;TEXT.C;ENTRANCE.C;TITLE.C;CEDT002.C;NECIO.C;DIALOG.C;CEDT030.C;CEDTINCN.C	macro_or_module_definition	macro_or_module_name	no_standalone_port
M	770	M770_BOX_TOP	PANEL.C;FILLBOX.C;CEDTINCF.C;ANIM.C;BLIT.C;BLITMASK.C;OBJECT.C;CLIKVIEW.C;DUNVIEW.C;DRAWVIEW.C;REVIVE.C;CHAMDRAW.C;COMMAND.C;IO.C;CLIKMENU.C;IBMIO.C;DEFS.H;BLITFILL.C;ACTIDRAW.C;CEDT017.C;SWITCH.C;CHAMPION.C;CEDTTXT.C;DRAWMSGA.C;NEC816.C;CEDT006.C;VIDEODRV.C;IMAGE3.C;SELECTOR.C;TEXT.C;ENTRANCE.C;TITLE.C;CEDT002.C;CEDT008.C;NECIO.C;DIALOG.C;CEDT030.C;CEDTINCN.C	macro_or_module_definition	macro_or_module_name	no_standalone_port
M	771	M771_BOX_BOTTOM	PANEL.C;FILLBOX.C;CEDTINCF.C;ANIM.C;BLIT.C;BLITMASK.C;OBJECT.C;CLIKVIEW.C;DUNVIEW.C;DRAWVIEW.C;REVIVE.C;CHAMDRAW.C;COMMAND.C;IO.C;CLIKMENU.C;IBMIO.C;DEFS.H;BLITFILL.C;ACTIDRAW.C;CEDT017.C;SWITCH.C;CHAMPION.C;CEDTTXT.C;DRAWMSGA.C;NEC816.C;CEDT006.C;VIDEODRV.C;IMAGE3.C;SELECTOR.C;TEXT.C;ENTRANCE.C;TITLE.C;CEDT002.C;CEDT008.C;NECIO.C;DIALOG.C;CEDT030.C;CEDTINCN.C	macro_or_module_definition	macro_or_module_name	no_standalone_port
M	772	M772_CAST_PC	PANEL.C;GROUP.C;CEDTINCF.C;LOADSAVE.C;SAVEPATH.C;CEDTINCI.C;MEMORY.C;DUNGEON.C;CEDT016.C;OBJECT.C;DUNVIEW.C;COORD.C;TEXT2.C;CEDTINC2.C;REVIVE.C;CHAMDRAW.C;READWRIT.C;COMMAND.C;IO.C;CEDTINC1.C;DEFS.H;ACTIDRAW.C;CEDT017.C;CHAMPION.C;CEDTINC8.C;UTMEMORY.C;CEDT013.C;CEDTINC4.C;CEDT006.C;STARTUP2.C;CEDT023.C;ENDGAME.C;TEXT.C;CEDT012.C;ENTRANCE.C;MOVESENS.C;SYMBOL.C;DIALOG.C;CEDT029.C;CEDTINCR.C;CEDT030.C;CEDTINCD.C;MENUDRAW.C	macro_or_module_definition	macro_or_module_name	no_standalone_port
M	773	M773_CAST_PI	LOADSAVE.C;MEMORY.C;DUNVIEW.C;DEFS.H;CEDTINC8.C;CEDTINC4.C;CEDT012.C	macro_or_module_definition	macro_or_module_name	no_standalone_port
M	774	M774_CAST_PUC	CEDT005.C;CEDTFNT.C;CEDTINCK.C;PANEL.C;SAVEHEAD.C;CEDT014.C;LOADSAVE.C;ANIM.C;CEDT016.C;TEXT2.C;REVIVE.C;MENU.C;CHAMDRAW.C;READWRIT.C;IO.C;STRING.C;CEDTINC1.C;CEDT028.C;BASE.C;DEFS.H;CEDTTXT.C;TIMELINE.C;CEDTINC4.C;CEDT023.C;ENDGAME.C;TEXT.C;MOVESENS.C;CEDTINC3.C;CEDT030.C	macro_or_module_definition	macro_or_module_name	no_standalone_port
M	775	M775_CAST_PL	PANEL.C;CHAMDRAW.C;DEFS.H;ACTIDRAW.C;CHAMPION.C	macro_or_module_definition	macro_or_module_name	no_standalone_port
M	776	M776_CAST_PUI	SAVEHEAD.C;LOADSAVE.C;COORD.C;READWRIT.C;DEFS.H;CEDTINC6.C	macro_or_module_definition	macro_or_module_name	no_standalone_port
M	777	M777_CAST_SCROLL	PANEL.C;DEFS.H	macro_or_module_definition	macro_or_module_name	no_standalone_port
M	778	M778_CAST_CONTAINER	PANEL.C;DEFS.H	macro_or_module_definition	macro_or_module_name	no_standalone_port
M	779	M779_CAST_I	COORD.C;DEFS.H	macro_or_module_definition	macro_or_module_name	no_standalone_port
M	782	M782_CAST_UDSTRUCT66	DEFS.H;UTMEMORY.C	macro_or_module_definition	macro_or_module_name	no_standalone_port
M	783	M783_CAST_UTM_BLOCK_PREFIX	DEFS.H;UTMEMORY.C	macro_or_module_definition	macro_or_module_name	no_standalone_port
M	784	M784_CAST_MEMORY_REGION	DEFS.H;UTMEMORY.C	macro_or_module_definition	macro_or_module_name	no_standalone_port
M	785	M785_CAST_structutmblockprefix	DEFS.H;UTMEMORY.C	macro_or_module_definition	macro_or_module_name	no_standalone_port
M	786	M786_CAST_PPC	DEFS.H	macro_or_module_definition	macro_or_module_name	no_standalone_port
M	787	M787_SCREEN_COUNT	VDEO2.C;DEFS.H;VDEO1.C	macro_or_module_definition	macro_or_module_name	no_standalone_port
P	0000	P0000_i_MapIndex	DEFS.H;NEWMAP.C	F0003_MAIN_ProcessNewPartyMap_CPSE	function_parameter	runtime_abi_surface
P	0001	P0001_i_X1	BASE.C	F0006_MAIN_HighlightScreenBox	function_parameter	runtime_abi_surface
P	0002	P0002_i_X2	BASE.C	F0006_MAIN_HighlightScreenBox	function_parameter	runtime_abi_surface
P	0003	P0003_i_Y1	BASE.C	F0006_MAIN_HighlightScreenBox	function_parameter	runtime_abi_surface
P	0004	P0004_i_Y2	BASE.C	F0006_MAIN_HighlightScreenBox	function_parameter	runtime_abi_surface
P	0005	P0005_pc_Source	CPCLRBYT.C;MEM1CLCP.C;DEFS.H;COPYBYTE.C;UTILITY.H	F0007_MAIN_CopyBytes;F7317_MAIN_CopyBytes_Alt;F7317_MEM1_04_CopyBytes	function_parameter	runtime_abi_surface
P	0006	P0006_pc_Destination	CPCLRBYT.C;MEM1CLCP.C;DEFS.H;COPYBYTE.C;UTILITY.H	F0007_MAIN_CopyBytes;F7317_MAIN_CopyBytes_Alt;F7317_MEM1_04_CopyBytes	function_parameter	runtime_abi_surface
P	0007	P0007_i_ByteCount	COPYBYTE.C	F0007_MAIN_CopyBytes	function_parameter	runtime_abi_surface
P	0007	P0007_l_ByteCount	CPCLRBYT.C;MEM1CLCP.C;DEFS.H;COPYBYTE.C;UTILITY.H	F0007_MAIN_CopyBytes;F7317_MAIN_CopyBytes_Alt;F7317_MEM1_04_CopyBytes	function_parameter	runtime_abi_surface
P	0008	P0008_pc_Buffer	CPCLRBYT.C;MEM1CLCP.C;DEFS.H;CLEARBYT.C	F0008_MAIN_ClearBytes;F2281_MEM1_05_ClearBytes	function_parameter	runtime_abi_surface
P	0009	P0009_i_ByteCount	CPCLRBYT.C;MEM1CLCP.C;DEFS.H;CLEARBYT.C	F0008_MAIN_ClearBytes;F2281_MEM1_05_ClearBytes	function_parameter	runtime_abi_surface
P	0010	P0010_pc_Buffer	BASE.C;DEFS.H	F0009_MAIN_WriteSpacedBytes	function_parameter	runtime_abi_surface
P	0011	P0011_ui_ByteCount	BASE.C;DEFS.H	F0009_MAIN_WriteSpacedBytes	function_parameter	runtime_abi_surface
P	0012	P0012_c_ByteValue	BASE.C;DEFS.H	F0009_MAIN_WriteSpacedBytes	function_parameter	runtime_abi_surface
P	0013	P0013_i_Spacing	BASE.C;DEFS.H	F0009_MAIN_WriteSpacedBytes	function_parameter	runtime_abi_surface
P	0014	P0014_pi_Buffer	BASE.C;DEFS.H	F0010_MAIN_WriteSpacedWords	function_parameter	runtime_abi_surface
P	0015	P0015_ui_WordCount	BASE.C;DEFS.H	F0010_MAIN_WriteSpacedWords	function_parameter	runtime_abi_surface
P	0016	P0016_i_WordValue	BASE.C;DEFS.H	F0010_MAIN_WriteSpacedWords	function_parameter	runtime_abi_surface
P	0017	P0017_i_Spacing	BASE.C;DEFS.H	F0010_MAIN_WriteSpacedWords	function_parameter	runtime_abi_surface
P	0018	P0018_i_ErrorNumber	BASE.C;DEFS.H	F0019_MAIN_DisplayErrorAndStop	function_parameter	runtime_abi_surface
P	0019	P0019_puc_Bitmap	BASE.C;DEFS.H	F0020_MAIN_BlitToViewport	function_parameter	runtime_abi_surface
P	0020	P0020_pi_Box	BASE.C	F0020_MAIN_BlitToViewport	function_parameter	runtime_abi_surface
P	0021	P0021_i_BitmapByteWidth	BASE.C	F0020_MAIN_BlitToViewport	function_parameter	runtime_abi_surface
P	0022	P0022_i_TransparentColor	BASE.C;DEFS.H	F0020_MAIN_BlitToViewport	function_parameter	runtime_abi_surface
P	0023	P0023_puc_Bitmap	FILLBOX.C;BASE.C;DEFS.H	F0021_MAIN_BlitToScreen	function_parameter	runtime_abi_surface
P	0024	P0024_pi_Box	FILLBOX.C;BASE.C	F0021_MAIN_BlitToScreen	function_parameter	runtime_abi_surface
P	0025	P0025_i_BitmapByteWidth	FILLBOX.C;BASE.C	F0021_MAIN_BlitToScreen	function_parameter	runtime_abi_surface
P	0026	P0026_i_TransparentColor	FILLBOX.C;BASE.C;DEFS.H	F0021_MAIN_BlitToScreen	function_parameter	runtime_abi_surface
P	0027	P0027_ui_VerticalBlankCount	BASE.C;DEFS.H;SWSH.C;NECIO.C	F0022_MAIN_Delay;F0022_MAIN_SwooshDelay	function_parameter	runtime_abi_surface
P	0028	P0028_i_Value	BASE.C;DEFS.H;CEDT002.C	F0023_MAIN_GetAbsoluteValue	function_parameter	runtime_abi_surface
P	0029	P0029_i_Value1	BASE.C;DEFS.H;CEDT002.C	F0024_MAIN_GetMinimumValue	function_parameter	runtime_abi_surface
P	0030	P0030_i_Value2	BASE.C;DEFS.H;CEDT002.C	F0024_MAIN_GetMinimumValue	function_parameter	runtime_abi_surface
P	0031	P0031_i_Value1	BASE.C;DEFS.H;CEDT002.C	F0025_MAIN_GetMaximumValue	function_parameter	runtime_abi_surface
P	0032	P0032_i_Value2	BASE.C;DEFS.H;CEDT002.C	F0025_MAIN_GetMaximumValue	function_parameter	runtime_abi_surface
P	0033	P0033_i_MinimumAllowedValue	BASE.C;DEFS.H;CEDT002.C	F0026_MAIN_GetBoundedValue	function_parameter	runtime_abi_surface
P	0034	P0034_i_Value	BASE.C;DEFS.H;CEDT002.C	F0026_MAIN_GetBoundedValue	function_parameter	runtime_abi_surface
P	0035	P0035_i_MaximumAllowedValue	BASE.C;DEFS.H;CEDT002.C	F0026_MAIN_GetBoundedValue	function_parameter	runtime_abi_surface
P	0036	P0036_ui_Value1	BASE.C;DEFS.H	F0030_MAIN_GetScaledProduct	function_parameter	runtime_abi_surface
P	0037	P0037_ui_Scale	BASE.C;DEFS.H	F0030_MAIN_GetScaledProduct	function_parameter	runtime_abi_surface
P	0038	P0038_ui_Value2	BASE.C;DEFS.H	F0030_MAIN_GetScaledProduct	function_parameter	runtime_abi_surface
P	0039	P0039_T_Thing	OBJECT.C;DEFS.H	F0032_OBJECT_GetType	function_parameter	runtime_abi_surface
P	0040	P0040_T_Thing	OBJECT.C;DEFS.H	F0033_OBJECT_GetIconIndex	function_parameter	runtime_abi_surface
P	0041	P0041_T_Thing	OBJECT.C;DEFS.H	F0034_OBJECT_DrawLeaderHandObjectName	function_parameter	runtime_abi_surface
P	0042	P0042_ui_IconIndex	OBJECT.C;DEFS.H	F0036_OBJECT_ExtractIconFromBitmap	function_parameter	runtime_abi_surface
P	0043	P0043_pl_Bitmap	OBJECT.C;DEFS.H	F0036_OBJECT_ExtractIconFromBitmap	function_parameter	runtime_abi_surface
P	0044	P0044_i_IconIndex	OBJECT.C	F0037_OBJECT_DrawIconToScreen	function_parameter	runtime_abi_surface
P	0045	P0045_i_X	OBJECT.C	F0037_OBJECT_DrawIconToScreen	function_parameter	runtime_abi_surface
P	0046	P0046_i_Y	OBJECT.C	F0037_OBJECT_DrawIconToScreen	function_parameter	runtime_abi_surface
P	0047	P0047_ui_SlotBoxIndex	OBJECT.C;DEFS.H	F0038_OBJECT_DrawIconInSlotBox	function_parameter	runtime_abi_surface
P	0048	P0048_IconIndex	OBJECT.C;DEFS.H	F0038_OBJECT_DrawIconInSlotBox	function_parameter	runtime_abi_surface
P	0049	P0049_ui_SlotBoxIndex	OBJECT.C;DEFS.H	F0039_OBJECT_GetIconIndexInSlotBox	function_parameter	runtime_abi_surface
P	0050	P0050_puc_Bitmap_Destination	DEFS.H;TEXT.C	F0040_TEXT_Print	function_parameter	runtime_abi_surface
P	0051	P0051_i_ByteWidth	TEXT.C	F0040_TEXT_Print	function_parameter	runtime_abi_surface
P	0051	P0051_ui_Width	DEFS.H;TEXT.C	F0040_TEXT_Print	function_parameter	runtime_abi_surface
P	0052	P0052_i_X	TEXT.C	F0040_TEXT_Print	function_parameter	runtime_abi_surface
P	0053	P0053_i_Y	TEXT.C	F0040_TEXT_Print	function_parameter	runtime_abi_surface
P	0054	P0054_i_TextColor	DEFS.H;TEXT.C	F0040_TEXT_Print	function_parameter	runtime_abi_surface
P	0055	P0055_i_BackgroundColor	DEFS.H;TEXT.C	F0040_TEXT_Print	function_parameter	runtime_abi_surface
P	0056	P0056_pc_String	DEFS.H;TEXT.C	F0040_TEXT_Print	function_parameter	runtime_abi_surface
P	0057	P0057_puc_Bitmap_Destination	DEFS.H;TEXT.C	F0041_TEXT_PrintWithTrailingSpaces;F0768_TEXT_PrintToZoneWithTrailingSpaces	function_parameter	runtime_abi_surface
P	0058	P0058_i_ByteWidth	DEFS.H;TEXT.C	F0041_TEXT_PrintWithTrailingSpaces;F0768_TEXT_PrintToZoneWithTrailingSpaces	function_parameter	runtime_abi_surface
P	0059	P0059_i_X	DEFS.H;TEXT.C	F0041_TEXT_PrintWithTrailingSpaces	function_parameter	runtime_abi_surface
P	0060	P0060_i_Y	DEFS.H;TEXT.C	F0041_TEXT_PrintWithTrailingSpaces	function_parameter	runtime_abi_surface
P	0061	P0061_i_TextColor	DEFS.H;TEXT.C	F0041_TEXT_PrintWithTrailingSpaces;F0768_TEXT_PrintToZoneWithTrailingSpaces	function_parameter	runtime_abi_surface
P	0062	P0062_i_BackgroundColor	DEFS.H;TEXT.C	F0041_TEXT_PrintWithTrailingSpaces;F0768_TEXT_PrintToZoneWithTrailingSpaces	function_parameter	runtime_abi_surface
P	0063	P0063_pc_String	DEFS.H;TEXT.C	F0041_TEXT_PrintWithTrailingSpaces;F0768_TEXT_PrintToZoneWithTrailingSpaces	function_parameter	runtime_abi_surface
P	0064	P0064_i_StringLength	DEFS.H;TEXT.C	F0041_TEXT_PrintWithTrailingSpaces;F0768_TEXT_PrintToZoneWithTrailingSpaces	function_parameter	runtime_abi_surface
P	0065	P0065_i_Column	DEFS.H;TEXT.C	F0042_TEXT_MESSAGEAREA_MoveCursor	function_parameter	runtime_abi_surface
P	0066	P0066_i_Row	DEFS.H;TEXT.C	F0042_TEXT_MESSAGEAREA_MoveCursor	function_parameter	runtime_abi_surface
P	0067	P0067_i_TextColor	TEXT.C	F0046_TEXT_MESSAGEAREA_PrintString	function_parameter	runtime_abi_surface
P	0068	P0068_pc_String	TEXT.C	F0046_TEXT_MESSAGEAREA_PrintString	function_parameter	runtime_abi_surface
P	0069	P0069_i_TextColor	DEFS.H;TEXT.C	F0047_TEXT_MESSAGEAREA_PrintMessage	function_parameter	runtime_abi_surface
P	0070	P0070_pc_String	DEFS.H;TEXT.C	F0047_TEXT_MESSAGEAREA_PrintMessage	function_parameter	runtime_abi_surface
P	0071	P0071_i_TextColor	DEFS.H;TEXT.C	F0048_TEXT_MESSAGEAREA_PrintCharacter	function_parameter	runtime_abi_surface
P	0072	P0072_c_Character	DEFS.H;TEXT.C	F0048_TEXT_MESSAGEAREA_PrintCharacter	function_parameter	runtime_abi_surface
P	0073	P0073_i_TextColor	DEFS.H;TEXT.C	F0049_TEXT_MESSAGEAREA_PrintInteger_Unreferenced	function_parameter	runtime_abi_surface
P	0074	P0074_ui_Integer	DEFS.H;TEXT.C	F0049_TEXT_MESSAGEAREA_PrintInteger_Unreferenced	function_parameter	runtime_abi_surface
P	0075	P0075_i_X	DEFS.H;TEXT.C	F0052_TEXT_PrintToViewport	function_parameter	runtime_abi_surface
P	0076	P0076_i_Y	DEFS.H;TEXT.C	F0052_TEXT_PrintToViewport	function_parameter	runtime_abi_surface
P	0077	P0077_i_TextColor	DEFS.H;TEXT.C	F0052_TEXT_PrintToViewport	function_parameter	runtime_abi_surface
P	0078	P0078_pc_String	DEFS.H;TEXT.C	F0052_TEXT_PrintToViewport	function_parameter	runtime_abi_surface
P	0079	P0079_i_X	DEFS.H;TEXT.C	F0053_TEXT_PrintToLogicalScreen	function_parameter	runtime_abi_surface
P	0080	P0080_i_Y	DEFS.H;TEXT.C	F0053_TEXT_PrintToLogicalScreen	function_parameter	runtime_abi_surface
P	0081	P0081_i_TextColor	DEFS.H;TEXT.C	F0053_TEXT_PrintToLogicalScreen	function_parameter	runtime_abi_surface
P	0082	P0082_i_BackgroundColor	DEFS.H;TEXT.C	F0053_TEXT_PrintToLogicalScreen	function_parameter	runtime_abi_surface
P	0083	P0083_pc_String	DEFS.H;TEXT.C	F0053_TEXT_PrintToLogicalScreen	function_parameter	runtime_abi_surface
P	0084	P0084_puc_SoundData	IO.C;DEFS.H;TOWNSIO.C;SELECTOR.C;SOUND.C;ANIMSND.C	F0060_SOUND_Play_CPSX	function_parameter	runtime_abi_surface
P	0084	P0084_pui_SoundData	ANIMSND.C	F0060_SOUND_Play_CPSX	function_parameter	runtime_abi_surface
P	0085	P0085_i_Period	IO.C;DEFS.H;TOWNSIO.C;SELECTOR.C;SOUND.C;ANIMSND.C	F0060_SOUND_Play_CPSX	function_parameter	runtime_abi_surface
P	0086	P0086_i_SoundVolume	IO.C;DEFS.H;TOWNSIO.C;SELECTOR.C;SOUND.C;ANIMSND.C	F0060_SOUND_Play_CPSX	function_parameter	runtime_abi_surface
P	0087	P0087_i_AmplitudeIndex	SOUND.C	F0061_SOUND_SetChannelAmplitudes	function_parameter	runtime_abi_surface
P	0088	P0088_SoundIndex	DEFS.H;SOUND.C	F0064_SOUND_RequestPlay_CPSD	function_parameter	runtime_abi_surface
P	0089	P0089_i_MapX	DEFS.H;SOUND.C	F0064_SOUND_RequestPlay_CPSD	function_parameter	runtime_abi_surface
P	0090	P0090_i_MapY	DEFS.H;SOUND.C	F0064_SOUND_RequestPlay_CPSD	function_parameter	runtime_abi_surface
P	0091	P0091_ui_Mode	DEFS.H;SOUND.C	F0064_SOUND_RequestPlay_CPSD	function_parameter	runtime_abi_surface
P	0092	P0092_i_MousePointer	IO.C;DEFS.H	F0067_MOUSE_SetPointerToNormal	function_parameter	runtime_abi_surface
P	0093	P0093_puc_Bitmap_Object	IO.C;DEFS.H	F0068_MOUSE_SetPointerToObject	function_parameter	runtime_abi_surface
P	0094	P0094_ui_ChampionIconIndex	IO.C;DEFS.H	F0070_MOUSE_ProcessCommands125To128_ClickOnChampionIcon	function_parameter	runtime_abi_surface
P	0095	P0095_pfv_Function	COPYPRO1.C	F0079_CPSC_GetChecksumAdd	function_parameter	runtime_abi_surface
P	0096	P0096_i_ReplacedColor	DUNVIEW.C	F0093_DUNGEONVIEW_ApplyCreatureReplacementColors	function_parameter	runtime_abi_surface
P	0097	P0097_i_ReplacementColorSetIndex	DUNVIEW.C	F0093_DUNGEONVIEW_ApplyCreatureReplacementColors	function_parameter	runtime_abi_surface
P	0098	P0098_i_FloorSet	DUNVIEW.C;DEFS.H	F0094_DUNGEONVIEW_LoadFloorSet	function_parameter	runtime_abi_surface
P	0099	P0099_i_WallSet	DUNVIEW.C;DEFS.H	F0095_DUNGEONVIEW_LoadWallSet	function_parameter	runtime_abi_surface
P	0100	P0100_i_PaletteSwitchingRequestedState	DRAWVIEW.C;DEFS.H	F0097_DUNGEONVIEW_DrawViewport	function_parameter	runtime_abi_surface
P	0101	P0101_puc_Bitmap_Source	DUNVIEW.C	F0099_DUNGEONVIEW_CopyBitmapAndFlipHorizontal;F0791_DUNGEONVIEW_DrawBitmapXX	function_parameter	runtime_abi_surface
P	0102	P0102_puc_Bitmap_Destination	DUNVIEW.C	F0099_DUNGEONVIEW_CopyBitmapAndFlipHorizontal;F0791_DUNGEONVIEW_DrawBitmapXX	function_parameter	runtime_abi_surface
P	0103	P0103_ui_ByteWidth	DUNVIEW.C	F0099_DUNGEONVIEW_CopyBitmapAndFlipHorizontal	function_parameter	runtime_abi_surface
P	0104	P0104_ui_Height	DUNVIEW.C	F0099_DUNGEONVIEW_CopyBitmapAndFlipHorizontal	function_parameter	runtime_abi_surface
P	0105	P0105_puc_Bitmap	DUNVIEW.C	F0100_DUNGEONVIEW_DrawWallSetBitmap	function_parameter	runtime_abi_surface
P	0106	P0106_puc_Frame	DUNVIEW.C	F0100_DUNGEONVIEW_DrawWallSetBitmap	function_parameter	runtime_abi_surface
P	0107	P0107_puc_Bitmap	DUNVIEW.C	F0101_DUNGEONVIEW_DrawWallSetBitmapWithoutTransparency	function_parameter	runtime_abi_surface
P	0108	P0108_puc_Frame	DUNVIEW.C	F0101_DUNGEONVIEW_DrawWallSetBitmapWithoutTransparency	function_parameter	runtime_abi_surface
P	0109	P0109_puc_Frame	DUNVIEW.C	F0102_DUNGEONVIEW_DrawDoorBitmap	function_parameter	runtime_abi_surface
P	0110	P0110_puc_Bitmap	DUNVIEW.C	F0103_DUNGEONVIEW_DrawDoorFrameBitmapFlippedHorizontally	function_parameter	runtime_abi_surface
P	0111	P0111_puc_Frame	DUNVIEW.C	F0103_DUNGEONVIEW_DrawDoorFrameBitmapFlippedHorizontally	function_parameter	runtime_abi_surface
P	0112	P0112_i_NativeBitmapIndex	DUNVIEW.C	F0104_DUNGEONVIEW_DrawFloorPitOrStairsBitmap	function_parameter	runtime_abi_surface
P	0113	P0113_puc_Frame	DUNVIEW.C	F0104_DUNGEONVIEW_DrawFloorPitOrStairsBitmap	function_parameter	runtime_abi_surface
P	0114	P0114_i_NativeBitmapIndex	DUNVIEW.C	F0105_DUNGEONVIEW_DrawFloorPitOrStairsBitmapFlippedHorizontally	function_parameter	runtime_abi_surface
P	0115	P0115_puc_Frame	DUNVIEW.C	F0105_DUNGEONVIEW_DrawFloorPitOrStairsBitmapFlippedHorizontally	function_parameter	runtime_abi_surface
P	0116	P0116_i_WallOrnamentOrdinal	DUNVIEW.C	F0107_DUNGEONVIEW_IsDrawnWallOrnamentAnAlcove_CPSF	function_parameter	runtime_abi_surface
P	0117	P0117_i_ViewWallIndex	DUNVIEW.C	F0107_DUNGEONVIEW_IsDrawnWallOrnamentAnAlcove_CPSF	function_parameter	runtime_abi_surface
P	0118	P0118_ui_FloorOrnamentOrdinal	DUNVIEW.C	F0108_DUNGEONVIEW_DrawFloorOrnament	function_parameter	runtime_abi_surface
P	0119	P0119_ui_ViewFloorIndex	DUNVIEW.C	F0108_DUNGEONVIEW_DrawFloorOrnament	function_parameter	runtime_abi_surface
P	0120	P0120_i_DoorOrnamentOrdinal	DUNVIEW.C	F0109_DUNGEONVIEW_DrawDoorOrnament	function_parameter	runtime_abi_surface
P	0121	P0121_i_ViewDoorOrnamentIndex	DUNVIEW.C	F0109_DUNGEONVIEW_DrawDoorOrnament	function_parameter	runtime_abi_surface
P	0122	P0122_i_DoorButtonOrdinal	DUNVIEW.C	F0110_DUNGEONVIEW_DrawDoorButton	function_parameter	runtime_abi_surface
P	0123	P0123_i_ViewDoorButtonIndex	DUNVIEW.C	F0110_DUNGEONVIEW_DrawDoorButton	function_parameter	runtime_abi_surface
P	0124	P0124_ui_DoorThingIndex	DUNVIEW.C	F0111_DUNGEONVIEW_DrawDoor	function_parameter	runtime_abi_surface
P	0125	P0125_ui_DoorState	DUNVIEW.C	F0111_DUNGEONVIEW_DrawDoor	function_parameter	runtime_abi_surface
P	0126	P0126_pi_DoorNativeBitmapIndices	DUNVIEW.C	F0111_DUNGEONVIEW_DrawDoor	function_parameter	runtime_abi_surface
P	0127	P0127_i_ByteCount	DUNVIEW.C	F0111_DUNGEONVIEW_DrawDoor	function_parameter	runtime_abi_surface
P	0128	P0128_i_ViewDoorOrnamentIndex	DUNVIEW.C	F0111_DUNGEONVIEW_DrawDoor	function_parameter	runtime_abi_surface
P	0129	P0129_ps_DoorFrames	DUNVIEW.C	F0111_DUNGEONVIEW_DrawDoor	function_parameter	runtime_abi_surface
P	0130	P0130_i_NativeBitmapIndex	DUNVIEW.C	F0112_DUNGEONVIEW_DrawCeilingPit	function_parameter	runtime_abi_surface
P	0131	P0131_puc_Frame	DUNVIEW.C	F0112_DUNGEONVIEW_DrawCeilingPit	function_parameter	runtime_abi_surface
P	0132	P0132_i_MapX	DUNVIEW.C	F0112_DUNGEONVIEW_DrawCeilingPit	function_parameter	runtime_abi_surface
P	0133	P0133_i_MapY	DUNVIEW.C	F0112_DUNGEONVIEW_DrawCeilingPit	function_parameter	runtime_abi_surface
P	0134	P0134_B_FlipHorizontal	DUNVIEW.C	F0112_DUNGEONVIEW_DrawCeilingPit	function_parameter	runtime_abi_surface
P	0135	P0135_puc_FieldAspect	DUNVIEW.C;DEFS.H	F0113_DUNGEONVIEW_DrawField	function_parameter	runtime_abi_surface
P	0136	P0136_puc_Box	DUNVIEW.C	F0113_DUNGEONVIEW_DrawField	function_parameter	runtime_abi_surface
P	0137	P0137_ui_ExplosionAspectIndex	DUNVIEW.C	F0114_DUNGEONVIEW_GetExplosionBitmap	function_parameter	runtime_abi_surface
P	0138	P0138_Scale	DUNVIEW.C	F0114_DUNGEONVIEW_GetExplosionBitmap	function_parameter	runtime_abi_surface
P	0138	P0138_ui_Scale	DUNVIEW.C	F0114_DUNGEONVIEW_GetExplosionBitmap	function_parameter	runtime_abi_surface
P	0139	P0139_pi_ByteWidth	DUNVIEW.C	F0114_DUNGEONVIEW_GetExplosionBitmap	function_parameter	runtime_abi_surface
P	0140	P0140_pi_Height	DUNVIEW.C	F0114_DUNGEONVIEW_GetExplosionBitmap	function_parameter	runtime_abi_surface
P	0141	P0141_T_Thing	DUNVIEW.C	F0115_DUNGEONVIEW_DrawObjectsCreaturesProjectilesExplosions_CPSEF	function_parameter	runtime_abi_surface
P	0142	P0142_i_Direction	DUNVIEW.C	F0115_DUNGEONVIEW_DrawObjectsCreaturesProjectilesExplosions_CPSEF	function_parameter	runtime_abi_surface
P	0143	P0143_i_MapX	DUNVIEW.C	F0115_DUNGEONVIEW_DrawObjectsCreaturesProjectilesExplosions_CPSEF	function_parameter	runtime_abi_surface
P	0144	P0144_i_MapY	DUNVIEW.C	F0115_DUNGEONVIEW_DrawObjectsCreaturesProjectilesExplosions_CPSEF	function_parameter	runtime_abi_surface
P	0145	P0145_i_ViewSquareIndex	DUNVIEW.C	F0115_DUNGEONVIEW_DrawObjectsCreaturesProjectilesExplosions_CPSEF	function_parameter	runtime_abi_surface
P	0146	P0146_ui_OrderedViewCellOrdinals	DUNVIEW.C	F0115_DUNGEONVIEW_DrawObjectsCreaturesProjectilesExplosions_CPSEF	function_parameter	runtime_abi_surface
P	0147	P0147_i_Direction	DUNVIEW.C	F0116_DUNGEONVIEW_DrawSquareD3L	function_parameter	runtime_abi_surface
P	0148	P0148_i_MapX	DUNVIEW.C	F0116_DUNGEONVIEW_DrawSquareD3L	function_parameter	runtime_abi_surface
P	0149	P0149_i_MapY	DUNVIEW.C	F0116_DUNGEONVIEW_DrawSquareD3L	function_parameter	runtime_abi_surface
P	0150	P0150_i_Direction	DUNVIEW.C	F0117_DUNGEONVIEW_DrawSquareD3R	function_parameter	runtime_abi_surface
P	0151	P0151_i_MapX	DUNVIEW.C	F0117_DUNGEONVIEW_DrawSquareD3R	function_parameter	runtime_abi_surface
P	0152	P0152_i_MapY	DUNVIEW.C	F0117_DUNGEONVIEW_DrawSquareD3R	function_parameter	runtime_abi_surface
P	0153	P0153_i_Direction	DUNVIEW.C	F0118_DUNGEONVIEW_DrawSquareD3C_CPSF	function_parameter	runtime_abi_surface
P	0154	P0154_i_MapX	DUNVIEW.C	F0118_DUNGEONVIEW_DrawSquareD3C_CPSF	function_parameter	runtime_abi_surface
P	0155	P0155_i_MapY	DUNVIEW.C	F0118_DUNGEONVIEW_DrawSquareD3C_CPSF	function_parameter	runtime_abi_surface
P	0156	P0156_i_Direction	DUNVIEW.C	F0119_DUNGEONVIEW_DrawSquareD2L	function_parameter	runtime_abi_surface
P	0157	P0157_i_MapX	DUNVIEW.C	F0119_DUNGEONVIEW_DrawSquareD2L	function_parameter	runtime_abi_surface
P	0158	P0158_i_MapY	DUNVIEW.C	F0119_DUNGEONVIEW_DrawSquareD2L	function_parameter	runtime_abi_surface
P	0159	P0159_i_Direction	DUNVIEW.C	F0120_DUNGEONVIEW_DrawSquareD2R_CPSF	function_parameter	runtime_abi_surface
P	0160	P0160_i_MapX	DUNVIEW.C	F0120_DUNGEONVIEW_DrawSquareD2R_CPSF	function_parameter	runtime_abi_surface
P	0161	P0161_i_MapY	DUNVIEW.C	F0120_DUNGEONVIEW_DrawSquareD2R_CPSF	function_parameter	runtime_abi_surface
P	0162	P0162_i_Direction	DUNVIEW.C	F0121_DUNGEONVIEW_DrawSquareD2C	function_parameter	runtime_abi_surface
P	0163	P0163_i_MapX	DUNVIEW.C	F0121_DUNGEONVIEW_DrawSquareD2C	function_parameter	runtime_abi_surface
P	0164	P0164_i_MapY	DUNVIEW.C	F0121_DUNGEONVIEW_DrawSquareD2C	function_parameter	runtime_abi_surface
P	0165	P0165_i_Direction	DUNVIEW.C	F0122_DUNGEONVIEW_DrawSquareD1L	function_parameter	runtime_abi_surface
P	0166	P0166_i_MapX	DUNVIEW.C	F0122_DUNGEONVIEW_DrawSquareD1L	function_parameter	runtime_abi_surface
P	0167	P0167_i_MapY	DUNVIEW.C	F0122_DUNGEONVIEW_DrawSquareD1L	function_parameter	runtime_abi_surface
P	0168	P0168_i_Direction	DUNVIEW.C	F0123_DUNGEONVIEW_DrawSquareD1R	function_parameter	runtime_abi_surface
P	0169	P0169_i_MapX	DUNVIEW.C	F0123_DUNGEONVIEW_DrawSquareD1R	function_parameter	runtime_abi_surface
P	0170	P0170_i_MapY	DUNVIEW.C	F0123_DUNGEONVIEW_DrawSquareD1R	function_parameter	runtime_abi_surface
P	0171	P0171_i_Direction	DUNVIEW.C	F0124_DUNGEONVIEW_DrawSquareD1C	function_parameter	runtime_abi_surface
P	0172	P0172_i_MapX	DUNVIEW.C	F0124_DUNGEONVIEW_DrawSquareD1C	function_parameter	runtime_abi_surface
P	0173	P0173_i_MapY	DUNVIEW.C	F0124_DUNGEONVIEW_DrawSquareD1C	function_parameter	runtime_abi_surface
P	0174	P0174_i_Direction	DUNVIEW.C	F0125_DUNGEONVIEW_DrawSquareD0L	function_parameter	runtime_abi_surface
P	0175	P0175_i_MapX	DUNVIEW.C	F0125_DUNGEONVIEW_DrawSquareD0L	function_parameter	runtime_abi_surface
P	0176	P0176_i_MapY	DUNVIEW.C	F0125_DUNGEONVIEW_DrawSquareD0L	function_parameter	runtime_abi_surface
P	0177	P0177_i_Direction	DUNVIEW.C	F0126_DUNGEONVIEW_DrawSquareD0R	function_parameter	runtime_abi_surface
P	0178	P0178_i_MapX	DUNVIEW.C	F0126_DUNGEONVIEW_DrawSquareD0R	function_parameter	runtime_abi_surface
P	0179	P0179_i_MapY	DUNVIEW.C	F0126_DUNGEONVIEW_DrawSquareD0R	function_parameter	runtime_abi_surface
P	0180	P0180_i_Direction	DUNVIEW.C	F0127_DUNGEONVIEW_DrawSquareD0C	function_parameter	runtime_abi_surface
P	0181	P0181_i_MapX	DUNVIEW.C	F0127_DUNGEONVIEW_DrawSquareD0C	function_parameter	runtime_abi_surface
P	0182	P0182_i_MapY	DUNVIEW.C	F0127_DUNGEONVIEW_DrawSquareD0C	function_parameter	runtime_abi_surface
P	0183	P0183_i_Direction	DUNVIEW.C;DEFS.H	F0128_DUNGEONVIEW_Draw_CPSF	function_parameter	runtime_abi_surface
P	0184	P0184_i_MapX	DUNVIEW.C;DEFS.H	F0128_DUNGEONVIEW_Draw_CPSF	function_parameter	runtime_abi_surface
P	0185	P0185_i_MapY	DUNVIEW.C;DEFS.H	F0128_DUNGEONVIEW_Draw_CPSF	function_parameter	runtime_abi_surface
P	0186	P0186_puc_Bitmap_Source	DEFS.H;BLTSHRNK.C	F0129_VIDEO_BlitShrinkWithPaletteChanges;F1004_VIDEO_BlitShrinkWithPaletteChanges	function_parameter	runtime_abi_surface
P	0187	P0187_puc_Bitmap_Destination	DEFS.H;BLTSHRNK.C	F0129_VIDEO_BlitShrinkWithPaletteChanges;F1004_VIDEO_BlitShrinkWithPaletteChanges	function_parameter	runtime_abi_surface
P	0188	P0188_i_SourcePixelWidth	DEFS.H;BLTSHRNK.C	F0129_VIDEO_BlitShrinkWithPaletteChanges;F1004_VIDEO_BlitShrinkWithPaletteChanges	function_parameter	runtime_abi_surface
P	0189	P0189_i_SourceHeight	DEFS.H;BLTSHRNK.C	F0129_VIDEO_BlitShrinkWithPaletteChanges;F1004_VIDEO_BlitShrinkWithPaletteChanges	function_parameter	runtime_abi_surface
P	0190	P0190_i_DestinationPixelWidth	DEFS.H;BLTSHRNK.C	F0129_VIDEO_BlitShrinkWithPaletteChanges;F1004_VIDEO_BlitShrinkWithPaletteChanges	function_parameter	runtime_abi_surface
P	0191	P0191_i_DestinationHeight	DEFS.H;BLTSHRNK.C	F0129_VIDEO_BlitShrinkWithPaletteChanges;F1004_VIDEO_BlitShrinkWithPaletteChanges	function_parameter	runtime_abi_surface
P	0192	P0192_puc_PaletteChanges	DEFS.H;BLTSHRNK.C	F0129_VIDEO_BlitShrinkWithPaletteChanges;F1004_VIDEO_BlitShrinkWithPaletteChanges	function_parameter	runtime_abi_surface
P	0193	P0193_puc_Bitmap	FLIPHORI.C;DEFS.H	F0130_VIDEO_FlipHorizontal	function_parameter	runtime_abi_surface
P	0194	P0194_i_ByteWidth	FLIPHORI.C;DEFS.H	F0130_VIDEO_FlipHorizontal	function_parameter	runtime_abi_surface
P	0195	P0195_i_Height	FLIPHORI.C;DEFS.H	F0130_VIDEO_FlipHorizontal	function_parameter	runtime_abi_surface
P	0196	P0196_puc_Bitmap	FLIPVERT.C;DEFS.H	F0131_VIDEO_FlipVertical	function_parameter	runtime_abi_surface
P	0197	P0197_i_ByteWidth	FLIPVERT.C;DEFS.H	F0131_VIDEO_FlipVertical	function_parameter	runtime_abi_surface
P	0198	P0198_i_Height	FLIPVERT.C;DEFS.H	F0131_VIDEO_FlipVertical	function_parameter	runtime_abi_surface
P	0199	P0199_puc_Bitmap_Source	BLIT.C;DEFS.H;CEDT027.C;UTILITY.H	F0132_VIDEO_Blit;F7330_DrawBitmap	function_parameter	runtime_abi_surface
P	0199	P0199_pui_Bitmap_Source	BLIT.C;DEFS.H;BLITAMIG.C	F0132_VIDEO_Blit;F1013_Blit_Amiga	function_parameter	runtime_abi_surface
P	0200	P0200_puc_Bitmap_Destination	BLIT.C;DEFS.H;CEDT027.C;UTILITY.H	F0132_VIDEO_Blit;F7330_DrawBitmap	function_parameter	runtime_abi_surface
P	0200	P0200_pui_Bitmap_Destination	BLIT.C;DEFS.H;BLITAMIG.C	F0132_VIDEO_Blit;F1013_Blit_Amiga	function_parameter	runtime_abi_surface
P	0201	P0201_pi_Box	BLIT.C	F0132_VIDEO_Blit	function_parameter	runtime_abi_surface
P	0202	P0202_i_X	BLIT.C;DEFS.H;CEDT027.C;BLITAMIG.C;UTILITY.H	F0132_VIDEO_Blit;F1013_Blit_Amiga;F7330_DrawBitmap	function_parameter	runtime_abi_surface
P	0203	P0203_i_Y	BLIT.C;DEFS.H;CEDT027.C;BLITAMIG.C;UTILITY.H	F0132_VIDEO_Blit;F1013_Blit_Amiga;F7330_DrawBitmap	function_parameter	runtime_abi_surface
P	0204	P0204_i_SourceByteWidth	BLIT.C;DEFS.H;CEDT027.C;BLITAMIG.C;UTILITY.H	F0132_VIDEO_Blit;F1013_Blit_Amiga;F7330_DrawBitmap	function_parameter	runtime_abi_surface
P	0205	P0205_i_DestinationByteWidth	BLIT.C;DEFS.H;CEDT027.C;BLITAMIG.C;UTILITY.H	F0132_VIDEO_Blit;F1013_Blit_Amiga;F7330_DrawBitmap	function_parameter	runtime_abi_surface
P	0206	P0206_i_TransparentColor	BLIT.C;DEFS.H;CEDT027.C;BLITAMIG.C;UTILITY.H	F0132_VIDEO_Blit;F1013_Blit_Amiga;F7330_DrawBitmap	function_parameter	runtime_abi_surface
P	0207	P0207_puc_Bitmap_Source	BLITMASK.C;DEFS.H	F0133_VIDEO_BlitBoxFilledWithMaskedBitmap;F9086_GRF1_06_Blit	function_parameter	runtime_abi_surface
P	0208	P0208_puc_Bitmap_Destination	BLITMASK.C;DEFS.H	F0133_VIDEO_BlitBoxFilledWithMaskedBitmap;F9086_GRF1_06_Blit	function_parameter	runtime_abi_surface
P	0209	P0209_puc_Bitmap_Mask	BLITMASK.C;DEFS.H	F0133_VIDEO_BlitBoxFilledWithMaskedBitmap;F9086_GRF1_06_Blit	function_parameter	runtime_abi_surface
P	0210	P0210_puc_Bitmap_Temporary	BLITMASK.C;DEFS.H	F0133_VIDEO_BlitBoxFilledWithMaskedBitmap;F9086_GRF1_06_Blit	function_parameter	runtime_abi_surface
P	0211	P0211_pi_Box	BLITMASK.C	F0133_VIDEO_BlitBoxFilledWithMaskedBitmap;F9086_GRF1_06_Blit	function_parameter	runtime_abi_surface
P	0212	P0212_i_LastUnitIndex	BLITMASK.C;DEFS.H	F0133_VIDEO_BlitBoxFilledWithMaskedBitmap;F9086_GRF1_06_Blit	function_parameter	runtime_abi_surface
P	0213	P0213_ui_FirstUnitIndex	BLITMASK.C;DEFS.H	F0133_VIDEO_BlitBoxFilledWithMaskedBitmap;F9086_GRF1_06_Blit	function_parameter	runtime_abi_surface
P	0214	P0214_ui_DestinationByteWidth	BLITMASK.C;DEFS.H	F0133_VIDEO_BlitBoxFilledWithMaskedBitmap	function_parameter	runtime_abi_surface
P	0215	P0215_i_TransparentColor	BLITMASK.C;DEFS.H	F0133_VIDEO_BlitBoxFilledWithMaskedBitmap;F9086_GRF1_06_Blit	function_parameter	runtime_abi_surface
P	0216	P0216_i_Width	DEFS.H;BLITFILL.C	F0134_VIDEO_FillBitmap	function_parameter	runtime_abi_surface
P	0216	P0216_i_X	BLITMASK.C;DEFS.H	F0133_VIDEO_BlitBoxFilledWithMaskedBitmap;F9086_GRF1_06_Blit	function_parameter	runtime_abi_surface
P	0217	P0217_i_Height	DEFS.H;BLITFILL.C	F0134_VIDEO_FillBitmap	function_parameter	runtime_abi_surface
P	0217	P0217_i_Y	BLITMASK.C;DEFS.H	F0133_VIDEO_BlitBoxFilledWithMaskedBitmap;F9086_GRF1_06_Blit	function_parameter	runtime_abi_surface
P	0218	P0218_puc_Bitmap	DEFS.H;BLITFILL.C	F0134_VIDEO_FillBitmap	function_parameter	runtime_abi_surface
P	0218	P0218_pui_Bitmap	BLITFILL.C	F0134_VIDEO_FillBitmap	function_parameter	runtime_abi_surface
P	0219	P0219_i_Color	DEFS.H;BLITFILL.C	F0134_VIDEO_FillBitmap	function_parameter	runtime_abi_surface
P	0220	P0220_i_UnitCount	BLITFILL.C	F0134_VIDEO_FillBitmap	function_parameter	runtime_abi_surface
P	0221	P0221_puc_Bitmap	FILLBOX.C;DEFS.H;UTSTGRAP.C;CEDT027.C;UTILITY.H	F0135_VIDEO_FillBox;F7329_FillBox	function_parameter	runtime_abi_surface
P	0222	P0222_pi_Box	FILLBOX.C;UTSTGRAP.C	F0135_VIDEO_FillBox	function_parameter	runtime_abi_surface
P	0223	P0223_i_Color	FILLBOX.C;DEFS.H;UTSTGRAP.C;CEDT027.C;UTILITY.H	F0135_VIDEO_FillBox;F7329_FillBox	function_parameter	runtime_abi_surface
P	0224	P0224_i_ByteWidth	FILLBOX.C;UTSTGRAP.C	F0135_VIDEO_FillBox	function_parameter	runtime_abi_surface
P	0225	P0225_pi_Box	BLITFILL.C;UTSTGRAP.C	F0136_VIDEO_HatchScreenBox	function_parameter	runtime_abi_surface
P	0226	P0226_Color	DEFS.H;BLITFILL.C;UTSTGRAP.C	F0136_VIDEO_HatchScreenBox	function_parameter	runtime_abi_surface
P	0227	P0227_pfv_FunctionToPatch	COPYPRO3.C	F0137_CPSEF_PatchFunctionWithHiddenCodeLauncher	function_parameter	runtime_abi_surface
P	0228	P0228_pfpuc_GetGraphicAddressFunction	COPYPRO3.C	F0137_CPSEF_PatchFunctionWithHiddenCodeLauncher	function_parameter	runtime_abi_surface
P	0229	P0229_i_GraphicIndex	COPYPRO3.C	F0137_CPSEF_PatchFunctionWithHiddenCodeLauncher	function_parameter	runtime_abi_surface
P	0230	P0230_pc_SectorBuffer	COPYPRO3.C	F0137_CPSEF_PatchFunctionWithHiddenCodeLauncher	function_parameter	runtime_abi_surface
P	0231	P0231_pi_HiddenCodeParameters	COPYPRO3.C	F0137_CPSEF_PatchFunctionWithHiddenCodeLauncher	function_parameter	runtime_abi_surface
P	0232	P0232_pps_CodePatches	COPYPRO3.C	F0137_CPSEF_PatchFunctionWithHiddenCodeLauncher	function_parameter	runtime_abi_surface
P	0233	P0233_i_CodePatchCount	COPYPRO3.C	F0137_CPSEF_PatchFunctionWithHiddenCodeLauncher	function_parameter	runtime_abi_surface
P	0234	P0234_T_Thing	DUNGEON.C;DEFS.H	F0139_DUNGEON_IsCreatureAllowedOnMap	function_parameter	runtime_abi_surface
P	0235	P0235_ui_MapIndex	DUNGEON.C;DEFS.H	F0139_DUNGEON_IsCreatureAllowedOnMap	function_parameter	runtime_abi_surface
P	0236	P0236_T_Thing	DUNGEON.C;DEFS.H	F0140_DUNGEON_GetObjectWeight	function_parameter	runtime_abi_surface
P	0237	P0237_T_Thing	DUNGEON.C;DEFS.H	F0141_DUNGEON_GetObjectInfoIndex	function_parameter	runtime_abi_surface
P	0238	P0238_T_Thing	DUNGEON.C;DEFS.H	F0142_DUNGEON_GetProjectileAspect	function_parameter	runtime_abi_surface
P	0239	P0239_ps_ArmourInfo	DUNGEON.C;DEFS.H	F0143_DUNGEON_GetArmourDefense	function_parameter	runtime_abi_surface
P	0240	P0240_B_UseSharpDefense	DUNGEON.C;DEFS.H	F0143_DUNGEON_GetArmourDefense	function_parameter	runtime_abi_surface
P	0241	P0241_T_Thing	DUNGEON.C;DEFS.H	F0144_DUNGEON_GetCreatureAttributes	function_parameter	runtime_abi_surface
P	0242	P0242_ps_Group	DUNGEON.C;DEFS.H	F0145_DUNGEON_GetGroupCells	function_parameter	runtime_abi_surface
P	0243	P0243_ui_MapIndex	DUNGEON.C;DEFS.H	F0145_DUNGEON_GetGroupCells	function_parameter	runtime_abi_surface
P	0244	P0244_ps_Group	DUNGEON.C;DEFS.H	F0146_DUNGEON_SetGroupCells	function_parameter	runtime_abi_surface
P	0245	P0245_ui_Cells	DUNGEON.C;DEFS.H	F0146_DUNGEON_SetGroupCells	function_parameter	runtime_abi_surface
P	0246	P0246_ui_MapIndex	DUNGEON.C;DEFS.H	F0146_DUNGEON_SetGroupCells	function_parameter	runtime_abi_surface
P	0247	P0247_ps_Group	DUNGEON.C;DEFS.H	F0147_DUNGEON_GetGroupDirections	function_parameter	runtime_abi_surface
P	0248	P0248_ui_MapIndex	DUNGEON.C;DEFS.H	F0147_DUNGEON_GetGroupDirections	function_parameter	runtime_abi_surface
P	0249	P0249_ps_Group	DUNGEON.C;DEFS.H	F0148_DUNGEON_SetGroupDirections	function_parameter	runtime_abi_surface
P	0250	P0250_ui_Directions	DUNGEON.C;DEFS.H	F0148_DUNGEON_SetGroupDirections	function_parameter	runtime_abi_surface
P	0251	P0251_ui_MapIndex	DUNGEON.C;DEFS.H	F0148_DUNGEON_SetGroupDirections	function_parameter	runtime_abi_surface
P	0252	P0252_i_WallOrnamentIndex	DUNGEON.C;DEFS.H	F0149_DUNGEON_IsWallOrnamentAnAlcove	function_parameter	runtime_abi_surface
P	0253	P0253_i_Direction	DUNGEON.C;DEFS.H	F0150_DUNGEON_UpdateMapCoordinatesAfterRelativeMovement	function_parameter	runtime_abi_surface
P	0254	P0254_i_StepsForwardCount	DUNGEON.C;DEFS.H	F0150_DUNGEON_UpdateMapCoordinatesAfterRelativeMovement	function_parameter	runtime_abi_surface
P	0255	P0255_i_StepsRightCount	DUNGEON.C;DEFS.H	F0150_DUNGEON_UpdateMapCoordinatesAfterRelativeMovement	function_parameter	runtime_abi_surface
P	0256	P0256_pi_MapX	DUNGEON.C;DEFS.H	F0150_DUNGEON_UpdateMapCoordinatesAfterRelativeMovement	function_parameter	runtime_abi_surface
P	0257	P0257_pi_MapY	DUNGEON.C;DEFS.H	F0150_DUNGEON_UpdateMapCoordinatesAfterRelativeMovement	function_parameter	runtime_abi_surface
P	0258	P0258_i_MapX	DUNGEON.C;DEFS.H	F0151_DUNGEON_GetSquare	function_parameter	runtime_abi_surface
P	0259	P0259_i_MapY	DUNGEON.C;DEFS.H	F0151_DUNGEON_GetSquare	function_parameter	runtime_abi_surface
P	0260	P0260_i_Direction	DUNGEON.C;DEFS.H	F0152_DUNGEON_GetRelativeSquare	function_parameter	runtime_abi_surface
P	0261	P0261_i_StepsForwardCount	DUNGEON.C;DEFS.H	F0152_DUNGEON_GetRelativeSquare	function_parameter	runtime_abi_surface
P	0262	P0262_i_StepsRightCount	DUNGEON.C;DEFS.H	F0152_DUNGEON_GetRelativeSquare	function_parameter	runtime_abi_surface
P	0263	P0263_i_MapX	DUNGEON.C;DEFS.H	F0152_DUNGEON_GetRelativeSquare	function_parameter	runtime_abi_surface
P	0264	P0264_i_MapY	DUNGEON.C;DEFS.H	F0152_DUNGEON_GetRelativeSquare	function_parameter	runtime_abi_surface
P	0265	P0265_i_Direction	DUNGEON.C;DEFS.H	F0153_DUNGEON_GetRelativeSquareType	function_parameter	runtime_abi_surface
P	0266	P0266_i_StepsForwardCount	DUNGEON.C;DEFS.H	F0153_DUNGEON_GetRelativeSquareType	function_parameter	runtime_abi_surface
P	0267	P0267_i_StepsRightCount	DUNGEON.C;DEFS.H	F0153_DUNGEON_GetRelativeSquareType	function_parameter	runtime_abi_surface
P	0268	P0268_i_MapX	DUNGEON.C;DEFS.H	F0153_DUNGEON_GetRelativeSquareType	function_parameter	runtime_abi_surface
P	0269	P0269_i_MapY	DUNGEON.C;DEFS.H	F0153_DUNGEON_GetRelativeSquareType	function_parameter	runtime_abi_surface
P	0270	P0270_i_MapIndex	DUNGEON.C;DEFS.H	F0154_DUNGEON_GetLocationAfterLevelChange	function_parameter	runtime_abi_surface
P	0271	P0271_i_LevelDelta	DUNGEON.C;DEFS.H	F0154_DUNGEON_GetLocationAfterLevelChange	function_parameter	runtime_abi_surface
P	0272	P0272_pi_MapX	DUNGEON.C;DEFS.H	F0154_DUNGEON_GetLocationAfterLevelChange	function_parameter	runtime_abi_surface
P	0273	P0273_pi_MapY	DUNGEON.C;DEFS.H	F0154_DUNGEON_GetLocationAfterLevelChange	function_parameter	runtime_abi_surface
P	0274	P0274_i_MapX	DUNGEON.C;DEFS.H	F0155_DUNGEON_GetStairsExitDirection	function_parameter	runtime_abi_surface
P	0275	P0275_i_MapY	DUNGEON.C;DEFS.H	F0155_DUNGEON_GetStairsExitDirection	function_parameter	runtime_abi_surface
P	0276	P0276_T_Thing	DUNGEON.C;DEFS.H	F0156_DUNGEON_GetThingData	function_parameter	runtime_abi_surface
P	0277	P0277_i_MapX	DUNGEON.C;DEFS.H	F0157_DUNGEON_GetSquareFirstThingData	function_parameter	runtime_abi_surface
P	0278	P0278_i_MapY	DUNGEON.C;DEFS.H	F0157_DUNGEON_GetSquareFirstThingData	function_parameter	runtime_abi_surface
P	0279	P0279_T_Thing	DUNGEON.C;DEFS.H	F0158_DUNGEON_GetWeaponInfo	function_parameter	runtime_abi_surface
P	0280	P0280_T_Thing	DUNGEON.C;DEFS.H	F0159_DUNGEON_GetNextThing	function_parameter	runtime_abi_surface
P	0281	P0281_i_MapX	DUNGEON.C	F0160_DUNGEON_GetSquareFirstThingIndex	function_parameter	runtime_abi_surface
P	0282	P0282_i_MapY	DUNGEON.C	F0160_DUNGEON_GetSquareFirstThingIndex	function_parameter	runtime_abi_surface
P	0283	P0283_i_MapX	DUNGEON.C;DEFS.H	F0161_DUNGEON_GetSquareFirstThing	function_parameter	runtime_abi_surface
P	0284	P0284_i_MapY	DUNGEON.C;DEFS.H	F0161_DUNGEON_GetSquareFirstThing	function_parameter	runtime_abi_surface
P	0285	P0285_i_MapX	DUNGEON.C;DEFS.H	F0162_DUNGEON_GetSquareFirstObject	function_parameter	runtime_abi_surface
P	0286	P0286_i_MapY	DUNGEON.C;DEFS.H	F0162_DUNGEON_GetSquareFirstObject	function_parameter	runtime_abi_surface
P	0287	P0287_T_ThingToLink	DUNGEON.C;DEFS.H	F0163_DUNGEON_LinkThingToList	function_parameter	runtime_abi_surface
P	0288	P0288_T_ThingInList	DUNGEON.C;DEFS.H	F0163_DUNGEON_LinkThingToList	function_parameter	runtime_abi_surface
P	0289	P0289_i_MapX	DUNGEON.C;DEFS.H	F0163_DUNGEON_LinkThingToList	function_parameter	runtime_abi_surface
P	0290	P0290_i_MapY	DUNGEON.C;DEFS.H	F0163_DUNGEON_LinkThingToList	function_parameter	runtime_abi_surface
P	0291	P0291_T_ThingToUnlink	DUNGEON.C;DEFS.H	F0164_DUNGEON_UnlinkThingFromList	function_parameter	runtime_abi_surface
P	0292	P0292_T_ThingInList	DUNGEON.C;DEFS.H	F0164_DUNGEON_UnlinkThingFromList	function_parameter	runtime_abi_surface
P	0293	P0293_i_MapX	DUNGEON.C;DEFS.H	F0164_DUNGEON_UnlinkThingFromList	function_parameter	runtime_abi_surface
P	0294	P0294_i_MapY	DUNGEON.C;DEFS.H	F0164_DUNGEON_UnlinkThingFromList	function_parameter	runtime_abi_surface
P	0295	P0295_ui_ThingType	DUNGEON.C	F0165_DUNGEON_GetDiscardedThing	function_parameter	runtime_abi_surface
P	0296	P0296_ui_ThingType	DUNGEON.C;DEFS.H	F0166_DUNGEON_GetUnusedThing	function_parameter	runtime_abi_surface
P	0297	P0297_ui_IconIndex	DUNGEON.C;DEFS.H	F0167_DUNGEON_GetObjectForProjectileLauncherOrObjectGenerator	function_parameter	runtime_abi_surface
P	0298	P0298_pc_String	DUNGEON.C;DEFS.H	F0168_DUNGEON_DecodeText	function_parameter	runtime_abi_surface
P	0299	P0299_T_Thing	DUNGEON.C;DEFS.H	F0168_DUNGEON_DecodeText	function_parameter	runtime_abi_surface
P	0300	P0300_i_TextType	DUNGEON.C;DEFS.H	F0168_DUNGEON_DecodeText	function_parameter	runtime_abi_surface
P	0301	P0301_ui_Value1	DUNGEON.C	F0169_DUNGEON_GetRandomOrnamentIndex	function_parameter	runtime_abi_surface
P	0302	P0302_ui_Value2	DUNGEON.C	F0169_DUNGEON_GetRandomOrnamentIndex	function_parameter	runtime_abi_surface
P	0303	P0303_i_Modulo	DUNGEON.C	F0169_DUNGEON_GetRandomOrnamentIndex	function_parameter	runtime_abi_surface
P	0304	P0304_B_RandomOrnamentAllowed	DUNGEON.C	F0170_DUNGEON_GetRandomOrnamentOrdinal	function_parameter	runtime_abi_surface
P	0305	P0305_i_OrnamentCount	DUNGEON.C	F0170_DUNGEON_GetRandomOrnamentOrdinal	function_parameter	runtime_abi_surface
P	0306	P0306_i_MapX	DUNGEON.C	F0170_DUNGEON_GetRandomOrnamentOrdinal	function_parameter	runtime_abi_surface
P	0307	P0307_i_MapY	DUNGEON.C	F0170_DUNGEON_GetRandomOrnamentOrdinal	function_parameter	runtime_abi_surface
P	0308	P0308_i_Modulo	DUNGEON.C	F0170_DUNGEON_GetRandomOrnamentOrdinal	function_parameter	runtime_abi_surface
P	0309	P0309_pi_SquareAspect	DUNGEON.C	F0171_DUNGEON_SetSquareAspectRandomWallOrnamentOrdinals	function_parameter	runtime_abi_surface
P	0310	P0310_B_LeftRandomWallOrnamentAllowed	DUNGEON.C	F0171_DUNGEON_SetSquareAspectRandomWallOrnamentOrdinals	function_parameter	runtime_abi_surface
P	0311	P0311_B_FrontRandomWallOrnamentAllowed	DUNGEON.C	F0171_DUNGEON_SetSquareAspectRandomWallOrnamentOrdinals	function_parameter	runtime_abi_surface
P	0312	P0312_B_RightRandomWallOrnamentAllowed	DUNGEON.C	F0171_DUNGEON_SetSquareAspectRandomWallOrnamentOrdinals	function_parameter	runtime_abi_surface
P	0313	P0313_i_Direction	DUNGEON.C	F0171_DUNGEON_SetSquareAspectRandomWallOrnamentOrdinals	function_parameter	runtime_abi_surface
P	0314	P0314_i_MapX	DUNGEON.C	F0171_DUNGEON_SetSquareAspectRandomWallOrnamentOrdinals	function_parameter	runtime_abi_surface
P	0315	P0315_i_MapY	DUNGEON.C	F0171_DUNGEON_SetSquareAspectRandomWallOrnamentOrdinals	function_parameter	runtime_abi_surface
P	0316	P0316_B_SquareIsFakeWall	DUNGEON.C	F0171_DUNGEON_SetSquareAspectRandomWallOrnamentOrdinals	function_parameter	runtime_abi_surface
P	0317	P0317_pui_SquareAspect	DUNGEON.C;DEFS.H	F0172_DUNGEON_SetSquareAspect	function_parameter	runtime_abi_surface
P	0318	P0318_i_Direction	DUNGEON.C;DEFS.H	F0172_DUNGEON_SetSquareAspect	function_parameter	runtime_abi_surface
P	0319	P0319_i_MapX	DUNGEON.C;DEFS.H	F0172_DUNGEON_SetSquareAspect	function_parameter	runtime_abi_surface
P	0320	P0320_i_MapY	DUNGEON.C;DEFS.H	F0172_DUNGEON_SetSquareAspect	function_parameter	runtime_abi_surface
P	0321	P0321_ui_MapIndex	DUNGEON.C;DEFS.H	F0173_DUNGEON_SetCurrentMap	function_parameter	runtime_abi_surface
P	0322	P0322_i_MapIndex	DUNGEON.C;DEFS.H	F0174_DUNGEON_SetCurrentMapAndPartyMap	function_parameter	runtime_abi_surface
P	0323	P0323_i_MapX	GROUP.C;DEFS.H	F0175_GROUP_GetThing	function_parameter	runtime_abi_surface
P	0324	P0324_i_MapY	GROUP.C;DEFS.H	F0175_GROUP_GetThing	function_parameter	runtime_abi_surface
P	0325	P0325_ps_Group	GROUP.C;DEFS.H	F0176_GROUP_GetCreatureOrdinalInCell	function_parameter	runtime_abi_surface
P	0326	P0326_ui_Cell	GROUP.C;DEFS.H	F0176_GROUP_GetCreatureOrdinalInCell	function_parameter	runtime_abi_surface
P	0327	P0327_i_GroupMapX	GROUP.C;DEFS.H	F0177_GROUP_GetMeleeTargetCreatureOrdinal	function_parameter	runtime_abi_surface
P	0328	P0328_i_GroupMapY	GROUP.C;DEFS.H	F0177_GROUP_GetMeleeTargetCreatureOrdinal	function_parameter	runtime_abi_surface
P	0329	P0329_i_PartyMapX	GROUP.C;DEFS.H	F0177_GROUP_GetMeleeTargetCreatureOrdinal	function_parameter	runtime_abi_surface
P	0330	P0330_i_PartyMapY	GROUP.C;DEFS.H	F0177_GROUP_GetMeleeTargetCreatureOrdinal	function_parameter	runtime_abi_surface
P	0331	P0331_ui_ChampionCell	GROUP.C;DEFS.H	F0177_GROUP_GetMeleeTargetCreatureOrdinal	function_parameter	runtime_abi_surface
P	0332	P0332_ui_GroupValue	GROUP.C;DEFS.H	F0178_GROUP_GetGroupValueUpdatedWithCreatureValue	function_parameter	runtime_abi_surface
P	0333	P0333_ui_CreatureIndex	GROUP.C;DEFS.H	F0178_GROUP_GetGroupValueUpdatedWithCreatureValue	function_parameter	runtime_abi_surface
P	0334	P0334_ui_CreatureValue	GROUP.C;DEFS.H	F0178_GROUP_GetGroupValueUpdatedWithCreatureValue	function_parameter	runtime_abi_surface
P	0335	P0335_ps_ActiveGroup	GROUP.C	F0179_GROUP_GetCreatureAspectUpdateTime	function_parameter	runtime_abi_surface
P	0336	P0336_i_CreatureIndex	GROUP.C	F0179_GROUP_GetCreatureAspectUpdateTime	function_parameter	runtime_abi_surface
P	0337	P0337_B_IsAttacking	GROUP.C	F0179_GROUP_GetCreatureAspectUpdateTime	function_parameter	runtime_abi_surface
P	0338	P0338_i_MapX	GROUP.C;DEFS.H	F0180_GROUP_StartWandering	function_parameter	runtime_abi_surface
P	0339	P0339_i_MapY	GROUP.C;DEFS.H	F0180_GROUP_StartWandering	function_parameter	runtime_abi_surface
P	0340	P0340_i_MapX	GROUP.C;DEFS.H	F0181_GROUP_DeleteEvents	function_parameter	runtime_abi_surface
P	0341	P0341_i_MapY	GROUP.C;DEFS.H	F0181_GROUP_DeleteEvents	function_parameter	runtime_abi_surface
P	0342	P0342_ps_ActiveGroup	GROUP.C;DEFS.H	F0182_GROUP_StopAttacking	function_parameter	runtime_abi_surface
P	0343	P0343_i_MapX	GROUP.C;DEFS.H	F0182_GROUP_StopAttacking	function_parameter	runtime_abi_surface
P	0344	P0344_i_MapY	GROUP.C;DEFS.H	F0182_GROUP_StopAttacking	function_parameter	runtime_abi_surface
P	0345	P0345_T_GroupThing	GROUP.C;DEFS.H	F0183_GROUP_AddActiveGroup	function_parameter	runtime_abi_surface
P	0346	P0346_i_MapX	GROUP.C;DEFS.H	F0183_GROUP_AddActiveGroup	function_parameter	runtime_abi_surface
P	0347	P0347_i_MapY	GROUP.C;DEFS.H	F0183_GROUP_AddActiveGroup	function_parameter	runtime_abi_surface
P	0348	P0348_ui_ActiveGroupIndex	GROUP.C;DEFS.H	F0184_GROUP_RemoveActiveGroup	function_parameter	runtime_abi_surface
P	0349	P0349_i_CreatureType	GROUP.C;DEFS.H	F0185_GROUP_GetGenerated	function_parameter	runtime_abi_surface
P	0350	P0350_i_HealthMultiplier	GROUP.C;DEFS.H	F0185_GROUP_GetGenerated	function_parameter	runtime_abi_surface
P	0351	P0351_ui_CreatureCount	GROUP.C;DEFS.H	F0185_GROUP_GetGenerated	function_parameter	runtime_abi_surface
P	0352	P0352_i_Direction	GROUP.C;DEFS.H	F0185_GROUP_GetGenerated	function_parameter	runtime_abi_surface
P	0353	P0353_i_MapX	GROUP.C;DEFS.H	F0185_GROUP_GetGenerated	function_parameter	runtime_abi_surface
P	0354	P0354_i_MapY	GROUP.C;DEFS.H	F0185_GROUP_GetGenerated	function_parameter	runtime_abi_surface
P	0355	P0355_ui_CreatureType	GROUP.C	F0186_GROUP_DropCreatureFixedPossessions	function_parameter	runtime_abi_surface
P	0356	P0356_i_MapX	GROUP.C	F0186_GROUP_DropCreatureFixedPossessions	function_parameter	runtime_abi_surface
P	0357	P0357_i_MapY	GROUP.C	F0186_GROUP_DropCreatureFixedPossessions	function_parameter	runtime_abi_surface
P	0358	P0358_ui_Cell	GROUP.C	F0186_GROUP_DropCreatureFixedPossessions	function_parameter	runtime_abi_surface
P	0359	P0359_i_Mode	GROUP.C	F0186_GROUP_DropCreatureFixedPossessions	function_parameter	runtime_abi_surface
P	0360	P0360_T_Thing	GROUP.C;DEFS.H	F0187_GROUP_DropMovingCreatureFixedPossessions	function_parameter	runtime_abi_surface
P	0361	P0361_i_MapX	GROUP.C;DEFS.H	F0187_GROUP_DropMovingCreatureFixedPossessions	function_parameter	runtime_abi_surface
P	0362	P0362_i_MapY	GROUP.C;DEFS.H	F0187_GROUP_DropMovingCreatureFixedPossessions	function_parameter	runtime_abi_surface
P	0363	P0363_i_MapX	GROUP.C;DEFS.H	F0188_GROUP_DropGroupPossessions	function_parameter	runtime_abi_surface
P	0364	P0364_i_MapY	GROUP.C;DEFS.H	F0188_GROUP_DropGroupPossessions	function_parameter	runtime_abi_surface
P	0365	P0365_T_GroupThing	GROUP.C;DEFS.H	F0188_GROUP_DropGroupPossessions	function_parameter	runtime_abi_surface
P	0366	P0366_i_Mode	GROUP.C;DEFS.H	F0188_GROUP_DropGroupPossessions	function_parameter	runtime_abi_surface
P	0367	P0367_i_MapX	GROUP.C;DEFS.H	F0189_GROUP_Delete	function_parameter	runtime_abi_surface
P	0368	P0368_i_MapY	GROUP.C;DEFS.H	F0189_GROUP_Delete	function_parameter	runtime_abi_surface
P	0369	P0369_ps_Group	GROUP.C;DEFS.H	F0190_GROUP_GetDamageCreatureOutcome	function_parameter	runtime_abi_surface
P	0370	P0370_ui_CreatureIndex	GROUP.C;DEFS.H	F0190_GROUP_GetDamageCreatureOutcome	function_parameter	runtime_abi_surface
P	0371	P0371_i_MapX	GROUP.C;DEFS.H	F0190_GROUP_GetDamageCreatureOutcome	function_parameter	runtime_abi_surface
P	0372	P0372_i_MapY	GROUP.C;DEFS.H	F0190_GROUP_GetDamageCreatureOutcome	function_parameter	runtime_abi_surface
P	0373	P0373_i_Damage	GROUP.C;DEFS.H	F0190_GROUP_GetDamageCreatureOutcome	function_parameter	runtime_abi_surface
P	0374	P0374_B_NotMoving	GROUP.C;DEFS.H	F0190_GROUP_GetDamageCreatureOutcome	function_parameter	runtime_abi_surface
P	0375	P0375_ps_Group	GROUP.C;DEFS.H	F0191_GROUP_GetDamageAllCreaturesOutcome	function_parameter	runtime_abi_surface
P	0376	P0376_i_MapX	GROUP.C;DEFS.H	F0191_GROUP_GetDamageAllCreaturesOutcome	function_parameter	runtime_abi_surface
P	0377	P0377_i_MapY	GROUP.C;DEFS.H	F0191_GROUP_GetDamageAllCreaturesOutcome	function_parameter	runtime_abi_surface
P	0378	P0378_i_Attack	GROUP.C;DEFS.H	F0191_GROUP_GetDamageAllCreaturesOutcome	function_parameter	runtime_abi_surface
P	0379	P0379_B_NotMoving	GROUP.C;DEFS.H	F0191_GROUP_GetDamageAllCreaturesOutcome	function_parameter	runtime_abi_surface
P	0380	P0380_ui_CreatureType	GROUP.C;DEFS.H	F0192_GROUP_GetResistanceAdjustedPoisonAttack	function_parameter	runtime_abi_surface
P	0381	P0381_i_PoisonAttack	GROUP.C;DEFS.H	F0192_GROUP_GetResistanceAdjustedPoisonAttack	function_parameter	runtime_abi_surface
P	0382	P0382_ps_Group	GROUP.C	F0193_GROUP_StealFromChampion	function_parameter	runtime_abi_surface
P	0383	P0383_ui_ChampionIndex	GROUP.C	F0193_GROUP_StealFromChampion	function_parameter	runtime_abi_surface
P	0384	P0384_ui_MapX	GROUP.C	F0197_GROUP_IsViewPartyBlocked	function_parameter	runtime_abi_surface
P	0385	P0385_ui_MapY	GROUP.C	F0197_GROUP_IsViewPartyBlocked	function_parameter	runtime_abi_surface
P	0386	P0386_ui_MapX	GROUP.C	F0198_GROUP_IsSmellPartyBlocked	function_parameter	runtime_abi_surface
P	0387	P0387_ui_MapY	GROUP.C	F0198_GROUP_IsSmellPartyBlocked	function_parameter	runtime_abi_surface
P	0388	P0388_i_SourceMapX	GROUP.C	F0199_GROUP_GetDistanceBetweenUnblockedSquares	function_parameter	runtime_abi_surface
P	0389	P0389_i_SourceMapY	GROUP.C	F0199_GROUP_GetDistanceBetweenUnblockedSquares	function_parameter	runtime_abi_surface
P	0390	P0390_i_DestinationMapX	GROUP.C	F0199_GROUP_GetDistanceBetweenUnblockedSquares	function_parameter	runtime_abi_surface
P	0391	P0391_i_DestinationMapY	GROUP.C	F0199_GROUP_GetDistanceBetweenUnblockedSquares	function_parameter	runtime_abi_surface
P	0392	P0392_pfB_IsBlockedCallbackFunction	GROUP.C	F0199_GROUP_GetDistanceBetweenUnblockedSquares	function_parameter	runtime_abi_surface
P	0393	P0393_ps_Group	GROUP.C	F0200_GROUP_GetDistanceToVisibleParty	function_parameter	runtime_abi_surface
P	0394	P0394_i_CreatureIndex	GROUP.C	F0200_GROUP_GetDistanceToVisibleParty	function_parameter	runtime_abi_surface
P	0395	P0395_i_MapX	GROUP.C	F0200_GROUP_GetDistanceToVisibleParty	function_parameter	runtime_abi_surface
P	0396	P0396_i_MapY	GROUP.C	F0200_GROUP_GetDistanceToVisibleParty	function_parameter	runtime_abi_surface
P	0397	P0397_ps_CreatureInfo	GROUP.C	F0201_GROUP_GetSmelledPartyPrimaryDirectionOrdinal	function_parameter	runtime_abi_surface
P	0398	P0398_i_MapY	GROUP.C	F0201_GROUP_GetSmelledPartyPrimaryDirectionOrdinal	function_parameter	runtime_abi_surface
P	0399	P0399_i_MapX	GROUP.C	F0201_GROUP_GetSmelledPartyPrimaryDirectionOrdinal	function_parameter	runtime_abi_surface
P	0400	P0400_ps_CreatureInfo	GROUP.C	F0202_GROUP_IsMovementPossible	function_parameter	runtime_abi_surface
P	0401	P0401_i_MapX	GROUP.C	F0202_GROUP_IsMovementPossible	function_parameter	runtime_abi_surface
P	0402	P0402_i_MapY	GROUP.C	F0202_GROUP_IsMovementPossible	function_parameter	runtime_abi_surface
P	0403	P0403_ui_Direction	GROUP.C	F0202_GROUP_IsMovementPossible	function_parameter	runtime_abi_surface
P	0404	P0404_B_AllowMovementOverImaginaryPitsAndFakeWalls	GROUP.C	F0202_GROUP_IsMovementPossible	function_parameter	runtime_abi_surface
P	0405	P0405_ps_CreatureInfo	GROUP.C	F0203_GROUP_GetFirstPossibleMovementDirectionOrdinal	function_parameter	runtime_abi_surface
P	0406	P0406_i_MapX	GROUP.C	F0203_GROUP_GetFirstPossibleMovementDirectionOrdinal	function_parameter	runtime_abi_surface
P	0407	P0407_i_MapY	GROUP.C	F0203_GROUP_GetFirstPossibleMovementDirectionOrdinal	function_parameter	runtime_abi_surface
P	0408	P0408_B_AllowMovementOverImaginaryPitsAndFakeWalls	GROUP.C	F0203_GROUP_GetFirstPossibleMovementDirectionOrdinal	function_parameter	runtime_abi_surface
P	0409	P0409_ps_CreatureInfo	GROUP.C	F0204_GROUP_IsArchenemyDoubleMovementPossible	function_parameter	runtime_abi_surface
P	0410	P0410_i_MapX	GROUP.C	F0204_GROUP_IsArchenemyDoubleMovementPossible	function_parameter	runtime_abi_surface
P	0411	P0411_i_MapY	GROUP.C	F0204_GROUP_IsArchenemyDoubleMovementPossible	function_parameter	runtime_abi_surface
P	0412	P0412_ui_Direction	GROUP.C	F0204_GROUP_IsArchenemyDoubleMovementPossible	function_parameter	runtime_abi_surface
P	0413	P0413_ps_ActiveGroup	GROUP.C	F0205_GROUP_SetDirection	function_parameter	runtime_abi_surface
P	0414	P0414_ui_Direction	GROUP.C	F0205_GROUP_SetDirection	function_parameter	runtime_abi_surface
P	0415	P0415_ui_CreatureIndex	GROUP.C	F0205_GROUP_SetDirection	function_parameter	runtime_abi_surface
P	0416	P0416_B_TwoHalfSquareSizedCreatures	GROUP.C	F0205_GROUP_SetDirection	function_parameter	runtime_abi_surface
P	0417	P0417_ps_ActiveGroup	GROUP.C	F0206_GROUP_SetDirectionGroup	function_parameter	runtime_abi_surface
P	0418	P0418_i_Direction	GROUP.C	F0206_GROUP_SetDirectionGroup	function_parameter	runtime_abi_surface
P	0419	P0419_i_CreatureIndex	GROUP.C	F0206_GROUP_SetDirectionGroup	function_parameter	runtime_abi_surface
P	0420	P0420_i_CreatureSize	GROUP.C	F0206_GROUP_SetDirectionGroup	function_parameter	runtime_abi_surface
P	0421	P0421_ps_Group	GROUP.C	F0207_GROUP_IsCreatureAttacking	function_parameter	runtime_abi_surface
P	0422	P0422_i_MapX	GROUP.C	F0207_GROUP_IsCreatureAttacking	function_parameter	runtime_abi_surface
P	0423	P0423_i_MapY	GROUP.C	F0207_GROUP_IsCreatureAttacking	function_parameter	runtime_abi_surface
P	0424	P0424_ui_CreatureIndex	GROUP.C	F0207_GROUP_IsCreatureAttacking	function_parameter	runtime_abi_surface
P	0425	P0425_ps_Event	GROUP.C	F0208_GROUP_AddEvent	function_parameter	runtime_abi_surface
P	0426	P0426_ul_Time	GROUP.C	F0208_GROUP_AddEvent	function_parameter	runtime_abi_surface
P	0427	P0427_i_EventMapX	GROUP.C;DEFS.H	F0209_GROUP_ProcessEvents29to41	function_parameter	runtime_abi_surface
P	0428	P0428_i_EventMapY	GROUP.C;DEFS.H	F0209_GROUP_ProcessEvents29to41	function_parameter	runtime_abi_surface
P	0429	P0429_i_EventType	GROUP.C;DEFS.H	F0209_GROUP_ProcessEvents29to41	function_parameter	runtime_abi_surface
P	0430	P0430_ui_Ticks	GROUP.C;DEFS.H	F0209_GROUP_ProcessEvents29to41	function_parameter	runtime_abi_surface
P	0431	P0431_puc_SectorBuffer	COPYPRO5.C	F0210_CPSE_ProcessEvent22_IsFuzzySectorValid_NormalBytes	function_parameter	runtime_abi_surface
P	0431	P0431_pui_SectorBuffer	COPYPRO5.C	F0210_CPSE_ProcessEvent22_IsFuzzySectorValid_NormalBytes	function_parameter	runtime_abi_surface
P	0432	P0432_pfv_Function	COPYPRO5.C;DEFS.H	F0211_CPSDF_GetSubroutineAbsoluteAddress	function_parameter	runtime_abi_surface
P	0433	P0433_T_Thing	DEFS.H;PROJEXPL.C	F0212_PROJECTILE_Create	function_parameter	runtime_abi_surface
P	0434	P0434_i_MapX	DEFS.H;PROJEXPL.C	F0212_PROJECTILE_Create	function_parameter	runtime_abi_surface
P	0435	P0435_i_MapY	DEFS.H;PROJEXPL.C	F0212_PROJECTILE_Create	function_parameter	runtime_abi_surface
P	0436	P0436_i_Cell	DEFS.H;PROJEXPL.C	F0212_PROJECTILE_Create	function_parameter	runtime_abi_surface
P	0437	P0437_i_Direction	DEFS.H;PROJEXPL.C	F0212_PROJECTILE_Create	function_parameter	runtime_abi_surface
P	0438	P0438_uc_KineticEnergy	DEFS.H;PROJEXPL.C	F0212_PROJECTILE_Create	function_parameter	runtime_abi_surface
P	0439	P0439_uc_Attack	DEFS.H;PROJEXPL.C	F0212_PROJECTILE_Create	function_parameter	runtime_abi_surface
P	0440	P0440_uc_StepEnergy	DEFS.H;PROJEXPL.C	F0212_PROJECTILE_Create	function_parameter	runtime_abi_surface
P	0441	P0441_T_ExplosionThing	DEFS.H;PROJEXPL.C	F0213_EXPLOSION_Create	function_parameter	runtime_abi_surface
P	0442	P0442_ui_Attack	DEFS.H;PROJEXPL.C	F0213_EXPLOSION_Create	function_parameter	runtime_abi_surface
P	0443	P0443_ui_MapXCombo	DEFS.H;PROJEXPL.C	F0213_EXPLOSION_Create	function_parameter	runtime_abi_surface
P	0444	P0444_ui_MapYCombo	DEFS.H;PROJEXPL.C	F0213_EXPLOSION_Create	function_parameter	runtime_abi_surface
P	0445	P0445_ui_Cell	DEFS.H;PROJEXPL.C	F0213_EXPLOSION_Create	function_parameter	runtime_abi_surface
P	0446	P0446_T_Thing	DEFS.H;PROJEXPL.C	F0214_PROJECTILE_DeleteEvent	function_parameter	runtime_abi_surface
P	0447	P0447_T_ProjectileThing	DEFS.H;PROJEXPL.C	F0215_PROJECTILE_Delete	function_parameter	runtime_abi_surface
P	0448	P0448_pT_GroupSlot	DEFS.H;PROJEXPL.C	F0215_PROJECTILE_Delete	function_parameter	runtime_abi_surface
P	0449	P0449_i_MapX	DEFS.H;PROJEXPL.C	F0215_PROJECTILE_Delete	function_parameter	runtime_abi_surface
P	0450	P0450_i_MapY	DEFS.H;PROJEXPL.C	F0215_PROJECTILE_Delete	function_parameter	runtime_abi_surface
P	0451	P0451_ps_Projectile	PROJEXPL.C	F0216_PROJECTILE_GetImpactAttack	function_parameter	runtime_abi_surface
P	0452	P0452_T_Thing	PROJEXPL.C	F0216_PROJECTILE_GetImpactAttack	function_parameter	runtime_abi_surface
P	0453	P0453_i_ImpactType	DEFS.H;PROJEXPL.C	F0217_PROJECTILE_HasImpactOccured	function_parameter	runtime_abi_surface
P	0454	P0454_i_MapXCombo	DEFS.H;PROJEXPL.C	F0217_PROJECTILE_HasImpactOccured	function_parameter	runtime_abi_surface
P	0455	P0455_i_MapYCombo	DEFS.H;PROJEXPL.C	F0217_PROJECTILE_HasImpactOccured	function_parameter	runtime_abi_surface
P	0456	P0456_i_Cell	DEFS.H;PROJEXPL.C	F0217_PROJECTILE_HasImpactOccured	function_parameter	runtime_abi_surface
P	0457	P0457_i_ProjectileThing	DEFS.H;PROJEXPL.C	F0217_PROJECTILE_HasImpactOccured	function_parameter	runtime_abi_surface
P	0458	P0458_i_ImpactType	DEFS.H;PROJEXPL.C	F0218_PROJECTILE_GetImpactCount	function_parameter	runtime_abi_surface
P	0459	P0459_i_MapX	DEFS.H;PROJEXPL.C	F0218_PROJECTILE_GetImpactCount	function_parameter	runtime_abi_surface
P	0460	P0460_i_MapY	DEFS.H;PROJEXPL.C	F0218_PROJECTILE_GetImpactCount	function_parameter	runtime_abi_surface
P	0461	P0461_i_Cell	DEFS.H;PROJEXPL.C	F0218_PROJECTILE_GetImpactCount	function_parameter	runtime_abi_surface
P	0462	P0462_ps_Event	DEFS.H;PROJEXPL.C	F0219_PROJECTILE_ProcessEvents48To49_Projectile	function_parameter	runtime_abi_surface
P	0463	P0463_ps_Event	DEFS.H;PROJEXPL.C	F0220_EXPLOSION_ProcessEvent25_Explosion	function_parameter	runtime_abi_surface
P	0464	P0464_i_MapX	PROJEXPL.C	F0221_GROUP_IsFluxcageOnSquare	function_parameter	runtime_abi_surface
P	0465	P0465_i_MapY	PROJEXPL.C	F0221_GROUP_IsFluxcageOnSquare	function_parameter	runtime_abi_surface
P	0466	P0466_i_MapX	PROJEXPL.C	F0222_GROUP_IsLordChaosOnSquare	function_parameter	runtime_abi_surface
P	0467	P0467_i_MapY	PROJEXPL.C	F0222_GROUP_IsLordChaosOnSquare	function_parameter	runtime_abi_surface
P	0468	P0468_i_MapX	GROUP.C;DEFS.H;PROJEXPL.C	F0223_GROUP_IsLordChaosAllowed	function_parameter	runtime_abi_surface
P	0469	P0469_i_MapY	GROUP.C;DEFS.H;PROJEXPL.C	F0223_GROUP_IsLordChaosAllowed	function_parameter	runtime_abi_surface
P	0470	P0470_i_MapX	DEFS.H;PROJEXPL.C	F0224_GROUP_FluxCageAction	function_parameter	runtime_abi_surface
P	0471	P0471_i_MapY	DEFS.H;PROJEXPL.C	F0224_GROUP_FluxCageAction	function_parameter	runtime_abi_surface
P	0472	P0472_ui_MapX	DEFS.H;PROJEXPL.C	F0225_GROUP_FuseAction	function_parameter	runtime_abi_surface
P	0473	P0473_ui_MapY	DEFS.H;PROJEXPL.C	F0225_GROUP_FuseAction	function_parameter	runtime_abi_surface
P	0474	P0474_i_SourceMapX	DEFS.H;PROJEXPL.C	F0226_GROUP_GetDistanceBetweenSquares	function_parameter	runtime_abi_surface
P	0475	P0475_i_SourceMapY	DEFS.H;PROJEXPL.C	F0226_GROUP_GetDistanceBetweenSquares	function_parameter	runtime_abi_surface
P	0476	P0476_i_DestinationMapX	DEFS.H;PROJEXPL.C	F0226_GROUP_GetDistanceBetweenSquares	function_parameter	runtime_abi_surface
P	0477	P0477_i_DestinationMapY	DEFS.H;PROJEXPL.C	F0226_GROUP_GetDistanceBetweenSquares	function_parameter	runtime_abi_surface
P	0478	P0478_ui_Direction	DEFS.H;PROJEXPL.C	F0227_GROUP_IsDestinationVisibleFromSource	function_parameter	runtime_abi_surface
P	0479	P0479_i_SourceMapX	DEFS.H;PROJEXPL.C	F0227_GROUP_IsDestinationVisibleFromSource	function_parameter	runtime_abi_surface
P	0480	P0480_i_SourceMapY	DEFS.H;PROJEXPL.C	F0227_GROUP_IsDestinationVisibleFromSource	function_parameter	runtime_abi_surface
P	0481	P0481_i_DestinationMapX	DEFS.H;PROJEXPL.C	F0227_GROUP_IsDestinationVisibleFromSource	function_parameter	runtime_abi_surface
P	0482	P0482_i_DestinationMapY	DEFS.H;PROJEXPL.C	F0227_GROUP_IsDestinationVisibleFromSource	function_parameter	runtime_abi_surface
P	0483	P0483_i_SourceMapX	DEFS.H;PROJEXPL.C	F0228_GROUP_GetDirectionsWhereDestinationIsVisibleFromSource	function_parameter	runtime_abi_surface
P	0484	P0484_i_SourceMapY	DEFS.H;PROJEXPL.C	F0228_GROUP_GetDirectionsWhereDestinationIsVisibleFromSource	function_parameter	runtime_abi_surface
P	0485	P0485_i_DestinationMapX	DEFS.H;PROJEXPL.C	F0228_GROUP_GetDirectionsWhereDestinationIsVisibleFromSource	function_parameter	runtime_abi_surface
P	0486	P0486_i_DestinationMapY	DEFS.H;PROJEXPL.C	F0228_GROUP_GetDirectionsWhereDestinationIsVisibleFromSource	function_parameter	runtime_abi_surface
P	0487	P0487_pc_OrderedCellsToAttack	DEFS.H;PROJEXPL.C	F0229_GROUP_SetOrderedCellsToAttack	function_parameter	runtime_abi_surface
P	0488	P0488_i_TargetMapX	DEFS.H;PROJEXPL.C	F0229_GROUP_SetOrderedCellsToAttack	function_parameter	runtime_abi_surface
P	0489	P0489_i_TargetMapY	DEFS.H;PROJEXPL.C	F0229_GROUP_SetOrderedCellsToAttack	function_parameter	runtime_abi_surface
P	0490	P0490_i_AttackerMapX	DEFS.H;PROJEXPL.C	F0229_GROUP_SetOrderedCellsToAttack	function_parameter	runtime_abi_surface
P	0491	P0491_i_AttackerMapY	DEFS.H;PROJEXPL.C	F0229_GROUP_SetOrderedCellsToAttack	function_parameter	runtime_abi_surface
P	0492	P0492_ui_CellSource	DEFS.H;PROJEXPL.C	F0229_GROUP_SetOrderedCellsToAttack	function_parameter	runtime_abi_surface
P	0493	P0493_ps_Group	DEFS.H;PROJEXPL.C	F0230_GROUP_GetChampionDamage	function_parameter	runtime_abi_surface
P	0494	P0494_ui_ChampionIndex	DEFS.H;PROJEXPL.C	F0230_GROUP_GetChampionDamage	function_parameter	runtime_abi_surface
P	0495	P0495_ps_Champion	DEFS.H;PROJEXPL.C	F0231_GROUP_GetMeleeActionDamage	function_parameter	runtime_abi_surface
P	0496	P0496_i_ChampionIndex	DEFS.H;PROJEXPL.C	F0231_GROUP_GetMeleeActionDamage	function_parameter	runtime_abi_surface
P	0497	P0497_ps_Group	DEFS.H;PROJEXPL.C	F0231_GROUP_GetMeleeActionDamage	function_parameter	runtime_abi_surface
P	0498	P0498_i_CreatureIndex	DEFS.H;PROJEXPL.C	F0231_GROUP_GetMeleeActionDamage	function_parameter	runtime_abi_surface
P	0499	P0499_i_MapX	DEFS.H;PROJEXPL.C	F0231_GROUP_GetMeleeActionDamage	function_parameter	runtime_abi_surface
P	0500	P0500_i_MapY	DEFS.H;PROJEXPL.C	F0231_GROUP_GetMeleeActionDamage	function_parameter	runtime_abi_surface
P	0501	P0501_ui_ActionHitProbability	DEFS.H;PROJEXPL.C	F0231_GROUP_GetMeleeActionDamage	function_parameter	runtime_abi_surface
P	0502	P0502_ui_ActionDamageFactor	DEFS.H;PROJEXPL.C	F0231_GROUP_GetMeleeActionDamage	function_parameter	runtime_abi_surface
P	0503	P0503_i_SkillIndex	DEFS.H;PROJEXPL.C	F0231_GROUP_GetMeleeActionDamage	function_parameter	runtime_abi_surface
P	0504	P0504_ui_MapX	DEFS.H;PROJEXPL.C	F0232_GROUP_IsDoorDestroyedByAttack	function_parameter	runtime_abi_surface
P	0505	P0505_ui_MapY	DEFS.H;PROJEXPL.C	F0232_GROUP_IsDoorDestroyedByAttack	function_parameter	runtime_abi_surface
P	0506	P0506_i_Attack	DEFS.H;PROJEXPL.C	F0232_GROUP_IsDoorDestroyedByAttack	function_parameter	runtime_abi_surface
P	0507	P0507_B_MagicAttack	DEFS.H;PROJEXPL.C	F0232_GROUP_IsDoorDestroyedByAttack	function_parameter	runtime_abi_surface
P	0508	P0508_Ticks	DEFS.H;PROJEXPL.C	F0232_GROUP_IsDoorDestroyedByAttack	function_parameter	runtime_abi_surface
P	0509	P0509_ps_EventA	TIMELINE.C	F0234_TIMELINE_IsEventABeforeEventB	function_parameter	runtime_abi_surface
P	0510	P0510_ps_EventB	TIMELINE.C	F0234_TIMELINE_IsEventABeforeEventB	function_parameter	runtime_abi_surface
P	0511	P0511_ui_EventIndex	DEFS.H;TIMELINE.C	F0235_TIMELINE_GetIndex	function_parameter	runtime_abi_surface
P	0512	P0512_ui_TimelineIndex	DEFS.H;TIMELINE.C	F0236_TIMELINE_FixPlacement	function_parameter	runtime_abi_surface
P	0513	P0513_ui_EventIndex	DEFS.H;TIMELINE.C	F0237_TIMELINE_DeleteEvent	function_parameter	runtime_abi_surface
P	0514	P0514_ps_Event	DEFS.H;TIMELINE.C	F0238_TIMELINE_AddEvent_GetEventIndex_CPSE	function_parameter	runtime_abi_surface
P	0515	P0515_ps_Event	TIMELINE.C	F0239_TIMELINE_ExtractFirstEvent	function_parameter	runtime_abi_surface
P	0516	P0516_ps_Event	TIMELINE.C	F0241_TIMELINE_ProcessEvent1_DoorAnimation	function_parameter	runtime_abi_surface
P	0517	P0517_ps_Event	TIMELINE.C	F0242_TIMELINE_ProcessEvent7_Square_FakeWall	function_parameter	runtime_abi_surface
P	0518	P0518_ps_Event	TIMELINE.C	F0243_TIMELINE_ProcessEvent2_DoorDestruction	function_parameter	runtime_abi_surface
P	0519	P0519_ps_Event	TIMELINE.C	F0244_TIMELINE_ProcessEvent10_Square_Door	function_parameter	runtime_abi_surface
P	0520	P0520_ps_Event	TIMELINE.C	F0245_TIMELINE_ProcessEvent5_Square_Corridor	function_parameter	runtime_abi_surface
P	0521	P0521_ps_Event	TIMELINE.C	F0246_TIMELINE_ProcessEvent65_EnableGroupGenerator	function_parameter	runtime_abi_surface
P	0522	P0522_ps_Sensor	TIMELINE.C	F0247_TIMELINE_TriggerProjectileLauncher	function_parameter	runtime_abi_surface
P	0523	P0523_ps_Event	TIMELINE.C	F0247_TIMELINE_TriggerProjectileLauncher	function_parameter	runtime_abi_surface
P	0524	P0524_ps_Event	TIMELINE.C	F0248_TIMELINE_ProcessEvent6_Square_Wall	function_parameter	runtime_abi_surface
P	0525	P0525_ui_MapX	TIMELINE.C	F0249_TIMELINE_MoveTeleporterOrPitSquareThings	function_parameter	runtime_abi_surface
P	0526	P0526_ui_MapY	TIMELINE.C	F0249_TIMELINE_MoveTeleporterOrPitSquareThings	function_parameter	runtime_abi_surface
P	0527	P0527_ps_Event	TIMELINE.C	F0250_TIMELINE_ProcessEvent8_Square_Teleporter	function_parameter	runtime_abi_surface
P	0528	P0528_ps_Event	TIMELINE.C	F0251_TIMELINE_ProcessEvent9_Square_Pit	function_parameter	runtime_abi_surface
P	0529	P0529_ps_Event	TIMELINE.C	F0252_TIMELINE_ProcessEvents60to61_MoveGroup	function_parameter	runtime_abi_surface
P	0530	P0530_ui_ChampionIndex	TIMELINE.C	F0253_TIMELINE_ProcessEvent11Part1_EnableChampionAction	function_parameter	runtime_abi_surface
P	0531	P0531_ui_ChampionIndex	TIMELINE.C	F0254_TIMELINE_ProcessEvent12_HideDamageReceived	function_parameter	runtime_abi_surface
P	0532	P0532_ps_Event	TIMELINE.C	F0255_TIMELINE_ProcessEvent13_ViAltarRebirth	function_parameter	runtime_abi_surface
P	0534	P0534_ps_Event	TIMELINE.C	F0257_TIMELINE_ProcessEvent70_Light	function_parameter	runtime_abi_surface
P	0535	P0535_i_ChampionIndex	TIMELINE.C	F0258_TIMELINE_HasWeaponMovedToSlot	function_parameter	runtime_abi_surface
P	0536	P0536_ps_Champion	TIMELINE.C	F0258_TIMELINE_HasWeaponMovedToSlot	function_parameter	runtime_abi_surface
P	0537	P0537_ui_SourceSlotIndex	TIMELINE.C	F0258_TIMELINE_HasWeaponMovedToSlot	function_parameter	runtime_abi_surface
P	0538	P0538_i_DestinationSlotIndex	TIMELINE.C	F0258_TIMELINE_HasWeaponMovedToSlot	function_parameter	runtime_abi_surface
P	0539	P0539_ui_ChampionIndex	TIMELINE.C	F0259_TIMELINE_ProcessEvent11Part2_MoveWeaponFromQuiverToSlot	function_parameter	runtime_abi_surface
P	0540	P0540_ui_SlotIndex	TIMELINE.C	F0259_TIMELINE_ProcessEvent11Part2_MoveWeaponFromQuiverToSlot	function_parameter	runtime_abi_surface
P	0541	P0541_ps_Teleporter	MOVESENS.C	F0262_MOVE_GetTeleporterRotatedGroupResult	function_parameter	runtime_abi_surface
P	0542	P0542_T_GroupThing	MOVESENS.C	F0262_MOVE_GetTeleporterRotatedGroupResult	function_parameter	runtime_abi_surface
P	0543	P0543_ui_MapIndex	MOVESENS.C	F0262_MOVE_GetTeleporterRotatedGroupResult	function_parameter	runtime_abi_surface
P	0544	P0544_ps_Teleporter	MOVESENS.C	F0263_MOVE_GetTeleporterRotatedProjectileThing	function_parameter	runtime_abi_surface
P	0545	P0545_T_ProjectileThing	MOVESENS.C	F0263_MOVE_GetTeleporterRotatedProjectileThing	function_parameter	runtime_abi_surface
P	0546	P0546_T_Thing	DEFS.H;MOVESENS.C	F0264_MOVE_IsLevitating	function_parameter	runtime_abi_surface
P	0547	P0547_T_GroupThing	MOVESENS.C	F0265_MOVE_CreateEvent60To61_MoveGroup	function_parameter	runtime_abi_surface
P	0548	P0548_i_MapX	MOVESENS.C	F0265_MOVE_CreateEvent60To61_MoveGroup	function_parameter	runtime_abi_surface
P	0549	P0549_i_MapY	MOVESENS.C	F0265_MOVE_CreateEvent60To61_MoveGroup	function_parameter	runtime_abi_surface
P	0550	P0550_i_MapIndex	MOVESENS.C	F0265_MOVE_CreateEvent60To61_MoveGroup	function_parameter	runtime_abi_surface
P	0551	P0551_B_Audible	MOVESENS.C	F0265_MOVE_CreateEvent60To61_MoveGroup	function_parameter	runtime_abi_surface
P	0552	P0552_i_SourceMapX	MOVESENS.C	F0266_MOVE_IsKilledByProjectileImpact	function_parameter	runtime_abi_surface
P	0553	P0553_i_SourceMapY	MOVESENS.C	F0266_MOVE_IsKilledByProjectileImpact	function_parameter	runtime_abi_surface
P	0554	P0554_i_DestinationMapX	MOVESENS.C	F0266_MOVE_IsKilledByProjectileImpact	function_parameter	runtime_abi_surface
P	0555	P0555_i_DestinationMapY	MOVESENS.C	F0266_MOVE_IsKilledByProjectileImpact	function_parameter	runtime_abi_surface
P	0556	P0556_T_Thing	MOVESENS.C	F0266_MOVE_IsKilledByProjectileImpact	function_parameter	runtime_abi_surface
P	0557	P0557_T_Thing	DEFS.H;MOVESENS.C	F0267_MOVE_GetMoveResult_CPSCE	function_parameter	runtime_abi_surface
P	0558	P0558_i_SourceMapX	DEFS.H;MOVESENS.C	F0267_MOVE_GetMoveResult_CPSCE	function_parameter	runtime_abi_surface
P	0559	P0559_i_SourceMapY	DEFS.H;MOVESENS.C	F0267_MOVE_GetMoveResult_CPSCE	function_parameter	runtime_abi_surface
P	0560	P0560_i_DestinationMapX	DEFS.H;MOVESENS.C	F0267_MOVE_GetMoveResult_CPSCE	function_parameter	runtime_abi_surface
P	0561	P0561_i_DestinationMapY	DEFS.H;MOVESENS.C	F0267_MOVE_GetMoveResult_CPSCE	function_parameter	runtime_abi_surface
P	0562	P0562_uc_Type	DEFS.H;MOVESENS.C	F0268_SENSOR_AddEvent	function_parameter	runtime_abi_surface
P	0563	P0563_uc_MapX	DEFS.H;MOVESENS.C	F0268_SENSOR_AddEvent	function_parameter	runtime_abi_surface
P	0564	P0564_uc_MapY	DEFS.H;MOVESENS.C	F0268_SENSOR_AddEvent	function_parameter	runtime_abi_surface
P	0565	P0565_uc_Cell	DEFS.H;MOVESENS.C	F0268_SENSOR_AddEvent	function_parameter	runtime_abi_surface
P	0566	P0566_uc_Effect	DEFS.H;MOVESENS.C	F0268_SENSOR_AddEvent	function_parameter	runtime_abi_surface
P	0567	P0567_l_Time	DEFS.H;MOVESENS.C	F0268_SENSOR_AddEvent	function_parameter	runtime_abi_surface
P	0568	P0568_i_SkillIndex	MOVESENS.C	F0269_SENSOR_AddSkillExperience	function_parameter	runtime_abi_surface
P	0569	P0569_ui_Experience	MOVESENS.C	F0269_SENSOR_AddSkillExperience	function_parameter	runtime_abi_surface
P	0570	P0570_B_LeaderOnly	MOVESENS.C	F0269_SENSOR_AddSkillExperience	function_parameter	runtime_abi_surface
P	0571	P0571_i_SensorLocalEffect	MOVESENS.C	F0270_SENSOR_TriggerLocalEffect	function_parameter	runtime_abi_surface
P	0572	P0572_i_SensorLocalEffectX	MOVESENS.C	F0270_SENSOR_TriggerLocalEffect	function_parameter	runtime_abi_surface
P	0573	P0573_i_SensorLocalEffectY	MOVESENS.C	F0270_SENSOR_TriggerLocalEffect	function_parameter	runtime_abi_surface
P	0574	P0574_i_SensorLocalEffectCell	MOVESENS.C	F0270_SENSOR_TriggerLocalEffect	function_parameter	runtime_abi_surface
P	0575	P0575_ps_Sensor	DEFS.H;MOVESENS.C	F0272_SENSOR_TriggerEffect	function_parameter	runtime_abi_surface
P	0576	P0576_i_Effect	DEFS.H;MOVESENS.C	F0272_SENSOR_TriggerEffect	function_parameter	runtime_abi_surface
P	0577	P0577_i_MapX	DEFS.H;MOVESENS.C	F0272_SENSOR_TriggerEffect	function_parameter	runtime_abi_surface
P	0578	P0578_i_MapY	DEFS.H;MOVESENS.C	F0272_SENSOR_TriggerEffect	function_parameter	runtime_abi_surface
P	0579	P0579_i_Cell	DEFS.H;MOVESENS.C	F0272_SENSOR_TriggerEffect	function_parameter	runtime_abi_surface
P	0580	P0580_i_MapX	DEFS.H;MOVESENS.C	F0273_SENSOR_GetObjectOfTypeInCell	function_parameter	runtime_abi_surface
P	0581	P0581_i_MapY	DEFS.H;MOVESENS.C	F0273_SENSOR_GetObjectOfTypeInCell	function_parameter	runtime_abi_surface
P	0582	P0582_i_Cell	DEFS.H;MOVESENS.C	F0273_SENSOR_GetObjectOfTypeInCell	function_parameter	runtime_abi_surface
P	0583	P0583_ui_ObjectType	DEFS.H;MOVESENS.C	F0273_SENSOR_GetObjectOfTypeInCell	function_parameter	runtime_abi_surface
P	0584	P0584_i_ObjectType	MOVESENS.C	F0274_SENSOR_IsObjectInPartyPossession	function_parameter	runtime_abi_surface
P	0585	P0585_i_MapX	DEFS.H;MOVESENS.C	F0275_SENSOR_IsTriggeredByClickOnWall	function_parameter	runtime_abi_surface
P	0586	P0586_i_MapY	DEFS.H;MOVESENS.C	F0275_SENSOR_IsTriggeredByClickOnWall	function_parameter	runtime_abi_surface
P	0587	P0587_ui_Cell	DEFS.H;MOVESENS.C	F0275_SENSOR_IsTriggeredByClickOnWall	function_parameter	runtime_abi_surface
P	0588	P0588_ui_MapX	DEFS.H;MOVESENS.C	F0276_SENSOR_ProcessThingAdditionOrRemoval	function_parameter	runtime_abi_surface
P	0589	P0589_ui_MapY	DEFS.H;MOVESENS.C	F0276_SENSOR_ProcessThingAdditionOrRemoval	function_parameter	runtime_abi_surface
P	0590	P0590_T_Thing	DEFS.H;MOVESENS.C	F0276_SENSOR_ProcessThingAdditionOrRemoval	function_parameter	runtime_abi_surface
P	0591	P0591_B_PartySquare	DEFS.H;MOVESENS.C	F0276_SENSOR_ProcessThingAdditionOrRemoval	function_parameter	runtime_abi_surface
P	0592	P0592_B_AddThing	DEFS.H;MOVESENS.C	F0276_SENSOR_ProcessThingAdditionOrRemoval	function_parameter	runtime_abi_surface
P	0593	P0593_puc_SectorBuffer	COPYPRO6.C	F0277_CPSE_IsFuzzySectorValid_FuzzyBits	function_parameter	runtime_abi_surface
P	0593	P0593_pui_SectorBuffer	COPYPRO6.C	F0277_CPSE_IsFuzzySectorValid_FuzzyBits	function_parameter	runtime_abi_surface
P	0594	P0594_pc_String	REVIVE.C	F0279_CHAMPION_GetDecodedValue	function_parameter	runtime_abi_surface
P	0595	P0595_CharacterCount	REVIVE.C	F0279_CHAMPION_GetDecodedValue	function_parameter	runtime_abi_surface
P	0596	P0596_ui_ChampionPortraitIndex	REVIVE.C;DEFS.H	F0280_CHAMPION_AddCandidateChampionToParty	function_parameter	runtime_abi_surface
P	0597	P0597_ps_Champion	REVIVE.C	F0281_CHAMPION_Rename	function_parameter	runtime_abi_surface
P	0598	P0598_i_Command	REVIVE.C;DEFS.H	F0282_CHAMPION_ProcessCommands160To162_ClickInResurrectReincarnatePanel	function_parameter	runtime_abi_surface
P	0599	P0599_ui_ChampionIndex	REVIVE.C;DEFS.H	F0283_CHAMPION_ViAltarRebirth	function_parameter	runtime_abi_surface
P	0600	P0600_i_Direction	DEFS.H;CHAMPION.C	F0284_CHAMPION_SetPartyDirection	function_parameter	runtime_abi_surface
P	0601	P0601_ui_Cell	DEFS.H;CHAMPION.C	F0285_CHAMPION_GetIndexInCell	function_parameter	runtime_abi_surface
P	0602	P0602_i_MapX	DEFS.H;CHAMPION.C	F0286_CHAMPION_GetTargetChampionIndex	function_parameter	runtime_abi_surface
P	0603	P0603_i_MapY	DEFS.H;CHAMPION.C	F0286_CHAMPION_GetTargetChampionIndex	function_parameter	runtime_abi_surface
P	0604	P0604_ui_Cell	DEFS.H;CHAMPION.C	F0286_CHAMPION_GetTargetChampionIndex	function_parameter	runtime_abi_surface
P	0605	P0605_i_ChampionIndex	CHAMDRAW.C	F0287_CHAMPION_DrawBarGraphs	function_parameter	runtime_abi_surface
P	0606	P0606_ui_Integer	CHAMDRAW.C;DEFS.H	F0288_CHAMPION_GetStringFromInteger	function_parameter	runtime_abi_surface
P	0607	P0607_B_Padding	CHAMDRAW.C;DEFS.H	F0288_CHAMPION_GetStringFromInteger	function_parameter	runtime_abi_surface
P	0608	P0608_ui_PaddingCharacterCount	CHAMDRAW.C;DEFS.H	F0288_CHAMPION_GetStringFromInteger	function_parameter	runtime_abi_surface
P	0609	P0609_i_Y	CHAMDRAW.C	F0289_CHAMPION_DrawHealthOrStaminaOrManaValue	function_parameter	runtime_abi_surface
P	0609	P0609_i_ZoneIndex	CHAMDRAW.C	F0289_CHAMPION_DrawHealthOrStaminaOrManaValue	function_parameter	runtime_abi_surface
P	0610	P0610_i_CurrentValue	CHAMDRAW.C	F0289_CHAMPION_DrawHealthOrStaminaOrManaValue	function_parameter	runtime_abi_surface
P	0611	P0611_i_MaximumValue	CHAMDRAW.C	F0289_CHAMPION_DrawHealthOrStaminaOrManaValue	function_parameter	runtime_abi_surface
P	0612	P0612_ps_Champion	CHAMDRAW.C	F0290_CHAMPION_DrawHealthStaminaManaValues	function_parameter	runtime_abi_surface
P	0613	P0613_ui_ChampionIndex	CHAMDRAW.C;DEFS.H	F0291_CHAMPION_DrawSlot	function_parameter	runtime_abi_surface
P	0614	P0614_ui_SlotIndex	CHAMDRAW.C;DEFS.H	F0291_CHAMPION_DrawSlot	function_parameter	runtime_abi_surface
P	0615	P0615_ui_ChampionIndex	CHAMDRAW.C;DEFS.H	F0292_CHAMPION_DrawState	function_parameter	runtime_abi_surface
P	0616	P0616_ui_ChampionIndex	DEFS.H;AMMO.C	F0294_CHAMPION_IsAmmunitionCompatibleWithWeapon	function_parameter	runtime_abi_surface
P	0617	P0617_ui_WeaponSlotIndex	DEFS.H;AMMO.C	F0294_CHAMPION_IsAmmunitionCompatibleWithWeapon	function_parameter	runtime_abi_surface
P	0618	P0618_ui_AmmunitionSlotIndex	DEFS.H;AMMO.C	F0294_CHAMPION_IsAmmunitionCompatibleWithWeapon	function_parameter	runtime_abi_surface
P	0619	P0619_i_SlotBoxIndex	CHAMDRAW.C	F0295_CHAMPION_HasObjectIconInSlotBoxChanged	function_parameter	runtime_abi_surface
P	0620	P0620_T_Thing	CHAMDRAW.C	F0295_CHAMPION_HasObjectIconInSlotBoxChanged	function_parameter	runtime_abi_surface
P	0621	P0621_T_Thing	DEFS.H;CHAMPION.C	F0002_MAIN_GameLoop_CPSDF;F0297_CHAMPION_PutObjectInLeaderHand	function_parameter	runtime_abi_surface
P	0622	P0622_B_SetMousePointerToObjectInMainLoop	DEFS.H;CHAMPION.C	F0002_MAIN_GameLoop_CPSDF;F0297_CHAMPION_PutObjectInLeaderHand	function_parameter	runtime_abi_surface
P	0623	P0623_ps_Champion	CHAMPION.C	F0299_CHAMPION_ApplyObjectModifiersToStatistics	function_parameter	runtime_abi_surface
P	0624	P0624_ui_SlotIndex	CEDT004.C;CHAMPION.C;UTILITY.H	F0299_CHAMPION_ApplyObjectModifiersToStatistics;F7020_RemoveObjectModifiersFromStatistics	function_parameter	runtime_abi_surface
P	0625	P0625_ui_IconIndex	CEDT004.C;CHAMPION.C	F0299_CHAMPION_ApplyObjectModifiersToStatistics;F7020_RemoveObjectModifiersFromStatistics	function_parameter	runtime_abi_surface
P	0626	P0626_i_ModifierFactor	CHAMPION.C	F0299_CHAMPION_ApplyObjectModifiersToStatistics	function_parameter	runtime_abi_surface
P	0627	P0627_T_Thing	CHAMPION.C	F0299_CHAMPION_ApplyObjectModifiersToStatistics	function_parameter	runtime_abi_surface
P	0628	P0628_ui_ChampionIndex	DEFS.H;CHAMPION.C	F0300_CHAMPION_GetObjectRemovedFromSlot	function_parameter	runtime_abi_surface
P	0629	P0629_ui_SlotIndex	DEFS.H;CHAMPION.C	F0300_CHAMPION_GetObjectRemovedFromSlot	function_parameter	runtime_abi_surface
P	0630	P0630_ui_ChampionIndex	DEFS.H;CHAMPION.C	F0301_CHAMPION_AddObjectInSlot	function_parameter	runtime_abi_surface
P	0631	P0631_T_Thing	DEFS.H;CHAMPION.C	F0301_CHAMPION_AddObjectInSlot	function_parameter	runtime_abi_surface
P	0632	P0632_ui_SlotIndex	DEFS.H;CHAMPION.C	F0301_CHAMPION_AddObjectInSlot	function_parameter	runtime_abi_surface
P	0633	P0633_ui_SlotBoxIndex	DEFS.H;CHAMPION.C	F0302_CHAMPION_ProcessCommands28To65_ClickOnSlotBox	function_parameter	runtime_abi_surface
P	0634	P0634_i_ChampionIndex	DEFS.H;CHAMPION.C	F0303_CHAMPION_GetSkillLevel	function_parameter	runtime_abi_surface
P	0635	P0635_ui_SkillIndex	DEFS.H;CHAMPION.C	F0303_CHAMPION_GetSkillLevel	function_parameter	runtime_abi_surface
P	0636	P0636_ui_ChampionIndex	DEFS.H;CHAMPION.C	F0304_CHAMPION_AddSkillExperience	function_parameter	runtime_abi_surface
P	0637	P0637_ui_SkillIndex	DEFS.H;CHAMPION.C	F0304_CHAMPION_AddSkillExperience	function_parameter	runtime_abi_surface
P	0638	P0638_ui_Experience	DEFS.H;CHAMPION.C	F0304_CHAMPION_AddSkillExperience	function_parameter	runtime_abi_surface
P	0639	P0639_T_Thing	DEFS.H;CHAMPION.C	F0305_CHAMPION_GetThrowingStaminaCost	function_parameter	runtime_abi_surface
P	0640	P0640_ps_Champion	CHAMPION.C	F0306_CHAMPION_GetStaminaAdjustedValue	function_parameter	runtime_abi_surface
P	0641	P0641_i_Value	CHAMPION.C	F0306_CHAMPION_GetStaminaAdjustedValue	function_parameter	runtime_abi_surface
P	0642	P0642_ps_Champion	DEFS.H;CHAMPION.C	F0307_CHAMPION_GetStatisticAdjustedAttack	function_parameter	runtime_abi_surface
P	0643	P0643_ui_StatisticIndex	DEFS.H;CHAMPION.C	F0307_CHAMPION_GetStatisticAdjustedAttack	function_parameter	runtime_abi_surface
P	0644	P0644_ui_Attack	DEFS.H;CHAMPION.C	F0307_CHAMPION_GetStatisticAdjustedAttack	function_parameter	runtime_abi_surface
P	0645	P0645_ps_Champion	DEFS.H;CHAMPION.C	F0308_CHAMPION_IsLucky	function_parameter	runtime_abi_surface
P	0646	P0646_ui_Percentage	DEFS.H;CHAMPION.C	F0308_CHAMPION_IsLucky	function_parameter	runtime_abi_surface
P	0647	P0647_ps_Champion	DEFS.H;CHAMPION.C	F0309_CHAMPION_GetMaximumLoad	function_parameter	runtime_abi_surface
P	0648	P0648_ps_Champion	DEFS.H;CHAMPION.C	F0310_CHAMPION_GetMovementTicks	function_parameter	runtime_abi_surface
P	0649	P0649_ps_Champion	DEFS.H;CHAMPION.C	F0311_CHAMPION_GetDexterity	function_parameter	runtime_abi_surface
P	0650	P0650_i_ChampionIndex	DEFS.H;CHAMPION.C	F0312_CHAMPION_GetStrength	function_parameter	runtime_abi_surface
P	0651	P0651_i_SlotIndex	DEFS.H;CHAMPION.C	F0312_CHAMPION_GetStrength	function_parameter	runtime_abi_surface
P	0652	P0652_i_ChampionIndex	DEFS.H;CHAMPION.C	F0313_CHAMPION_GetWoundDefense	function_parameter	runtime_abi_surface
P	0653	P0653_ui_WoundIndex	DEFS.H;CHAMPION.C	F0313_CHAMPION_GetWoundDefense	function_parameter	runtime_abi_surface
P	0654	P0654_i_MapX	DEFS.H;CHAMPION.C	F0315_CHAMPION_GetScentOrdinal	function_parameter	runtime_abi_surface
P	0655	P0655_i_MapY	DEFS.H;CHAMPION.C	F0315_CHAMPION_GetScentOrdinal	function_parameter	runtime_abi_surface
P	0656	P0656_ui_ScentIndex	DEFS.H;CHAMPION.C	F0316_CHAMPION_DeleteScent	function_parameter	runtime_abi_surface
P	0657	P0657_i_MapX	DEFS.H;CHAMPION.C	F0317_CHAMPION_AddScentStrength	function_parameter	runtime_abi_surface
P	0658	P0658_i_MapY	DEFS.H;CHAMPION.C	F0317_CHAMPION_AddScentStrength	function_parameter	runtime_abi_surface
P	0659	P0659_ui_CycleCount	DEFS.H;CHAMPION.C	F0317_CHAMPION_AddScentStrength	function_parameter	runtime_abi_surface
P	0660	P0660_ui_ChampionIndex	CHAMPION.C	F0318_CHAMPION_DropAllObjects	function_parameter	runtime_abi_surface
P	0661	P0661_ui_ChampionIndex	DEFS.H;CHAMPION.C	F0319_CHAMPION_Kill	function_parameter	runtime_abi_surface
P	0662	P0662_i_ChampionIndex	DEFS.H;CHAMPION.C	F0321_CHAMPION_AddPendingDamageAndWounds_GetDamage	function_parameter	runtime_abi_surface
P	0663	P0663_i_Attack	DEFS.H;CHAMPION.C	F0321_CHAMPION_AddPendingDamageAndWounds_GetDamage	function_parameter	runtime_abi_surface
P	0664	P0664_ui_AllowedWounds	DEFS.H;CHAMPION.C	F0321_CHAMPION_AddPendingDamageAndWounds_GetDamage	function_parameter	runtime_abi_surface
P	0665	P0665_ui_AttackType	DEFS.H;CHAMPION.C	F0321_CHAMPION_AddPendingDamageAndWounds_GetDamage	function_parameter	runtime_abi_surface
P	0666	P0666_i_ChampionIndex	DEFS.H;CHAMPION.C	F0322_CHAMPION_Poison	function_parameter	runtime_abi_surface
P	0667	P0667_ui_Attack	DEFS.H;CHAMPION.C	F0322_CHAMPION_Poison	function_parameter	runtime_abi_surface
P	0668	P0668_i_ChampionIndex	DEFS.H;CHAMPION.C	F0323_CHAMPION_Unpoison	function_parameter	runtime_abi_surface
P	0669	P0669_ui_Attack	DEFS.H;CHAMPION.C	F0324_CHAMPION_DamageAll_GetDamagedChampionCount	function_parameter	runtime_abi_surface
P	0670	P0670_i_Wounds	DEFS.H;CHAMPION.C	F0324_CHAMPION_DamageAll_GetDamagedChampionCount	function_parameter	runtime_abi_surface
P	0671	P0671_i_AttackType	DEFS.H;CHAMPION.C	F0324_CHAMPION_DamageAll_GetDamagedChampionCount	function_parameter	runtime_abi_surface
P	0672	P0672_i_ChampionIndex	DEFS.H;CHAMPION.C	F0325_CHAMPION_DecrementStamina	function_parameter	runtime_abi_surface
P	0673	P0673_i_Decrement	DEFS.H;CHAMPION.C	F0325_CHAMPION_DecrementStamina	function_parameter	runtime_abi_surface
P	0674	P0674_ps_Champion	DEFS.H;CHAMPION.C	F0326_CHAMPION_ShootProjectile	function_parameter	runtime_abi_surface
P	0675	P0675_T_Thing	DEFS.H;CHAMPION.C	F0326_CHAMPION_ShootProjectile	function_parameter	runtime_abi_surface
P	0676	P0676_i_KineticEnergy	DEFS.H;CHAMPION.C	F0326_CHAMPION_ShootProjectile	function_parameter	runtime_abi_surface
P	0677	P0677_i_Attack	DEFS.H;CHAMPION.C	F0326_CHAMPION_ShootProjectile	function_parameter	runtime_abi_surface
P	0678	P0678_i_StepEnergy	DEFS.H;CHAMPION.C	F0326_CHAMPION_ShootProjectile	function_parameter	runtime_abi_surface
P	0679	P0679_ui_ChampionIndex	DEFS.H;CHAMPION.C	F0327_CHAMPION_IsProjectileSpellCast	function_parameter	runtime_abi_surface
P	0680	P0680_T_Thing	DEFS.H;CHAMPION.C	F0327_CHAMPION_IsProjectileSpellCast	function_parameter	runtime_abi_surface
P	0681	P0681_i_KineticEnergy	DEFS.H;CHAMPION.C	F0327_CHAMPION_IsProjectileSpellCast	function_parameter	runtime_abi_surface
P	0682	P0682_ui_RequiredManaAmount	DEFS.H;CHAMPION.C	F0327_CHAMPION_IsProjectileSpellCast	function_parameter	runtime_abi_surface
P	0683	P0683_ui_ChampionIndex	DEFS.H;CHAMPION.C	F0328_CHAMPION_IsObjectThrown	function_parameter	runtime_abi_surface
P	0684	P0684_i_SlotIndex	DEFS.H;CHAMPION.C	F0328_CHAMPION_IsObjectThrown	function_parameter	runtime_abi_surface
P	0685	P0685_i_Side	DEFS.H;CHAMPION.C	F0328_CHAMPION_IsObjectThrown	function_parameter	runtime_abi_surface
P	0686	P0686_i_Side	DEFS.H;CHAMPION.C	F0329_CHAMPION_IsLeaderHandObjectThrown	function_parameter	runtime_abi_surface
P	0687	P0687_ui_ChampionIndex	DEFS.H;CHAMPION.C	F0330_CHAMPION_DisableAction	function_parameter	runtime_abi_surface
P	0688	P0688_ui_Ticks	DEFS.H;CHAMPION.C	F0330_CHAMPION_DisableAction	function_parameter	runtime_abi_surface
P	0689	P0689_i_IconIndex	PANEL.C	F0332_INVENTORY_DrawIconToViewport	function_parameter	runtime_abi_surface
P	0690	P0690_i_X	PANEL.C	F0332_INVENTORY_DrawIconToViewport	function_parameter	runtime_abi_surface
P	0691	P0691_i_Y	PANEL.C	F0332_INVENTORY_DrawIconToViewport	function_parameter	runtime_abi_surface
P	0692	P0692_T_Thing	DEFS.H;CHEST.C	F0333_INVENTORY_OpenAndDrawChest	function_parameter	runtime_abi_surface
P	0693	P0693_ps_Container	DEFS.H;CHEST.C	F0333_INVENTORY_OpenAndDrawChest	function_parameter	runtime_abi_surface
P	0694	P0694_B_PressingEye	DEFS.H;CHEST.C	F0333_INVENTORY_OpenAndDrawChest	function_parameter	runtime_abi_surface
P	0695	P0695_pc_String	PANEL.C	F0335_INVENTORY_DrawPanel_ObjectDescriptionString	function_parameter	runtime_abi_surface
P	0696	P0696_i_PotentialAttributesMask	PANEL.C	F0336_INVENTORY_DrawPanel_BuildObjectAttributesString	function_parameter	runtime_abi_surface
P	0697	P0697_i_ActualAttributesMask	PANEL.C	F0336_INVENTORY_DrawPanel_BuildObjectAttributesString	function_parameter	runtime_abi_surface
P	0698	P0698_ppc_AttributeStrings	PANEL.C	F0336_INVENTORY_DrawPanel_BuildObjectAttributesString	function_parameter	runtime_abi_surface
P	0699	P0699_pc_StringDestination	PANEL.C	F0336_INVENTORY_DrawPanel_BuildObjectAttributesString	function_parameter	runtime_abi_surface
P	0700	P0700_pc_StringPrefix	PANEL.C	F0336_INVENTORY_DrawPanel_BuildObjectAttributesString	function_parameter	runtime_abi_surface
P	0701	P0701_pc_StringSuffix	PANEL.C	F0336_INVENTORY_DrawPanel_BuildObjectAttributesString	function_parameter	runtime_abi_surface
P	0702	P0702_B_PressingEye	PANEL.C	F0339_INVENTORY_DrawPanel_ArrowOrEye	function_parameter	runtime_abi_surface
P	0703	P0703_i_Y	PANEL.C	F0340_INVENTORY_DrawPanel_ScrollTextLine	function_parameter	runtime_abi_surface
P	0704	P0704_pc_String	PANEL.C	F0340_INVENTORY_DrawPanel_ScrollTextLine	function_parameter	runtime_abi_surface
P	0705	P0705_ps_Scroll	PANEL.C	F0341_INVENTORY_DrawPanel_Scroll	function_parameter	runtime_abi_surface
P	0706	P0706_T_Thing	PANEL.C;DEFS.H	F0342_INVENTORY_DrawPanel_Object	function_parameter	runtime_abi_surface
P	0707	P0707_B_PressingEye	PANEL.C;DEFS.H	F0342_INVENTORY_DrawPanel_Object	function_parameter	runtime_abi_surface
P	0708	P0708_i_X	PANEL.C	F0343_INVENTORY_DrawPanel_HorizontalBar	function_parameter	runtime_abi_surface
P	0709	P0709_i_Y	PANEL.C	F0343_INVENTORY_DrawPanel_HorizontalBar	function_parameter	runtime_abi_surface
P	0710	P0710_i_PixelWidth	PANEL.C	F0343_INVENTORY_DrawPanel_HorizontalBar	function_parameter	runtime_abi_surface
P	0711	P0711_i_Color	PANEL.C	F0343_INVENTORY_DrawPanel_HorizontalBar	function_parameter	runtime_abi_surface
P	0712	P0712_i_Amount	PANEL.C	F0344_INVENTORY_DrawPanel_FoodOrWaterBar	function_parameter	runtime_abi_surface
P	0713	P0713_i_Y	PANEL.C	F0344_INVENTORY_DrawPanel_FoodOrWaterBar	function_parameter	runtime_abi_surface
P	0714	P0714_i_Color	PANEL.C	F0344_INVENTORY_DrawPanel_FoodOrWaterBar	function_parameter	runtime_abi_surface
P	0715	P0715_ps_Champion	PANEL.C	F0348_INVENTORY_AdjustStatisticCurrentValue	function_parameter	runtime_abi_surface
P	0716	P0716_ui_StatisticIndex	PANEL.C	F0348_INVENTORY_AdjustStatisticCurrentValue	function_parameter	runtime_abi_surface
P	0717	P0717_i_ValueDelta	PANEL.C	F0348_INVENTORY_AdjustStatisticCurrentValue	function_parameter	runtime_abi_surface
P	0718	P0718_i_ChampionIndex	PANEL.C;DEFS.H	F0354_INVENTORY_DrawStatusBoxPortrait	function_parameter	runtime_abi_surface
P	0719	P0719_i_ChampionIndex	PANEL.C;DEFS.H	F0355_INVENTORY_Toggle_CPSE	function_parameter	runtime_abi_surface
P	0720	P0720_pc_SectorBuffer	COPYPRO7.C	F0356_CPSE_IsFuzzySectorValid_ByteValuesAndFuzzyBitCount	function_parameter	runtime_abi_surface
P	0720	P0720_pi_SectorBuffer	COPYPRO7.C	F0356_CPSE_IsFuzzySectorValid_ByteValuesAndFuzzyBitCount	function_parameter	runtime_abi_surface
P	0721	P0721_ps_MouseInput	COMMAND.C;DEFS.H	F0358_COMMAND_GetCommandFromMouseInput_CPSC	function_parameter	runtime_abi_surface
P	0722	P0722_i_X	COMMAND.C;DEFS.H	F0358_COMMAND_GetCommandFromMouseInput_CPSC	function_parameter	runtime_abi_surface
P	0723	P0723_i_Y	COMMAND.C;DEFS.H	F0358_COMMAND_GetCommandFromMouseInput_CPSC	function_parameter	runtime_abi_surface
P	0724	P0724_i_ButtonsStatus	COMMAND.C;DEFS.H	F0358_COMMAND_GetCommandFromMouseInput_CPSC	function_parameter	runtime_abi_surface
P	0725	P0725_i_X	COMMAND.C;DEFS.H;SWITCH.C	F0359_COMMAND_ProcessClick_CPSC	function_parameter	runtime_abi_surface
P	0726	P0726_i_Y	COMMAND.C;DEFS.H;SWITCH.C	F0359_COMMAND_ProcessClick_CPSC	function_parameter	runtime_abi_surface
P	0727	P0727_i_ButtonsStatus	COMMAND.C;DEFS.H;SWITCH.C	F0359_COMMAND_ProcessClick_CPSC	function_parameter	runtime_abi_surface
P	0728	P0728_KeyCode	COMMAND.C;DEFS.H	F0361_COMMAND_ProcessKeyPress	function_parameter	runtime_abi_surface
P	0729	P0729_i_X1	CLIKMENU.C	F0362_COMMAND_HighlightBoxEnable	function_parameter	runtime_abi_surface
P	0730	P0730_i_X2	CLIKMENU.C	F0362_COMMAND_HighlightBoxEnable	function_parameter	runtime_abi_surface
P	0731	P0731_i_Y1	CLIKMENU.C	F0362_COMMAND_HighlightBoxEnable	function_parameter	runtime_abi_surface
P	0732	P0732_i_Y2	CLIKMENU.C	F0362_COMMAND_HighlightBoxEnable	function_parameter	runtime_abi_surface
P	0733	P0733_B_StairsGoDown	CLIKMENU.C	F0364_COMMAND_TakeStairs	function_parameter	runtime_abi_surface
P	0734	P0734_i_Command	CLIKMENU.C;DEFS.H	F0365_COMMAND_ProcessTypes1To2_TurnParty	function_parameter	runtime_abi_surface
P	0735	P0735_ui_Command	CLIKMENU.C;DEFS.H	F0366_COMMAND_ProcessTypes3To6_MoveParty	function_parameter	runtime_abi_surface
P	0736	P0736_ui_ChampionIndex	CLIKCHAM.C	F0367_COMMAND_ProcessTypes12To27_ClickInChampionStatusBox	function_parameter	runtime_abi_surface
P	0737	P0737_i_X	CLIKCHAM.C	F0367_COMMAND_ProcessTypes12To27_ClickInChampionStatusBox	function_parameter	runtime_abi_surface
P	0738	P0738_i_Y	CLIKCHAM.C	F0367_COMMAND_ProcessTypes12To27_ClickInChampionStatusBox	function_parameter	runtime_abi_surface
P	0739	P0739_i_ChampionIndex	DEFS.H;CLIKCHAM.C	F0368_COMMAND_SetLeader	function_parameter	runtime_abi_surface
P	0740	P0740_i_Command	CLIKMENU.C;DEFS.H	F0369_COMMAND_ProcessTypes101To108_ClickInSpellSymbolsArea_CPSE	function_parameter	runtime_abi_surface
P	0741	P0741_ui_X	CLIKMENU.C;DEFS.H	F0370_COMMAND_ProcessType100_ClickInSpellArea_CPSE	function_parameter	runtime_abi_surface
P	0742	P0742_ui_Y	CLIKMENU.C;DEFS.H	F0370_COMMAND_ProcessType100_ClickInSpellArea_CPSE	function_parameter	runtime_abi_surface
P	0743	P0743_i_X	CLIKMENU.C;DEFS.H	F0371_COMMAND_ProcessType111To115_ClickInActionArea_CPSE	function_parameter	runtime_abi_surface
P	0744	P0744_i_Y	CLIKMENU.C;DEFS.H	F0371_COMMAND_ProcessType111To115_ClickInActionArea_CPSE	function_parameter	runtime_abi_surface
P	0745	P0745_ui_ViewCell	CLIKVIEW.C	F0373_COMMAND_ProcessType80_ClickInDungeonView_GrabLeaderHandObject	function_parameter	runtime_abi_surface
P	0746	P0746_ui_ViewCell	CLIKVIEW.C	F0374_COMMAND_ProcessType80_ClickInDungeonView_DropLeaderHandObject	function_parameter	runtime_abi_surface
P	0747	P0747_i_X	CLIKVIEW.C	F0375_COMMAND_ProcessType80_ClickInDungeonView_IsLeaderHandObjectThrown	function_parameter	runtime_abi_surface
P	0748	P0748_i_Y	CLIKVIEW.C	F0375_COMMAND_ProcessType80_ClickInDungeonView_IsLeaderHandObjectThrown	function_parameter	runtime_abi_surface
P	0749	P0749_p_Box	CLIKVIEW.C;DEFS.H	F0376_COMMAND_IsPointInBox	function_parameter	runtime_abi_surface
P	0749	P0749_pi_XYZ	COORD.C;DEFS.H;SWITCH.C	F0798_COMMAND_IsPointInZone	function_parameter	runtime_abi_surface
P	0750	P0750_i_X	CLIKVIEW.C;COORD.C;DEFS.H;SWITCH.C	F0376_COMMAND_IsPointInBox;F0798_COMMAND_IsPointInZone	function_parameter	runtime_abi_surface
P	0751	P0751_i_Y	CLIKVIEW.C;COORD.C;DEFS.H;SWITCH.C	F0376_COMMAND_IsPointInBox;F0798_COMMAND_IsPointInZone	function_parameter	runtime_abi_surface
P	0752	P0752_i_X	CLIKVIEW.C;DEFS.H	F0377_COMMAND_ProcessType80_ClickInDungeonView	function_parameter	runtime_abi_surface
P	0753	P0753_i_Y	CLIKVIEW.C;DEFS.H	F0377_COMMAND_ProcessType80_ClickInDungeonView	function_parameter	runtime_abi_surface
P	0754	P0754_i_X	COMMAND.C	F0378_COMMAND_ProcessType81_ClickInPanel	function_parameter	runtime_abi_surface
P	0755	P0755_i_Y	COMMAND.C	F0378_COMMAND_ProcessType81_ClickInPanel	function_parameter	runtime_abi_surface
P	0756	P0756_pc_String	MENU.C;DEFS.H	F0381_MENUS_PrintMessageAfterReplacements	function_parameter	runtime_abi_surface
P	0757	P0757_ps_ActionSet	MENU.C	F0383_MENUS_SetActionList	function_parameter	runtime_abi_surface
P	0758	P0758_uc_ActionIndex	DEFS.H;ACTIDRAW.C	F0384_MENUS_GetActionName	function_parameter	runtime_abi_surface
P	0759	P0759_i_Damage	DEFS.H;ACTIDRAW.C	F0385_MENUS_DrawActionDamage	function_parameter	runtime_abi_surface
P	0760	P0760_ui_ChampionIndex	DEFS.H;ACTIDRAW.C	F0386_MENUS_DrawActionIcon	function_parameter	runtime_abi_surface
P	0761	P0761_ui_ChampionIndex	MENU.C;DEFS.H	F0389_MENUS_ProcessCommands116To119_SetActingChampion	function_parameter	runtime_abi_surface
P	0762	P0762_i_ActionListIndex	MENU.C;DEFS.H	F0391_MENUS_DidClickTriggerAction	function_parameter	runtime_abi_surface
P	0763	P0763_i_SpellAreaBitmapLine	MENU.C	F0392_MENUS_BuildSpellAreaLine	function_parameter	runtime_abi_surface
P	0764	P0764_ui_ChampionIndex	SPELDRAW.C;DEFS.H	F0393_MENUS_DrawSpellAreaControls	function_parameter	runtime_abi_surface
P	0765	P0765_i_ChampionIndex	CASTER.C;DEFS.H	F0394_MENUS_SetMagicCasterAndDrawSpellArea	function_parameter	runtime_abi_surface
P	0766	P0766_ui_SymbolStep	DEFS.H;MENUDRAW.C	F0397_MENUS_DrawAvailableSymbols	function_parameter	runtime_abi_surface
P	0767	P0767_ps_Champion	DEFS.H;MENUDRAW.C	F0398_MENUS_DrawChampionSymbols	function_parameter	runtime_abi_surface
P	0768	P0768_i_SymbolIndex	DEFS.H;SYMBOL.C	F0399_MENUS_AddChampionSymbol	function_parameter	runtime_abi_surface
P	0769	P0769_i_ChampionIndex	MENU.C	F0401_MENUS_IsGroupFrightenedByAction	function_parameter	runtime_abi_surface
P	0770	P0770_ui_ActionIndex	MENU.C	F0401_MENUS_IsGroupFrightenedByAction	function_parameter	runtime_abi_surface
P	0771	P0771_i_MapX	MENU.C	F0401_MENUS_IsGroupFrightenedByAction	function_parameter	runtime_abi_surface
P	0772	P0772_i_MapY	MENU.C	F0401_MENUS_IsGroupFrightenedByAction	function_parameter	runtime_abi_surface
P	0773	P0773_i_ChampionIndex	MENU.C	F0402_MENUS_IsMeleeActionPerformed	function_parameter	runtime_abi_surface
P	0774	P0774_ps_Champion	MENU.C	F0402_MENUS_IsMeleeActionPerformed	function_parameter	runtime_abi_surface
P	0775	P0775_i_ActionIndex	MENU.C	F0402_MENUS_IsMeleeActionPerformed	function_parameter	runtime_abi_surface
P	0776	P0776_i_TargetMapX	MENU.C	F0402_MENUS_IsMeleeActionPerformed	function_parameter	runtime_abi_surface
P	0777	P0777_i_TargetMapY	MENU.C	F0402_MENUS_IsMeleeActionPerformed	function_parameter	runtime_abi_surface
P	0778	P0778_i_SkillIndex	MENU.C	F0402_MENUS_IsMeleeActionPerformed	function_parameter	runtime_abi_surface
P	0779	P0779_ps_Champion	MENU.C	F0403_MENUS_IsPartySpellOrFireShieldSuccessful	function_parameter	runtime_abi_surface
P	0780	P0780_B_SpellShield	MENU.C	F0403_MENUS_IsPartySpellOrFireShieldSuccessful	function_parameter	runtime_abi_surface
P	0781	P0781_ui_Ticks	MENU.C	F0403_MENUS_IsPartySpellOrFireShieldSuccessful	function_parameter	runtime_abi_surface
P	0782	P0782_B_UseMana	MENU.C	F0403_MENUS_IsPartySpellOrFireShieldSuccessful	function_parameter	runtime_abi_surface
P	0783	P0783_i_LightPower	MENU.C	F0404_MENUS_CreateEvent70_Light	function_parameter	runtime_abi_surface
P	0784	P0784_i_Ticks	MENU.C	F0404_MENUS_CreateEvent70_Light	function_parameter	runtime_abi_surface
P	0785	P0785_ps_Champion	MENU.C	F0405_MENUS_DecrementCharges	function_parameter	runtime_abi_surface
P	0786	P0786_ps_Champion	MENU.C	F0406_MENUS_SetChampionDirectionToPartyDirection	function_parameter	runtime_abi_surface
P	0787	P0787_ui_ChampionIndex	MENU.C	F0407_MENUS_IsActionPerformed	function_parameter	runtime_abi_surface
P	0788	P0788_i_ActionIndex	MENU.C	F0407_MENUS_IsActionPerformed	function_parameter	runtime_abi_surface
P	0789	P0789_puc_Symbols	MENU.C	F0409_MENUS_GetSpellFromSymbols	function_parameter	runtime_abi_surface
P	0790	P0790_ps_Champion	SPELFAIL.C;DEFS.H	F0410_MENUS_PrintSpellFailureMessage	function_parameter	runtime_abi_surface
P	0791	P0791_ui_FailureType	SPELFAIL.C;DEFS.H	F0410_MENUS_PrintSpellFailureMessage	function_parameter	runtime_abi_surface
P	0792	P0792_ui_SkillIndex	SPELFAIL.C;DEFS.H	F0410_MENUS_PrintSpellFailureMessage	function_parameter	runtime_abi_surface
P	0793	P0793_ps_Champion	MENU.C	F0411_MENUS_GetEmptyFlaskInHand	function_parameter	runtime_abi_surface
P	0794	P0794_pT_PotionThing	MENU.C	F0411_MENUS_GetEmptyFlaskInHand	function_parameter	runtime_abi_surface
P	0795	P0795_ui_ChampionIndex	MENU.C;DEFS.H	F0412_MENUS_GetChampionSpellCastResult	function_parameter	runtime_abi_surface
P	0796	P0796_pfv_Function	COPYPRO8.C	F0413_CPSC_GetChecksumEor	function_parameter	runtime_abi_surface
P	0796	P0796_pfv_StartFunction	COPYPRO8.C	F0413_CPSC_GetChecksumEor	function_parameter	runtime_abi_surface
P	0797	P0797_pc_DestinationString	SAVEPATH.C;DEFS.H	F0414_SAVEUTIL_ReplaceTildeByDriveLetterInString	function_parameter	runtime_abi_surface
P	0798	P0798_pc_SourceString	SAVEPATH.C;DEFS.H	F0414_SAVEUTIL_ReplaceTildeByDriveLetterInString	function_parameter	runtime_abi_surface
P	0799	P0799_i_DriveType	SAVEPATH.C;DEFS.H	F0414_SAVEUTIL_ReplaceTildeByDriveLetterInString	function_parameter	runtime_abi_surface
P	0800	P0800_puc_Buffer	READWRIT.C;DEFS.H	F0415_SAVEUTIL_IsReadBytesSuccessful	function_parameter	runtime_abi_surface
P	0801	P0801_ui_ByteCount	READWRIT.C;DEFS.H	F0415_SAVEUTIL_IsReadBytesSuccessful	function_parameter	runtime_abi_surface
P	0802	P0802_puc_Buffer	READWRIT.C;DEFS.H	F0416_SAVEUTIL_IsWriteBytesSuccessful	function_parameter	runtime_abi_surface
P	0803	P0803_ui_ByteCount	READWRIT.C;DEFS.H	F0416_SAVEUTIL_IsWriteBytesSuccessful	function_parameter	runtime_abi_surface
P	0804	P0804_pui_Buffer	HINTLOAD.C;READWRIT.C;DEFS.H;CEDTINC6.C;UTILITY.H	F0417_SAVEUTIL_GetChecksumAndObfuscate;F7055_F0417_SAVEUTIL_GetChecksumAndObfuscate	function_parameter	runtime_abi_surface
P	0805	P0805_ui_Key	HINTLOAD.C;READWRIT.C;DEFS.H;CEDTINC6.C;UTILITY.H	F0417_SAVEUTIL_GetChecksumAndObfuscate;F7055_F0417_SAVEUTIL_GetChecksumAndObfuscate	function_parameter	runtime_abi_surface
P	0806	P0806_ui_WordCount	HINTLOAD.C;READWRIT.C;DEFS.H;CEDTINC6.C;UTILITY.H	F0417_SAVEUTIL_GetChecksumAndObfuscate;F7055_F0417_SAVEUTIL_GetChecksumAndObfuscate	function_parameter	runtime_abi_surface
P	0807	P0807_pui_Buffer	HINTLOAD.C;READWRIT.C;DEFS.H;CEDTINC6.C;CEDT007.C	F0418_SAVEUTIL_GetChecksum;F7056_F0418_SAVEUTIL_GetChecksum	function_parameter	runtime_abi_surface
P	0808	P0808_ui_Key	HINTLOAD.C;READWRIT.C;DEFS.H;CEDTINC6.C;CEDT007.C	F0418_SAVEUTIL_GetChecksum;F7056_F0418_SAVEUTIL_GetChecksum	function_parameter	runtime_abi_surface
P	0809	P0809_ui_WordCount	HINTLOAD.C;READWRIT.C;DEFS.H;CEDTINC6.C;CEDT007.C	F0418_SAVEUTIL_GetChecksum;F7056_F0418_SAVEUTIL_GetChecksum	function_parameter	runtime_abi_surface
P	0810	P0810_pc_Buffer	READWRIT.C;DEFS.H	F0419_SAVEUTIL_IsReadObfuscatedBytesAndValidateChecksumSuccessful	function_parameter	runtime_abi_surface
P	0811	P0811_ui_ByteCount	READWRIT.C;DEFS.H	F0419_SAVEUTIL_IsReadObfuscatedBytesAndValidateChecksumSuccessful	function_parameter	runtime_abi_surface
P	0812	P0812_ui_Key	READWRIT.C;DEFS.H	F0419_SAVEUTIL_IsReadObfuscatedBytesAndValidateChecksumSuccessful	function_parameter	runtime_abi_surface
P	0813	P0813_ui_ExpectedChecksum	READWRIT.C;DEFS.H	F0419_SAVEUTIL_IsReadObfuscatedBytesAndValidateChecksumSuccessful	function_parameter	runtime_abi_surface
P	0814	P0814_pc_Buffer	READWRIT.C;DEFS.H	F0420_SAVEUTIL_IsWriteObfuscatedSavePartSuccessful	function_parameter	runtime_abi_surface
P	0815	P0815_ui_ByteCount	READWRIT.C;DEFS.H	F0420_SAVEUTIL_IsWriteObfuscatedSavePartSuccessful	function_parameter	runtime_abi_surface
P	0816	P0816_i_Key	READWRIT.C;DEFS.H	F0420_SAVEUTIL_IsWriteObfuscatedSavePartSuccessful	function_parameter	runtime_abi_surface
P	0817	P0817_pi_Checksum	READWRIT.C;DEFS.H	F0420_SAVEUTIL_IsWriteObfuscatedSavePartSuccessful	function_parameter	runtime_abi_surface
P	0818	P0818_puc_Buffer	READWRIT.C;DEFS.H	F0421_SAVEUTIL_IsReadBytesWithChecksumSuccessful	function_parameter	runtime_abi_surface
P	0819	P0819_pi_RunningChecksum	READWRIT.C;DEFS.H	F0421_SAVEUTIL_IsReadBytesWithChecksumSuccessful	function_parameter	runtime_abi_surface
P	0820	P0820_i_ByteCount	READWRIT.C;DEFS.H	F0421_SAVEUTIL_IsReadBytesWithChecksumSuccessful	function_parameter	runtime_abi_surface
P	0821	P0821_puc_Buffer	READWRIT.C;DEFS.H	F0422_SAVEUTIL_IsWriteBytesWithChecksumSuccessful	function_parameter	runtime_abi_surface
P	0822	P0822_pi_RunningChecksum	READWRIT.C;DEFS.H	F0422_SAVEUTIL_IsWriteBytesWithChecksumSuccessful	function_parameter	runtime_abi_surface
P	0823	P0823_i_ByteCount	READWRIT.C;DEFS.H	F0422_SAVEUTIL_IsWriteBytesWithChecksumSuccessful	function_parameter	runtime_abi_surface
P	0824	P0824_ui_ChoiceCount	DEFS.H;DIALOG.C	F0424_DIALOG_GetChoice	function_parameter	runtime_abi_surface
P	0825	P0825_ui_DialogSetIndex	DEFS.H;DIALOG.C	F0424_DIALOG_GetChoice	function_parameter	runtime_abi_surface
P	0826	P0826_i_DriveType	DEFS.H;DIALOG.C	F0424_DIALOG_GetChoice	function_parameter	runtime_abi_surface
P	0827	P0827_i_AutomaticChoiceIfFloppyInDrive	DEFS.H;DIALOG.C	F0424_DIALOG_GetChoice	function_parameter	runtime_abi_surface
P	0828	P0828_puc_Bitmap	DIALOG.C	F0425_DIALOG_PrintCenteredChoice	function_parameter	runtime_abi_surface
P	0829	P0829_pc_String	DIALOG.C	F0425_DIALOG_PrintCenteredChoice	function_parameter	runtime_abi_surface
P	0830	P0830_i_X	DIALOG.C	F0425_DIALOG_PrintCenteredChoice	function_parameter	runtime_abi_surface
P	0831	P0831_i_Y	DIALOG.C	F0425_DIALOG_PrintCenteredChoice	function_parameter	runtime_abi_surface
P	0832	P0832_pc_String	DIALOG.C	F0426_DIALOG_IsMessageOnTwoLines	function_parameter	runtime_abi_surface
P	0833	P0833_pc_Part1	DIALOG.C	F0426_DIALOG_IsMessageOnTwoLines	function_parameter	runtime_abi_surface
P	0834	P0834_pc_Part2	DIALOG.C	F0426_DIALOG_IsMessageOnTwoLines	function_parameter	runtime_abi_surface
P	0835	P0835_pc_Message1	DEFS.H;DIALOG.C	F0427_DIALOG_Draw	function_parameter	runtime_abi_surface
P	0836	P0836_pc_Message2	DEFS.H;DIALOG.C	F0427_DIALOG_Draw	function_parameter	runtime_abi_surface
P	0837	P0837_pc_Choice1	DEFS.H;DIALOG.C	F0427_DIALOG_Draw	function_parameter	runtime_abi_surface
P	0838	P0838_pc_Choice2	DEFS.H;DIALOG.C	F0427_DIALOG_Draw	function_parameter	runtime_abi_surface
P	0839	P0839_pc_Choice3	DEFS.H;DIALOG.C	F0427_DIALOG_Draw	function_parameter	runtime_abi_surface
P	0840	P0840_pc_Choice4	DEFS.H;DIALOG.C	F0427_DIALOG_Draw	function_parameter	runtime_abi_surface
P	0841	P0841_B_ScreenDialog	DEFS.H;DIALOG.C	F0427_DIALOG_Draw	function_parameter	runtime_abi_surface
P	0842	P0842_B_ClearScreen	DEFS.H;DIALOG.C	F0427_DIALOG_Draw	function_parameter	runtime_abi_surface
P	0843	P0843_B_Fading	DEFS.H;DIALOG.C	F0427_DIALOG_Draw	function_parameter	runtime_abi_surface
P	0844	P0844_B_ForceDialog	REQDISK.C;DEFS.H	F0428_DIALOG_RequireGameDiskInDrive_NoDialogDrawn	function_parameter	runtime_abi_surface
P	0845	P0845_B_ModalDialog	REQDISK.C;DEFS.H	F0428_DIALOG_RequireGameDiskInDrive_NoDialogDrawn	function_parameter	runtime_abi_surface
P	0846	P0846_pi_Buffer	SAVEHEAD.C;CEDTINC6.C;CEDT007.C	F0429_STARTEND_IsReadSaveHeaderSuccessful;F7061_F0429_STARTEND_IsReadSaveHeaderSuccessful	function_parameter	runtime_abi_surface
P	0847	P0847_pi_Buffer	SAVEHEAD.C;CEDTINC6.C;CEDT007.C	F0430_STARTEND_IsWriteObfuscatedSaveHeaderSuccessful;F7062_F0430_STARTEND_IsWriteObfuscatedSaveHeaderSuccessful	function_parameter	runtime_abi_surface
P	0848	P0848_ui_RGBColor	DARKCOLR.C;DEFS.H	F0431_STARTEND_GetDarkenedColor	function_parameter	runtime_abi_surface
P	0849	P0849_pui_TargetColorPalette	PALETTE.C;DEFS.H	F0436_STARTEND_FadeToPalette	function_parameter	runtime_abi_surface
P	0850	P0850_i_GraphicIndex	MEMORY.C;DEFS.H;ENTRANCE.C	F0440_STARTEND_GetTemporarilyLoadedGraphicByteCount	function_parameter	runtime_abi_surface
P	0851	P0851_ppuc_Graphic	MEMORY.C;DEFS.H;ENTRANCE.C	F0440_STARTEND_GetTemporarilyLoadedGraphicByteCount	function_parameter	runtime_abi_surface
P	0852	P0852_i_X	ENDGAME.C	F0443_STARTEND_EndgamePrintString	function_parameter	runtime_abi_surface
P	0853	P0853_i_Y	ENDGAME.C	F0443_STARTEND_EndgamePrintString	function_parameter	runtime_abi_surface
P	0854	P0854_i_TextColor	ENDGAME.C	F0443_STARTEND_EndgamePrintString	function_parameter	runtime_abi_surface
P	0855	P0855_pc_String	ENDGAME.C	F0443_STARTEND_EndgamePrintString	function_parameter	runtime_abi_surface
P	0856	P0856_B_DoNotDrawCreditsOnly	DEFS.H;ENDGAME.C	F0444_STARTEND_Endgame	function_parameter	runtime_abi_surface
P	0857	P0857_B_CommandLineParameterIsAUTO	ENDGAME.C	F0447_STARTEND_HangIfFalse_CPSA	function_parameter	runtime_abi_surface
P	0858	P0858_i_FloppyDriveIndex	FLOPPYST.C	F0449_FLOPPY_IsDiskWriteProtected	function_parameter	runtime_abi_surface
P	0859	P0859_pc_Buffer	FLOPPYST.C	F0449_FLOPPY_IsDiskWriteProtected	function_parameter	runtime_abi_surface
P	0860	P0860_i_DriveType	FLOPPYST.C	F0450_FLOPPY_ForceMediaChangeDetection	function_parameter	runtime_abi_surface
P	0861	P0861_ui_DriveType	DEFS.H;FLOPPY.C	F0452_FLOPPY_GetDiskTypeInDrive_CPSB	function_parameter	runtime_abi_surface
P	0862	P0862_ui_SaveDiskType	DEFS.H;FLOPPY.C	F0454_FLOPPY_IsSaveDiskTypeInSaveDiskDrive	function_parameter	runtime_abi_surface
P	0863	P0863_puc_CompressedDungeonBuffer	DEFS.H;DECOMPDU.C	F0455_FLOPPY_DecompressDungeon	function_parameter	runtime_abi_surface
P	0864	P0864_puc_DecompressedDungeonBuffer	DEFS.H;DECOMPDU.C	F0455_FLOPPY_DecompressDungeon	function_parameter	runtime_abi_surface
P	0865	P0865_l_DecompressedByteCount	DEFS.H;DECOMPDU.C	F0455_FLOPPY_DecompressDungeon	function_parameter	runtime_abi_surface
P	0866	P0866_pc_CommandLineParameters	STARTUP2.C	F0458_START_GetCommandLineParameters_CPSA	function_parameter	runtime_abi_surface
P	0867	P0867_i_ByteWidth	BMPSIZE.C;DEFS.H	F0459_START_GetScaledBitmapByteCount	function_parameter	runtime_abi_surface
P	0868	P0868_i_Height	BMPSIZE.C;DEFS.H	F0459_START_GetScaledBitmapByteCount	function_parameter	runtime_abi_surface
P	0869	P0869_i_Scale	BMPSIZE.C;DEFS.H	F0459_START_GetScaledBitmapByteCount	function_parameter	runtime_abi_surface
P	0870	P0870_pfv_Function	COPYPRO9.C	F0464_CPSC_GetChecksumSub	function_parameter	runtime_abi_surface
P	0871	P0871_puc_Graphic	DEFS.H;EXPAND.C	F0466_EXPAND_GraphicToBitmap	function_parameter	runtime_abi_surface
P	0872	P0872_puc_Bitmap	DEFS.H;EXPAND.C	F0466_EXPAND_GraphicToBitmap	function_parameter	runtime_abi_surface
P	0873	P0873_i_X	DEFS.H;EXPAND.C	F0466_EXPAND_GraphicToBitmap	function_parameter	runtime_abi_surface
P	0874	P0874_i_Y	DEFS.H;EXPAND.C	F0466_EXPAND_GraphicToBitmap	function_parameter	runtime_abi_surface
P	0875	P0875_ui_GraphicIndex	MEMORY.C	F0467_MEMORY_GetGraphicOffset	function_parameter	runtime_abi_surface
P	0876	P0876_l_ByteCount	MEMORY.C;DEFS.H	F0468_MEMORY_Allocate	function_parameter	runtime_abi_surface
P	0877	P0877_ui_AllocationType	MEMORY.C;DEFS.H	F0468_MEMORY_Allocate	function_parameter	runtime_abi_surface
P	0878	P0878_l_ByteCount	MEMORY.C;DEFS.H	F0469_MEMORY_FreeAtHeapTop	function_parameter	runtime_abi_surface
P	0879	P0879_l_ByteCount	MEMORY.C;DEFS.H	F0470_MEMORY_FreeAtHeapBottom	function_parameter	runtime_abi_surface
P	0880	P0880_puc_Block	MEMORY.C	F0471_CACHE_RemoveUnusedBlock	function_parameter	runtime_abi_surface
P	0881	P0881_puc_Block	MEMORY.C	F0472_CACHE_AddUnusedBlock	function_parameter	runtime_abi_surface
P	0882	P0882_pui_Values	MEMORY.C	F0473_MEMORY_SortValues	function_parameter	runtime_abi_surface
P	0883	P0883_ValueCount	MEMORY.C	F0473_MEMORY_SortValues	function_parameter	runtime_abi_surface
P	0884	P0884_i_GraphicIndex	MEMORY.C	F0474_MEMORY_LoadGraphic_CPSDF	function_parameter	runtime_abi_surface
P	0885	P0885_puc_Graphic	MEMORY.C	F0474_MEMORY_LoadGraphic_CPSDF	function_parameter	runtime_abi_surface
P	0886	P0886_puc_HeapMemoryBottom	MEMORY.C;DEFS.H	F0475_MEMORY_Initialize	function_parameter	runtime_abi_surface
P	0887	P0887_l_AvailableHeapMemoryByteCount	MEMORY.C;DEFS.H	F0475_MEMORY_Initialize	function_parameter	runtime_abi_surface
P	0888	P0888_puc_AvailableGEMMemoryBottom	MEMORY.C;DEFS.H	F0475_MEMORY_Initialize	function_parameter	runtime_abi_surface
P	0889	P0889_l_AvailableGEMMemoryByteCount	MEMORY.C;DEFS.H	F0475_MEMORY_Initialize	function_parameter	runtime_abi_surface
P	0890	P0890_i_BitmapIndex	MEMORY.C;DEFS.H	F0480_CACHE_ReleaseBlock	function_parameter	runtime_abi_surface
P	0891	P0891_l_ByteCount	MEMORY.C	F0481_CACHE_FreeMemory	function_parameter	runtime_abi_surface
P	0892	P0892_l_Size	MEMORY.C	F0483_CACHE_GetNewBlock	function_parameter	runtime_abi_surface
P	0893	P0893_p_GraphicIndices	MEMORY.C;DEFS.H	F0484_MEMORY_LoadGraphics_CPSDEF	function_parameter	runtime_abi_surface
P	0894	P0894_i_GraphicCount	MEMORY.C;DEFS.H	F0484_MEMORY_LoadGraphics_CPSDEF	function_parameter	runtime_abi_surface
P	0895	P0895_ui_BlockIndex	MEMORY.C	F0486_MEMORY_AddBlockToUsedList	function_parameter	runtime_abi_surface
P	0896	P0896_ui_BlockIndex	MEMORY.C	F0487_CACHE_GetBlockAndIncrementUsageCount	function_parameter	runtime_abi_surface
P	0897	P0897_i_GraphicIndex	MEMORY.C;DEFS.H	F0488_MEMORY_ExpandGraphicToBitmap	function_parameter	runtime_abi_surface
P	0898	P0898_puc_Bitmap	MEMORY.C;DEFS.H	F0488_MEMORY_ExpandGraphicToBitmap	function_parameter	runtime_abi_surface
P	0899	P0899_i_NativeBitmapOrGraphicIndex	MEMORY.C;DEFS.H	F0489_MEMORY_GetNativeBitmapOrGraphic	function_parameter	runtime_abi_surface
P	0900	P0900_i_GraphicIndex	MEMORY.C;DEFS.H	F0490_MEMORY_LoadDecompressAndExpandGraphic	function_parameter	runtime_abi_surface
P	0901	P0901_puc_Bitmap	MEMORY.C;DEFS.H	F0490_MEMORY_LoadDecompressAndExpandGraphic	function_parameter	runtime_abi_surface
P	0902	P0902_i_DestinationX	MEMORY.C;DEFS.H	F0490_MEMORY_LoadDecompressAndExpandGraphic	function_parameter	runtime_abi_surface
P	0903	P0903_i_DestinationY	MEMORY.C;DEFS.H	F0490_MEMORY_LoadDecompressAndExpandGraphic	function_parameter	runtime_abi_surface
P	0904	P0904_i_DerivedBitmapIndex	MEMORY.C;DEFS.H	F0491_CACHE_IsDerivedBitmapInCache	function_parameter	runtime_abi_surface
P	0905	P0905_i_DerivedBitmapIndex	MEMORY.C;DEFS.H	F0492_CACHE_GetDerivedBitmap	function_parameter	runtime_abi_surface
P	0906	P0906_i_DerivedBitmapIndex	MEMORY.C;DEFS.H	F0493_CACHE_AddDerivedBitmap	function_parameter	runtime_abi_surface
P	0907	P0907_i_GraphicIndex	MEMORY.C;DEFS.H	F0494_MEMORY_GetGraphicDecompressedByteCount	function_parameter	runtime_abi_surface
P	0908	P0908_i_InputFileHandle	LZW.C;HINTLZW.C	F0495_LZW_GetNextInputCode	function_parameter	runtime_abi_surface
P	0909	P0909_pl_InputByteCount	LZW.C;HINTLZW.C	F0495_LZW_GetNextInputCode	function_parameter	runtime_abi_surface
P	0910	P0910_uc_Character	LZW.C;HINTLZW.C	F0496_LZW_OutputCharacter	function_parameter	runtime_abi_surface
P	0911	P0911_ppc_Output	LZW.C;HINTLZW.C	F0496_LZW_OutputCharacter	function_parameter	runtime_abi_surface
P	0912	P0912_i_InputFileHandle	LZW.C;HINTLZW.C	F0497_LZW_Decompress	function_parameter	runtime_abi_surface
P	0913	P0913_l_InputByteCount	LZW.C;HINTLZW.C	F0497_LZW_Decompress	function_parameter	runtime_abi_surface
P	0914	P0914_l_OutputAddress	LZW.C;HINTLZW.C	F0497_LZW_Decompress	function_parameter	runtime_abi_surface
P	0915	P0915_puc_Dictionary	LZW.C;HINTLZW.C	F0497_LZW_Decompress	function_parameter	runtime_abi_surface
P	0916	P0916_puc_TemporaryBuffer	LZW.C;HINTLZW.C	F0497_LZW_Decompress	function_parameter	runtime_abi_surface
P	0917	P0917_i_Height	BASE.C	F0020_MAIN_BlitToViewport	function_parameter	runtime_abi_surface
P	0918	P0918_i_Height	BASE.C	F0021_MAIN_BlitToScreen	function_parameter	runtime_abi_surface
P	0919	P0919_i_Height	DEFS.H;TEXT.C	F0040_TEXT_Print	function_parameter	runtime_abi_surface
P	0920	P0920_i_Height	DEFS.H;TEXT.C	F0041_TEXT_PrintWithTrailingSpaces	function_parameter	runtime_abi_surface
P	0921	P0921_i_SoundIndex	DEFS.H;SOUND.C	F0709_StartSound	function_parameter	runtime_abi_surface
P	0921	P0921_ui_SoundIndex	SOUND.C	F0060_SOUND_Play_CPSX	function_parameter	runtime_abi_surface
P	0922	P0922_s_SoundVolume	DEFS.H;SOUND.C	F0060_SOUND_Play_CPSX;F0709_StartSound	function_parameter	runtime_abi_surface
P	0923	P0923_i_MousePointerHotspotX	IO.C	F0073_MOUSE_BuildPointerScreenArea	function_parameter	runtime_abi_surface
P	0924	P0924_i_MousePointerHotspotY	IO.C	F0073_MOUSE_BuildPointerScreenArea	function_parameter	runtime_abi_surface
P	0925	P0925_i_SourceHeight	BLIT.C;DEFS.H;BLITAMIG.C	F0132_VIDEO_Blit;F1013_Blit_Amiga	function_parameter	runtime_abi_surface
P	0926	P0926_i_DestinationHeight	BLIT.C;DEFS.H;BLITAMIG.C	F0132_VIDEO_Blit;F1013_Blit_Amiga	function_parameter	runtime_abi_surface
P	0927	P0927_i_DestinationHeight	BLITMASK.C;DEFS.H	F0133_VIDEO_BlitBoxFilledWithMaskedBitmap	function_parameter	runtime_abi_surface
P	0928	P0928_i_Height2	BLITMASK.C;DEFS.H	F0133_VIDEO_BlitBoxFilledWithMaskedBitmap	function_parameter	runtime_abi_surface
P	0929	P0929_i_Height	FILLBOX.C;DEFS.H	F0135_VIDEO_FillBox	function_parameter	runtime_abi_surface
P	0929	P0929_ui_Height	FILLBOX.C	F0135_VIDEO_FillBox	function_parameter	runtime_abi_surface
P	0930	P0930_i_	MEMORY.C;DEFS.H	F0476_MEMORY_InitializeGraphicMemory	function_parameter	runtime_abi_surface
P	0931	P0931_i_	MEMORY.C;DEFS.H	F0476_MEMORY_InitializeGraphicMemory	function_parameter	runtime_abi_surface
P	0932	P0932_puc_	MEMORY.C	F0476_MEMORY_InitializeGraphicMemory	function_parameter	runtime_abi_surface
P	0933	P0933_l_MemorySize	MEMORY.C	F0476_MEMORY_InitializeGraphicMemory	function_parameter	runtime_abi_surface
P	0934	P0934_ps_SoundVolume1	SOUND.C	F0502_SOUND_CompareVolumes	function_parameter	runtime_abi_surface
P	0935	P0935_ps_SoundVolume2	SOUND.C	F0502_SOUND_CompareVolumes	function_parameter	runtime_abi_surface
P	0936	P0936_puc_	SOUND.C	F0504_SOUND_ReadSecondSector_CPSD	function_parameter	runtime_abi_surface
P	0937	P0937_i_SoundSourceMapX	SOUND.C	F0505_SOUND_GetVolume	function_parameter	runtime_abi_surface
P	0938	P0938_i_SoundSourceMapY	SOUND.C	F0505_SOUND_GetVolume	function_parameter	runtime_abi_surface
P	0939	P0939_ps_SoundVolume	SOUND.C	F0505_SOUND_GetVolume	function_parameter	runtime_abi_surface
P	0940	P0940_pui_Palette_MiddleScreen	EXEC.C;SWSH.C;STARTUP1.C	F0508_AMIGA_BuildPaletteChangeCopperList	function_parameter	runtime_abi_surface
P	0941	P0941_pui_Palette_TopAndBottomScreen	EXEC.C;SWSH.C;STARTUP1.C	F0508_AMIGA_BuildPaletteChangeCopperList	function_parameter	runtime_abi_surface
P	0942	P0942_ui_Color	FILLBOX.C;STARTUP1.C	F0509_AMIGA_FillScreen	function_parameter	runtime_abi_surface
P	0943	P0943_uc_CreatureType	MOVESENS.C	F0514_MOVE_GetSound	function_parameter	runtime_abi_surface
P	0944	P0944_i_DriveIndex	FLOPPYAM.C	F0519_FLOPPY_GetFormatResult	function_parameter	runtime_abi_surface
P	0945	P0945_pc_DiskName	FLOPPYAM.C	F0519_FLOPPY_GetFormatResult	function_parameter	runtime_abi_surface
P	0946	P0946_pc_	FLOPPYAM.C	F0520_FLOPPY_GetSectorChecksum	function_parameter	runtime_abi_surface
P	0947	P0947_ps_	FLOPPYAM.C	F0521_FLOPPY_GetIOError	function_parameter	runtime_abi_surface
P	0948	P0948_pc_ErrorMessage	FLOPPYAM.C	F0521_FLOPPY_GetIOError	function_parameter	runtime_abi_surface
P	0949	P0949_ps_MsgPort	FLOPPYAM.C	F0522_FLOPPY_SendDosPacket	function_parameter	runtime_abi_surface
P	0950	P0950_l_DosPacketType	FLOPPYAM.C	F0522_FLOPPY_SendDosPacket	function_parameter	runtime_abi_surface
P	0951	P0951_pl_Arguments	FLOPPYAM.C	F0522_FLOPPY_SendDosPacket	function_parameter	runtime_abi_surface
P	0952	P0952_ArgumentCount	FLOPPYAM.C	F0522_FLOPPY_SendDosPacket	function_parameter	runtime_abi_surface
P	0953	P0953_pc_DriveDeviceName	FLOPPYAM.C	F0523_FLOPPY_InhibitFileSystem	function_parameter	runtime_abi_surface
P	0954	P0954_i_Argument1	FLOPPYAM.C	F0523_FLOPPY_InhibitFileSystem	function_parameter	runtime_abi_surface
P	0955	P0955_i_DriveIndex	FLOPPYAM.C	F0524_FLOPPY_OpenTrackdiskDevice	function_parameter	runtime_abi_surface
P	0956	P0956_i_DriveIndex	FLOPPYAM.C	F0525_FLOPPY_GetWriteProtectionState	function_parameter	runtime_abi_surface
P	0957	P0957_ul_Command	AMIGA.H;FLOPPYAM.C	F0526_FLOPPY_DoTrackdiskDeviceIO	function_parameter	runtime_abi_surface
P	0958	P0958_ul_Length	AMIGA.H;FLOPPYAM.C	F0526_FLOPPY_DoTrackdiskDeviceIO	function_parameter	runtime_abi_surface
P	0959	P0959_uc_Flags	AMIGA.H;FLOPPYAM.C	F0526_FLOPPY_DoTrackdiskDeviceIO	function_parameter	runtime_abi_surface
P	0960	P0960_pui_SectorBuffer	FLOPPYAM.C	F0527_FLOPPY_ReadFuzzySector_CPSX	function_parameter	runtime_abi_surface
P	0961	P0961_i_DriveType	DEFS.H;FLOPPY.C	F0529_FLOPPY_IsFloppyInDrive	function_parameter	runtime_abi_surface
P	0962	P0962_pc_Name	UTIO.C;FLOPPY.C	F0530_FLOPPY_DirectoryExists	function_parameter	runtime_abi_surface
P	0963	P0963_pc_String1	FLOPPY.C	F0531_FLOPPY_CompareVolumeName	function_parameter	runtime_abi_surface
P	0964	P0964_pc_String2	FLOPPY.C	F0531_FLOPPY_CompareVolumeName	function_parameter	runtime_abi_surface
P	0965	P0965_pc_Name	FLOPPY.C	F0532_FLOPPY_GetVolumeInfoData	function_parameter	runtime_abi_surface
P	0966	P0966_i_UnitNumber	FLOPPY.C	F0532_FLOPPY_GetVolumeInfoData	function_parameter	runtime_abi_surface
P	0967	P0967_l_File	FLOPPY.C	F0534_FLOPPY_GetFileSize	function_parameter	runtime_abi_surface
P	0967	P0967_ps_oldEventChain	INPUT.C	F0543_INPUT_DeviceInterruptHandler	function_parameter	runtime_abi_surface
P	0968	P0968_pui_	IO.C	F0547_MOUSE_SetPointerSprites	function_parameter	runtime_abi_surface
P	0969	P0969_pi_Box	BLITFILL.C	F0550_VIDEO_FillScreenBox	function_parameter	runtime_abi_surface
P	0970	P0970_i_ColorIndex	BLITFILL.C	F0550_VIDEO_FillScreenBox	function_parameter	runtime_abi_surface
P	0971	P0971_puc_Plane	BLITFILL.C	F0551_VIDEO_HatchBox_Unreferenced	function_parameter	runtime_abi_surface
P	0972	P0972_puc_Box	BLITFILL.C	F0551_VIDEO_HatchBox_Unreferenced	function_parameter	runtime_abi_surface
P	0973	P0973_ui_Color	BLITFILL.C	F0551_VIDEO_HatchBox_Unreferenced	function_parameter	runtime_abi_surface
P	0974	P0974_ui_Width	BLITFILL.C	F0551_VIDEO_HatchBox_Unreferenced	function_parameter	runtime_abi_surface
P	0975	P0975_ui_Height	BLITFILL.C	F0551_VIDEO_HatchBox_Unreferenced	function_parameter	runtime_abi_surface
P	0976	P0976_i_ErrorNumber	BASE.C	F0552_BASE_DisplayError	function_parameter	runtime_abi_surface
P	0977	P0977_ps_TextScroller	SCRLMGMT.C	F0557_SCROLLER_Initialize	function_parameter	runtime_abi_surface
P	0978	P0978_ps_BitMap	SCRLMGMT.C	F0557_SCROLLER_Initialize	function_parameter	runtime_abi_surface
P	0979	P0979_ps_TextScroller	SCRLMGMT.C	F0558_SCROLLER_CancelInitialize	function_parameter	runtime_abi_surface
P	0980	P0980_ps_TextScroller	SCRLMGMT.C	F0559_SCROLLER_Deinitialize	function_parameter	runtime_abi_surface
P	0981	P0981_ps_TextScroller	SCRLMGMT.C	F0560_SCROLLER_SetCommand	function_parameter	runtime_abi_surface
P	0982	P0982_i_ScrollCommand	SCRLMGMT.C	F0560_SCROLLER_SetCommand	function_parameter	runtime_abi_surface
P	0983	P0983_ps_TextScroller	SCRLMGMT.C	F0561_SCROLLER_IsTextScrolling	function_parameter	runtime_abi_surface
P	0984	P0984_B_WaitEndOfScrolling	SCRLMGMT.C	F0561_SCROLLER_IsTextScrolling	function_parameter	runtime_abi_surface
P	0985	P0985_puc_Bitmap	VIEWPORT.C	F0564_VIEWPORT_InitializeBitPlanes	function_parameter	runtime_abi_surface
P	0986	P0986_puc_Bitmap	VIEWPORT.C	F0564_VIEWPORT_InitializeBitPlanes	function_parameter	runtime_abi_surface
P	0987	P0987_puc_Palette_MiddleScreen	VIEWPORT.C	F0565_VIEWPORT_SetPalette	function_parameter	runtime_abi_surface
P	0988	P0988_puc_Palette_TopAndBottomScreen	VIEWPORT.C	F0565_VIEWPORT_SetPalette	function_parameter	runtime_abi_surface
P	0989	P0989_puc_	COPYPROB.C	F0573_COPYPROB_DiskChangeHandler_CPSX	function_parameter	runtime_abi_surface
P	0990	P0990_pul_InterruptData	COPYPROB.C	F0573_COPYPROB_DiskChangeHandler_CPSX	function_parameter	runtime_abi_surface
P	0991	P0991_puc_Bitmap_CompositeDungeonViewAndDoors	ENTRANCE.C	F0579_ENTRANCE_InitializeBitPlanes	function_parameter	runtime_abi_surface
P	0992	P0992_puc_Bitmap_Screen	ENTRANCE.C	F0579_ENTRANCE_InitializeBitPlanes	function_parameter	runtime_abi_surface
P	0993	P0993_pc_Name	EXEC.C	F0936_LaunchProcess	function_parameter	runtime_abi_surface
P	0994	P0994_B_WaitProcessCompletion	EXEC.C	F0936_LaunchProcess	function_parameter	runtime_abi_surface
P	0995	P0995_ps_ViewPort	EXEC.C	F0940_CopyCopperInstructions	function_parameter	runtime_abi_surface
P	0996	P0996_l_	EXEC.C	F0940_CopyCopperInstructions	function_parameter	runtime_abi_surface
P	1001	P1001_pl_	CNFG.C;SWSH.C	F0907_CheckBootSector	function_parameter	runtime_abi_surface
P	1002	P1002_pui_MostFrequentWordsAddress	DECOMPCO.C	F0913_DecompressPAK	function_parameter	runtime_abi_surface
P	1003	P1003_pui_CompressedDataAddress	DECOMPCO.C	F0913_DecompressPAK	function_parameter	runtime_abi_surface
P	1004	P1004_l_DecompressedDataWordCount	DECOMPCO.C	F0913_DecompressPAK	function_parameter	runtime_abi_surface
P	1005	P1005_pui_DecompressedPRGAddress	DECOMPCO.C	F0913_DecompressPAK	function_parameter	runtime_abi_surface
P	1006	P1006_pui_SectorBuffer	GRAPH21.C	F0914_Graphic21	function_parameter	runtime_abi_surface
P	1007	P1007_api_Graphic21Result	GRAPH21.C	F0914_Graphic21	function_parameter	runtime_abi_surface
P	1008	P1008_puc_	GRAPH538.C	F0915_Graphic538	function_parameter	runtime_abi_surface
P	1009	P1009_ps_Result	GRAPH538.C	F0915_Graphic538	function_parameter	runtime_abi_surface
P	1010	P1010_l_Size	PRIM1.C	F0917_PRIM_15_Memory_Allocate	function_parameter	runtime_abi_surface
P	1011	P1011_pc_Buffer	PRIM1.C	F0918_PRIM_16_Memory_Free	function_parameter	runtime_abi_surface
P	1012	P1012_l_Handle	PRIM1.C	F0919_PRIM_19_File_Seek	function_parameter	runtime_abi_surface
P	1013	P1013_l_Offset	PRIM1.C	F0919_PRIM_19_File_Seek	function_parameter	runtime_abi_surface
P	1014	P1014_l_Handle	PRIM1.C	F0920_PRIM_20_File_Read	function_parameter	runtime_abi_surface
P	1015	P1015_l_Length	PRIM1.C	F0920_PRIM_20_File_Read	function_parameter	runtime_abi_surface
P	1016	P1016_pc_Buffer	PRIM1.C	F0920_PRIM_20_File_Read	function_parameter	runtime_abi_surface
P	1017	P1017_pc_	PRIM1.C	F0922_Custom_strcpy	function_parameter	runtime_abi_surface
P	1018	P1018_pc_	PRIM1.C	F0922_Custom_strcpy	function_parameter	runtime_abi_surface
P	1019	P1019_i_DeviceNumber	PRIM1.C	F0925_CheckUtilityDiskInDrive	function_parameter	runtime_abi_surface
P	1020	P1020_i_FirstLoopIteration	PRIM1.C	F0925_CheckUtilityDiskInDrive	function_parameter	runtime_abi_surface
P	1021	P1021_i_	PRIM1.C	F0926_FLOPPY_ForceMediaChangeDetection	function_parameter	runtime_abi_surface
P	1022	P1022_i_	PRIM1.C	F0927_PrintLoaderError	function_parameter	runtime_abi_surface
P	1023	P1023_i_	PRIM1.C	F0928_PrintOSError	function_parameter	runtime_abi_surface
P	1024	P1024_ps_Descriptor	PRIM1.C;PRIM2B.C	F0929_PRIM_05_FTL_Load	function_parameter	runtime_abi_surface
P	1025	P1025_ps_	PRIM1.C;SWITCH.C;PRIM2B.C	F0930_GetHeaderChecksum	function_parameter	runtime_abi_surface
P	1026	P1026_ps_	PRIM1.C;SWITCH.C;PRIM2B.C	F0930_GetHeaderChecksum	function_parameter	runtime_abi_surface
P	1027	P1027_pi_	PRIM1.C;PRIM2B.C	F0931_ChecksumWords	function_parameter	runtime_abi_surface
P	1028	P1028_l_	PRIM1.C;PRIM2B.C	F0931_ChecksumWords	function_parameter	runtime_abi_surface
P	1029	P1029_puc_	PRIM1.C;PRIM2B.C	F0932_ChecksumBytes	function_parameter	runtime_abi_surface
P	1030	P1030_l_	PRIM1.C;PRIM2B.C	F0932_ChecksumBytes	function_parameter	runtime_abi_surface
P	1031	P1031_ul_	PRIM1.C;STRING.C	F0933_GetHexStringFromValue	function_parameter	runtime_abi_surface
P	1032	P1032_pc_String	PRIM1.C;STRING.C	F0933_GetHexStringFromValue	function_parameter	runtime_abi_surface
P	1033	P1033_pc_String	PRIM1.C;STRING.C	F0934_ConvertValueToHexDigits	function_parameter	runtime_abi_surface
P	1034	P1034_ul_Value	PRIM1.C;STRING.C	F0934_ConvertValueToHexDigits	function_parameter	runtime_abi_surface
P	1035	P1035_i_Delay	PALETTE.C	F0436_STARTEND_FadeToPalette	function_parameter	runtime_abi_surface
P	2000	P2000_i_DriveType	DEFS.H;DIALOG.C	F0427_DIALOG_Draw	function_parameter	runtime_abi_surface
P	2001	P2001_i_AutomaticChoiceIfFloppyInDrive	DEFS.H;DIALOG.C	F0427_DIALOG_Draw	function_parameter	runtime_abi_surface
P	2002	P2002_i_WallOrnamentIndex	DUNGEON.C;DEFS.H	F0601_IsWallOrnamentAFountain	function_parameter	runtime_abi_surface
P	2003	P2003_B_BackRandomWallOrnamentAllowed	DUNGEON.C	F0171_DUNGEON_SetSquareAspectRandomWallOrnamentOrdinals	function_parameter	runtime_abi_surface
P	2005	P2005_ps_MouseInput	COMMAND.C;DEFS.H	F0673_SetMouseInputBoxFromZone	function_parameter	runtime_abi_surface
P	2006	P2006_i_X1	CLIKMENU.C	F0665_F0362_sub	function_parameter	runtime_abi_surface
P	2007	P2007_i_X2	CLIKMENU.C	F0665_F0362_sub	function_parameter	runtime_abi_surface
P	2008	P2008_i_Y1	CLIKMENU.C	F0665_F0362_sub	function_parameter	runtime_abi_surface
P	2009	P2009_i_Y2	CLIKMENU.C	F0665_F0362_sub	function_parameter	runtime_abi_surface
P	2010	P2010_pi_XYZ	CLIKMENU.C	F0665_F0362_sub	function_parameter	runtime_abi_surface
P	2011	P2011_ZoneIndex	CLIKMENU.C	F0362_COMMAND_HighlightBoxEnable	function_parameter	runtime_abi_surface
P	2012	P2012_B_ClosedImaginaryFakeWall	CLIKVIEW.C	F0664_COMMAND_ProcessType80_ClickInDungeonView_KnockOnFrontWall	function_parameter	runtime_abi_surface
P	2013	P2013_ui_MapX	CLIKVIEW.C	F0664_COMMAND_ProcessType80_ClickInDungeonView_KnockOnFrontWall	function_parameter	runtime_abi_surface
P	2014	P2014_ui_MapY	CLIKVIEW.C	F0664_COMMAND_ProcessType80_ClickInDungeonView_KnockOnFrontWall	function_parameter	runtime_abi_surface
P	2015	P2015_i_ZoneIndex	COMMAND.C;DEFS.H	F0629_IsPointInZoneIndex	function_parameter	runtime_abi_surface
P	2016	P2016_i_X	COMMAND.C;DEFS.H	F0629_IsPointInZoneIndex	function_parameter	runtime_abi_surface
P	2017	P2017_i_Y	COMMAND.C;DEFS.H	F0629_IsPointInZoneIndex	function_parameter	runtime_abi_surface
P	2018	P2018_l_ByteCount	MEMORY.C	F0602_GetMinimumOverheadMemoryChunk	function_parameter	runtime_abi_surface
P	2019	P2019_i_Requirements	MEMORY.C	F0602_GetMinimumOverheadMemoryChunk	function_parameter	runtime_abi_surface
P	2020	P2020_ps_MemoryChunk	MEMORY.C	F0603_AllocateFromTopMemoryChunk	function_parameter	runtime_abi_surface
P	2021	P2021_l_ByteCount	MEMORY.C	F0603_AllocateFromTopMemoryChunk	function_parameter	runtime_abi_surface
P	2022	P2022_i_Requirements	MEMORY.C;DEFS.H	F0468_MEMORY_Allocate	function_parameter	runtime_abi_surface
P	2023	P2023_i_Width	MEMORY.C;DEFS.H	F0606_AllocateMemForGraphic	function_parameter	runtime_abi_surface
P	2024	P2024_i_Height	MEMORY.C;DEFS.H	F0606_AllocateMemForGraphic	function_parameter	runtime_abi_surface
P	2025	P2025_i_AllocationType	MEMORY.C;DEFS.H	F0606_AllocateMemForGraphic	function_parameter	runtime_abi_surface
P	2026	P2026_puc_Bitmap	MEMORY.C;DEFS.H	F0607_FreeMemForGraphic	function_parameter	runtime_abi_surface
P	2027	P2027_i_	MEMORY.C	F0473_MEMORY_SortValues	function_parameter	runtime_abi_surface
P	2028	P2028_i_GraphicIndex	MEMORY.C	F0608_GetLanguageSpecificGraphicIndex	function_parameter	runtime_abi_surface
P	2029	P2029_ps_MemoryChunk	MEMORY.C;DEFS.H	F0475_MEMORY_Initialize	function_parameter	runtime_abi_surface
P	2030	P2030_puc_	MEMORY.C;DEFS.H	F0476_MEMORY_InitializeGraphicMemory	function_parameter	runtime_abi_surface
P	2031	P2031_ps_MemoryArea	MEMORY.C;DEFS.H	F0609_InitializeMemoryArea	function_parameter	runtime_abi_surface
P	2032	P2032_puc_	MEMORY.C;DEFS.H	F0609_InitializeMemoryArea	function_parameter	runtime_abi_surface
P	2033	P2033_l_	MEMORY.C;DEFS.H	F0609_InitializeMemoryArea	function_parameter	runtime_abi_surface
P	2034	P2034_ui_Requirements	MEMORY.C;DEFS.H	F0609_InitializeMemoryArea	function_parameter	runtime_abi_surface
P	2035	P2035_ps_MemoryArea	MEMORY.C	F0610_DefragmentMemoryArea	function_parameter	runtime_abi_surface
P	2036	P2036_puc_Graphic	MEMORY.C	F0611_MarkGraphicAsUnused	function_parameter	runtime_abi_surface
P	2037	P2037_i_GraphicIndex	MEMORY.C	F0611_MarkGraphicAsUnused	function_parameter	runtime_abi_surface
P	2038	P2038_i_GraphicIndex	MEMORY.C	F0612_RemoveGraphic	function_parameter	runtime_abi_surface
P	2039	P2039_l_CurrentSize	MEMORY.C	F0612_RemoveGraphic	function_parameter	runtime_abi_surface
P	2040	P2040_l_MaximumSize	MEMORY.C	F0612_RemoveGraphic	function_parameter	runtime_abi_surface
P	2041	P2041_ps_MemoryArea	MEMORY.C	F0613_AllocateGraphicInMemoryArea	function_parameter	runtime_abi_surface
P	2042	P2042_l_ByteCount	MEMORY.C	F0613_AllocateGraphicInMemoryArea	function_parameter	runtime_abi_surface
P	2043	P2043_ps_MemoryArea	MEMORY.C	F0614_CopyToMemoryArea	function_parameter	runtime_abi_surface
P	2044	P2044_puc_Graphic	MEMORY.C	F0614_CopyToMemoryArea	function_parameter	runtime_abi_surface
P	2045	P2045_l_ByteCount	MEMORY.C	F0614_CopyToMemoryArea	function_parameter	runtime_abi_surface
P	2046	P2046_puc_	MEMORY.C;DEFS.H	F0615_CopyBitmapDimensions	function_parameter	runtime_abi_surface
P	2047	P2047_puc_	MEMORY.C;DEFS.H	F0615_CopyBitmapDimensions	function_parameter	runtime_abi_surface
P	2048	P2048_puc_SourceBitmap	MEMORY.C;DEFS.H	F0616_CopyBitmap	function_parameter	runtime_abi_surface
P	2049	P2049_puc_DestinationBitmap	MEMORY.C;DEFS.H	F0616_CopyBitmap	function_parameter	runtime_abi_surface
P	2050	P2050_i_Requirements	MEMORY.C;DEFS.H	F0440_STARTEND_GetTemporarilyLoadedGraphicByteCount	function_parameter	runtime_abi_surface
P	2051	P2051_i_GraphicIndex	MEMORY.C;DEFS.H	F0763_LoadEndgameBitmapExpanded	function_parameter	runtime_abi_surface
P	2052	P2052_i_Character	MEMORY.C;DEFS.H	F0617_PrintMemoryUsage	function_parameter	runtime_abi_surface
P	2053	P2053_i_ZoneIndex	OBJECT.C;DEFS.H	F0618_LoadZone	function_parameter	runtime_abi_surface
P	2054	P2054_pi_XYZ	OBJECT.C;DEFS.H	F0618_LoadZone	function_parameter	runtime_abi_surface
P	2055	P2055_i_ZoneIndex	OBJECT.C;DEFS.H	F0619_GetSlotBoxBorderCoordinates	function_parameter	runtime_abi_surface
P	2056	P2056_pi_XYZ	OBJECT.C;DEFS.H	F0619_GetSlotBoxBorderCoordinates	function_parameter	runtime_abi_surface
P	2057	P2057_i_ChampionIndex	CHAMDRAW.C;DEFS.H	F0621_ClearChampionIconBox	function_parameter	runtime_abi_surface
P	2058	P2058_pc_ChampionIconBitmap	CHAMDRAW.C;DEFS.H	F0622_PrepareChampionIconBitmap	function_parameter	runtime_abi_surface
P	2059	P2059_i_ChampionIndex	CHAMDRAW.C;DEFS.H	F0622_PrepareChampionIconBitmap	function_parameter	runtime_abi_surface
P	2060	P2060_ui_ChampionIndex	CHAMDRAW.C;DEFS.H	F0623_DrawDamageToChampion_F0320_sub	function_parameter	runtime_abi_surface
P	2061	P2061_i_Damage	CHAMDRAW.C;DEFS.H	F0623_DrawDamageToChampion_F0320_sub	function_parameter	runtime_abi_surface
P	2062	P2062_ui_	CHAMDRAW.C;DEFS.H	F0293_CHAMPION_DrawAllChampionStates	function_parameter	runtime_abi_surface
P	2063	P2063_i_GraphicIndex1	DUNVIEW.C	F1000_	function_parameter	runtime_abi_surface
P	2064	P2064_i_GraphicIndex2	DUNVIEW.C	F1000_	function_parameter	runtime_abi_surface
P	2065	P2065_i_GraphicIndex	DUNVIEW.C;DEFS.H	F0674_F0128_sub	function_parameter	runtime_abi_surface
P	2066	P2066_puc_Bitmap	DUNVIEW.C;DEFS.H	F0674_F0128_sub	function_parameter	runtime_abi_surface
P	2069	P2069_i_ZoneIndex	DUNVIEW.C	F0104_DUNGEONVIEW_DrawFloorPitOrStairsBitmap	function_parameter	runtime_abi_surface
P	2070	P2070_i_NativeBitmapIndex	DUNVIEW.C	F0765_DUNGEONVIEW_DrawBitmapWithoutTransparency	function_parameter	runtime_abi_surface
P	2071	P2071_i_ZoneIndex	DUNVIEW.C	F0765_DUNGEONVIEW_DrawBitmapWithoutTransparency	function_parameter	runtime_abi_surface
P	2072	P2072_i_ZoneIndex	DUNVIEW.C	F0105_DUNGEONVIEW_DrawFloorPitOrStairsBitmapFlippedHorizontally	function_parameter	runtime_abi_surface
P	2073	P2073_i_NativeBitmapIndex	DUNVIEW.C	F0792_DUNGEONVIEW_DrawBitmapYYY	function_parameter	runtime_abi_surface
P	2074	P2074_i_ZoneIndex	DUNVIEW.C	F0792_DUNGEONVIEW_DrawBitmapYYY	function_parameter	runtime_abi_surface
P	2075	P2075_i_Flip	DUNVIEW.C	F0792_DUNGEONVIEW_DrawBitmapYYY	function_parameter	runtime_abi_surface
P	2076	P2076_ui_BitmapIndex	DUNVIEW.C	F0675_DUNGEONVIEW_GetScaledBitmap	function_parameter	runtime_abi_surface
P	2077	P2077_i_DerivedBitmapIndex	DUNVIEW.C	F0675_DUNGEONVIEW_GetScaledBitmap	function_parameter	runtime_abi_surface
P	2078	P2078_i_HorizontalScale	DUNVIEW.C	F0675_DUNGEONVIEW_GetScaledBitmap	function_parameter	runtime_abi_surface
P	2079	P2079_i_VerticalScale	DUNVIEW.C	F0675_DUNGEONVIEW_GetScaledBitmap	function_parameter	runtime_abi_surface
P	2080	P2080_puc_PaletteChange	DUNVIEW.C	F0675_DUNGEONVIEW_GetScaledBitmap	function_parameter	runtime_abi_surface
P	2081	P2081_i_ZoneIndex	DUNVIEW.C	F0791_DUNGEONVIEW_DrawBitmapXX	function_parameter	runtime_abi_surface
P	2082	P2082_i_Flip	DUNVIEW.C	F0791_DUNGEONVIEW_DrawBitmapXX	function_parameter	runtime_abi_surface
P	2083	P2083_i_TransparentColor	DUNVIEW.C	F0791_DUNGEONVIEW_DrawBitmapXX	function_parameter	runtime_abi_surface
P	2084	P2084_i_ZoneIndex	DUNVIEW.C	F0111_DUNGEONVIEW_DrawDoor	function_parameter	runtime_abi_surface
P	2085	P2085_ui_ZoneIndex	DUNVIEW.C	F0112_DUNGEONVIEW_DrawCeilingPit	function_parameter	runtime_abi_surface
P	2086	P2086_i_ZoneIndex	DUNVIEW.C;DEFS.H	F0113_DUNGEONVIEW_DrawField	function_parameter	runtime_abi_surface
P	2087	P2087_i_Direction	DUNVIEW.C	F0676_DrawD3L2	function_parameter	runtime_abi_surface
P	2088	P2088_i_MapX	DUNVIEW.C	F0676_DrawD3L2	function_parameter	runtime_abi_surface
P	2089	P2089_i_MapY	DUNVIEW.C	F0676_DrawD3L2	function_parameter	runtime_abi_surface
P	2090	P2090_i_Direction	DUNVIEW.C	F0677_DrawD3R2	function_parameter	runtime_abi_surface
P	2091	P2091_i_MapX	DUNVIEW.C	F0677_DrawD3R2	function_parameter	runtime_abi_surface
P	2092	P2092_i_MapY	DUNVIEW.C	F0677_DrawD3R2	function_parameter	runtime_abi_surface
P	2093	P2093_i_Direction	DUNVIEW.C	F0678_DrawD2L2	function_parameter	runtime_abi_surface
P	2094	P2094_i_MapX	DUNVIEW.C	F0678_DrawD2L2	function_parameter	runtime_abi_surface
P	2095	P2095_i_MapY	DUNVIEW.C	F0678_DrawD2L2	function_parameter	runtime_abi_surface
P	2096	P2096_i_Direction	DUNVIEW.C	F0679_DrawD2R2	function_parameter	runtime_abi_surface
P	2097	P2097_i_MapX	DUNVIEW.C	F0679_DrawD2R2	function_parameter	runtime_abi_surface
P	2098	P2098_i_MapY	DUNVIEW.C	F0679_DrawD2R2	function_parameter	runtime_abi_surface
P	2099	P2099_i_Type	DEFS.H;MOVESENS.C	F0514_MOVE_GetSound	function_parameter	runtime_abi_surface
P	2100	P2100_pi_XYZ	COORD.C;DEFS.H	F0787_GetZoneInitializedFromCoordinates	function_parameter	runtime_abi_surface
P	2101	P2101_i_X	COORD.C;DEFS.H	F0787_GetZoneInitializedFromCoordinates	function_parameter	runtime_abi_surface
P	2102	P2102_i_Y	COORD.C;DEFS.H	F0787_GetZoneInitializedFromCoordinates	function_parameter	runtime_abi_surface
P	2103	P2103_i_Width	COORD.C;DEFS.H	F0787_GetZoneInitializedFromCoordinates	function_parameter	runtime_abi_surface
P	2104	P2104_i_Height	COORD.C;DEFS.H	F0787_GetZoneInitializedFromCoordinates	function_parameter	runtime_abi_surface
P	2105	P2105_pi_XYZ	COORD.C;DEFS.H	F0625_GetZoneInitializedFromDimensions	function_parameter	runtime_abi_surface
P	2106	P2106_i_Width	COORD.C;DEFS.H	F0625_GetZoneInitializedFromDimensions	function_parameter	runtime_abi_surface
P	2107	P2107_i_Height	COORD.C;DEFS.H	F0625_GetZoneInitializedFromDimensions	function_parameter	runtime_abi_surface
P	2108	P2108_i_X	COORD.C;DEFS.H	F0626_GetTemporaryZoneInitializedFromCoordinates	function_parameter	runtime_abi_surface
P	2109	P2109_i_Y	COORD.C;DEFS.H	F0626_GetTemporaryZoneInitializedFromCoordinates	function_parameter	runtime_abi_surface
P	2110	P2110_i_Width	COORD.C;DEFS.H	F0626_GetTemporaryZoneInitializedFromCoordinates	function_parameter	runtime_abi_surface
P	2111	P2111_i_Height	COORD.C;DEFS.H	F0626_GetTemporaryZoneInitializedFromCoordinates	function_parameter	runtime_abi_surface
P	2112	P2112_i_PixelWidth	COORD.C;DEFS.H	F0627_GetTemporaryZoneInitializedFromDimensions	function_parameter	runtime_abi_surface
P	2113	P2113_i_PixelHeight	COORD.C;DEFS.H	F0627_GetTemporaryZoneInitializedFromDimensions	function_parameter	runtime_abi_surface
P	2114	P2114_pi_XYZ	COORD.C;DEFS.H	F0628_AddZoneMargin	function_parameter	runtime_abi_surface
P	2115	P2115_i_WidthMargin	COORD.C;DEFS.H	F0628_AddZoneMargin	function_parameter	runtime_abi_surface
P	2116	P2116_i_HeightMargin	COORD.C;DEFS.H	F0628_AddZoneMargin	function_parameter	runtime_abi_surface
P	2117	P2117_i_ZoneIndex	COORD.C	F0629_IsPointInZoneIndex	function_parameter	runtime_abi_surface
P	2118	P2118_i_X	COORD.C	F0629_IsPointInZoneIndex	function_parameter	runtime_abi_surface
P	2119	P2119_i_Y	COORD.C	F0629_IsPointInZoneIndex	function_parameter	runtime_abi_surface
P	2120	P2120_i_GraphicIndex	COORD.C;DEFS.H	F0630_InitBitmapStruct2	function_parameter	runtime_abi_surface
P	2121	P2121_ps_	COORD.C;DEFS.H	F0630_InitBitmapStruct2	function_parameter	runtime_abi_surface
P	2122	P2122_i_GraphicIndex	COORD.C;DEFS.H	F0631_GetBitmapPointer	function_parameter	runtime_abi_surface
P	2123	P2123_i_Index	COORD.C;DEFS.H	F0632_COORD_SetNegativeBitmapPointer	function_parameter	runtime_abi_surface
P	2124	P2124_puc_Bitmap	COORD.C;DEFS.H	F0632_COORD_SetNegativeBitmapPointer	function_parameter	runtime_abi_surface
P	2125	P2125_i_Index	COORD.C;DEFS.H	F0633_COORD_SetNegativeBitmapIndex	function_parameter	runtime_abi_surface
P	2126	P2126_i_GraphicIndex	COORD.C;DEFS.H	F0633_COORD_SetNegativeBitmapIndex	function_parameter	runtime_abi_surface
P	2127	P2127_ps_LayoutRange	COORD.C	F0634_GetLayoutRecord	function_parameter	runtime_abi_surface
P	2128	P2128_i_LayoutRecordIndex	COORD.C	F0634_GetLayoutRecord	function_parameter	runtime_abi_surface
P	2129	P2129_puc_Bitmap	COORD.C;DEFS.H	F0635_	function_parameter	runtime_abi_surface
P	2130	P2130_pi_XYZ	COORD.C;DEFS.H	F0635_	function_parameter	runtime_abi_surface
P	2131	P2131_i_ZoneIndex	COORD.C;DEFS.H	F0635_	function_parameter	runtime_abi_surface
P	2132	P2132_pi_X	COORD.C;DEFS.H	F0635_	function_parameter	runtime_abi_surface
P	2133	P2133_pi_Y	COORD.C;DEFS.H	F0635_	function_parameter	runtime_abi_surface
P	2134	P2134_puc_Bitmap	COORD.C;DEFS.H	F0788_	function_parameter	runtime_abi_surface
P	2135	P2135_pi_XYZ	COORD.C;DEFS.H	F0788_	function_parameter	runtime_abi_surface
P	2136	P2136_i_ZoneIndex	COORD.C;DEFS.H	F0788_	function_parameter	runtime_abi_surface
P	2137	P2137_i_ZoneIndex	COORD.C;DEFS.H	F0636_GetZoneTopLeftCoordinatesWith1PixelMargin	function_parameter	runtime_abi_surface
P	2138	P2138_pi_X	COORD.C;DEFS.H	F0636_GetZoneTopLeftCoordinatesWith1PixelMargin	function_parameter	runtime_abi_surface
P	2139	P2139_pi_Y	COORD.C;DEFS.H	F0636_GetZoneTopLeftCoordinatesWith1PixelMargin	function_parameter	runtime_abi_surface
P	2140	P2140_i_ZoneIndex	COORD.C;DEFS.H	F0637_GetProportionalZone	function_parameter	runtime_abi_surface
P	2141	P2141_pi_XYZ	COORD.C;DEFS.H	F0637_GetProportionalZone	function_parameter	runtime_abi_surface
P	2142	P2142_ui_A	COORD.C;DEFS.H	F0637_GetProportionalZone	function_parameter	runtime_abi_surface
P	2143	P2143_ui_B	COORD.C;DEFS.H	F0637_GetProportionalZone	function_parameter	runtime_abi_surface
P	2144	P2144_i_ZoneIndex	COORD.C;DEFS.H	F0638_GetZone	function_parameter	runtime_abi_surface
P	2145	P2145_pi_XYZ	COORD.C;DEFS.H	F0638_GetZone	function_parameter	runtime_abi_surface
P	2146	P2146_pui_Buffer	COORD.C	F0639_LoadLayoutRanges	function_parameter	runtime_abi_surface
P	2147	P2147_ul_ByteCount	COORD.C	F0639_LoadLayoutRanges	function_parameter	runtime_abi_surface
P	2148	P2148_ps_LayoutData	COORD.C	F0639_LoadLayoutRanges	function_parameter	runtime_abi_surface
P	2149	P2149_pf_Callback	COORD.C	F0639_LoadLayoutRanges	function_parameter	runtime_abi_surface
P	2150	P2150_puc_ByteCount	COORD.C	F0789_AllocateLayoutRange	function_parameter	runtime_abi_surface
P	2151	P2151_i_GraphicIndex	COORD.C	F0640_LoadLayoutData	function_parameter	runtime_abi_surface
P	2152	P2152_ppuc_EMSPageFrame	DEFS.H;STARTUP2.C	F0748_Get_EMS_Memory	function_parameter	runtime_abi_surface
P	2153	P2153_i_GraphicIndex	STARTUP2.C	F0751_GetBitmapByteCount	function_parameter	runtime_abi_surface
P	2154	P2154_i_	STARTUP2.C	F0752_AllocateAndSetNegativeBitmapPointer	function_parameter	runtime_abi_surface
P	2155	P2155_i_GraphicIndex	STARTUP2.C	F0752_AllocateAndSetNegativeBitmapPointer	function_parameter	runtime_abi_surface
P	2156	P2156_i_GraphicIndex	STARTUP2.C	F0753_	function_parameter	runtime_abi_surface
P	2157	P2157_i_	STARTUP2.C	F0753_	function_parameter	runtime_abi_surface
P	2158	P2158_ppuc_	DEFS.H;STARTUP2.C	F0755_SetMemoryFlags	function_parameter	runtime_abi_surface
P	2159	P2159_pl_ByteCount	DEFS.H;STARTUP2.C	F0755_SetMemoryFlags	function_parameter	runtime_abi_surface
P	2160	P2160_B_NoMoreMemoryProfileToTest	DEFS.H;STARTUP2.C	F0756_EvaluateMemoryRequirements	function_parameter	runtime_abi_surface
P	2161	P2161_l_ByteCount	DEFS.H;STARTUP2.C	F0756_EvaluateMemoryRequirements	function_parameter	runtime_abi_surface
P	2162	P2162_pc_FileName	DEFS.H;FILE.C	F0770_FILE_Open	function_parameter	runtime_abi_surface
P	2163	P2163_i_FileHandle	DEFS.H;FILE.C	F0771_FILE_Close	function_parameter	runtime_abi_surface
P	2164	P2164_i_FileHandle	DEFS.H;FILE.C	F0772_FILE_Read	function_parameter	runtime_abi_surface
P	2165	P2165_ul_ByteCount	DEFS.H;FILE.C	F0772_FILE_Read	function_parameter	runtime_abi_surface
P	2166	P2166_puc_Buffer	DEFS.H;FILE.C	F0772_FILE_Read	function_parameter	runtime_abi_surface
P	2167	P2167_i_FileHandle	DEFS.H;FILE.C	F0773_FILE_Write	function_parameter	runtime_abi_surface
P	2168	P2168_ul_ByteCount	DEFS.H;FILE.C	F0773_FILE_Write	function_parameter	runtime_abi_surface
P	2169	P2169_puc_Buffer	DEFS.H;FILE.C	F0773_FILE_Write	function_parameter	runtime_abi_surface
P	2170	P2170_i_FileHandle	DEFS.H;FILE.C	F0774_FILE_Seek	function_parameter	runtime_abi_surface
P	2171	P2171_l_Offset	DEFS.H;FILE.C	F0774_FILE_Seek	function_parameter	runtime_abi_surface
P	2172	P2172_i_FileHandle	DEFS.H;FILE.C	F0779_FILE_Tell	function_parameter	runtime_abi_surface
P	2173	P2173_i_FileHandle	DEFS.H;FILE.C	F0775_FILE_GetSize	function_parameter	runtime_abi_surface
P	2174	P2174_pc_FileName	DEFS.H;FILE.C	F0776_FILE_Create	function_parameter	runtime_abi_surface
P	2175	P2175_pc_FileName	DEFS.H;FILE.C	F0777_FILE_Delete	function_parameter	runtime_abi_surface
P	2176	P2176_pc_SourceFileName	DEFS.H;FILE.C	F0778_FILE_Rename	function_parameter	runtime_abi_surface
P	2177	P2177_pc_DestinationFileName	DEFS.H;FILE.C	F0778_FILE_Rename	function_parameter	runtime_abi_surface
P	2179	P2179_i_FileHandle	DEFS.H;FILE.C	F0780_FILE_IsHandleInvalid	function_parameter	runtime_abi_surface
P	2180	P2180_i_TextColor	FONT.C;TEXT2.C	F0643_BuildCustomColorsFont	function_parameter	runtime_abi_surface
P	2181	P2181_i_BackgroundColor	FONT.C;TEXT2.C	F0643_BuildCustomColorsFont	function_parameter	runtime_abi_surface
P	2182	P2182_puc_Bitmap	TEXT2.C;DEFS.H	F0644_PrintTextAlt	function_parameter	runtime_abi_surface
P	2183	P2183_i_DestinationWidth	TEXT2.C;DEFS.H	F0644_PrintTextAlt	function_parameter	runtime_abi_surface
P	2184	P2184_i_X	TEXT2.C;DEFS.H	F0644_PrintTextAlt	function_parameter	runtime_abi_surface
P	2185	P2185_i_Y	TEXT2.C;DEFS.H	F0644_PrintTextAlt	function_parameter	runtime_abi_surface
P	2186	P2186_i_TextColor	TEXT2.C;DEFS.H	F0644_PrintTextAlt	function_parameter	runtime_abi_surface
P	2187	P2187_i_BackgroundColor	TEXT2.C;DEFS.H	F0644_PrintTextAlt	function_parameter	runtime_abi_surface
P	2188	P2188_pc_String	TEXT2.C;DEFS.H	F0644_PrintTextAlt	function_parameter	runtime_abi_surface
P	2189	P2189_pc_String	TEXT2.C;TEXT.C;CEDT030.C	F0818_IsJapaneseText	function_parameter	runtime_abi_surface
P	2190	P2190_pc_String	DEFS.H;TEXT.C	F0645_GetStringPixelDimensions	function_parameter	runtime_abi_surface
P	2191	P2191_pi_Width	DEFS.H;TEXT.C	F0645_GetStringPixelDimensions	function_parameter	runtime_abi_surface
P	2192	P2192_pi_Height	DEFS.H;TEXT.C	F0645_GetStringPixelDimensions	function_parameter	runtime_abi_surface
P	2193	P2193_pc_String	DEFS.H;TEXT.C	F0645_GetStringPixelDimensions;F0646_GetLargestPrintableSubString	function_parameter	runtime_abi_surface
P	2194	P2194_pc_String	DEFS.H;TEXT.C	F0645_GetStringPixelDimensions;F0646_GetLargestPrintableSubString	function_parameter	runtime_abi_surface
P	2195	P2195_pi_CharacterIndex	DEFS.H;TEXT.C	F0645_GetStringPixelDimensions;F0646_GetLargestPrintableSubString	function_parameter	runtime_abi_surface
P	2196	P2196_i_Width	DEFS.H;TEXT.C	F0645_GetStringPixelDimensions;F0646_GetLargestPrintableSubString	function_parameter	runtime_abi_surface
P	2197	P2197_i_ZoneIndex	DEFS.H;TEXT.C	F0040_TEXT_Print	function_parameter	runtime_abi_surface
P	2198	P2198_i_ZoneIndex	DEFS.H;TEXT.C	F0768_TEXT_PrintToZoneWithTrailingSpaces	function_parameter	runtime_abi_surface
P	2199	P2199_i_TextColor	DEFS.H;TEXT.C	F0819_TEXT_MESSAGEAREA_PrintMessageAsJapanese	function_parameter	runtime_abi_surface
P	2200	P2200_pc_String	DEFS.H;TEXT.C	F0819_TEXT_MESSAGEAREA_PrintMessageAsJapanese	function_parameter	runtime_abi_surface
P	2201	P2201_i_TextColor	DEFS.H;TEXT.C	F0647_PrintLongForDebugMemory	function_parameter	runtime_abi_surface
P	2202	P2202_ul_Value	DEFS.H;TEXT.C	F0647_PrintLongForDebugMemory	function_parameter	runtime_abi_surface
P	2203	P2203_i_ZoneIndex	DEFS.H;TEXT.C	F0648_PrintTextInViewportZone	function_parameter	runtime_abi_surface
P	2204	P2204_i_Color	DEFS.H;TEXT.C	F0648_PrintTextInViewportZone	function_parameter	runtime_abi_surface
P	2205	P2205_pc_String	DEFS.H;TEXT.C	F0648_PrintTextInViewportZone	function_parameter	runtime_abi_surface
P	2206	P2206_i_ZoneIndex	DEFS.H;TEXT.C	F0649_PrintCenteredTextToViewportZone	function_parameter	runtime_abi_surface
P	2207	P2207_i_TextColor	DEFS.H;TEXT.C	F0649_PrintCenteredTextToViewportZone	function_parameter	runtime_abi_surface
P	2208	P2208_i_BackgroundColor	DEFS.H;TEXT.C	F0649_PrintCenteredTextToViewportZone	function_parameter	runtime_abi_surface
P	2209	P2209_pc_String	DEFS.H;TEXT.C	F0649_PrintCenteredTextToViewportZone	function_parameter	runtime_abi_surface
P	2210	P2210_i_ZoneIndex	DEFS.H;TEXT.C	F0650_PrintCenteredTextToScreenZone	function_parameter	runtime_abi_surface
P	2211	P2211_i_TextColor	DEFS.H;TEXT.C	F0650_PrintCenteredTextToScreenZone	function_parameter	runtime_abi_surface
P	2212	P2212_i_BackgroundColor	DEFS.H;TEXT.C	F0650_PrintCenteredTextToScreenZone	function_parameter	runtime_abi_surface
P	2213	P2213_pc_String	DEFS.H;TEXT.C	F0650_PrintCenteredTextToScreenZone	function_parameter	runtime_abi_surface
P	2214	P2214_ps_Event	TIMELINE.C	F0652_MergeEvent	function_parameter	runtime_abi_surface
P	2215	P2215_i_ZoneIndex	DEFS.H;INVRTZON.C	F0731_InvertZone	function_parameter	runtime_abi_surface
P	2219	P2219_pi_XYZ	FILLBOX.C;DEFS.H;CEDT027.C;UTILITY.H	F0135_VIDEO_FillBox;F7329_FillBox	function_parameter	runtime_abi_surface
P	2219	P2219_pui_XYZ	FILLBOX.C	F0135_VIDEO_FillBox	function_parameter	runtime_abi_surface
P	2220	P2220_ui_Color	FILLBOX.C	F0135_VIDEO_FillBox	function_parameter	runtime_abi_surface
P	2221	P2221_i_Width	FILLBOX.C;DEFS.H;CEDT027.C;UTILITY.H	F0135_VIDEO_FillBox;F7329_FillBox	function_parameter	runtime_abi_surface
P	2221	P2221_ui_Width	FILLBOX.C	F0135_VIDEO_FillBox	function_parameter	runtime_abi_surface
P	2222	P2222_pi_Box	FILLBOX.C;DEFS.H;BLITFILL.C;CEDTINCM.C	F0732_FillScreenArea;F7260_FillScreenBox	function_parameter	runtime_abi_surface
P	2223	P2223_ui_Color	FILLBOX.C;DEFS.H;BLITFILL.C	F0732_FillScreenArea	function_parameter	runtime_abi_surface
P	2224	P2224_i_ZoneIndex	DEFS.H;BLITFILL.C	F0733_FillZoneByIndex	function_parameter	runtime_abi_surface
P	2225	P2225_i_Color	DEFS.H;BLITFILL.C	F0733_FillZoneByIndex	function_parameter	runtime_abi_surface
P	2226	P2226_i_ZoneIndex	DEFS.H;BLITFILL.C	F0136_VIDEO_HatchScreenBox	function_parameter	runtime_abi_surface
P	2228	P2228_i_ZoneIndex	DEFS.H;BLITFILL.C	F0734_ClearZoneInInventory	function_parameter	runtime_abi_surface
P	2229	P2229_pi_XYZ	DEFS.H;BLITFILL.C	F0735_FillViewportBox	function_parameter	runtime_abi_surface
P	2230	P2230_i_Color	DEFS.H;BLITFILL.C	F0735_FillViewportBox	function_parameter	runtime_abi_surface
P	2231	P2231_puc_Bitmap	BASE.C;DEFS.H	F0653_GetBitmapByteCount	function_parameter	runtime_abi_surface
P	2232	P2232_puc_Bitmap_Source	BASE.C;DEFS.H	F0654_Call_F0132_VIDEO_Blit	function_parameter	runtime_abi_surface
P	2233	P2233_puc_Bitmap_Destination	BASE.C;DEFS.H	F0654_Call_F0132_VIDEO_Blit	function_parameter	runtime_abi_surface
P	2234	P2234_pi_XYZ	BASE.C;DEFS.H	F0654_Call_F0132_VIDEO_Blit	function_parameter	runtime_abi_surface
P	2235	P2235_i_X	BASE.C;DEFS.H	F0654_Call_F0132_VIDEO_Blit	function_parameter	runtime_abi_surface
P	2236	P2236_i_Y	BASE.C;DEFS.H	F0654_Call_F0132_VIDEO_Blit	function_parameter	runtime_abi_surface
P	2237	P2237_i_TransparentColor	BASE.C;DEFS.H	F0654_Call_F0132_VIDEO_Blit	function_parameter	runtime_abi_surface
P	2238	P2238_puc_Bitmap_Source	BASE.C	F1002_Call_F0132_VIDEO_Blit	function_parameter	runtime_abi_surface
P	2239	P2239_puc_Bitmap_Destination	BASE.C	F1002_Call_F0132_VIDEO_Blit	function_parameter	runtime_abi_surface
P	2240	P2240_pi_XYZ	BASE.C	F1002_Call_F0132_VIDEO_Blit	function_parameter	runtime_abi_surface
P	2241	P2241_i_X	BASE.C	F1002_Call_F0132_VIDEO_Blit	function_parameter	runtime_abi_surface
P	2242	P2242_i_Y	BASE.C	F1002_Call_F0132_VIDEO_Blit	function_parameter	runtime_abi_surface
P	2243	P2243_i_TransparentColor	BASE.C	F1002_Call_F0132_VIDEO_Blit	function_parameter	runtime_abi_surface
P	2244	P2244_i_Flip	BASE.C	F1002_Call_F0132_VIDEO_Blit	function_parameter	runtime_abi_surface
P	2245	P2245_puc_Bitmap_Source	BASE.C;DEFS.H	F0655_CopyBitmapAndFlip	function_parameter	runtime_abi_surface
P	2246	P2246_puc_Bitmap_Destination	BASE.C;DEFS.H	F0655_CopyBitmapAndFlip	function_parameter	runtime_abi_surface
P	2247	P2247_i_Flip	BASE.C;DEFS.H	F0655_CopyBitmapAndFlip	function_parameter	runtime_abi_surface
P	2248	P2248_pi_XYZ	BASE.C;DEFS.H	F0020_MAIN_BlitToViewport	function_parameter	runtime_abi_surface
P	2249	P2249_puc_Bitmap	BASE.C;DEFS.H	F0656_BlitBitmapToViewportZoneIndexWithTransparency	function_parameter	runtime_abi_surface
P	2250	P2250_i_ZoneIndex	BASE.C;DEFS.H	F0656_BlitBitmapToViewportZoneIndexWithTransparency	function_parameter	runtime_abi_surface
P	2251	P2251_i_TransparentColor	BASE.C;DEFS.H	F0656_BlitBitmapToViewportZoneIndexWithTransparency	function_parameter	runtime_abi_surface
P	2252	P2252_i_BitmapIndex	BASE.C;DEFS.H	F0657_BlitBitmapIndexToViewportZoneWithTransparency	function_parameter	runtime_abi_surface
P	2253	P2253_pi_XYZ	BASE.C;DEFS.H	F0657_BlitBitmapIndexToViewportZoneWithTransparency	function_parameter	runtime_abi_surface
P	2254	P2254_i_TransparentColor	BASE.C;DEFS.H	F0657_BlitBitmapIndexToViewportZoneWithTransparency	function_parameter	runtime_abi_surface
P	2255	P2255_i_BitmapIndex	BASE.C;DEFS.H	F0658_BlitBitmapIndexToZoneIndexWithTransparency	function_parameter	runtime_abi_surface
P	2256	P2256_i_ZoneIndex	BASE.C;DEFS.H	F0658_BlitBitmapIndexToZoneIndexWithTransparency	function_parameter	runtime_abi_surface
P	2257	P2257_i_TransparentColor	BASE.C;DEFS.H	F0658_BlitBitmapIndexToZoneIndexWithTransparency	function_parameter	runtime_abi_surface
P	2258	P2258_puc_Bitmap	BASE.C;DEFS.H	F0766_BlitToScreen	function_parameter	runtime_abi_surface
P	2259	P2259_pi_XYZ	BASE.C;DEFS.H	F0766_BlitToScreen	function_parameter	runtime_abi_surface
P	2260	P2260_i_TransparentColor	BASE.C;DEFS.H	F0766_BlitToScreen	function_parameter	runtime_abi_surface
P	2261	P2261_i_ZoneIndex	BASE.C;DEFS.H	F0021_MAIN_BlitToScreen	function_parameter	runtime_abi_surface
P	2262	P2262_i_P1	BASE.C;DEFS.H	F0659_	function_parameter	runtime_abi_surface
P	2263	P2263_pi_XYZ	BASE.C;DEFS.H	F0659_	function_parameter	runtime_abi_surface
P	2264	P2264_i_Color	BASE.C;DEFS.H	F0659_	function_parameter	runtime_abi_surface
P	2265	P2265_i_BitmapIndex	BASE.C;DEFS.H	F0660_	function_parameter	runtime_abi_surface
P	2266	P2266_i_ZoneIndex	BASE.C;DEFS.H	F0660_	function_parameter	runtime_abi_surface
P	2267	P2267_i_TransparentColor	BASE.C;DEFS.H	F0660_	function_parameter	runtime_abi_surface
P	2268	P2268_i_NativeBitmapIndex	BASE.C	F0767_	function_parameter	runtime_abi_surface
P	2269	P2269_i_DerivedBitmapIndex	BASE.C	F0767_	function_parameter	runtime_abi_surface
P	2270	P2270_i_Width	BASE.C	F0767_	function_parameter	runtime_abi_surface
P	2271	P2271_i_Height	BASE.C	F0767_	function_parameter	runtime_abi_surface
P	2272	P2272_puc_PaletteChanges	BASE.C	F0767_	function_parameter	runtime_abi_surface
P	2273	P2273_i_NativeBitmapIndex	BASE.C;DEFS.H	F0661_GetShrinkedBitmap	function_parameter	runtime_abi_surface
P	2274	P2274_i_DerivedBitmapIndex	BASE.C;DEFS.H	F0661_GetShrinkedBitmap	function_parameter	runtime_abi_surface
P	2275	P2275_i_Width	BASE.C;DEFS.H	F0661_GetShrinkedBitmap	function_parameter	runtime_abi_surface
P	2276	P2276_i_Height	BASE.C;DEFS.H	F0661_GetShrinkedBitmap	function_parameter	runtime_abi_surface
P	2277	P2277_puc_PaletteChanges	BASE.C;DEFS.H	F0661_GetShrinkedBitmap	function_parameter	runtime_abi_surface
P	2278	P2278_pc_ChampionIconBitmap	BASE.C;DEFS.H	F0662_ApplyPaletteChanges	function_parameter	runtime_abi_surface
P	2279	P2279_puc_PaletteChanges	BASE.C;DEFS.H	F0662_ApplyPaletteChanges	function_parameter	runtime_abi_surface
P	2280	P2280_puc_Bitmap	BASE.C;DEFS.H	F0663_CopyBitmapWithPaletteChanges	function_parameter	runtime_abi_surface
P	2281	P2281_puc_Bitmap2	BASE.C;DEFS.H	F0663_CopyBitmapWithPaletteChanges	function_parameter	runtime_abi_surface
P	2282	P2282_puc_PaletteChanges	BASE.C;DEFS.H	F0663_CopyBitmapWithPaletteChanges	function_parameter	runtime_abi_surface
P	2283	P2283_i_ZoneIndex	PANEL.C	F0332_INVENTORY_DrawIconToViewport	function_parameter	runtime_abi_surface
P	2284	P2284_T_Thing	PANEL.C;DEFS.H	F0802_IsMagicMap	function_parameter	runtime_abi_surface
P	2285	P2285_i_MagicMapIconIndex	PANEL.C	F0803_DrawMagicMapIcon	function_parameter	runtime_abi_surface
P	2286	P2286_i_X	PANEL.C	F0803_DrawMagicMapIcon	function_parameter	runtime_abi_surface
P	2287	P2287_i_Y	PANEL.C	F0803_DrawMagicMapIcon	function_parameter	runtime_abi_surface
P	2288	P2288_i_X	PANEL.C	F0804_DrawMagicMap	function_parameter	runtime_abi_surface
P	2289	P2289_i_Y	PANEL.C	F0804_DrawMagicMap	function_parameter	runtime_abi_surface
P	2290	P2290_i_Direction	PANEL.C	F0804_DrawMagicMap	function_parameter	runtime_abi_surface
P	2291	P2291_i_	PANEL.C	F0804_DrawMagicMap	function_parameter	runtime_abi_surface
P	2292	P2292_i_	PANEL.C	F0804_DrawMagicMap	function_parameter	runtime_abi_surface
P	2293	P2293_i_X	PANEL.C	F0340_INVENTORY_DrawPanel_ScrollTextLine	function_parameter	runtime_abi_surface
P	2294	P2294_pc_ScrollText	PANEL.C	F0805_CreatureNameScroll	function_parameter	runtime_abi_surface
P	2295	P2295_i_ZoneIndex	PANEL.C	F0344_INVENTORY_DrawPanel_FoodOrWaterBar	function_parameter	runtime_abi_surface
P	2296	P2296_pc_String	STRING.C;DEFS.H;UTILITY.H	F0090_strlen	function_parameter	runtime_abi_surface
P	2297	P2297_pc_StringA	STRING.C;DEFS.H;UTILITY.H	F0086_strcat	function_parameter	runtime_abi_surface
P	2298	P2298_pc_StringB	STRING.C;DEFS.H;UTILITY.H	F0086_strcat	function_parameter	runtime_abi_surface
P	2299	P2299_pc_StringA	STRING.C;DEFS.H	F0087_strcmp	function_parameter	runtime_abi_surface
P	2300	P2300_pc_StringB	STRING.C;DEFS.H	F0087_strcmp	function_parameter	runtime_abi_surface
P	2301	P2301_pc_StringA	STRING.C;DEFS.H;UTILITY.H	F0088_strcpy	function_parameter	runtime_abi_surface
P	2302	P2302_pc_StringB	STRING.C;DEFS.H;UTILITY.H	F0088_strcpy	function_parameter	runtime_abi_surface
P	2303	P2303_pc_StringA	STRING.C;DEFS.H	F0089_strncpy	function_parameter	runtime_abi_surface
P	2304	P2304_pc_StringB	STRING.C;DEFS.H	F0089_strncpy	function_parameter	runtime_abi_surface
P	2305	P2305_i_Count	STRING.C;DEFS.H	F0089_strncpy	function_parameter	runtime_abi_surface
P	2306	P2306_pc_String	STRING.C;DEFS.H	F0091_strchr	function_parameter	runtime_abi_surface
P	2307	P2307_c_Character	STRING.C;DEFS.H	F0091_strchr	function_parameter	runtime_abi_surface
P	2308	P2308_pc_StringHaystack	STRING.C;DEFS.H;UTILITY.H	F0816_strstr;F7097_strstr	function_parameter	runtime_abi_surface
P	2309	P2309_pc_StringNeedle	STRING.C;DEFS.H;UTILITY.H	F0816_strstr;F7097_strstr	function_parameter	runtime_abi_surface
P	2310	P2310_pc_String	STRING.C;DEFS.H	F0817_SubstituteFirstCharactersByString	function_parameter	runtime_abi_surface
P	2311	P2311_i_CharacterCount	STRING.C;DEFS.H	F0817_SubstituteFirstCharactersByString	function_parameter	runtime_abi_surface
P	2312	P2312_pc_ReplacementString	STRING.C;DEFS.H	F0817_SubstituteFirstCharactersByString	function_parameter	runtime_abi_surface
P	2313	P2313_pc_SourceString	STRING.C;DEFS.H	F0670_ReplaceCharacterByString	function_parameter	runtime_abi_surface
P	2314	P2314_pc_ReplacementString	STRING.C;DEFS.H	F0670_ReplaceCharacterByString	function_parameter	runtime_abi_surface
P	2315	P2315_c_Character	STRING.C;DEFS.H	F0670_ReplaceCharacterByString	function_parameter	runtime_abi_surface
P	2316	P2316_pc_DestinationString	STRING.C;DEFS.H	F0670_ReplaceCharacterByString	function_parameter	runtime_abi_surface
P	2317	P2317_l_Value	STRING.C;DEFS.H	F0671_ConvertLongToString	function_parameter	runtime_abi_surface
P	2318	P2318_pc_String	STRING.C;DEFS.H	F0671_ConvertLongToString	function_parameter	runtime_abi_surface
P	2322	P2322_i_A	IMAGE3.C	F0681_CopyPixelLineToScreenWithoutTransparencyFlippedHorizontally	function_parameter	runtime_abi_surface
P	2323	P2323_i_B	IMAGE3.C	F0681_CopyPixelLineToScreenWithoutTransparencyFlippedHorizontally	function_parameter	runtime_abi_surface
P	2324	P2324_i_C	IMAGE3.C	F0681_CopyPixelLineToScreenWithoutTransparencyFlippedHorizontally	function_parameter	runtime_abi_surface
P	2325	P2325_i_A	NEC816.C;VIDEODRV.C;IMAGE3.C	F0682_CopyPixelLineToScreenWithTransparency	function_parameter	runtime_abi_surface
P	2326	P2326_i_DestinationOffset	NEC816.C;VIDEODRV.C;IMAGE3.C	F0682_CopyPixelLineToScreenWithTransparency	function_parameter	runtime_abi_surface
P	2327	P2327_i_PixelCount	NEC816.C;VIDEODRV.C;IMAGE3.C	F0682_CopyPixelLineToScreenWithTransparency	function_parameter	runtime_abi_surface
P	2328	P2328_c_TransparentColor	VIDEODRV.C;IMAGE3.C	F0682_CopyPixelLineToScreenWithTransparency	function_parameter	runtime_abi_surface
P	2329	P2329_i_A	IMAGE3.C	F0683_CopyPixelLineToScreenWithTransparencyFlippedHorizontally	function_parameter	runtime_abi_surface
P	2330	P2330_i_B	IMAGE3.C	F0683_CopyPixelLineToScreenWithTransparencyFlippedHorizontally	function_parameter	runtime_abi_surface
P	2331	P2331_i_C	IMAGE3.C	F0683_CopyPixelLineToScreenWithTransparencyFlippedHorizontally	function_parameter	runtime_abi_surface
P	2332	P2332_c_TransparentColor	IMAGE3.C	F0683_CopyPixelLineToScreenWithTransparencyFlippedHorizontally	function_parameter	runtime_abi_surface
P	2333	P2333_puc_Bitmap_Source	DEFS.H;NEC816.C;VIDEODRV.C;IMAGE3.C	F0684_Blit;F8151_VIDRV_02_Blit	function_parameter	runtime_abi_surface
P	2334	P2334_puc_Bitmap_Destination	DEFS.H;NEC816.C;VIDEODRV.C;IMAGE3.C	F0684_Blit;F8151_VIDRV_02_Blit	function_parameter	runtime_abi_surface
P	2335	P2335_pi_Box	DEFS.H;NEC816.C;VIDEODRV.C;IMAGE3.C	F0684_Blit;F8151_VIDRV_02_Blit	function_parameter	runtime_abi_surface
P	2336	P2336_i_X	DEFS.H;NEC816.C;VIDEODRV.C;IMAGE3.C	F0684_Blit;F8151_VIDRV_02_Blit	function_parameter	runtime_abi_surface
P	2337	P2337_i_Y	DEFS.H;NEC816.C;VIDEODRV.C;IMAGE3.C	F0684_Blit;F8151_VIDRV_02_Blit	function_parameter	runtime_abi_surface
P	2338	P2338_i_SourceWidth	DEFS.H;NEC816.C;VIDEODRV.C;IMAGE3.C	F0684_Blit;F8151_VIDRV_02_Blit	function_parameter	runtime_abi_surface
P	2339	P2339_i_DestinationWidth	DEFS.H;NEC816.C;VIDEODRV.C;IMAGE3.C	F0684_Blit;F8151_VIDRV_02_Blit	function_parameter	runtime_abi_surface
P	2340	P2340_i_	DEFS.H	F0684_Blit	function_parameter	runtime_abi_surface
P	2340	P2340_i_TransparentColor	NEC816.C;VIDEODRV.C;IMAGE3.C	F0684_Blit;F8151_VIDRV_02_Blit	function_parameter	runtime_abi_surface
P	2341	P2341_i_	DEFS.H	F0684_Blit	function_parameter	runtime_abi_surface
P	2341	P2341_i_Flip	NEC816.C;VIDEODRV.C;IMAGE3.C	F0684_Blit;F8151_VIDRV_02_Blit	function_parameter	runtime_abi_surface
P	2342	P2342_ui_	IMAGE4.C;ANIMIMG.C	F0790_;F8283_	function_parameter	runtime_abi_surface
P	2343	P2343_c_	IMAGE4.C;ANIMIMG.C	F0790_;F8283_	function_parameter	runtime_abi_surface
P	2344	P2344_ui_	IMAGE4.C;ANIMIMG.C	F0685_IMG3_LineColorFilling;F8284_	function_parameter	runtime_abi_surface
P	2345	P2345_c_Color	IMAGE4.C;ANIMIMG.C	F0685_IMG3_LineColorFilling;F8284_	function_parameter	runtime_abi_surface
P	2346	P2346_i_	IMAGE4.C;ANIMIMG.C	F0685_IMG3_LineColorFilling;F8284_	function_parameter	runtime_abi_surface
P	2347	P2347_ui_	IMAGE4.C	F1003_	function_parameter	runtime_abi_surface
P	2348	P2348_ui_	IMAGE4.C	F1003_	function_parameter	runtime_abi_surface
P	2349	P2349_i_	IMAGE4.C	F1003_	function_parameter	runtime_abi_surface
P	2350	P2350_ui_	ANIMIMG.C;IMAGE2.C	F0686_IMG_CopyFromPreviousLine;F8286_	function_parameter	runtime_abi_surface
P	2351	P2351_ui_	ANIMIMG.C;IMAGE2.C	F0686_IMG_CopyFromPreviousLine;F8286_	function_parameter	runtime_abi_surface
P	2352	P2352_i_	ANIMIMG.C;IMAGE2.C	F0686_IMG_CopyFromPreviousLine;F8286_	function_parameter	runtime_abi_surface
P	2353	P2353_Bitmap_AtariST	PORTRAIT.C	F7251_ConvertBitmapFromAtariSTPlanar	function_parameter	runtime_abi_surface
P	2353	P2353_puc_Bitmap_AtariST	DEFS.H;IMAGE2.C;UTILITY.H	F0689_IMG_ExpandGraphicToBitmap;F7251_ConvertBitmapFromAtariSTPlanar	function_parameter	runtime_abi_surface
P	2354	P2354_Bitmap	PORTRAIT.C	F7251_ConvertBitmapFromAtariSTPlanar	function_parameter	runtime_abi_surface
P	2354	P2354_puc_Bitmap	DEFS.H;IMAGE2.C;UTILITY.H	F0689_IMG_ExpandGraphicToBitmap;F7251_ConvertBitmapFromAtariSTPlanar	function_parameter	runtime_abi_surface
P	2355	P2355_ui_DestinationPixelIndex	ANIMIMG.C;SWITCH.C;IMAGE3.C	F0690_CopyPixelLineToScreenWithoutTransparency	function_parameter	runtime_abi_surface
P	2356	P2356_ui_PixelCount	ANIMIMG.C;SWITCH.C;IMAGE3.C	F0690_CopyPixelLineToScreenWithoutTransparency	function_parameter	runtime_abi_surface
P	2357	P2357_puc_Graphic	DEFS.H;SWITCH.C;IMAGE3.C	F0691_IMG_ExpandGraphicToScreen	function_parameter	runtime_abi_surface
P	2358	P2358_i_X	DEFS.H;SWITCH.C;IMAGE3.C	F0691_IMG_ExpandGraphicToScreen	function_parameter	runtime_abi_surface
P	2359	P2359_i_Y	DEFS.H;SWITCH.C;IMAGE3.C	F0691_IMG_ExpandGraphicToScreen	function_parameter	runtime_abi_surface
P	2360	P2360_puc_Bitmap	DEFS.H;IMAGE3.C	F0692_FillBox	function_parameter	runtime_abi_surface
P	2361	P2361_pi_Box	DEFS.H;IMAGE3.C	F0692_FillBox	function_parameter	runtime_abi_surface
P	2362	P2362_i_Color	DEFS.H;IMAGE3.C	F0692_FillBox	function_parameter	runtime_abi_surface
P	2363	P2363_i_Width	DEFS.H;IMAGE3.C	F0692_FillBox	function_parameter	runtime_abi_surface
P	2364	P2364_pi_XYZ	BLIT.C;DEFS.H;CEDT027.C;BLITAMIG.C;UTILITY.H	F0132_VIDEO_Blit;F1013_Blit_Amiga;F7330_DrawBitmap	function_parameter	runtime_abi_surface
P	2365	P2365_i_Flip	BLIT.C;DEFS.H	F0132_VIDEO_Blit	function_parameter	runtime_abi_surface
P	2368	P2368_i_PaletteIndex	DRAWVIEW.C;DEFS.H;SWITCH.C;IMAGE.C;ANIMTOWN.C;CEDT027.C	F0694_SetMultipleColorsInPalette	function_parameter	runtime_abi_surface
P	2369	P2369_ui_	DRAWVIEW.C;DEFS.H;SWITCH.C;IMAGE.C;ANIMTOWN.C;CEDT027.C	F1012_PALETTE_SetCurtain	function_parameter	runtime_abi_surface
P	2370	P2370_i_ReplacedColor	DUNVIEW.C;DRAWVIEW.C;IMAGE.C	F0695_SetCreatureReplacementColors	function_parameter	runtime_abi_surface
P	2371	P2371_i_ReplacementColorSetIndex	DUNVIEW.C;DRAWVIEW.C;IMAGE.C	F0695_SetCreatureReplacementColors	function_parameter	runtime_abi_surface
P	2372	P2372_pi_XYZ	BLITFILL.C;IMAGE.C;TOWNSSCR.C	F0697_HatchScreenBox	function_parameter	runtime_abi_surface
P	2373	P2373_ui_Color	BLITFILL.C;IMAGE.C;TOWNSSCR.C	F0697_HatchScreenBox	function_parameter	runtime_abi_surface
P	2374	P2374_pi_XYZ	DEFS.H;IMAGE.C;TOWNSSCR.C	F0698_InvertBox	function_parameter	runtime_abi_surface
P	2377	P2377_i_X1	DEFS.H;IMAGE.C;CEDT027.C;TOWNSSCR.C;UTILITY.H	F0698_InvertBox	function_parameter	runtime_abi_surface
P	2378	P2378_i_X2	DEFS.H;IMAGE.C;CEDT027.C;TOWNSSCR.C;UTILITY.H	F0698_InvertBox	function_parameter	runtime_abi_surface
P	2379	P2379_i_Y1	DEFS.H;IMAGE.C;CEDT027.C;TOWNSSCR.C;UTILITY.H	F0698_InvertBox	function_parameter	runtime_abi_surface
P	2380	P2380_i_Y2	DEFS.H;IMAGE.C;CEDT027.C;TOWNSSCR.C;UTILITY.H	F0698_InvertBox	function_parameter	runtime_abi_surface
P	2381	P2381_i_X	IO.C	F0781_MouseHandler	function_parameter	runtime_abi_surface
P	2382	P2382_i_Y	IO.C	F0781_MouseHandler	function_parameter	runtime_abi_surface
P	2383	P2383_i_MouseEvent	IO.C	F0781_MouseHandler	function_parameter	runtime_abi_surface
P	2384	P2384_puc_ObjectBitmap	IO.C	F0702_BuildObjectMousePointerIcon	function_parameter	runtime_abi_surface
P	2385	P2385_puc_TargetBitmap	IO.C	F0702_BuildObjectMousePointerIcon	function_parameter	runtime_abi_surface
P	2386	P2386_i_	IO.C;DEFS.H;CEDT026.C;SELECTOR.C	F0785_SetMousePointerCoordinates	function_parameter	runtime_abi_surface
P	2387	P2387_i_	IO.C;DEFS.H;CEDT026.C;SELECTOR.C	F0785_SetMousePointerCoordinates	function_parameter	runtime_abi_surface
P	2388	P2388_pi_	IO.C;DEFS.H;CEDT026.C;SELECTOR.C	F0706_GetMouseState	function_parameter	runtime_abi_surface
P	2389	P2389_pi_	IO.C;DEFS.H;CEDT026.C;SELECTOR.C	F0706_GetMouseState	function_parameter	runtime_abi_surface
P	2390	P2390_pi_	IO.C;DEFS.H;CEDT026.C;SELECTOR.C	F0706_GetMouseState	function_parameter	runtime_abi_surface
P	2391	P2391_i_	IO.C;DEFS.H;TOWNSIO.C;SOUND.C	F0707_ResetSoundBufferAddress	function_parameter	runtime_abi_surface
P	2392	P2392_puc_	IO.C	F0786_	function_parameter	runtime_abi_surface
P	2393	P2393_i_B	IO.C	F0786_	function_parameter	runtime_abi_surface
P	2394	P2394_i_C	IO.C	F0786_	function_parameter	runtime_abi_surface
P	2395	P2395_i_SoundIndex	IO.C;DEFS.H;TOWNSIO.C	F0709_StartSound	function_parameter	runtime_abi_surface
P	2396	P2396_i_SoundVolume	IO.C;DEFS.H;TOWNSIO.C	F0709_StartSound	function_parameter	runtime_abi_surface
P	2397	P2397_i_	DEFS.H;SELECTOR.C;IO2.C	F0711_ConvertScanCodeToASCII	function_parameter	runtime_abi_surface
P	2398	P2398_i_DriveOrdinal	IO.C;DEFS.H	F0714_GetReadFirstSectorResult	function_parameter	runtime_abi_surface
P	2399	P2399_i_	IO.C;DEFS.H;CEDT026.C	F0715_GetConvertedDeviceType	function_parameter	runtime_abi_surface
P	2400	P2400_i_	IO.C;DEFS.H	F0716_CallRazAXInIBMIO	function_parameter	runtime_abi_surface
P	2401	P2401_i_	IO.C;DEFS.H	F0717_GetVolumeName	function_parameter	runtime_abi_surface
P	2402	P2402_pc_	IO.C;DEFS.H	F0717_GetVolumeName	function_parameter	runtime_abi_surface
P	2403	P2403_i_TrackNumber	ANIM.C;IO.C;MUSIC.C	F0719_PlayMusicTrack	function_parameter	runtime_abi_surface
P	2404	P2404_puc_	IO.C	F0809_CheckCopyProtectionSide0Track0_CPSX	function_parameter	runtime_abi_surface
P	2405	P2405_puc_	IO.C	F0810_CheckCopyProtectionSide0Track2_CPSX	function_parameter	runtime_abi_surface
P	2406	P2406_puc_	IO.C	F0812_CheckCopyProtectionSide0Track1_CPSX	function_parameter	runtime_abi_surface
P	2407	P2407_pc_	IO.C	F0813_PlayMIDIMusic	function_parameter	runtime_abi_surface
P	2408	P2408_i_	BLTSHRNK.C	F0720_ShrinkBLT_Sub1	function_parameter	runtime_abi_surface
P	2409	P2409_ui_	BLTSHRNK.C	F0720_ShrinkBLT_Sub1	function_parameter	runtime_abi_surface
P	2410	P2410_ui_	BLTSHRNK.C	F0720_ShrinkBLT_Sub1	function_parameter	runtime_abi_surface
P	2411	P2411_ui_	BLTSHRNK.C	F0720_ShrinkBLT_Sub1	function_parameter	runtime_abi_surface
P	2412	P2412_i_	BLTSHRNK.C	F0721_ShrinkBLT_Sub2	function_parameter	runtime_abi_surface
P	2413	P2413_ui_	BLTSHRNK.C	F0721_ShrinkBLT_Sub2	function_parameter	runtime_abi_surface
P	2414	P2414_ui_	BLTSHRNK.C	F0721_ShrinkBLT_Sub2	function_parameter	runtime_abi_surface
P	2415	P2415_ui_	BLTSHRNK.C	F0721_ShrinkBLT_Sub2	function_parameter	runtime_abi_surface
P	2416	P2416_pi_XYZ	BLITMASK.C;DEFS.H	F0133_VIDEO_BlitBoxFilledWithMaskedBitmap	function_parameter	runtime_abi_surface
P	2417	P2417_i_	JAPANESE.C	F0949_JAPANESE_	function_parameter	runtime_abi_surface
P	2418	P2418_i_	JAPANESE.C	F0950_JAPANESE_	function_parameter	runtime_abi_surface
P	2419	P2419_pc_	JAPANESE.C	F0950_JAPANESE_	function_parameter	runtime_abi_surface
P	2420	P2420_i_CharacterIndex	JAPANESE.C	F0951_JAPANESE_GetCharacterPattern	function_parameter	runtime_abi_surface
P	2421	P2421_pc_CharacterPattern	JAPANESE.C	F0951_JAPANESE_GetCharacterPattern	function_parameter	runtime_abi_surface
P	2422	P2422_puc_String	DEFS.H;CEDT027.C;JAPANESE.C;CEDT030.C	F0952_JAPANESE_Print	function_parameter	runtime_abi_surface
P	2423	P2423_i_ByteIndex	DEFS.H;CEDT027.C;JAPANESE.C;CEDT030.C	F0952_JAPANESE_Print	function_parameter	runtime_abi_surface
P	2424	P2424_pc_Bitmap	DEFS.H;CEDT027.C;JAPANESE.C	F0952_JAPANESE_Print	function_parameter	runtime_abi_surface
P	2425	P2425_pi_Width	DEFS.H;CEDT027.C;JAPANESE.C;CEDT030.C	F0952_JAPANESE_Print	function_parameter	runtime_abi_surface
P	2426	P2426_pi_Height	DEFS.H;CEDT027.C;JAPANESE.C;CEDT030.C	F0952_JAPANESE_Print	function_parameter	runtime_abi_surface
P	2427	P2427_i_Textcolor	DEFS.H;CEDT027.C;JAPANESE.C;CEDT030.C	F0952_JAPANESE_Print	function_parameter	runtime_abi_surface
P	2428	P2428_i_BackgroundColor	DEFS.H;CEDT027.C;JAPANESE.C;CEDT030.C	F0952_JAPANESE_Print	function_parameter	runtime_abi_surface
P	2429	P2429_pc_FileName	FILENAME.C	F0744_ReplaceTildeInFileName	function_parameter	runtime_abi_surface
P	2430	P2430_c_	FILENAME.C	F0744_ReplaceTildeInFileName	function_parameter	runtime_abi_surface
P	2454	P2454_puc_BitmapA	ANIMIMG.C	F8288_	function_parameter	runtime_abi_surface
P	2455	P2455_puc_BitmapB	ANIMIMG.C	F8288_	function_parameter	runtime_abi_surface
P	2456	P2456_pi_Box	ANIM.C	F8289_	function_parameter	runtime_abi_surface
P	2457	P2457_i_Color	ANIM.C	F8289_	function_parameter	runtime_abi_surface
P	2458	P2458_i_Width	ANIM.C	F8289_	function_parameter	runtime_abi_surface
P	2459	P2459_Bitmap	ANIM.C	F8291_	function_parameter	runtime_abi_surface
P	2460	P2460_pi_Box	ANIM.C	F8291_	function_parameter	runtime_abi_surface
P	2461	P2461_i_X	ANIM.C	F8291_	function_parameter	runtime_abi_surface
P	2462	P2462_i_Y	ANIM.C	F8291_	function_parameter	runtime_abi_surface
P	2463	P2463_i_SourceWidth	ANIM.C	F8291_	function_parameter	runtime_abi_surface
P	2464	P2464_i_DestinationWidth	ANIM.C	F8291_	function_parameter	runtime_abi_surface
P	2465	P2465_i_TransparentColor	ANIM.C	F8291_	function_parameter	runtime_abi_surface
P	2466	P2466_i_Flip	ANIM.C	F8291_	function_parameter	runtime_abi_surface
P	2467	P2467_i_	ANIM.C	F8292_	function_parameter	runtime_abi_surface
P	2467	P2467_i_ColorIndex	ANIM.C	F8292_	function_parameter	runtime_abi_surface
P	2468	P2468_c_Red	ANIM.C	F8292_	function_parameter	runtime_abi_surface
P	2468	P2468_i_	ANIM.C	F8292_	function_parameter	runtime_abi_surface
P	2469	P2469_c_Green	ANIM.C	F8292_	function_parameter	runtime_abi_surface
P	2469	P2469_i_	ANIM.C	F8292_	function_parameter	runtime_abi_surface
P	2470	P2470_c_Blue	ANIM.C	F8292_	function_parameter	runtime_abi_surface
P	2470	P2470_i_	ANIM.C	F8292_	function_parameter	runtime_abi_surface
P	2471	P2471_i_	ANIM.C	F8293_	function_parameter	runtime_abi_surface
P	2472	P2472_i_	ANIM.C	F8293_	function_parameter	runtime_abi_surface
P	2473	P2473_i_	ANIM.C	F8294_SetSingleColorInPalette	function_parameter	runtime_abi_surface
P	2474	P2474_i_	ANIM.C	F8294_SetSingleColorInPalette	function_parameter	runtime_abi_surface
P	2475	P2475_i_	ANIM.C	F8295_	function_parameter	runtime_abi_surface
P	2476	P2476_uc_	ANIM.C	F8296_PALETTE_SetCurtain	function_parameter	runtime_abi_surface
P	2477	P2477_puc_	ANIM.C	F8302_	function_parameter	runtime_abi_surface
P	2478	P2478_i_	ANIM.C	F8302_	function_parameter	runtime_abi_surface
P	2479	P2479_i_	ANIM.C	F8302_	function_parameter	runtime_abi_surface
P	2480	P2480_puc_MIDIData	ANIM.C	F8271_PlayMIDIMusic	function_parameter	runtime_abi_surface
P	2481	P2481_pc_Filename	ANIM.C	F8304_	function_parameter	runtime_abi_surface
P	2482	P2482_i_	ANIM.C	F8306_	function_parameter	runtime_abi_surface
P	2483	P2483_i_PixelIndex	NEC816.C;VIDEODRV.C	F8137_SetMultiplePixels	function_parameter	runtime_abi_surface
P	2484	P2484_c_Color	NEC816.C;VIDEODRV.C	F8137_SetMultiplePixels	function_parameter	runtime_abi_surface
P	2485	P2485_i_PixelCount	NEC816.C;VIDEODRV.C	F8137_SetMultiplePixels	function_parameter	runtime_abi_surface
P	2486	P2486_i_	VIDEODRV.C	F8138_	function_parameter	runtime_abi_surface
P	2487	P2487_i_	VIDEODRV.C	F8138_	function_parameter	runtime_abi_surface
P	2488	P2488_i_	VIDEODRV.C	F8139_Unreferenced	function_parameter	runtime_abi_surface
P	2489	P2489_i_PixelIndex	VIDEODRV.C	F8139_Unreferenced	function_parameter	runtime_abi_surface
P	2490	P2490_i_	VIDEODRV.C	F8139_Unreferenced	function_parameter	runtime_abi_surface
P	2491	P2491_i_	VIDEODRV.C	F8140_ScrollMessageAreaUp	function_parameter	runtime_abi_surface
P	2492	P2492_i_	VIDEODRV.C	F8140_ScrollMessageAreaUp	function_parameter	runtime_abi_surface
P	2493	P2493_i_	VIDEODRV.C	F8140_ScrollMessageAreaUp	function_parameter	runtime_abi_surface
P	2494	P2494_i_SourcePixelIndex	ANIMIMG.C;IMAGE5.C	F0680_CopyPixelsToScreenWithoutTransparency;F1003_	function_parameter	runtime_abi_surface
P	2495	P2495_i_DestinationPixelIndex	ANIMIMG.C;IMAGE5.C	F0680_CopyPixelsToScreenWithoutTransparency;F1003_	function_parameter	runtime_abi_surface
P	2496	P2496_i_PixelCount	ANIMIMG.C;IMAGE5.C	F0680_CopyPixelsToScreenWithoutTransparency;F1003_	function_parameter	runtime_abi_surface
P	2501	P2501_i_	VIDEODRV.C	F8143_CopyPixelLineFromScreenWithoutTransparency	function_parameter	runtime_abi_surface
P	2502	P2502_i_	VIDEODRV.C	F8143_CopyPixelLineFromScreenWithoutTransparency	function_parameter	runtime_abi_surface
P	2503	P2503_i_	VIDEODRV.C	F8143_CopyPixelLineFromScreenWithoutTransparency	function_parameter	runtime_abi_surface
P	2504	P2504_puc_	NEC816.C;VIDEODRV.C	F8147_	function_parameter	runtime_abi_surface
P	2505	P2505_i_	NEC816.C;VIDEODRV.C	F8147_	function_parameter	runtime_abi_surface
P	2506	P2506_puc_	VIDEODRV.C	F8150_	function_parameter	runtime_abi_surface
P	2516	P2516_puc_Bitmap	NEC816.C;VIDEODRV.C	F8152_VIDRV_01_FillBox	function_parameter	runtime_abi_surface
P	2517	P2517_pi_Box	NEC816.C;VIDEODRV.C	F8152_VIDRV_01_FillBox	function_parameter	runtime_abi_surface
P	2518	P2518_i_	VIDEODRV.C	F8152_VIDRV_01_FillBox	function_parameter	runtime_abi_surface
P	2519	P2519_i_Width	VIDEODRV.C	F8152_VIDRV_01_FillBox	function_parameter	runtime_abi_surface
P	2520	P2520_i_X1	NEC816.C;VIDEODRV.C	F8154_VIDRV_05_InvertBox	function_parameter	runtime_abi_surface
P	2521	P2521_i_X2	NEC816.C;VIDEODRV.C	F8154_VIDRV_05_InvertBox	function_parameter	runtime_abi_surface
P	2522	P2522_i_Y1	NEC816.C;VIDEODRV.C	F8154_VIDRV_05_InvertBox	function_parameter	runtime_abi_surface
P	2523	P2523_i_Y2	NEC816.C;VIDEODRV.C	F8154_VIDRV_05_InvertBox	function_parameter	runtime_abi_surface
P	2524	P2524_i_X1	NEC816.C;VIDEODRV.C	F8155_VIDRV_06_HatchScreenBox	function_parameter	runtime_abi_surface
P	2525	P2525_i_X2	NEC816.C;VIDEODRV.C	F8155_VIDRV_06_HatchScreenBox	function_parameter	runtime_abi_surface
P	2526	P2526_i_Y1	NEC816.C;VIDEODRV.C	F8155_VIDRV_06_HatchScreenBox	function_parameter	runtime_abi_surface
P	2527	P2527_i_Y2	NEC816.C;VIDEODRV.C	F8155_VIDRV_06_HatchScreenBox	function_parameter	runtime_abi_surface
P	2528	P2528_pc_	VIDEODRV.C	F8156_SetPalette	function_parameter	runtime_abi_surface
P	2529	P2529_i_PaletteIndex	NEC816.C;VIDEODRV.C	F8157_VIDRV_08_SetMultipleColorsInPalette	function_parameter	runtime_abi_surface
P	2530	P2530_i_ColorIndex	VIDEODRV.C	F8158_VIDRV_18_SetSingleColorInPalette	function_parameter	runtime_abi_surface
P	2531	P2531_i_	VIDEODRV.C	F8158_VIDRV_18_SetSingleColorInPalette	function_parameter	runtime_abi_surface
P	2532	P2532_c_State	NEC816.C;VIDEODRV.C	F8159_VIDRV_11_PALETTE_SetCurtain	function_parameter	runtime_abi_surface
P	2533	P2533_i_	NEC816.C;VIDEODRV.C	F8160_VIDRV_12_SetCreatureReplacementColors	function_parameter	runtime_abi_surface
P	2534	P2534_i_	NEC816.C;VIDEODRV.C	F8160_VIDRV_12_SetCreatureReplacementColors	function_parameter	runtime_abi_surface
P	2535	P2535_puc_Bitmap	NEC816.C;VIDEODRV.C	F8161_VIDRV_09_BlitViewPort	function_parameter	runtime_abi_surface
P	2536	P2536_pi_Box	NEC816.C;VIDEODRV.C	F8161_VIDRV_09_BlitViewPort	function_parameter	runtime_abi_surface
P	2537	P2537_pi_Box	NEC816.C;VIDEODRV.C	F8162_VIDRV_10_ScrollMessageAreaUp	function_parameter	runtime_abi_surface
P	2538	P2538_i_	VIDEODRV.C	F8162_VIDRV_10_ScrollMessageAreaUp	function_parameter	runtime_abi_surface
P	2539	P2539_puc_Bitmap	NEC816.C;VIDEODRV.C	F8163_VIDRV_00_CopyPixelsToScreenWithoutTransparency	function_parameter	runtime_abi_surface
P	2540	P2540_ui_SourcePixelIndex	NEC816.C;VIDEODRV.C	F8163_VIDRV_00_CopyPixelsToScreenWithoutTransparency	function_parameter	runtime_abi_surface
P	2541	P2541_ui_DestinationPixelIndex	NEC816.C;VIDEODRV.C	F8163_VIDRV_00_CopyPixelsToScreenWithoutTransparency	function_parameter	runtime_abi_surface
P	2542	P2542_ui_PixelCount	NEC816.C;VIDEODRV.C	F8163_VIDRV_00_CopyPixelsToScreenWithoutTransparency	function_parameter	runtime_abi_surface
P	2543	P2543_pc_A	NEC816.C;VIDEODRV.C	F8164_VIDRV_13_InitializeUnusedGlobalVariables	function_parameter	runtime_abi_surface
P	2544	P2544_pc_B	NEC816.C;VIDEODRV.C	F8164_VIDRV_13_InitializeUnusedGlobalVariables	function_parameter	runtime_abi_surface
P	2545	P2545_pi_	NEC816.C;VIDEODRV.C	F8165_VIDRV_14_GetPrefixedBitmapByteCountOrBlitFromScreenNoTransparency	function_parameter	runtime_abi_surface
P	2546	P2546_ui_X	NEC816.C;VIDEODRV.C	F8165_VIDRV_14_GetPrefixedBitmapByteCountOrBlitFromScreenNoTransparency	function_parameter	runtime_abi_surface
P	2547	P2547_i_Y	NEC816.C;VIDEODRV.C	F8165_VIDRV_14_GetPrefixedBitmapByteCountOrBlitFromScreenNoTransparency	function_parameter	runtime_abi_surface
P	2548	P2548_i_Width	NEC816.C;VIDEODRV.C	F8165_VIDRV_14_GetPrefixedBitmapByteCountOrBlitFromScreenNoTransparency	function_parameter	runtime_abi_surface
P	2549	P2549_ui_Height	NEC816.C;VIDEODRV.C	F8165_VIDRV_14_GetPrefixedBitmapByteCountOrBlitFromScreenNoTransparency	function_parameter	runtime_abi_surface
P	2550	P2550_i_Operation	NEC816.C;VIDEODRV.C	F8165_VIDRV_14_GetPrefixedBitmapByteCountOrBlitFromScreenNoTransparency	function_parameter	runtime_abi_surface
P	2551	P2551_pi_	NEC816.C;VIDEODRV.C	F8166_VIDRV_15_BlitToScreenNoTransparency	function_parameter	runtime_abi_surface
P	2552	P2552_i_X	DEFS.H;NEC816.C;VIDEODRV.C	F0342_INVENTORY_DrawPanel_Object;F8167_VIDRV_03_BlitMousePointerPrefixedBitmapFromScreen	function_parameter	runtime_abi_surface
P	2553	P2553_i_Y	DEFS.H;NEC816.C;VIDEODRV.C	F0342_INVENTORY_DrawPanel_Object;F8167_VIDRV_03_BlitMousePointerPrefixedBitmapFromScreen	function_parameter	runtime_abi_surface
P	2554	P2554_pc_FileName	NEC816.C;VIDEODRV.C	F8171_ExecuteProgram	function_parameter	runtime_abi_surface
P	2555	P2555_pc_	NEC816.C;VIDEODRV.C	F8171_ExecuteProgram	function_parameter	runtime_abi_surface
P	2556	P2556_i_MusicIndex	DEFS.H;MUSIC.C	F0741_MUSIC_PlayGameMusic	function_parameter	runtime_abi_surface
P	2558	P2558_i_MapX	GAMELOOP.C;MUSIC.C	F0743_MUSIC_Update	function_parameter	runtime_abi_surface
P	2559	P2559_i_MapY	GAMELOOP.C;MUSIC.C	F0743_MUSIC_Update	function_parameter	runtime_abi_surface
P	2560	P2560_i_MapIndex	GAMELOOP.C;MUSIC.C	F0743_MUSIC_Update	function_parameter	runtime_abi_surface
P	2561	P2561_i_X	SWITCH.C	F8530_	function_parameter	runtime_abi_surface
P	2562	P2562_i_Y	SWITCH.C	F8530_	function_parameter	runtime_abi_surface
P	2563	P2563_i_ButtonsStatus	SWITCH.C	F8530_	function_parameter	runtime_abi_surface
P	2577	P2577_pi_Box	SWITCH.C	F8541_	function_parameter	runtime_abi_surface
P	2578	P2578_i_Color	SWITCH.C	F8541_	function_parameter	runtime_abi_surface
P	2579	P2579_i_Width	SWITCH.C	F8541_	function_parameter	runtime_abi_surface
P	2580	P2580_puc_Bitmap_Source	SWITCH.C	F8543_	function_parameter	runtime_abi_surface
P	2581	P2581_pi_Box	SWITCH.C	F8543_	function_parameter	runtime_abi_surface
P	2582	P2582_i_X	SWITCH.C	F8543_	function_parameter	runtime_abi_surface
P	2583	P2583_i_Y	SWITCH.C	F8543_	function_parameter	runtime_abi_surface
P	2584	P2584_i_SourceWidth	SWITCH.C	F8543_	function_parameter	runtime_abi_surface
P	2585	P2585_i_DestinationWidth	SWITCH.C	F8543_	function_parameter	runtime_abi_surface
P	2586	P2586_i_TransparentColor	SWITCH.C	F8543_	function_parameter	runtime_abi_surface
P	2587	P2587_i_Flip	SWITCH.C	F8543_	function_parameter	runtime_abi_surface
P	2588	P2588_i_	SWITCH.C	F8544_	function_parameter	runtime_abi_surface
P	2589	P2589_uc_	SWITCH.C	F8545_PALETTE_SetCurtain	function_parameter	runtime_abi_surface
P	2590	P2590_puc_	SWITCH.C	F8547_	function_parameter	runtime_abi_surface
P	2591	P2591_i_	SWITCH.C	F8547_	function_parameter	runtime_abi_surface
P	2592	P2592_i_	SWITCH.C	F8547_	function_parameter	runtime_abi_surface
P	2603	P2603_i_	SELECTOR.C	F8315_	function_parameter	runtime_abi_surface
P	2604	P2604_i_	SELECTOR.C	F8315_	function_parameter	runtime_abi_surface
P	2606	P2606_i_	SELECTOR.C	F8315_	function_parameter	runtime_abi_surface
P	2615	P2615_puc_	SELECTOR.C	F0786_	function_parameter	runtime_abi_surface
P	2616	P2616_i_B	SELECTOR.C	F0786_	function_parameter	runtime_abi_surface
P	2617	P2617_i_C	SELECTOR.C	F0786_	function_parameter	runtime_abi_surface
P	2661	P2661_puc_Bitmap	SELECTOR.C	F8345_	function_parameter	runtime_abi_surface
P	2662	P2662_pi_XYZ	SELECTOR.C	F8345_	function_parameter	runtime_abi_surface
P	2663	P2663_i_Color	SELECTOR.C	F8345_	function_parameter	runtime_abi_surface
P	2664	P2664_i_Width	SELECTOR.C	F8345_	function_parameter	runtime_abi_surface
P	2674	P2674_pi_	SELECTOR.C	F8347_	function_parameter	runtime_abi_surface
P	2675	P2675_puc_	SELECTOR.C	F8347_	function_parameter	runtime_abi_surface
P	2676	P2676_puc_Bitmap_Source	SELECTOR.C	F8349_	function_parameter	runtime_abi_surface
P	2677	P2677_pi_Box	SELECTOR.C	F8349_	function_parameter	runtime_abi_surface
P	2678	P2678_i_X	SELECTOR.C	F8349_	function_parameter	runtime_abi_surface
P	2679	P2679_i_Y	SELECTOR.C	F8349_	function_parameter	runtime_abi_surface
P	2680	P2680_i_SourceWidth	SELECTOR.C	F8349_	function_parameter	runtime_abi_surface
P	2681	P2681_i_DestinationWidth	SELECTOR.C	F8349_	function_parameter	runtime_abi_surface
P	2682	P2682_i_TransparentColor	SELECTOR.C	F8349_	function_parameter	runtime_abi_surface
P	2683	P2683_i_Flip	SELECTOR.C	F8349_	function_parameter	runtime_abi_surface
P	2684	P2684_i_	SELECTOR.C	F8350_	function_parameter	runtime_abi_surface
P	2685	P2685_uc_	SELECTOR.C	F8296_PALETTE_SetCurtain	function_parameter	runtime_abi_surface
P	2686	P2686_ps_	SELECTOR.C	F8354_AddMouseInput	function_parameter	runtime_abi_surface
P	2687	P2687_i_	SELECTOR.C	F8354_AddMouseInput	function_parameter	runtime_abi_surface
P	2688	P2688_i_	SELECTOR.C	F8354_AddMouseInput	function_parameter	runtime_abi_surface
P	2689	P2689_i_	SELECTOR.C	F8354_AddMouseInput	function_parameter	runtime_abi_surface
P	2690	P2690_pi_	SELECTOR.C	F8355_	function_parameter	runtime_abi_surface
P	2691	P2691_i_Width	SELECTOR.C	F8356_AllocateGraphicData	function_parameter	runtime_abi_surface
P	2692	P2692_i_Height	SELECTOR.C	F8356_AllocateGraphicData	function_parameter	runtime_abi_surface
P	2693	P2693_pi_	SELECTOR.C	F8357_	function_parameter	runtime_abi_surface
P	2694	P2694_puc_Bitmap_Source	SELECTOR.C	F8358_DrawGraphicData	function_parameter	runtime_abi_surface
P	2695	P2695_i_X	SELECTOR.C	F8358_DrawGraphicData	function_parameter	runtime_abi_surface
P	2696	P2696_i_Y	SELECTOR.C	F8358_DrawGraphicData	function_parameter	runtime_abi_surface
P	2697	P2697_ps_	SELECTOR.C	F8359_GetSubGraphic	function_parameter	runtime_abi_surface
P	2698	P2698_i_	SELECTOR.C	F8359_GetSubGraphic	function_parameter	runtime_abi_surface
P	2699	P2699_i_	SELECTOR.C	F8359_GetSubGraphic	function_parameter	runtime_abi_surface
P	2700	P2700_ps_	SELECTOR.C	F8359_GetSubGraphic	function_parameter	runtime_abi_surface
P	2701	P2701_i_	SELECTOR.C	F8360_	function_parameter	runtime_abi_surface
P	2702	P2702_pc_FileName	SELECTOR.C	F8361_	function_parameter	runtime_abi_surface
P	2703	P2703_i_GraphicIndex	SELECTOR.C	F8363_GetGraphicDimensions	function_parameter	runtime_abi_surface
P	2704	P2704_pi_Width	SELECTOR.C	F8363_GetGraphicDimensions	function_parameter	runtime_abi_surface
P	2705	P2705_pi_Height	SELECTOR.C	F8363_GetGraphicDimensions	function_parameter	runtime_abi_surface
P	2706	P2706_puc_	SELECTOR.C	F8364_DecodeSound	function_parameter	runtime_abi_surface
P	2707	P2707_pc_	SELECTOR.C	F8364_DecodeSound	function_parameter	runtime_abi_surface
P	2708	P2708_ui_	SELECTOR.C	F8364_DecodeSound	function_parameter	runtime_abi_surface
P	2709	P2709_i_	SELECTOR.C	F8365_LoadSoundGraphic	function_parameter	runtime_abi_surface
P	2710	P2710_i_	SELECTOR.C	F8366_LoadGraphic	function_parameter	runtime_abi_surface
P	2711	P2711_pc_FileName	SELECTOR.C	F8368_	function_parameter	runtime_abi_surface
P	2723	P2723_pi_XYZ	BLITFILL.C	F1033_HatchBox_Unreferenced	function_parameter	runtime_abi_surface
P	2726	P2726_ui_PaletteIndex	SWSH.C;NECIO.C	F1374_ApplyPaletteAndWaitForDelay	function_parameter	runtime_abi_surface
P	2727	P2727_i_Delay	SWSH.C;NECIO.C	F1374_ApplyPaletteAndWaitForDelay	function_parameter	runtime_abi_surface
P	2728	P2728_i_LPTPort	DM.C	F8062_HasLPTInitializationFailed	function_parameter	runtime_abi_surface
P	2729	P2729_i_	DM.C	F8064_OutPort_ForAdLib	function_parameter	runtime_abi_surface
P	2730	P2730_i_	DM.C	F8064_OutPort_ForAdLib	function_parameter	runtime_abi_surface
P	2731	P2731_i_	DM.C	F8065_InPort_ForAdLib	function_parameter	runtime_abi_surface
P	2732	P2732_i_	DM.C	F8067_IsDisneySoundSourceDetected	function_parameter	runtime_abi_surface
P	2733	P2733_pc_	DM.C	F8078_strcpy	function_parameter	runtime_abi_surface
P	2734	P2734_pc_	DM.C	F8078_strcpy	function_parameter	runtime_abi_surface
P	2735	P2735_pc_	DM.C	F8079_strcat	function_parameter	runtime_abi_surface
P	2736	P2736_pc_	DM.C	F8079_strcat	function_parameter	runtime_abi_surface
P	2737	P2737_pc_	DM.C;INSTALL.C	F8054_DOS_PrintString	function_parameter	runtime_abi_surface
P	2738	P2738_pc_	DM.C	F8080_AddCommandLineParameter	function_parameter	runtime_abi_surface
P	2739	P2739_pc_	DM.C	F8082_ExitBecauseFileNotFound	function_parameter	runtime_abi_surface
P	2740	P2740_pc_	DM.C	F8083_DOS_OpenFile	function_parameter	runtime_abi_surface
P	2741	P2741_i_	DM.C	F8084_DOS_CloseFile	function_parameter	runtime_abi_surface
P	2742	P2742_pc_	DM.C	F8085_FileExists	function_parameter	runtime_abi_surface
P	2743	P2743_ps_MenuChoice	DM.C	F8086_GetMenuChoice	function_parameter	runtime_abi_surface
P	2744	P2744_i_ChoiceCount	DM.C	F8086_GetMenuChoice	function_parameter	runtime_abi_surface
P	2745	P2745_l_	MEMORY.C;DEFS.H	F0476_MEMORY_InitializeGraphicMemory	function_parameter	runtime_abi_surface
P	2746	P2746_FileHandle	PRIM2B.C	F0929_PRIM_05_FTL_Load	function_parameter	runtime_abi_surface
P	2747	P2747_i_NativeBitmapOrGraphicIndex	DUNVIEW.C	F1005_	function_parameter	runtime_abi_surface
P	2748	P2748_i_DerivedBitmapIndex	DUNVIEW.C	F1005_	function_parameter	runtime_abi_surface
P	2749	P2749_i_Flip	DUNVIEW.C	F1005_	function_parameter	runtime_abi_surface
P	2750	P2750_l_	MEMORY.C;DEFS.H	F0476_MEMORY_InitializeGraphicMemory	function_parameter	runtime_abi_surface
P	2751	P2751_puc_	MEMORY.C;DEFS.H	F0476_MEMORY_InitializeGraphicMemory	function_parameter	runtime_abi_surface
P	2752	P2752_l_	MEMORY.C;DEFS.H	F0476_MEMORY_InitializeGraphicMemory	function_parameter	runtime_abi_surface
P	2753	P2753_i_Requirements	MEMORY.C;DEFS.H	F0475_MEMORY_Initialize	function_parameter	runtime_abi_surface
P	2754	P2754_pui_Palette	DEFS.H;STARTUP2.C	F1016_SetPalette	function_parameter	runtime_abi_surface
P	2755	P2755_i_Height	TEXT2.C;DEFS.H	F0644_PrintTextAlt	function_parameter	runtime_abi_surface
P	2756	P2756_i_	DEFS.H;TEXT.C	F0768_TEXT_PrintToZoneWithTrailingSpaces	function_parameter	runtime_abi_surface
P	2757	P2757_puc_Bitmap	BASE.C	F1006_	function_parameter	runtime_abi_surface
P	2758	P2758_puc_Bitmap	BASE.C	F1030_	function_parameter	runtime_abi_surface
P	2759	P2759_i_PDA	FILE.C	F1025_GetFloppyDriveStatus	function_parameter	runtime_abi_surface
P	2760	P2760_puc_Bitmap	FILLBOX.C;GRF1.C	F1032_GRF1_12_HatchBox	function_parameter	runtime_abi_surface
P	2761	P2761_pi_XYZ	FILLBOX.C;GRF1.C	F1032_GRF1_12_HatchBox	function_parameter	runtime_abi_surface
P	2762	P2762_c_	GRF1.C	F1032_GRF1_12_HatchBox	function_parameter	runtime_abi_surface
P	2762	P2762_i_	FILLBOX.C	F1032_GRF1_12_HatchBox	function_parameter	runtime_abi_surface
P	2764	P2764_i_Color	BLITFILL.C	F1033_HatchBox_Unreferenced	function_parameter	runtime_abi_surface
P	2765	P2765_c_Character	CEDT025.C;DEFS.H;IO2.C	F1022_PrintCharacter	function_parameter	runtime_abi_surface
P	2766	P2766_pc_String	CEDT025.C;DEFS.H;IO2.C	F1023_PrintString	function_parameter	runtime_abi_surface
P	2767	P2767_pc_Buffer	IO2.C	F0527_FLOPPY_ReadFuzzySector_CPSX	function_parameter	runtime_abi_surface
P	2768	P2768_pc_String	IO2.C	F1034_	function_parameter	runtime_abi_surface
P	2769	P2769_i_	IO2.C	F1035_Unreferenced	function_parameter	runtime_abi_surface
P	2770	P2770_puc_Bitmap	IO.C	F1036_Mouse1	function_parameter	runtime_abi_surface
P	2771	P2771_i_	IO.C	F1036_Mouse1	function_parameter	runtime_abi_surface
P	2772	P2772_puc_Bitmap	IO.C	F1037_Mouse2	function_parameter	runtime_abi_surface
P	2773	P2773_puc_Bitmap	IO.C	F1037_Mouse2	function_parameter	runtime_abi_surface
P	2774	P2774_i_	IO.C	F1037_Mouse2	function_parameter	runtime_abi_surface
P	2775	P2775_i_X	IO.C;DEFS.H	F1041_GetMousePointerType	function_parameter	runtime_abi_surface
P	2776	P2776_i_Y	IO.C;DEFS.H	F1041_GetMousePointerType	function_parameter	runtime_abi_surface
P	2777	P2777_pi_XYZ	IO.C;IBMIO.C;NECIO.C	F1040_SetMouseBoundEvent	function_parameter	runtime_abi_surface
P	2778	P2778_i_ButtonsStatus	IO.C;IBMIO.C;NECIO.C	F1040_SetMouseBoundEvent	function_parameter	runtime_abi_surface
P	2779	P2779_l_	IMAGE.C;CEDT027.C	F1027_Supervisor	function_parameter	runtime_abi_surface
P	2781	P2781_i_Flip	DUNVIEW.C	F0675_DUNGEONVIEW_GetScaledBitmap	function_parameter	runtime_abi_surface
P	2782	P2782_i_	DUNVIEW.C	F0675_DUNGEONVIEW_GetScaledBitmap	function_parameter	runtime_abi_surface
P	2783	P2783_i_Flip	DUNVIEW.C	F0114_DUNGEONVIEW_GetExplosionBitmap	function_parameter	runtime_abi_surface
P	2790	P2790_i_ErrorCode	AMIGINIT.C	F1093_DisplayAlertCSBInternalError	function_parameter	runtime_abi_surface
P	2791	P2791_ul_ErrorCode	AMIGINIT.C	F1094_DisplayAlertCSBSystemError	function_parameter	runtime_abi_surface
P	2795	P2795_i_DriveIndex	FLOPPYAM.C	F1108_GetDiskChangeCounter	function_parameter	runtime_abi_surface
P	2796	P2796_i_FloppyDriveIndex	FLOPPYAM.C	F1109_GetDiskState	function_parameter	runtime_abi_surface
P	2797	P2797_i_DriveIndex	FLOPPYAM.C	F1106_IsTrackdiskDeviceOpened	function_parameter	runtime_abi_surface
P	2798	P2798_i_DriveIndex	FLOPPYAM.C	F1107_GetDiskChangeCounter	function_parameter	runtime_abi_surface
P	2806	P2806_pc_DeviceName	FLOPPYAM.C	F1118_	function_parameter	runtime_abi_surface
P	2810	P2810_i_MaximumValue	FLOPPYAM.C	F1110_DrawFormatProgressBar	function_parameter	runtime_abi_surface
P	2811	P2811_i_CurrentValue	FLOPPYAM.C	F1110_DrawFormatProgressBar	function_parameter	runtime_abi_surface
P	2812	P2812_pi_ColorPalette	PALETTE.C	F1122_	function_parameter	runtime_abi_surface
P	2813	P2813_i_ColorCount	PALETTE.C	F1122_	function_parameter	runtime_abi_surface
P	2814	P2814_pui_Palette_Destination	PALETTE.C;UTAMSCR.C;VDEO1.C	F1127_TransitionFromPaletteToPalette	function_parameter	runtime_abi_surface
P	2815	P2815_pui_Palette_Source	PALETTE.C;UTAMSCR.C;VDEO1.C	F1127_TransitionFromPaletteToPalette	function_parameter	runtime_abi_surface
P	2819	P2819_ui_ColorIndex	FILLBOX.C;GRF1.C	F1129_	function_parameter	runtime_abi_surface
P	2820	P2820_i_Width	FILLBOX.C;GRF1.C	F1129_	function_parameter	runtime_abi_surface
P	2821	P2821_i_Height	FILLBOX.C;GRF1.C	F1129_	function_parameter	runtime_abi_surface
P	2823	P2823_pi_XYZ	FILLBOX.C	F1131_InvertBox	function_parameter	runtime_abi_surface
P	2832	P2832_l_ByteCount	AMIGALIB.C	platform_or_unnumbered_file_scope	function_parameter	runtime_abi_surface
P	2845	P2845_pfv_EndFunction	COPYPRO8.C	F0413_CPSC_GetChecksumEor	function_parameter	runtime_abi_surface
P	2849	P2849_pfv_StartFunction	READWRIT.C	F1063_ChecksumEor_CPSX	function_parameter	runtime_abi_surface
P	2850	P2850_pfv_EndFunction	READWRIT.C	F1063_ChecksumEor_CPSX	function_parameter	runtime_abi_surface
P	2851	P2851_pfv_StartFunction	COPYPRO9.C	F1156_CPSC_GetChecksum	function_parameter	runtime_abi_surface
P	2852	P2852_pfv_EndFunction	COPYPRO9.C	F1156_CPSC_GetChecksum	function_parameter	runtime_abi_surface
P	2871	P2871_pi_ColorPalette	VDEO1.C	F9026_SetColorPalette	function_parameter	runtime_abi_surface
P	2874	P2874_c_ColorCount	VDEO1.C	F9022_SetNormalColorPalette	function_parameter	runtime_abi_surface
P	2875	P2875_pc_ColorComponents	VDEO1.C	F9022_SetNormalColorPalette	function_parameter	runtime_abi_surface
P	2876	P2876_c_ColorCount	VDEO1.C	F9023_VDEO_14_SetNormalColorPalette	function_parameter	runtime_abi_surface
P	2877	P2877_pc_ColorComponents	VDEO1.C	F9023_VDEO_14_SetNormalColorPalette	function_parameter	runtime_abi_surface
P	2878	P2878_c_ColorCount	VDEO1.C	F9024_VDEO_15_ApplyNormalColorPalette	function_parameter	runtime_abi_surface
P	2879	P2879_pi_Palette	VDEO1.C	F9024_VDEO_15_ApplyNormalColorPalette	function_parameter	runtime_abi_surface
P	2880	P2880_pi_ColorPalette	VDEO1.C	F9025_VDEO_17_GetColorPalette	function_parameter	runtime_abi_surface
P	2884	P2884_puc_Graphic	VDEO1.C	F9030_VDEO_05_ExpandGraphicToBitmap	function_parameter	runtime_abi_surface
P	2884	P2884_puc_Graphicpui_Graphic	VDEO1.C	F9030_VDEO_05_ExpandGraphicToBitmap	function_parameter	runtime_abi_surface
P	2885	P2885_ui_ScreenOrdinal	VDEO1.C	F9030_VDEO_05_ExpandGraphicToBitmap	function_parameter	runtime_abi_surface
P	2887	P2887_ui_ScreenOrdinal	VDEO1.C	F9032_VDEO_08_FillScreenBox	function_parameter	runtime_abi_surface
P	2888	P2888_pi_Box	VDEO1.C	F9032_VDEO_08_FillScreenBox	function_parameter	runtime_abi_surface
P	2889	P2889_c_Color	VDEO1.C	F9032_VDEO_08_FillScreenBox	function_parameter	runtime_abi_surface
P	2891	P2891_pi_XYZ	VDEO1.C	F9033_VDEO_09_HatchScreenBox	function_parameter	runtime_abi_surface
P	2892	P2892_c_Color	VDEO1.C	F9033_VDEO_09_HatchScreenBox	function_parameter	runtime_abi_surface
P	2893	P2893_ui_ScreenOrdinal	VDEO1.C	F9034_VDEO_10_InvertScreenBox	function_parameter	runtime_abi_surface
P	2894	P2894_pi_Box	VDEO1.C	F9034_VDEO_10_InvertScreenBox	function_parameter	runtime_abi_surface
P	2895	P2895_pi_Unused	VDEO1.C	F9034_VDEO_10_InvertScreenBox	function_parameter	runtime_abi_surface
P	2896	P2896_ui_ScreenOrdinal	VDEO1.C	F9035_VDEO_11_BlitFromScreenNoTransparency	function_parameter	runtime_abi_surface
P	2897	P2897_pi_Bitmap	VDEO1.C	F9035_VDEO_11_BlitFromScreenNoTransparency	function_parameter	runtime_abi_surface
P	2898	P2898_pi_Box	VDEO1.C	F9035_VDEO_11_BlitFromScreenNoTransparency	function_parameter	runtime_abi_surface
P	2899	P2899_ui_ScreenOrdinal	VDEO1.C	F9036_VDEO_12_BlitToScreenNoTransparency	function_parameter	runtime_abi_surface
P	2900	P2900_puc_Bitmap	VDEO1.C	F9036_VDEO_12_BlitToScreenNoTransparency	function_parameter	runtime_abi_surface
P	2901	P2901_pi_Box	VDEO1.C	F9036_VDEO_12_BlitToScreenNoTransparency	function_parameter	runtime_abi_surface
P	2924	P2924_puc_Bitmap	VDEO1.C	F9041_VDEO_06_BlitToScreen	function_parameter	runtime_abi_surface
P	2925	P2925_ui_ScreenOrdinal	VDEO1.C	F9041_VDEO_06_BlitToScreen	function_parameter	runtime_abi_surface
P	2926	P2926_pi_Box	VDEO1.C	F9041_VDEO_06_BlitToScreen	function_parameter	runtime_abi_surface
P	2927	P2927_i_X	VDEO1.C	F9041_VDEO_06_BlitToScreen	function_parameter	runtime_abi_surface
P	2928	P2928_i_Y	VDEO1.C	F9041_VDEO_06_BlitToScreen	function_parameter	runtime_abi_surface
P	2929	P2929_i_Width	VDEO1.C	F9041_VDEO_06_BlitToScreen	function_parameter	runtime_abi_surface
P	2930	P2930_c_TransparentColor	VDEO1.C	F9041_VDEO_06_BlitToScreen	function_parameter	runtime_abi_surface
P	2931	P2931_i_Height	VDEO1.C	F9041_VDEO_06_BlitToScreen	function_parameter	runtime_abi_surface
P	2932	P2932_ui_Width	VDEO2.C;VDEO1.C	F9043_VDEO_04_GetBitmapByteCount	function_parameter	runtime_abi_surface
P	2933	P2933_i_Height	VDEO2.C;VDEO1.C	F9043_VDEO_04_GetBitmapByteCount	function_parameter	runtime_abi_surface
P	2935	P2935_ZoneIndex	ENDGAME.C	F1011_	function_parameter	runtime_abi_surface
P	2936	P2936_String	ENDGAME.C	F1011_	function_parameter	runtime_abi_surface
P	2943	P2943_ps_MemoryChunk	MEMORY.C	F1007_AddMemoryChunk	function_parameter	runtime_abi_surface
P	2944	P2944_l_ByteCount	MEMORY.C	F1007_AddMemoryChunk	function_parameter	runtime_abi_surface
P	2945	P2945_i_Requirements	MEMORY.C	F1007_AddMemoryChunk	function_parameter	runtime_abi_surface
P	2946	P2946_i_Requirements	MEMORY.C	F1008_GetLargestAvailableMemoryChunk	function_parameter	runtime_abi_surface
P	2947	P2947_i_MapIndex	NEWMAP.C;MUSIC.C	F0742_MUSIC_SetTrack	function_parameter	runtime_abi_surface
P	2948	P2948_ps_Events	AMIGALIB.C	platform_or_unnumbered_file_scope	function_parameter	runtime_abi_surface
P	2949	P2949_ps_ConsoleDevice	AMIGALIB.C	platform_or_unnumbered_file_scope	function_parameter	runtime_abi_surface
P	2950	P2950_ps_InputEvent	AMIGALIB.C	platform_or_unnumbered_file_scope	function_parameter	runtime_abi_surface
P	2951	P2951_pc_Buffer	AMIGALIB.C	platform_or_unnumbered_file_scope	function_parameter	runtime_abi_surface
P	2952	P2952_l_BufferSize	AMIGALIB.C	platform_or_unnumbered_file_scope	function_parameter	runtime_abi_surface
P	2953	P2953_ps_KeyMap	AMIGALIB.C	platform_or_unnumbered_file_scope	function_parameter	runtime_abi_surface
P	2954	P2954_l_	AMIGALIB.C	platform_or_unnumbered_file_scope	function_parameter	runtime_abi_surface
P	2955	P2955_ps_Interrupt	AMIGALIB.C	platform_or_unnumbered_file_scope	function_parameter	runtime_abi_surface
P	2956	P2956_ps_MsgPort	AMIGALIB.C	platform_or_unnumbered_file_scope	function_parameter	runtime_abi_surface
P	2957	P2957_l_	AMIGALIB.C	platform_or_unnumbered_file_scope	function_parameter	runtime_abi_surface
P	2958	P2958_pc_	AMIGALIB.C	platform_or_unnumbered_file_scope	function_parameter	runtime_abi_surface
P	2959	P2959_l_	AMIGALIB.C	platform_or_unnumbered_file_scope	function_parameter	runtime_abi_surface
P	2960	P2960_l_	AMIGALIB.C	platform_or_unnumbered_file_scope	function_parameter	runtime_abi_surface
P	2961	P2961_l_	AMIGALIB.C	platform_or_unnumbered_file_scope	function_parameter	runtime_abi_surface
P	2962	P2962_l_	AMIGALIB.C	platform_or_unnumbered_file_scope	function_parameter	runtime_abi_surface
P	2963	P2963_ps_ViewPort	AMIGALIB.C	platform_or_unnumbered_file_scope	function_parameter	runtime_abi_surface
P	2964	P2964_ps_SimpleSprite	AMIGALIB.C	platform_or_unnumbered_file_scope	function_parameter	runtime_abi_surface
P	2965	P2965_pi_	AMIGALIB.C	platform_or_unnumbered_file_scope	function_parameter	runtime_abi_surface
P	2966	P2966_ps_IORequest	AMIGALIB.C	platform_or_unnumbered_file_scope	function_parameter	runtime_abi_surface
P	2967	P2967_l_	AMIGALIB.C	platform_or_unnumbered_file_scope	function_parameter	runtime_abi_surface
P	2968	P2968_ps_IORequest	AMIGALIB.C	platform_or_unnumbered_file_scope	function_parameter	runtime_abi_surface
P	2969	P2969_ps_Library	AMIGALIB.C	platform_or_unnumbered_file_scope	function_parameter	runtime_abi_surface
P	2970	P2970_ps_Screen	AMIGALIB.C	platform_or_unnumbered_file_scope	function_parameter	runtime_abi_surface
P	2971	P2971_ps_Window	AMIGALIB.C	platform_or_unnumbered_file_scope	function_parameter	runtime_abi_surface
P	2972	P2972_pl_	AMIGALIB.C	platform_or_unnumbered_file_scope	function_parameter	runtime_abi_surface
P	2973	P2973_l_	AMIGALIB.C	platform_or_unnumbered_file_scope	function_parameter	runtime_abi_surface
P	2974	P2974_pc_	AMIGALIB.C	platform_or_unnumbered_file_scope	function_parameter	runtime_abi_surface
P	2975	P2975_pc_	AMIGALIB.C	platform_or_unnumbered_file_scope	function_parameter	runtime_abi_surface
P	2976	P2976_l_AlertNumber	AMIGALIB.C	platform_or_unnumbered_file_scope	function_parameter	runtime_abi_surface
P	2977	P2977_pc_String	AMIGALIB.C	platform_or_unnumbered_file_scope	function_parameter	runtime_abi_surface
P	2978	P2978_l_Height	AMIGALIB.C	platform_or_unnumbered_file_scope	function_parameter	runtime_abi_surface
P	2979	P2979_ps_IORequest	AMIGALIB.C	platform_or_unnumbered_file_scope	function_parameter	runtime_abi_surface
P	2980	P2980_l_	AMIGALIB.C	platform_or_unnumbered_file_scope	function_parameter	runtime_abi_surface
P	2981	P2981_ps_FileInfoBlock	AMIGALIB.C	platform_or_unnumbered_file_scope	function_parameter	runtime_abi_surface
P	2982	P2982_ps_MsgPort	AMIGALIB.C	platform_or_unnumbered_file_scope	function_parameter	runtime_abi_surface
P	2983	P2983_ps_FindTask	AMIGALIB.C	platform_or_unnumbered_file_scope	function_parameter	runtime_abi_surface
P	2984	P2984_ps_ColorMap	AMIGALIB.C	platform_or_unnumbered_file_scope	function_parameter	runtime_abi_surface
P	2985	P2985_pv_	AMIGALIB.C	F1065_SetExecBase	function_parameter	runtime_abi_surface
P	2986	P2986_l_	AMIGALIB.C	F1065_SetExecBase	function_parameter	runtime_abi_surface
P	2987	P2987_pv_	AMIGALIB.C	platform_or_unnumbered_file_scope	function_parameter	runtime_abi_surface
P	2988	P2988_l_	AMIGALIB.C	platform_or_unnumbered_file_scope	function_parameter	runtime_abi_surface
P	2989	P2989_l_	AMIGALIB.C	platform_or_unnumbered_file_scope	function_parameter	runtime_abi_surface
P	2990	P2990_ps_ColorMap	AMIGALIB.C	platform_or_unnumbered_file_scope	function_parameter	runtime_abi_surface
P	2991	P2991_ps_MsgPort	AMIGALIB.C	platform_or_unnumbered_file_scope	function_parameter	runtime_abi_surface
P	2992	P2992_ps_SimpleSprite	AMIGALIB.C	platform_or_unnumbered_file_scope	function_parameter	runtime_abi_surface
P	2993	P2993_l_	AMIGALIB.C	platform_or_unnumbered_file_scope	function_parameter	runtime_abi_surface
P	2994	P2994_l_	AMIGALIB.C	platform_or_unnumbered_file_scope	function_parameter	runtime_abi_surface
P	2995	P2995_ps_InfoData	AMIGALIB.C	platform_or_unnumbered_file_scope	function_parameter	runtime_abi_surface
P	2996	P2996_ps_BitMap	AMIGALIB.C	platform_or_unnumbered_file_scope	function_parameter	runtime_abi_surface
P	2997	P2997_l_	AMIGALIB.C	platform_or_unnumbered_file_scope	function_parameter	runtime_abi_surface
P	2998	P2998_l_	AMIGALIB.C	platform_or_unnumbered_file_scope	function_parameter	runtime_abi_surface
P	2999	P2999_l_	AMIGALIB.C	platform_or_unnumbered_file_scope	function_parameter	runtime_abi_surface
P	3000	P3000_ps_RastPort	AMIGALIB.C	platform_or_unnumbered_file_scope	function_parameter	runtime_abi_surface
P	3001	P3001_ps_View	AMIGALIB.C	platform_or_unnumbered_file_scope	function_parameter	runtime_abi_surface
P	3002	P3002_ps_ViewPort	AMIGALIB.C	platform_or_unnumbered_file_scope	function_parameter	runtime_abi_surface
P	3003	P3003_ps_ViewPort	AMIGALIB.C	platform_or_unnumbered_file_scope	function_parameter	runtime_abi_surface
P	3004	P3004_pi_	AMIGALIB.C	platform_or_unnumbered_file_scope	function_parameter	runtime_abi_surface
P	3005	P3005_l_	AMIGALIB.C	platform_or_unnumbered_file_scope	function_parameter	runtime_abi_surface
P	3006	P3006_ps_View	AMIGALIB.C	platform_or_unnumbered_file_scope	function_parameter	runtime_abi_surface
P	3007	P3007_pc_Name	AMIGALIB.C	platform_or_unnumbered_file_scope	function_parameter	runtime_abi_surface
P	3008	P3008_l_AccessMode	AMIGALIB.C	platform_or_unnumbered_file_scope	function_parameter	runtime_abi_surface
P	3009	P3009_ps_Screen	AMIGALIB.C	platform_or_unnumbered_file_scope	function_parameter	runtime_abi_surface
P	3010	P3010_ps_Window	AMIGALIB.C	platform_or_unnumbered_file_scope	function_parameter	runtime_abi_surface
P	3011	P3011_l_	AMIGALIB.C	platform_or_unnumbered_file_scope	function_parameter	runtime_abi_surface
P	3012	P3012_ps_ViewPort	AMIGALIB.C	platform_or_unnumbered_file_scope	function_parameter	runtime_abi_surface
P	3013	P3013_ps_SimpleSprite	AMIGALIB.C	platform_or_unnumbered_file_scope	function_parameter	runtime_abi_surface
P	3014	P3014_l_	AMIGALIB.C	platform_or_unnumbered_file_scope	function_parameter	runtime_abi_surface
P	3015	P3015_l_	AMIGALIB.C	platform_or_unnumbered_file_scope	function_parameter	runtime_abi_surface
P	3016	P3016_pc_	AMIGALIB.C	platform_or_unnumbered_file_scope	function_parameter	runtime_abi_surface
P	3017	P3017_l_	AMIGALIB.C	platform_or_unnumbered_file_scope	function_parameter	runtime_abi_surface
P	3018	P3018_pc_	AMIGALIB.C	platform_or_unnumbered_file_scope	function_parameter	runtime_abi_surface
P	3019	P3019_l_	AMIGALIB.C	platform_or_unnumbered_file_scope	function_parameter	runtime_abi_surface
P	3020	P3020_ps_IORequest	AMIGALIB.C	platform_or_unnumbered_file_scope	function_parameter	runtime_abi_surface
P	3021	P3021_l_	AMIGALIB.C	platform_or_unnumbered_file_scope	function_parameter	runtime_abi_surface
P	3022	P3022_pc_	AMIGALIB.C	F1065_SetExecBase	function_parameter	runtime_abi_surface
P	3023	P3023_l_	AMIGALIB.C	F1065_SetExecBase	function_parameter	runtime_abi_surface
P	3024	P3024_pc_	AMIGALIB.C	F1065_SetExecBase	function_parameter	runtime_abi_surface
P	3025	P3025_l_	AMIGALIB.C	F1065_SetExecBase	function_parameter	runtime_abi_surface
P	3026	P3026_ps_NewScreen	AMIGALIB.C	F1065_SetExecBase	function_parameter	runtime_abi_surface
P	3027	P3027_ps_NewWindow	AMIGALIB.C	F1065_SetExecBase	function_parameter	runtime_abi_surface
P	3028	P3028_ps_MsgPort	AMIGALIB.C	F1065_SetExecBase	function_parameter	runtime_abi_surface
P	3029	P3029_ps_Message	AMIGALIB.C	F1065_SetExecBase	function_parameter	runtime_abi_surface
P	3030	P3030_l_	AMIGALIB.C	F1065_SetExecBase	function_parameter	runtime_abi_surface
P	3031	P3031_pc_	AMIGALIB.C	F1065_SetExecBase	function_parameter	runtime_abi_surface
P	3032	P3032_l_	AMIGALIB.C	F1065_SetExecBase	function_parameter	runtime_abi_surface
P	3033	P3033_ps_RastPort	AMIGALIB.C	F1065_SetExecBase	function_parameter	runtime_abi_surface
P	3034	P3034_l_	AMIGALIB.C	F1065_SetExecBase	function_parameter	runtime_abi_surface
P	3035	P3035_l_	AMIGALIB.C	F1065_SetExecBase	function_parameter	runtime_abi_surface
P	3036	P3036_l_	AMIGALIB.C	F1065_SetExecBase	function_parameter	runtime_abi_surface
P	3037	P3037_l_	AMIGALIB.C	F1065_SetExecBase	function_parameter	runtime_abi_surface
P	3038	P3038_l_	AMIGALIB.C	F1065_SetExecBase	function_parameter	runtime_abi_surface
P	3039	P3039_ps_Interrupt	AMIGALIB.C	F1065_SetExecBase	function_parameter	runtime_abi_surface
P	3040	P3040_ps_MsgPort	AMIGALIB.C	F1065_SetExecBase	function_parameter	runtime_abi_surface
P	3041	P3041_pc_	AMIGALIB.C	F1065_SetExecBase	function_parameter	runtime_abi_surface
P	3042	P3042_pc_	AMIGALIB.C	F1065_SetExecBase	function_parameter	runtime_abi_surface
P	3043	P3043_ps_MsgPort	AMIGALIB.C	F1065_SetExecBase	function_parameter	runtime_abi_surface
P	3044	P3044_ps_Screen	AMIGALIB.C	F1065_SetExecBase	function_parameter	runtime_abi_surface
P	3045	P3045_l_	AMIGALIB.C	F1065_SetExecBase	function_parameter	runtime_abi_surface
P	3046	P3046_l_	AMIGALIB.C	F1065_SetExecBase	function_parameter	runtime_abi_surface
P	3047	P3047_l_	AMIGALIB.C	F1065_SetExecBase	function_parameter	runtime_abi_surface
P	3048	P3048_ps_RastPort	AMIGALIB.C	F1065_SetExecBase	function_parameter	runtime_abi_surface
P	3049	P3049_l_	AMIGALIB.C	F1065_SetExecBase	function_parameter	runtime_abi_surface
P	3050	P3050_ps_RastPort	AMIGALIB.C	F1065_SetExecBase	function_parameter	runtime_abi_surface
P	3051	P3051_l_	AMIGALIB.C	F1065_SetExecBase	function_parameter	runtime_abi_surface
P	3052	P3052_l_Signals	AMIGALIB.C	F1065_SetExecBase	function_parameter	runtime_abi_surface
P	3053	P3053_l_SignalMask	AMIGALIB.C	F1065_SetExecBase	function_parameter	runtime_abi_surface
P	3054	P3054_ps_Library	AMIGALIB.C	F1065_SetExecBase	function_parameter	runtime_abi_surface
P	3055	P3055_l_	AMIGALIB.C	F1065_SetExecBase	function_parameter	runtime_abi_surface
P	3056	P3056_puc_	AMIGALIB.C	F1065_SetExecBase	function_parameter	runtime_abi_surface
P	3057	P3057_ps_Window	AMIGALIB.C	F1065_SetExecBase	function_parameter	runtime_abi_surface
P	3058	P3058_pui_	AMIGALIB.C	F1065_SetExecBase	function_parameter	runtime_abi_surface
P	3059	P3059_i_	AMIGALIB.C	F1065_SetExecBase	function_parameter	runtime_abi_surface
P	3060	P3060_i_	AMIGALIB.C	F1065_SetExecBase	function_parameter	runtime_abi_surface
P	3061	P3061_i_	AMIGALIB.C	F1065_SetExecBase	function_parameter	runtime_abi_surface
P	3062	P3062_i_	AMIGALIB.C	F1065_SetExecBase	function_parameter	runtime_abi_surface
P	3063	P3063_ps_RastPort	AMIGALIB.C	F1065_SetExecBase	function_parameter	runtime_abi_surface
P	3064	P3064_uc_	AMIGALIB.C	F1065_SetExecBase	function_parameter	runtime_abi_surface
P	3065	P3065_pc_ViewPort	AMIGALIB.C	F1065_SetExecBase	function_parameter	runtime_abi_surface
P	3066	P3066_l_	AMIGALIB.C	F1065_SetExecBase	function_parameter	runtime_abi_surface
P	3067	P3067_l_	AMIGALIB.C	F1065_SetExecBase	function_parameter	runtime_abi_surface
P	3068	P3068_l_	AMIGALIB.C	F1065_SetExecBase	function_parameter	runtime_abi_surface
P	3069	P3069_l_	AMIGALIB.C	F1065_SetExecBase	function_parameter	runtime_abi_surface
P	3070	P3070_ps_Task	AMIGALIB.C	F1065_SetExecBase	function_parameter	runtime_abi_surface
P	3071	P3071_l_	AMIGALIB.C	F1065_SetExecBase	function_parameter	runtime_abi_surface
P	3072	P3072_l_	AMIGALIB.C	F1065_SetExecBase	function_parameter	runtime_abi_surface
P	3073	P3073_l_	AMIGALIB.C	F1065_SetExecBase	function_parameter	runtime_abi_surface
P	3074	P3074_l_	AMIGALIB.C	F1065_SetExecBase	function_parameter	runtime_abi_surface
P	3075	P3075_ps_IORequest	AMIGALIB.C	F1065_SetExecBase	function_parameter	runtime_abi_surface
P	3076	P3076_ps_MsgPort	AMIGALIB.C	F1065_SetExecBase	function_parameter	runtime_abi_surface
P	3077	P3077_l_	AMIGALIB.C	F1065_SetExecBase	function_parameter	runtime_abi_surface
P	3078	P3078_pc_	AMIGALIB.C	F1065_SetExecBase	function_parameter	runtime_abi_surface
P	3079	P3079_l_	AMIGALIB.C	F1065_SetExecBase	function_parameter	runtime_abi_surface
P	3086	P3086_pc_	DMSTART.C	F8372_PrintString	function_parameter	runtime_abi_surface
P	3087	P3087_i_DrivePDA	FLOPPY.C	F1026_IdentifyDiskInDrive_CPSX	function_parameter	runtime_abi_surface
P	3088	P3088_i_DriveType	FLOPPY.C	F0528_FLOPPY_Eject	function_parameter	runtime_abi_surface
P	3089	P3089_l_	GRF1MAIN.C	F9091_	function_parameter	runtime_abi_surface
P	3090	P3090_l_	VDEOMAIN.C	F9046_	function_parameter	runtime_abi_surface
P	3091	P3091_l_	STARTUP2.C	F1009_	function_parameter	runtime_abi_surface
P	3092	P3092_pl_	STARTUP2.C	F1009_	function_parameter	runtime_abi_surface
P	3093	P3093_l_	STARTUP2.C;CEDT018.C;SWSH.C	F1017_Malloc	function_parameter	runtime_abi_surface
P	3094	P3094_pc_FileName	PRIM1.C	F0922_Custom_strcpy	function_parameter	runtime_abi_surface
P	3095	P3095_i_	INSTALL.C	F8050_	function_parameter	runtime_abi_surface
P	3096	P3096_pc_	INSTALL.C	F8051_	function_parameter	runtime_abi_surface
P	3097	P3097_pc_	INSTALL.C	F8051_	function_parameter	runtime_abi_surface
P	3098	P3098_pc_	INSTALL.C	F8051_	function_parameter	runtime_abi_surface
P	3099	P3099_i_	INSTALL.C	F8053_	function_parameter	runtime_abi_surface
P	3101	P3101_l_	INSTALL.C	F8055_	function_parameter	runtime_abi_surface
P	3102	P3102_l_	MEM1MAIN.C	F9014_MEM1_Initialize	function_parameter	runtime_abi_surface
P	3103	P3103_l_ByteCount	MEM1.C	F9010_MEM1_06_Allocate	function_parameter	runtime_abi_surface
P	3104	P3104_i_Requirements	MEM1.C	F9010_MEM1_06_Allocate	function_parameter	runtime_abi_surface
P	3105	P3105_pl_	MEM1.C	F9011_MEM1_07_Free	function_parameter	runtime_abi_surface
P	3106	P3106_i_	MEM1.C	F9012_MEM1_08_Available	function_parameter	runtime_abi_surface
P	3107	P3107_l_	MEM1.C	F9014_MEM1_Initialize	function_parameter	runtime_abi_surface
P	3108	P3108_ps_	MEM1.C	F9014_MEM1_Initialize	function_parameter	runtime_abi_surface
P	3109	P3109_i_LPTPort	STATS.C	F8027_HasLPTInitializationFailed	function_parameter	runtime_abi_surface
P	3110	P3110_c_	STATS.C	F8031_	function_parameter	runtime_abi_surface
P	3111	P3111_pi_MajorVersion	STATS.C	F8035_GetMouseVersionAndType	function_parameter	runtime_abi_surface
P	3112	P3112_pi_MinorVersion	STATS.C	F8035_GetMouseVersionAndType	function_parameter	runtime_abi_surface
P	3113	P3113_pi_Type	STATS.C	F8035_GetMouseVersionAndType	function_parameter	runtime_abi_surface
P	3114	P3114_pi_Interrupt	STATS.C	F8035_GetMouseVersionAndType	function_parameter	runtime_abi_surface
P	3115	P3115_i_	STATS.C	F8047_	function_parameter	runtime_abi_surface
P	3116	P3116_i_	STATS.C	F8048_	function_parameter	runtime_abi_surface
P	3117	P3117_i_	VIDEODRV.C	F8172_	function_parameter	runtime_abi_surface
P	3189	P3189_pc_	NEC816.C;VIDEODRV.C	F8140_ScrollMessageAreaUp	function_parameter	runtime_abi_surface
P	3190	P3190_pc_	NEC816.C;VIDEODRV.C	F8140_ScrollMessageAreaUp	function_parameter	runtime_abi_surface
P	3191	P3191_i_	NEC816.C;VIDEODRV.C	F8140_ScrollMessageAreaUp	function_parameter	runtime_abi_surface
P	3192	P3192_i_PixelIndex	VIDEODRV.C	F8213_SetSinglePixel_Unreferenced	function_parameter	runtime_abi_surface
P	3193	P3193_c_Color	VIDEODRV.C	F8213_SetSinglePixel_Unreferenced	function_parameter	runtime_abi_surface
P	3200	P3200_i_	VIDEODRV.C	F8216_Unreferenced	function_parameter	runtime_abi_surface
P	3201	P3201_i_	VIDEODRV.C	F8216_Unreferenced	function_parameter	runtime_abi_surface
P	3203	P3203_i_	VIDEODRV.C	F8143_CopyPixelLineFromScreenWithoutTransparency	function_parameter	runtime_abi_surface
P	3234	P3234_i_ColorIndex	NEC816.C;VIDEODRV.C	F8230_VIDRV_16_SetSingleColorComponentsInPalette	function_parameter	runtime_abi_surface
P	3235	P3235_c_Red	NEC816.C;VIDEODRV.C	F8230_VIDRV_16_SetSingleColorComponentsInPalette	function_parameter	runtime_abi_surface
P	3236	P3236_c_Green	NEC816.C;VIDEODRV.C	F8230_VIDRV_16_SetSingleColorComponentsInPalette	function_parameter	runtime_abi_surface
P	3237	P3237_c_Blue	NEC816.C;VIDEODRV.C	F8230_VIDRV_16_SetSingleColorComponentsInPalette	function_parameter	runtime_abi_surface
P	3262	P3262_l_	PRIM2C.C	F0917_PRIM_15_Memory_Allocate	function_parameter	runtime_abi_surface
P	3263	P3263_pl_	PRIM2C.C	F0918_PRIM_16_Memory_Free	function_parameter	runtime_abi_surface
P	3264	P3264_pc_FileName	PRIM2C.C	F6000_PRIM_17_File_Open	function_parameter	runtime_abi_surface
P	3265	P3265_p_Handle	PRIM2C.C	F6000_PRIM_17_File_Open	function_parameter	runtime_abi_surface
P	3266	P3266_Handle	PRIM2C.C	F6001_PRIM_18_File_Close	function_parameter	runtime_abi_surface
P	3267	P3267_Handle	PRIM2C.C	F0919_PRIM_19_File_Seek	function_parameter	runtime_abi_surface
P	3268	P3268_l_Offset	PRIM2C.C	F0919_PRIM_19_File_Seek	function_parameter	runtime_abi_surface
P	3269	P3269__Handle	PRIM2C.C	F0920_PRIM_20_File_Read	function_parameter	runtime_abi_surface
P	3270	P3270_l_Size	PRIM2C.C	F0920_PRIM_20_File_Read	function_parameter	runtime_abi_surface
P	3271	P3271_l_Address	PRIM2C.C	F0920_PRIM_20_File_Read	function_parameter	runtime_abi_surface
P	3272	P3272_pc_	PRIM2C.C	F6002_PRIM_22_Console_PrintMessage	function_parameter	runtime_abi_surface
P	3273	P3273_l_	PRIM2C.C	F6005_PRIM_21_FTL_FatalLoaderError	function_parameter	runtime_abi_surface
P	3274	P3274_ps_	PRIM2C.C	F6006_PRIM_07_FTL_Execute	function_parameter	runtime_abi_surface
P	3275	P3275_l_	PRIM2C.C	F6006_PRIM_07_FTL_Execute	function_parameter	runtime_abi_surface
P	3276	P3276_ps_FTLLibrary	PRIM2C.C	F6010_ExecuteLibraryFunction	function_parameter	runtime_abi_surface
P	3277	P3277_RequestedFunctionOrdinal	PRIM2C.C	F6010_ExecuteLibraryFunction	function_parameter	runtime_abi_surface
P	3278	P3278_i_	IBMIO.C	F8087_	function_parameter	runtime_abi_surface
P	3279	P3279_i_	IBMIO.C	F8092_ConvertScanCodeToASCII	function_parameter	runtime_abi_surface
P	3280	P3280_i_MouseX	IBMIO.C	F8096_ProcessMouseState	function_parameter	runtime_abi_surface
P	3281	P3281_i_MouseY	IBMIO.C	F8096_ProcessMouseState	function_parameter	runtime_abi_surface
P	3282	P3282_i_RawButtonStatus	IBMIO.C	F8096_ProcessMouseState	function_parameter	runtime_abi_surface
P	3283	P3283_pfi_	IBMIO.C	F8101_SetMouseHandler	function_parameter	runtime_abi_surface
P	3284	P3284_i_PointerIndex	IBMIO.C	F8108_RegisterMousePointerBitmap	function_parameter	runtime_abi_surface
P	3285	P3285_pc_PointerBitmap	IBMIO.C	F8108_RegisterMousePointerBitmap	function_parameter	runtime_abi_surface
P	3286	P3286_i_HotspotX	IBMIO.C	F8108_RegisterMousePointerBitmap	function_parameter	runtime_abi_surface
P	3287	P3287_i_HotspotY	IBMIO.C	F8108_RegisterMousePointerBitmap	function_parameter	runtime_abi_surface
P	3288	P3288_i_	IBMIO.C	F8109_SetMousePointer	function_parameter	runtime_abi_surface
P	3291	P3291_i_	IBMIO.C	F8111_SetMousePointerCoordinates	function_parameter	runtime_abi_surface
P	3292	P3292_i_	IBMIO.C	F8111_SetMousePointerCoordinates	function_parameter	runtime_abi_surface
P	3293	P3293_pi_	IBMIO.C	F8112_GetMouseState	function_parameter	runtime_abi_surface
P	3294	P3294_pi_	IBMIO.C	F8112_GetMouseState	function_parameter	runtime_abi_surface
P	3295	P3295_pi_	IBMIO.C	F8112_GetMouseState	function_parameter	runtime_abi_surface
P	3296	P3296_c_	IBMIO.C	F8113_	function_parameter	runtime_abi_surface
P	3297	P3297_pfv_	IBMIO.C	F8114_	function_parameter	runtime_abi_surface
P	3298	P3298_c_	IBMIO.C	F8115_	function_parameter	runtime_abi_surface
P	3299	P3299_c_	IBMIO.C	F8115_	function_parameter	runtime_abi_surface
P	3300	P3300_i_	IBMIO.C	F8116_	function_parameter	runtime_abi_surface
P	3301	P3301_pc_	IBMIO.C	F8119_	function_parameter	runtime_abi_surface
P	3302	P3302_ui_	IBMIO.C	F8119_	function_parameter	runtime_abi_surface
P	3303	P3303_i_	IBMIO.C	F8119_	function_parameter	runtime_abi_surface
P	3304	P3304_ui_	IBMIO.C	F8119_	function_parameter	runtime_abi_surface
P	3305	P3305_pc_	IBMIO.C	F8120_	function_parameter	runtime_abi_surface
P	3306	P3306_ui_	IBMIO.C	F8120_	function_parameter	runtime_abi_surface
P	3307	P3307_i_	IBMIO.C	F8120_	function_parameter	runtime_abi_surface
P	3308	P3308_ui_	IBMIO.C	F8120_	function_parameter	runtime_abi_surface
P	3309	P3309_i_	IBMIO.C	F8120_	function_parameter	runtime_abi_surface
P	3310	P3310_i_	IBMIO.C	F8120_	function_parameter	runtime_abi_surface
P	3311	P3311_pc_	IBMIO.C	F8121_	function_parameter	runtime_abi_surface
P	3312	P3312_i_	IBMIO.C	F8121_	function_parameter	runtime_abi_surface
P	3313	P3313_i_	IBMIO.C	F8121_	function_parameter	runtime_abi_surface
P	3314	P3314_ui_	IBMIO.C	F8121_	function_parameter	runtime_abi_surface
P	3315	P3315_pc_	IBMIO.C	F8122_	function_parameter	runtime_abi_surface
P	3316	P3316_i_	IBMIO.C	F8122_	function_parameter	runtime_abi_surface
P	3317	P3317_i_	IBMIO.C	F8122_	function_parameter	runtime_abi_surface
P	3318	P3318_i_	IBMIO.C	F8122_	function_parameter	runtime_abi_surface
P	3319	P3319_pc_	IBMIO.C	F8125_	function_parameter	runtime_abi_surface
P	3320	P3320_i_	IBMIO.C	F8125_	function_parameter	runtime_abi_surface
P	3321	P3321_i_	IBMIO.C	F8125_	function_parameter	runtime_abi_surface
P	3322	P3322_i_	IBMIO.C	F8125_	function_parameter	runtime_abi_surface
P	3323	P3323_i_DriveNumber	IBMIO.C	F8129_GetConvertedDeviceType	function_parameter	runtime_abi_surface
P	3324	P3324_i_DriveOrdinal	IBMIO.C	F8130_GetReadFirstSectorResult	function_parameter	runtime_abi_surface
P	3325	P3325_c_Drive	IBMIO.C	F8131_GetVolumeName	function_parameter	runtime_abi_surface
P	3326	P3326_pc_VolumeName	IBMIO.C	F8131_GetVolumeName	function_parameter	runtime_abi_surface
P	3327	P3327_pc_Filename	IBMIO.C	F8134_ExecuteProgramWithParameters	function_parameter	runtime_abi_surface
P	3328	P3328_pc_	IBMIO.C	F8134_ExecuteProgramWithParameters	function_parameter	runtime_abi_surface
P	3329	P3329_i_	NECIO.C	F8446_	function_parameter	runtime_abi_surface
P	3330	P3330_ui_	NECIO.C	F8451_	function_parameter	runtime_abi_surface
P	3331	P3331_pc_	NECIO.C	F8453_ReadFloppyDiskSector	function_parameter	runtime_abi_surface
P	3332	P3332_c_	NECIO.C	F8453_ReadFloppyDiskSector	function_parameter	runtime_abi_surface
P	3333	P3333_c_	NECIO.C	F8453_ReadFloppyDiskSector	function_parameter	runtime_abi_surface
P	3334	P3334_c_	NECIO.C	F8453_ReadFloppyDiskSector	function_parameter	runtime_abi_surface
P	3335	P3335_c_	NECIO.C	F8453_ReadFloppyDiskSector	function_parameter	runtime_abi_surface
P	3336	P3336_i_	NECIO.C	F8453_ReadFloppyDiskSector	function_parameter	runtime_abi_surface
P	3337	P3337_i_	NECIO.C	F8456_	function_parameter	runtime_abi_surface
P	3338	P3338_i_	NECIO.C	F8456_	function_parameter	runtime_abi_surface
P	3339	P3339_i_	NECIO.C	F8456_	function_parameter	runtime_abi_surface
P	3340	P3340_pfi_	NECIO.C	F8461_SetMouseHandler	function_parameter	runtime_abi_surface
P	3341	P3341_B_MouseDriveInstalled	NECIO.C	F8462_ReplaceMouseInterruptHandler	function_parameter	runtime_abi_surface
P	3342	P3342_i_	NECIO.C	F8467_	function_parameter	runtime_abi_surface
P	3343	P3343_pc_	NECIO.C	F8467_	function_parameter	runtime_abi_surface
P	3344	P3344_i_	NECIO.C	F8467_	function_parameter	runtime_abi_surface
P	3345	P3345_i_	NECIO.C	F8467_	function_parameter	runtime_abi_surface
P	3346	P3346_i_	NECIO.C	F8468_	function_parameter	runtime_abi_surface
P	3349	P3349_i_	NECIO.C	F8470_SetMousePointerCoordinates	function_parameter	runtime_abi_surface
P	3350	P3350_i_	NECIO.C	F8470_SetMousePointerCoordinates	function_parameter	runtime_abi_surface
P	3351	P3351_pi_CurrentMouseX	NECIO.C	F8471_GetMouseState	function_parameter	runtime_abi_surface
P	3352	P3352_pi_CurrentMouseY	NECIO.C	F8471_GetMouseState	function_parameter	runtime_abi_surface
P	3353	P3353_pi_CurrentButtonsStatus	NECIO.C	F8471_GetMouseState	function_parameter	runtime_abi_surface
P	3354	P3354_pfv_	NECIO.C	F8472_SetCustomVerticalBlankRoutine	function_parameter	runtime_abi_surface
P	3355	P3355_c_	NECIO.C	F8473_	function_parameter	runtime_abi_surface
P	3356	P3356_c_	NECIO.C	F8473_	function_parameter	runtime_abi_surface
P	3357	P3357_c_	NECIO.C	F8474_	function_parameter	runtime_abi_surface
P	3358	P3358_ui_	NECIO.C	F8475_	function_parameter	runtime_abi_surface
P	3359	P3359_pfi_	NECIO.C	F8476_	function_parameter	runtime_abi_surface
P	3360	P3360_c_	NECIO.C	F8479_Output_Music_Bytes	function_parameter	runtime_abi_surface
P	3361	P3361_c_	NECIO.C	F8479_Output_Music_Bytes	function_parameter	runtime_abi_surface
P	3362	P3362_i_	NECIO.C	F8480_	function_parameter	runtime_abi_surface
P	3363	P3363_i_	NECIO.C	F8480_	function_parameter	runtime_abi_surface
P	3364	P3364_i_	NECIO.C	F8481_	function_parameter	runtime_abi_surface
P	3365	P3365_i_	NECIO.C	F8481_	function_parameter	runtime_abi_surface
P	3366	P3366_i_	NECIO.C	F8482_	function_parameter	runtime_abi_surface
P	3367	P3367_i_	NECIO.C	F8483_	function_parameter	runtime_abi_surface
P	3368	P3368_i_	NECIO.C	F8483_	function_parameter	runtime_abi_surface
P	3369	P3369_i_	NECIO.C	F8484_	function_parameter	runtime_abi_surface
P	3370	P3370_i_	NECIO.C	F8484_	function_parameter	runtime_abi_surface
P	3371	P3371_i_	NECIO.C	F8484_	function_parameter	runtime_abi_surface
P	3372	P3372_i_	MUSCOPM.C;NECIO.C	F8485_	function_parameter	runtime_abi_surface
P	3373	P3373_i_	MUSCOPM.C;NECIO.C	F8485_	function_parameter	runtime_abi_surface
P	3374	P3374_ui_	NECIO.C	F8486_	function_parameter	runtime_abi_surface
P	3375	P3375_i_	NECIO.C	F8486_	function_parameter	runtime_abi_surface
P	3376	P3376_i_	NECIO.C	F8486_	function_parameter	runtime_abi_surface
P	3377	P3377_ui_	NECIO.C	F8487_	function_parameter	runtime_abi_surface
P	3378	P3378_i_	NECIO.C	F8487_	function_parameter	runtime_abi_surface
P	3379	P3379_i_	NECIO.C	F8487_	function_parameter	runtime_abi_surface
P	3380	P3380_ui_	NECIO.C	F8488_	function_parameter	runtime_abi_surface
P	3381	P3381_ui_	NECIO.C	F8488_	function_parameter	runtime_abi_surface
P	3382	P3382_i_	NECIO.C	F8490_	function_parameter	runtime_abi_surface
P	3383	P3383_i_	NECIO.C	F8490_	function_parameter	runtime_abi_surface
P	3384	P3384_puc_	NECIO.C	F8491_GetBigEndianInt	function_parameter	runtime_abi_surface
P	3385	P3385_puc_	NECIO.C	F8492_GetBigEndianLong	function_parameter	runtime_abi_surface
P	3386	P3386_i_TrackCount	NECIO.C	F8493_GetTrackAddresses	function_parameter	runtime_abi_surface
P	3387	P3387_puc_MIDIData	NECIO.C	F8493_GetTrackAddresses	function_parameter	runtime_abi_surface
P	3388	P3388_puc_MIDIData	MUSCMIDI.C;NECIO.C	F8495_LoadMIDIData	function_parameter	runtime_abi_surface
P	3389	P3389_ui_	NECIO.C	F8496_	function_parameter	runtime_abi_surface
P	3390	P3390_ul_	NECIO.C	F8496_	function_parameter	runtime_abi_surface
P	3391	P3391_ui_	MUSCMIDI.C;NECIO.C	F8498_	function_parameter	runtime_abi_surface
P	3392	P3392_puc_MIDIData	NECIO.C	F8504_PlayMIDIMusic	function_parameter	runtime_abi_surface
P	3393	P3393_pc_	NECIO.C	F8509_	function_parameter	runtime_abi_surface
P	3394	P3394_ui_	NECIO.C	F8509_	function_parameter	runtime_abi_surface
P	3395	P3395_i_	NECIO.C	F8509_	function_parameter	runtime_abi_surface
P	3396	P3396_ui_	NECIO.C	F8509_	function_parameter	runtime_abi_surface
P	3397	P3397_pc_	NECIO.C	F8512_	function_parameter	runtime_abi_surface
P	3398	P3398_ui_	NECIO.C	F8512_	function_parameter	runtime_abi_surface
P	3399	P3399_i_	NECIO.C	F8512_	function_parameter	runtime_abi_surface
P	3400	P3400_ui_	NECIO.C	F8512_	function_parameter	runtime_abi_surface
P	3401	P3401_pc_	NECIO.C	F8513_	function_parameter	runtime_abi_surface
P	3402	P3402_i_	NECIO.C	F8513_	function_parameter	runtime_abi_surface
P	3403	P3403_i_	NECIO.C	F8513_	function_parameter	runtime_abi_surface
P	3404	P3404_i_	NECIO.C	F8513_	function_parameter	runtime_abi_surface
P	3405	P3405_pc_	NECIO.C	F8516_	function_parameter	runtime_abi_surface
P	3406	P3406_i_	NECIO.C	F8516_	function_parameter	runtime_abi_surface
P	3407	P3407_i_	NECIO.C	F8516_	function_parameter	runtime_abi_surface
P	3408	P3408_i_	NECIO.C	F8516_	function_parameter	runtime_abi_surface
P	3409	P3409_i_	NECIO.C	F8521_MIDIMusicControl	function_parameter	runtime_abi_surface
P	3410	P3410_puc_MIDIData	NECIO.C	F8521_MIDIMusicControl	function_parameter	runtime_abi_surface
P	3411	P3411_i_	NECIO.C	F8522_	function_parameter	runtime_abi_surface
P	3412	P3412_i_	NECIO.C	F8523_	function_parameter	runtime_abi_surface
P	3413	P3413_i_DriveOrdinal	NECIO.C	F8524_GetDiskState	function_parameter	runtime_abi_surface
P	3414	P3414_ui_DriveOrdinal	NECIO.C	F8525_GetVolumeName_CPSX	function_parameter	runtime_abi_surface
P	3415	P3415_pc_VolumeName	NECIO.C	F8525_GetVolumeName_CPSX	function_parameter	runtime_abi_surface
P	3432	P3432_pc_	NECIO.C	F8527_ExecuteProgram	function_parameter	runtime_abi_surface
P	3433	P3433_pc_	NECIO.C	F8527_ExecuteProgram	function_parameter	runtime_abi_surface
P	3434	P3434_ps_FunctionHook	PRIM2B.C	F6037_PRIM_04_Library_HookFunction	function_parameter	runtime_abi_surface
P	3435	P3435_ppv_Library	PRIM2B.C	F6037_PRIM_04_Library_HookFunction	function_parameter	runtime_abi_surface
P	3436	P3436_ul_FunctionNumber	PRIM2B.C	F6037_PRIM_04_Library_HookFunction	function_parameter	runtime_abi_surface
P	3437	P3437_ppv_A1	PRIM2B.C	F6037_PRIM_04_Library_HookFunction	function_parameter	runtime_abi_surface
P	3438	P3438_pv_ReplacementFunction	PRIM2B.C	F6037_PRIM_04_Library_HookFunction	function_parameter	runtime_abi_surface
P	3439	P3439_ps_	PRIM2B.C	F6038_PRIM_28_Library_UnhookFunction	function_parameter	runtime_abi_surface
P	3440	P3440_l_Name	PRIM2B.C	F6039_PRIM_27_File_IsOpenable	function_parameter	runtime_abi_surface
P	3441	P3441_l_	PRIM2B.C	F6039_PRIM_27_File_IsOpenable	function_parameter	runtime_abi_surface
P	3442	P3442_l_Name	PRIM2B.C	F6040_PRIM_08_Library_Open	function_parameter	runtime_abi_surface
P	3443	P3443_l_MinimumVersion	PRIM2B.C	F6040_PRIM_08_Library_Open	function_parameter	runtime_abi_surface
P	3444	P3444_l_Name	PRIM2B.C	F6041_PRIM_09_Library_Close	function_parameter	runtime_abi_surface
P	3445	P3445_ps_	PRIM2B.C	F6042_PRIM_10_Library_FlagAsCanBeExpunged	function_parameter	runtime_abi_surface
P	3446	P3446_l_Name	PRIM2B.C	F6043_PRIM_26_FTL_LoadAndExecute	function_parameter	runtime_abi_surface
P	3447	P3447_ps_	PRIM2B.C	F6043_PRIM_26_FTL_LoadAndExecute	function_parameter	runtime_abi_surface
P	3448	P3448_l_	PRIM2B.C	F6043_PRIM_26_FTL_LoadAndExecute	function_parameter	runtime_abi_surface
P	3449	P3449_ps_	PRIM2B.C	F6044_PRIM_06_FTL_FreeMemory	function_parameter	runtime_abi_surface
P	3450	P3450_ps_	PRIM2B.C	F6045_PRIM_13_Library_InitializeList	function_parameter	runtime_abi_surface
P	3451	P3451_ps_List	PRIM2B.C	F6046_PRIM_14_Library_FindInList	function_parameter	runtime_abi_surface
P	3452	P3452_l_LibraryName	PRIM2B.C	F6046_PRIM_14_Library_FindInList	function_parameter	runtime_abi_surface
P	3453	P3453_ps_List	PRIM2B.C	F6047_PRIM_11_Library_AddToList	function_parameter	runtime_abi_surface
P	3454	P3454_ps_	PRIM2B.C	F6047_PRIM_11_Library_AddToList	function_parameter	runtime_abi_surface
P	3455	P3455_ps_	PRIM2B.C	F6048_PRIM_12_Library_RemoveFromList	function_parameter	runtime_abi_surface
P	3456	P3456_ps_	PRIM2B.C	F6051_UnLoadFTLLibrary	function_parameter	runtime_abi_surface
P	3457	P3457_ps_function	PRIM2B.C	F6053_IsFunctionHooked	function_parameter	runtime_abi_surface
P	3461	P3461_ps_	NEC816.C	F8382_PrepareV8382000FromPalette	function_parameter	runtime_abi_surface
P	3462	P3462_ps_	NEC816.C	F8384_	function_parameter	runtime_abi_surface
P	3463	P3463_pc_	NEC816.C	F8382_PrepareV8382000FromPalette	function_parameter	runtime_abi_surface
P	3464	P3464_pc_	NEC816.C	F8384_	function_parameter	runtime_abi_surface
P	3470	P3470_uc_	NEC816.C	F8389_	function_parameter	runtime_abi_surface
P	3474	P3474_i_SourceOffset	NEC816.C	F0681_CopyPixelLineToScreenWithoutTransparencyFlippedHorizontally	function_parameter	runtime_abi_surface
P	3475	P3475_i_DestinationOffset	NEC816.C	F0681_CopyPixelLineToScreenWithoutTransparencyFlippedHorizontally	function_parameter	runtime_abi_surface
P	3476	P3476_i_PixelCount	NEC816.C	F0681_CopyPixelLineToScreenWithoutTransparencyFlippedHorizontally	function_parameter	runtime_abi_surface
P	3477	P3477_i_SourceOffset	NEC816.C	F0683_CopyPixelLineToScreenWithTransparencyFlippedHorizontally	function_parameter	runtime_abi_surface
P	3478	P3478_i_DestinationOffset	NEC816.C	F0683_CopyPixelLineToScreenWithTransparencyFlippedHorizontally	function_parameter	runtime_abi_surface
P	3479	P3479_i_PixelCount	NEC816.C	F0683_CopyPixelLineToScreenWithTransparencyFlippedHorizontally	function_parameter	runtime_abi_surface
P	3480	P3480_i_TransparentColor	NEC816.C	F0683_CopyPixelLineToScreenWithTransparencyFlippedHorizontally	function_parameter	runtime_abi_surface
P	3481	P3481_i_SourceOffset	NEC816.C	F8143_CopyPixelLineFromScreenWithoutTransparency	function_parameter	runtime_abi_surface
P	3482	P3482_i_DestinationOffset	NEC816.C	F8143_CopyPixelLineFromScreenWithoutTransparency	function_parameter	runtime_abi_surface
P	3483	P3483_i_PixelCount	NEC816.C	F8143_CopyPixelLineFromScreenWithoutTransparency	function_parameter	runtime_abi_surface
P	3484	P3484_i_SourceOffset	NEC816.C	F8144_CopyPixelLineFromScreenWithoutTransparencyFlippedHorizontally	function_parameter	runtime_abi_surface
P	3485	P3485_i_DestinationOffset	NEC816.C	F8144_CopyPixelLineFromScreenWithoutTransparencyFlippedHorizontally	function_parameter	runtime_abi_surface
P	3486	P3486_i_PixelCount	NEC816.C	F8144_CopyPixelLineFromScreenWithoutTransparencyFlippedHorizontally	function_parameter	runtime_abi_surface
P	3501	P3501_c_	NEC816.C	F8152_VIDRV_01_FillBox	function_parameter	runtime_abi_surface
P	3502	P3502_i_	NEC816.C	F8404_	function_parameter	runtime_abi_surface
P	3503	P3503_i_	NEC816.C	F8404_	function_parameter	runtime_abi_surface
P	3515	P3515_ps_	NEC816.C	F8157_VIDRV_08_SetMultipleColorsInPalette	function_parameter	runtime_abi_surface
P	3516	P3516_i_ColorIndex	NEC816.C	F8409_VIDRV_17_SetSingleColorInPalette1	function_parameter	runtime_abi_surface
P	3517	P3517_i_	NEC816.C	F8409_VIDRV_17_SetSingleColorInPalette1	function_parameter	runtime_abi_surface
P	3518	P3518_i_PaletteIndex	NEC816.C	F8157_VIDRV_08_SetMultipleColorsInPalette	function_parameter	runtime_abi_surface
P	3529	P3529_ui_	NEC816.C	F8162_VIDRV_10_ScrollMessageAreaUp	function_parameter	runtime_abi_surface
P	3543	P3543_i_	NEC816.C	F8167_VIDRV_03_BlitMousePointerPrefixedBitmapFromScreen	function_parameter	runtime_abi_surface
P	3544	P3544_i_	NEC816.C	F8167_VIDRV_03_BlitMousePointerPrefixedBitmapFromScreen	function_parameter	runtime_abi_surface
P	3547	P3547_ppv_	APPA.C	F9002_OpenUSIO	function_parameter	runtime_abi_surface
P	3548	P3548_i_	MEM1CLCP.C	F2281_MEM1_05_ClearBytes	function_parameter	runtime_abi_surface
P	3550	P3550_i_	CEDT001.C	F7002_ReadCMP	function_parameter	runtime_abi_surface
P	3551	P3551_i_	CEDT001.C;UTILITY.H	F7005_Quit	function_parameter	runtime_abi_surface
P	3552	P3552_ps_	CEDT012.C;CEDT002.C	F7143_	function_parameter	runtime_abi_surface
P	3553	P3553_ul_	CEDT005.C;UTILITY.H	F2095_AllocateMemory;F7023_Alloc	function_parameter	runtime_abi_surface
P	3554	P3554_i_Requirements	CEDT005.C;UTILITY.H	F7023_Alloc	function_parameter	runtime_abi_surface
P	3555	P3555_pv_	CEDT005.C;UTILITY.H	F7024_Free	function_parameter	runtime_abi_surface
P	3556	P3556_pc_	CEDT019.C;UTILITY.H	F7273_DrawDialogThenHang	function_parameter	runtime_abi_surface
P	3557	P3557_pi_MouseX	CEDT020.C;UTILITY.H	F7274_GetMouseStatus	function_parameter	runtime_abi_surface
P	3558	P3558_pi_MouseY	CEDT020.C;UTILITY.H	F7274_GetMouseStatus	function_parameter	runtime_abi_surface
P	3559	P3559_i_	CEDT020.C;UTILITY.H	F7275_EmptyFunction	function_parameter	runtime_abi_surface
P	3560	P3560_i_InterruptVectorIndex	CEDT022.C	F7278_Unreferenced	function_parameter	runtime_abi_surface
P	3568	P3568_i_	CEDT025.C	F7321_Unreferenced	function_parameter	runtime_abi_surface
P	3569	P3569_pc_	CEDT025.C;UTILITY.H	F7322_EmptyFunction	function_parameter	runtime_abi_surface
P	3570	P3570_i_X	CEDT026.C	F7326_MouseClickHandler	function_parameter	runtime_abi_surface
P	3571	P3571_i_Y	CEDT026.C	F7326_MouseClickHandler	function_parameter	runtime_abi_surface
P	3572	P3572_i_Buttons	CEDT026.C	F7326_MouseClickHandler	function_parameter	runtime_abi_surface
P	3575	P3575_pi_Box	COMMAND.C;DEFS.H;CEDT002.C	F7006_IsPointInBox	function_parameter	runtime_abi_surface
P	3576	P3576_i_X	COMMAND.C;DEFS.H;CEDT002.C	F7006_IsPointInBox	function_parameter	runtime_abi_surface
P	3577	P3577_i_Y	COMMAND.C;DEFS.H;CEDT002.C	F7006_IsPointInBox	function_parameter	runtime_abi_surface
P	3578	P3578_puc_Buffer	HINTLOAD.C;CEDTINC6.C;CEDT007.C	F1913_LoadAndDeobfuscateSavedGamePart;F7057_ReadSaveGamePartWithChecksum	function_parameter	runtime_abi_surface
P	3579	P3579_ui_Size	HINTLOAD.C;CEDTINC6.C;CEDT007.C	F1913_LoadAndDeobfuscateSavedGamePart;F7057_ReadSaveGamePartWithChecksum	function_parameter	runtime_abi_surface
P	3580	P3580_ui_Key	HINTLOAD.C;CEDTINC6.C;CEDT007.C	F1913_LoadAndDeobfuscateSavedGamePart;F7057_ReadSaveGamePartWithChecksum	function_parameter	runtime_abi_surface
P	3581	P3581_ui_Checksum	HINTLOAD.C;CEDTINC6.C;CEDT007.C	F1913_LoadAndDeobfuscateSavedGamePart;F7057_ReadSaveGamePartWithChecksum	function_parameter	runtime_abi_surface
P	3582	P3582_ui_KeyWordIndex	CEDTINC6.C;CEDT007.C	F7061_F0429_STARTEND_IsReadSaveHeaderSuccessful	function_parameter	runtime_abi_surface
P	3583	P3583_i_KeyWordIndex	CEDTINC6.C;CEDT007.C	F7062_F0430_STARTEND_IsWriteObfuscatedSaveHeaderSuccessful	function_parameter	runtime_abi_surface
P	3584	P3584_ps_	CEDTINCA.C;CEDT007.C	F7063_LoadDungeon	function_parameter	runtime_abi_surface
P	3585	P3585_i_GameIndex	CEDT007.C	F7064_PadChampionNameAndTitle	function_parameter	runtime_abi_surface
P	3585	P3585_ui_GameIndex	CEDTINCQ.C	F7064_PadChampionNameAndTitle	function_parameter	runtime_abi_surface
P	3586	P3586_ps_	CEDTINCS.C;CEDT007.C	F7065_ClearChampionPortraitPointersBeforeSavingGame	function_parameter	runtime_abi_surface
P	3587	P3587_ps_	CEDTINCS.C	F7066_LoadPortraits	function_parameter	runtime_abi_surface
P	3588	P3588_ps_	CEDT007.C;UTILITY.H	F7067_GetChampionInfo	function_parameter	runtime_abi_surface
P	3589	P3589_ui_ChampionIndex	CEDT007.C;UTILITY.H	F7067_GetChampionInfo	function_parameter	runtime_abi_surface
P	3590	P3590_ui_InfoIndex	CEDT007.C;UTILITY.H	F7067_GetChampionInfo	function_parameter	runtime_abi_surface
P	3591	P3591_ps_	CEDT007.C;UTILITY.H	F7068_SetChampionInfo	function_parameter	runtime_abi_surface
P	3592	P3592_ui_ChampionIndex	CEDT007.C;UTILITY.H	F7068_SetChampionInfo	function_parameter	runtime_abi_surface
P	3593	P3593_ui_InfoIndex	CEDT007.C;UTILITY.H	F7068_SetChampionInfo	function_parameter	runtime_abi_surface
P	3594	P3594_l_InfoData	CEDT007.C;UTILITY.H	F7068_SetChampionInfo	function_parameter	runtime_abi_surface
P	3597	P3597_i_A	CEDT026.C	F0785_SetMousePointerCoordinates	function_parameter	runtime_abi_surface
P	3598	P3598_i_B	CEDT026.C	F0785_SetMousePointerCoordinates	function_parameter	runtime_abi_surface
P	3599	P3599_pi_A	CEDT026.C	F0706_GetMouseState	function_parameter	runtime_abi_surface
P	3600	P3600_pi_B	CEDT026.C	F0706_GetMouseState	function_parameter	runtime_abi_surface
P	3601	P3601_pi_C	CEDT026.C	F0706_GetMouseState	function_parameter	runtime_abi_surface
P	3602	P3602_i_	CEDT026.C	F0714_GetReadFirstSectorResult	function_parameter	runtime_abi_surface
P	3603	P3603_i_	CEDT026.C	F0716_CallRazAXInIBMIO	function_parameter	runtime_abi_surface
P	3604	P3604_i_	CEDT026.C	F0717_GetVolumeName	function_parameter	runtime_abi_surface
P	3605	P3605_pc_	CEDT026.C	F0717_GetVolumeName	function_parameter	runtime_abi_surface
P	3623	P3623_i_TextColor	CEDTFNT.C;CEDTTXT.C;UTILITY.H	F7337_	function_parameter	runtime_abi_surface
P	3624	P3624_i_BackgroundColor	CEDTFNT.C;CEDTTXT.C;UTILITY.H	F7337_	function_parameter	runtime_abi_surface
P	3625	P3625_pc_	CEDT030.C	F0818_IsJapaneseText	function_parameter	runtime_abi_surface
P	3626	P3626_pc_Bitmap	CEDTTXT.C	F7338_	function_parameter	runtime_abi_surface
P	3627	P3627_i_Width	CEDTTXT.C	F7338_	function_parameter	runtime_abi_surface
P	3628	P3628_i_	CEDTTXT.C	F7338_	function_parameter	runtime_abi_surface
P	3629	P3629_i_	CEDTTXT.C	F7338_	function_parameter	runtime_abi_surface
P	3630	P3630_i_TextColor	CEDTTXT.C	F7338_	function_parameter	runtime_abi_surface
P	3631	P3631_i_BackgroundColor	CEDTTXT.C	F7338_	function_parameter	runtime_abi_surface
P	3632	P3632_puc_	CEDTTXT.C	F7338_	function_parameter	runtime_abi_surface
P	3633	P3633_i_	CEDTTXT.C	F7338_	function_parameter	runtime_abi_surface
P	3634	P3634_i_X	CEDTINC3.C;UTILITY.H	F7339_PrintTextToScreen	function_parameter	runtime_abi_surface
P	3635	P3635_i_Y	CEDTINC3.C;UTILITY.H	F7339_PrintTextToScreen	function_parameter	runtime_abi_surface
P	3636	P3636_i_TextColor	CEDTINC3.C;UTILITY.H	F7339_PrintTextToScreen	function_parameter	runtime_abi_surface
P	3637	P3637_i_BackgroundColor	CEDTINC3.C;UTILITY.H	F7339_PrintTextToScreen	function_parameter	runtime_abi_surface
P	3638	P3638_pc_	CEDTINC3.C;UTILITY.H	F7339_PrintTextToScreen	function_parameter	runtime_abi_surface
P	3639	P3639_puc_Bitmap_Destination	CEDT030.C;UTILITY.H	F7341_DrawText	function_parameter	runtime_abi_surface
P	3640	P3640_ui_ByteWidth	CEDT030.C;UTILITY.H	F7341_DrawText	function_parameter	runtime_abi_surface
P	3641	P3641_i_X	CEDT030.C;UTILITY.H	F7341_DrawText	function_parameter	runtime_abi_surface
P	3642	P3642_i_Y	CEDT030.C;UTILITY.H	F7341_DrawText	function_parameter	runtime_abi_surface
P	3643	P3643_i_TextColor	CEDT030.C;UTILITY.H	F7341_DrawText	function_parameter	runtime_abi_surface
P	3644	P3644_i_BackgroundColor	CEDT030.C;UTILITY.H	F7341_DrawText	function_parameter	runtime_abi_surface
P	3645	P3645_puc_String	CEDT030.C;UTILITY.H	F7341_DrawText	function_parameter	runtime_abi_surface
P	3646	P3646_ui_	CEDT030.C;UTILITY.H	F7341_DrawText	function_parameter	runtime_abi_surface
P	3647	P3647_pc_	CEDT030.C;UTILITY.H	F7342_BuildUDSTRUCT3	function_parameter	runtime_abi_surface
P	3648	P3648_ps_	CEDT030.C;UTILITY.H	F7342_BuildUDSTRUCT3	function_parameter	runtime_abi_surface
P	3653	P3653_ps_InputInfo	COMMAND.C;UTILITY.H	F7012_AddToInputInfoList	function_parameter	runtime_abi_surface
P	3654	P3654_i_InputInfoIndex	COMMAND.C	F7013_RemoveFromInputInfoList_Unreferenced	function_parameter	runtime_abi_surface
P	3655	P3655_pps_NewInputInfoList	COMMAND.C;UTILITY.H	F7014_SetCurrentInputInfoList	function_parameter	runtime_abi_surface
P	3656	P3656_ps_UDCommand	COMMAND.C;UTILITY.H	F7015_ProcessNextUDCommand	function_parameter	runtime_abi_surface
P	3657	P3657_ps_	COMMAND.C;UTILITY.H	F7016_GetKeyFromCommand	function_parameter	runtime_abi_surface
P	3658	P3658_ps_	CEDT004.C	F7017_GetIconIndex	function_parameter	runtime_abi_surface
P	3659	P3659_T_	CEDT004.C	F7017_GetIconIndex	function_parameter	runtime_abi_surface
P	3660	P3660_ps_	CEDT004.C	F7018_GetThingData	function_parameter	runtime_abi_surface
P	3661	P3661_i_	CEDT004.C	F7018_GetThingData	function_parameter	runtime_abi_surface
P	3662	P3662_ps_	CEDT004.C;UTILITY.H	F7019_GetObjectInfoIndex	function_parameter	runtime_abi_surface
P	3663	P3663_T_	CEDT004.C;UTILITY.H	F7019_GetObjectInfoIndex	function_parameter	runtime_abi_surface
P	3664	P3664_ps_	CEDT004.C;UTILITY.H	F7020_RemoveObjectModifiersFromStatistics	function_parameter	runtime_abi_surface
P	3665	P3665_ui_ChampionIndex	CEDT004.C;UTILITY.H	F7020_RemoveObjectModifiersFromStatistics	function_parameter	runtime_abi_surface
P	3666	P3666_T_Thing	CEDT004.C;UTILITY.H	F7020_RemoveObjectModifiersFromStatistics	function_parameter	runtime_abi_surface
P	3667	P3667_i_	CEDT005.C	F7026_EmptyFunction	function_parameter	runtime_abi_surface
P	3668	P3668_i_	CEDT006.C	F7027_DrawTextCursor	function_parameter	runtime_abi_surface
P	3669	P3669_i_	CEDT006.C	F7027_DrawTextCursor	function_parameter	runtime_abi_surface
P	3670	P3670_i_	CEDT006.C	F7028_EditChampionNameOrTitle	function_parameter	runtime_abi_surface
P	3670	P3670_ui_	CEDT006.C	F7028_EditChampionNameOrTitle	function_parameter	runtime_abi_surface
P	3671	P3671_i_	CEDT006.C	F7028_EditChampionNameOrTitle	function_parameter	runtime_abi_surface
P	3672	P3672_pc_	CEDT006.C	F7028_EditChampionNameOrTitle	function_parameter	runtime_abi_surface
P	3673	P3673_pi_Box	CEDT006.C	F7029_	function_parameter	runtime_abi_surface
P	3674	P3674_pi_Box	CEDT006.C	F7029_	function_parameter	runtime_abi_surface
P	3675	P3675_i_	CEDT006.C	F7029_	function_parameter	runtime_abi_surface
P	3676	P3676_i_	CEDT006.C	F7029_	function_parameter	runtime_abi_surface
P	3677	P3677_pi_	CEDT006.C;UTILITY.H	F7030_DrawFilledBox	function_parameter	runtime_abi_surface
P	3678	P3678_i_	CEDT006.C;UTILITY.H	F7030_DrawFilledBox	function_parameter	runtime_abi_surface
P	3679	P3679_i_FillColor	CEDT006.C;UTILITY.H	F7030_DrawFilledBox	function_parameter	runtime_abi_surface
P	3680	P3680_i_LineColor	CEDT006.C;UTILITY.H	F7030_DrawFilledBox	function_parameter	runtime_abi_surface
P	3681	P3681_i_ChampionIndex	CEDT006.C	F7032_DrawChampionNameOnTopOfScreen	function_parameter	runtime_abi_surface
P	3682	P3682_i_ChampionIndex	CEDT006.C	F7033_DrawPortraitsAndNamesOnTopOfScreen	function_parameter	runtime_abi_surface
P	3683	P3683_i_FillColor	CEDT006.C	F7033_DrawPortraitsAndNamesOnTopOfScreen	function_parameter	runtime_abi_surface
P	3684	P3684_ps_	CEDT006.C;UTILITY.H	F7034_DrawButton	function_parameter	runtime_abi_surface
P	3685	P3685_pc_String	CEDT006.C;UTILITY.H	F7034_DrawButton	function_parameter	runtime_abi_surface
P	3686	P3686_i_FillColor	CEDT006.C;UTILITY.H	F7034_DrawButton	function_parameter	runtime_abi_surface
P	3687	P3687_i_ColorIndex	CEDT006.C	F7035_SetSelectedColorBox	function_parameter	runtime_abi_surface
P	3688	P3688_pi_Box	CEDT006.C	F7035_SetSelectedColorBox	function_parameter	runtime_abi_surface
P	3689	P3689_i_	CEDT006.C	F7036_SetSelectedColorIndex	function_parameter	runtime_abi_surface
P	3690	P3690_pc_	CEDT006.C	F7038_PrintChampionNameOrTitleForEdition	function_parameter	runtime_abi_surface
P	3691	P3691_i_MouseInputIndex	CEDT006.C	F7038_PrintChampionNameOrTitleForEdition	function_parameter	runtime_abi_surface
P	3692	P3692_i_	CEDT006.C	F7038_PrintChampionNameOrTitleForEdition	function_parameter	runtime_abi_surface
P	3693	P3693_pc_Name	CEDT006.C	F7039_DrawHealthOrStaminaOrMana	function_parameter	runtime_abi_surface
P	3694	P3694_i_Value	CEDT006.C	F7039_DrawHealthOrStaminaOrMana	function_parameter	runtime_abi_surface
P	3695	P3695_i_ScreenY	CEDT006.C	F7039_DrawHealthOrStaminaOrMana	function_parameter	runtime_abi_surface
P	3696	P3696_i_ChampionIndex	CEDT006.C	F7040_SelectChampion	function_parameter	runtime_abi_surface
P	3697	P3697_B_UpdateUndoBitmap	CEDT006.C	F7040_SelectChampion	function_parameter	runtime_abi_surface
P	3698	P3698_ui_	CEDT006.C	F7041_ProcessKeyboardInput	function_parameter	runtime_abi_surface
P	3699	P3699_i_X	CEDT006.C	F7043_IsClickOnColorPaletteProcessed	function_parameter	runtime_abi_surface
P	3700	P3700_i_Multiple	CEDT006.C	F7043_IsClickOnColorPaletteProcessed	function_parameter	runtime_abi_surface
P	3701	P3701_i_X	CEDT006.C	F7044_DrawPortraitPixel	function_parameter	runtime_abi_surface
P	3702	P3702_i_Y	CEDT006.C	F7044_DrawPortraitPixel	function_parameter	runtime_abi_surface
P	3703	P3703_i_X	CEDT006.C	F7045_IsPortraitPixelDrawn	function_parameter	runtime_abi_surface
P	3704	P3704_i_Y	CEDT006.C	F7045_IsPortraitPixelDrawn	function_parameter	runtime_abi_surface
P	3705	P3705_i_	CEDT006.C	F7045_IsPortraitPixelDrawn	function_parameter	runtime_abi_surface
P	3706	P3706_i_X	CEDT006.C	F7046_FloodFillBitmapArea	function_parameter	runtime_abi_surface
P	3707	P3707_i_Y	CEDT006.C	F7046_FloodFillBitmapArea	function_parameter	runtime_abi_surface
P	3708	P3708_B_DrawOnScreen	CEDT006.C	F7048_CopyPortraitsAfterGameLoaded	function_parameter	runtime_abi_surface
P	3709	P3709_ps_Source	CEDT006.C	F7049_CopyBackupPortrait	function_parameter	runtime_abi_surface
P	3710	P3710_ps_Destination	CEDT006.C	F7049_CopyBackupPortrait	function_parameter	runtime_abi_surface
P	3711	P3711_i_GameIndex	UTILITY.H;CEDTINCD.C	F7051_LoadGame	function_parameter	runtime_abi_surface
P	3712	P3712_i_GameIndex	CEDTINC8.C;UTILITY.H	F7052_SaveGame	function_parameter	runtime_abi_surface
P	3713	P3713_ps_	CEDTINCB.C	F7053_FreeGame	function_parameter	runtime_abi_surface
P	3714	P3714_ps_	CEDT007.C;CEDTINCT.C	F7054_DetermineGameFormats	function_parameter	runtime_abi_surface
P	3715	P3715_pc_Buffer	CEDTINC6.C;CEDT007.C	F7058_WriteSavePartWithChecksum	function_parameter	runtime_abi_surface
P	3716	P3716_ui_ByteCount	CEDTINC6.C;CEDT007.C	F7058_WriteSavePartWithChecksum	function_parameter	runtime_abi_surface
P	3717	P3717_i_Key	CEDTINC6.C;CEDT007.C	F7058_WriteSavePartWithChecksum	function_parameter	runtime_abi_surface
P	3718	P3718_pui_Checksum	CEDTINC6.C;CEDT007.C	F7058_WriteSavePartWithChecksum	function_parameter	runtime_abi_surface
P	3719	P3719_pc_	CEDTINC6.C	F7059_ReadDungeonPartWithChecksum	function_parameter	runtime_abi_surface
P	3720	P3720_pi_Checksum	CEDTINC6.C	F7059_ReadDungeonPartWithChecksum	function_parameter	runtime_abi_surface
P	3721	P3721_ui_ByteCount	CEDTINC6.C	F7059_ReadDungeonPartWithChecksum	function_parameter	runtime_abi_surface
P	3722	P3722_puc_	CEDTINC6.C;CEDT007.C	F7060_WriteDungeonPartWithChecksum	function_parameter	runtime_abi_surface
P	3723	P3723_pi_Checksum	CEDTINC6.C;CEDT007.C	F7060_WriteDungeonPartWithChecksum	function_parameter	runtime_abi_surface
P	3724	P3724_ui_ByteCount	CEDTINC6.C;CEDT007.C	F7060_WriteDungeonPartWithChecksum	function_parameter	runtime_abi_surface
P	3728	P3728_pc_ButtonTexts	CEDTINC4.C	F7069_CopyStringFirstLine	function_parameter	runtime_abi_surface
P	3729	P3729_pc_TargetString	CEDTINC4.C	F7069_CopyStringFirstLine	function_parameter	runtime_abi_surface
P	3730	P3730_i_TargetStringSize	CEDTINC4.C	F7069_CopyStringFirstLine	function_parameter	runtime_abi_surface
P	3731	P3731_c_SeparatorCharacter	CEDTINC4.C	F7069_CopyStringFirstLine	function_parameter	runtime_abi_surface
P	3732	P3732_pc_	CEDTINC4.C	F7070_DrawDialogTitle	function_parameter	runtime_abi_surface
P	3733	P3733_i_	CEDTINC4.C	F7070_DrawDialogTitle	function_parameter	runtime_abi_surface
P	3734	P3734_i_	CEDTINC4.C	F7070_DrawDialogTitle	function_parameter	runtime_abi_surface
P	3735	P3735_i_Color	CEDTINC4.C	F7070_DrawDialogTitle	function_parameter	runtime_abi_surface
P	3736	P3736_pc_	CEDTINC4.C;UTILITY.H	F7072_GetDialogChoiceOrdinal	function_parameter	runtime_abi_surface
P	3737	P3737_i_Color	CEDTINC4.C;UTILITY.H	F7072_GetDialogChoiceOrdinal	function_parameter	runtime_abi_surface
P	3738	P3738_pc_String	CEDTINC4.C;UTILITY.H	F7072_GetDialogChoiceOrdinal	function_parameter	runtime_abi_surface
P	3739	P3739_ps_DialogInputInfo	CEDTINC4.C;UTILITY.H	F7072_GetDialogChoiceOrdinal	function_parameter	runtime_abi_surface
P	3740	P3740_c_	CEDT008.C	F7073_	function_parameter	runtime_abi_surface
P	3741	P3741_pc_	CEDT008.C	F7073_	function_parameter	runtime_abi_surface
P	3742	P3742_i_Color	CEDT008.C	F7073_	function_parameter	runtime_abi_surface
P	3743	P3743_pc_	CEDT008.C	F7073_	function_parameter	runtime_abi_surface
P	3744	P3744_ps_	CEDT008.C	F7073_	function_parameter	runtime_abi_surface
P	3745	P3745_pc_	CEDT008.C	F7073_	function_parameter	runtime_abi_surface
P	3746	P3746_ps_	CEDT008.C	F7073_	function_parameter	runtime_abi_surface
P	3747	P3747_pc_	CEDT008.C;UTILITY.H	F7074_DrawDialogErrorMessage	function_parameter	runtime_abi_surface
P	3748	P3748_ui_Color	CEDT008.C;UTILITY.H	F7074_DrawDialogErrorMessage	function_parameter	runtime_abi_surface
P	3749	P3749_ps_	CEDT008.C	F7075_	function_parameter	runtime_abi_surface
P	3750	P3750_i_	CEDT008.C	F7075_	function_parameter	runtime_abi_surface
P	3751	P3751_pc_FileNamesList	CEDTINCF.C	F7078_SortFileNames	function_parameter	runtime_abi_surface
P	3752	P3752_ul_FileCount	CEDTINCF.C	F7078_SortFileNames	function_parameter	runtime_abi_surface
P	3753	P3753_ul_FileNameMaximumLength	CEDTINCF.C	F7078_SortFileNames	function_parameter	runtime_abi_surface
P	3754	P3754_pfi_StringCompare	CEDTINCF.C	F7078_SortFileNames	function_parameter	runtime_abi_surface
P	3755	P3755_pc_	CEDTINCF.C	F7079_ConvertFileNameToUpperCase	function_parameter	runtime_abi_surface
P	3756	P3756_pc_	CEDTINCF.C	F7079_ConvertFileNameToUpperCase	function_parameter	runtime_abi_surface
P	3757	P3757_pc_	CEDTINCF.C;UTILITY.H	F7082_DrawFilePickerDialog	function_parameter	runtime_abi_surface
P	3757	P3757_ps_	CEDTINCF.C;UTILITY.H	F7082_DrawFilePickerDialog	function_parameter	runtime_abi_surface
P	3758	P3758_ps_	CEDT008.C;UTILITY.H	F7083_DrawInitialFilePickerFileList	function_parameter	runtime_abi_surface
P	3759	P3759_c_	CEDT008.C;UTILITY.H	F7085_	function_parameter	runtime_abi_surface
P	3760	P3760_ps_SourceGame	CEDTINCR.C	F7087_CopyChampionProperty	function_parameter	runtime_abi_surface
P	3761	P3761_ps_DestinationGame	CEDTINCR.C	F7087_CopyChampionProperty	function_parameter	runtime_abi_surface
P	3762	P3762_i_ChampionIndex	CEDTINCR.C	F7087_CopyChampionProperty	function_parameter	runtime_abi_surface
P	3763	P3763_ui_	CEDTINCR.C	F7087_CopyChampionProperty	function_parameter	runtime_abi_surface
P	3764	P3764_ps_	CEDTINCR.C	F7088_CopyChampionPortraits	function_parameter	runtime_abi_surface
P	3765	P3765_ps_	CEDT008.C	F7089_GetFirstCellWithNoChampion	function_parameter	runtime_abi_surface
P	3766	P3766_ps_	CEDTINCR.C	F7088_CopyChampionPortraits	function_parameter	runtime_abi_surface
P	3767	P3767_pc_	CEDTINCI.C	F7092_Unreferenced	function_parameter	runtime_abi_surface
P	3768	P3768_pc_	STRING.C	F7093_GetPointerToLastCharacter	function_parameter	runtime_abi_surface
P	3769	P3769_pc_String	STRING.C	F7094_ConvertLongToString	function_parameter	runtime_abi_surface
P	3770	P3770_ul_Value	STRING.C	F7094_ConvertLongToString	function_parameter	runtime_abi_surface
P	3771	P3771_B_PrintAsHexadecimal	STRING.C	F7094_ConvertLongToString	function_parameter	runtime_abi_surface
P	3776	P3776_pc_SourceString	STRING.C;UTILITY.H	F7098_SubstituteString	function_parameter	runtime_abi_surface
P	3777	P3777_pc_StringToReplace	STRING.C;UTILITY.H	F7098_SubstituteString	function_parameter	runtime_abi_surface
P	3778	P3778_pc_ReplacementString	STRING.C;UTILITY.H	F7098_SubstituteString	function_parameter	runtime_abi_surface
P	3779	P3779_pc_OutputString	STRING.C;UTILITY.H	F7098_SubstituteString	function_parameter	runtime_abi_surface
P	3780	P3780_ui_OutputStringMaximumLength	STRING.C;UTILITY.H	F7098_SubstituteString	function_parameter	runtime_abi_surface
P	3784	P3784_pc_	STRING.C;UTILITY.H	F7101_sprintf	function_parameter	runtime_abi_surface
P	3785	P3785_pc_	STRING.C;UTILITY.H	F7101_sprintf	function_parameter	runtime_abi_surface
P	3787	P3787_pc_FileName	STRING.C;UTILITY.H	F7102_DoesFileNameMatchPattern	function_parameter	runtime_abi_surface
P	3788	P3788_pc_FileNamePattern	STRING.C;UTILITY.H	F7102_DoesFileNameMatchPattern	function_parameter	runtime_abi_surface
P	3789	P3789_i_	CEDT011.C	F7105_HangIfThirdParameterNot0	function_parameter	runtime_abi_surface
P	3790	P3790_pc_	CEDT011.C	F7105_HangIfThirdParameterNot0	function_parameter	runtime_abi_surface
P	3791	P3791_i_	CEDT011.C	F7105_HangIfThirdParameterNot0	function_parameter	runtime_abi_surface
P	3792	P3792_pfi_	CEDT011.C;UTILITY.H	F7109_AddCleanupHandler	function_parameter	runtime_abi_surface
P	3793	P3793_i_HandlerID	CEDT011.C;UTILITY.H	F7109_AddCleanupHandler	function_parameter	runtime_abi_surface
P	3794	P3794_i_HandlerID	CEDT011.C;UTILITY.H	F7110_RemoveCleanupHandlerByID	function_parameter	runtime_abi_surface
P	3795	P3795_B_Hang	CEDT011.C;UTILITY.H	F7112_FallbackToLastProgramState	function_parameter	runtime_abi_surface
P	3796	P3796_ui_ReturnCode	CEDT011.C;UTILITY.H	F7112_FallbackToLastProgramState	function_parameter	runtime_abi_surface
P	3797	P3797_l_	CEDT011.C;UTILITY.H	F7112_FallbackToLastProgramState	function_parameter	runtime_abi_surface
P	3798	P3798_pps_	CEDT012.C	F7113_	function_parameter	runtime_abi_surface
P	3799	P3799_pps_	CEDT012.C	F7114_	function_parameter	runtime_abi_surface
P	3800	P3800_pps_	CEDT012.C	F7115_	function_parameter	runtime_abi_surface
P	3801	P3801_pps_	CEDT012.C	F7116_	function_parameter	runtime_abi_surface
P	3802	P3802_pps_	CEDT012.C	F7117_	function_parameter	runtime_abi_surface
P	3803	P3803_pps_	CEDT012.C	F7118_	function_parameter	runtime_abi_surface
P	3804	P3804_pps_	CEDT012.C	F7119_	function_parameter	runtime_abi_surface
P	3805	P3805_pps_	CEDT012.C	F7120_	function_parameter	runtime_abi_surface
P	3806	P3806_pps_	CEDT012.C	F7121_	function_parameter	runtime_abi_surface
P	3807	P3807_ps_	CEDT012.C	F7122_GetDrivePath	function_parameter	runtime_abi_surface
P	3808	P3808_ps_	CEDT012.C	F7123_GetFileDestinationUsage	function_parameter	runtime_abi_surface
P	3809	P3809_ps_	CEDT012.C	F7124_GetFileSourceUsage	function_parameter	runtime_abi_surface
P	3810	P3810_ps_	CEDT012.C	F7125_	function_parameter	runtime_abi_surface
P	3811	P3811_i_	CEDT012.C	F7126_	function_parameter	runtime_abi_surface
P	3812	P3812_pps_	CEDT012.C	F7126_	function_parameter	runtime_abi_surface
P	3813	P3813_pps_	CEDT012.C	F7127_	function_parameter	runtime_abi_surface
P	3815	P3815_ui_	CEDT012.C	F7127_	function_parameter	runtime_abi_surface
P	3816	P3816_l_	CEDT012.C	F7127_	function_parameter	runtime_abi_surface
P	3817	P3817_ui_	CEDT012.C	F7128_Unreferenced	function_parameter	runtime_abi_surface
P	3818	P3818_i_	CEDT012.C	F7128_Unreferenced	function_parameter	runtime_abi_surface
P	3819	P3819_ui_Day	CEDT012.C	F7129_GetEncodedDate_Unreferenced	function_parameter	runtime_abi_surface
P	3820	P3820_ui_Month	CEDT012.C	F7129_GetEncodedDate_Unreferenced	function_parameter	runtime_abi_surface
P	3821	P3821_ui_Year	CEDT012.C	F7129_GetEncodedDate_Unreferenced	function_parameter	runtime_abi_surface
P	3822	P3822_ui_Date	CEDT012.C	F7130_DecodeDate_Unreferenced	function_parameter	runtime_abi_surface
P	3823	P3823_pui_Day	CEDT012.C	F7130_DecodeDate_Unreferenced	function_parameter	runtime_abi_surface
P	3824	P3824_pui_Month	CEDT012.C	F7130_DecodeDate_Unreferenced	function_parameter	runtime_abi_surface
P	3825	P3825_pui_Year	CEDT012.C	F7130_DecodeDate_Unreferenced	function_parameter	runtime_abi_surface
P	3826	P3826_i_	CEDT012.C	F7131_Unreferenced	function_parameter	runtime_abi_surface
P	3827	P3827_ui_	CEDT012.C	F7131_Unreferenced	function_parameter	runtime_abi_surface
P	3828	P3828_ui_FileID	CEDT012.C;UTILITY.H	F7132_	function_parameter	runtime_abi_surface
P	3829	P3829_i_	CEDT012.C	F7133_Unreferenced	function_parameter	runtime_abi_surface
P	3830	P3830_i_	CEDT012.C	F7133_Unreferenced	function_parameter	runtime_abi_surface
P	3831	P3831_i_	CEDT012.C	F7134_Unreferenced	function_parameter	runtime_abi_surface
P	3832	P3832_i_	CEDT012.C;UTILITY.H	F7135_	function_parameter	runtime_abi_surface
P	3833	P3833_i_	CEDT012.C;UTILITY.H	F7136_	function_parameter	runtime_abi_surface
P	3834	P3834_ui_	CEDT012.C;UTILITY.H	F7136_	function_parameter	runtime_abi_surface
P	3835	P3835_i_	CEDT012.C;UTILITY.H	F7137_FileOperation	function_parameter	runtime_abi_surface
P	3836	P3836_ui_	CEDT012.C;UTILITY.H	F7137_FileOperation	function_parameter	runtime_abi_surface
P	3837	P3837_i_	CEDT012.C	F7137_FileOperation	function_parameter	runtime_abi_surface
P	3838	P3838_i_SegmentCount	CEDT012.C;UTILITY.H	F7138_	function_parameter	runtime_abi_surface
P	3839	P3839_i_	CEDT012.C;UTILITY.H	F7138_	function_parameter	runtime_abi_surface
P	3840	P3840_pfi_	CEDT012.C;UTILITY.H	F7138_	function_parameter	runtime_abi_surface
P	3841	P3841_ui_	CEDT012.C	F7140_InitializeUDSTRUCT8	function_parameter	runtime_abi_surface
P	3842	P3842_ps_	CEDT012.C	F7140_InitializeUDSTRUCT8	function_parameter	runtime_abi_surface
P	3843	P3843_ui_	CEDT012.C	F7141_UninitializeUDSTRUCT8	function_parameter	runtime_abi_surface
P	3844	P3844_ps_	CEDT012.C	F7141_UninitializeUDSTRUCT8	function_parameter	runtime_abi_surface
P	3845	P3845_ps_	CEDT012.C	F7142_	function_parameter	runtime_abi_surface
P	3846	P3846_ps_	CEDT012.C	F7143_	function_parameter	runtime_abi_surface
P	3847	P3847_ps_	CEDT013.C	F7144_GetFileDescriptor	function_parameter	runtime_abi_surface
P	3848	P3848_ps_	CEDT013.C;UTILITY.H	F7145_	function_parameter	runtime_abi_surface
P	3849	P3849_ps_	CEDT013.C	F7146_	function_parameter	runtime_abi_surface
P	3850	P3850_ps_	CEDT013.C	F7147_	function_parameter	runtime_abi_surface
P	3851	P3851_i_FileID	CEDT013.C	F7147_	function_parameter	runtime_abi_surface
P	3852	P3852_ps_	CEDT013.C;UTILITY.H	F7148_	function_parameter	runtime_abi_surface
P	3853	P3853_i_	CEDT013.C;UTILITY.H	F7149_GetItemInUDSTRUCT55	function_parameter	runtime_abi_surface
P	3854	P3854_ps_	CEDT013.C;UTILITY.H	F7150_	function_parameter	runtime_abi_surface
P	3855	P3855_pps_	CEDT013.C;UTILITY.H	F7151_GetItemIndexInUDSTRUCT5	function_parameter	runtime_abi_surface
P	3856	P3856_ps_	CEDT013.C	F7152_	function_parameter	runtime_abi_surface
P	3857	P3857_i_	CEDT013.C;UTILITY.H	F7153_SetItemInUDSTRUCT55	function_parameter	runtime_abi_surface
P	3858	P3858_pps_	CEDT013.C;UTILITY.H	F7153_SetItemInUDSTRUCT55	function_parameter	runtime_abi_surface
P	3859	P3859_ps_	CEDT013.C;UTILITY.H	F7154_	function_parameter	runtime_abi_surface
P	3860	P3860_ppps_	CEDT013.C;UTILITY.H	F7154_	function_parameter	runtime_abi_surface
P	3861	P3861_i_	CEDT013.C;UTILITY.H	F7155_	function_parameter	runtime_abi_surface
P	3862	P3862_ps_	CEDT013.C	F7156_	function_parameter	runtime_abi_surface
P	3863	P3863_ps_	CEDT013.C;UTILITY.H	F7157_	function_parameter	runtime_abi_surface
P	3864	P3864_pps_	CEDT013.C;UTILITY.H	F7158_	function_parameter	runtime_abi_surface
P	3865	P3865_pps_	CEDT013.C;UTILITY.H	F7158_	function_parameter	runtime_abi_surface
P	3866	P3866_pps_	CEDT013.C;UTILITY.H	F7159_	function_parameter	runtime_abi_surface
P	3867	P3867_ps_	CEDT013.C;UTILITY.H	F7160_	function_parameter	runtime_abi_surface
P	3868	P3868_ps_	CEDT013.C;UTILITY.H	F7161_	function_parameter	runtime_abi_surface
P	3869	P3869_ps_	CEDT013.C	F7162_GetFTLHeaderChecksum	function_parameter	runtime_abi_surface
P	3870	P3870_ps_	CEDT013.C	F7163_	function_parameter	runtime_abi_surface
P	3871	P3871_i_SegmentIndex	CEDT013.C	F7163_	function_parameter	runtime_abi_surface
P	3872	P3872_pps_	CEDT013.C;UTILITY.H	F7164_	function_parameter	runtime_abi_surface
P	3873	P3873_ps_	CEDT013.C;UTILITY.H	F7165_	function_parameter	runtime_abi_surface
P	3874	P3874_l_	CEDT013.C;UTILITY.H	F7165_	function_parameter	runtime_abi_surface
P	3875	P3875_i_FileID	CEDT013.C;UTILITY.H	F7166_	function_parameter	runtime_abi_surface
P	3876	P3876_ps_	CEDT013.C;UTILITY.H	F7166_	function_parameter	runtime_abi_surface
P	3877	P3877_pps_	CEDT013.C;UTILITY.H	F7167_	function_parameter	runtime_abi_surface
P	3878	P3878_pps_	CEDT013.C;UTILITY.H	F7167_	function_parameter	runtime_abi_surface
P	3879	P3879_ps_	CEDT013.C;UTILITY.H	F7168_	function_parameter	runtime_abi_surface
P	3880	P3880_ul_	CEDT013.C;UTILITY.H	F7168_	function_parameter	runtime_abi_surface
P	3881	P3881_ul_	CEDT013.C;UTILITY.H	F7168_	function_parameter	runtime_abi_surface
P	3882	P3882_ul_	CEDT013.C;UTILITY.H	F7168_	function_parameter	runtime_abi_surface
P	3883	P3883_ps_	CEDT013.C;UTILITY.H	F7169_	function_parameter	runtime_abi_surface
P	3884	P3884_pps_	CEDT013.C;UTILITY.H	F7170_	function_parameter	runtime_abi_surface
P	3885	P3885_ps_	CEDT013.C	F7171_	function_parameter	runtime_abi_surface
P	3886	P3886_pps_	CEDT013.C	F7172_	function_parameter	runtime_abi_surface
P	3887	P3887_pps_	CEDT013.C;UTILITY.H	F7173_	function_parameter	runtime_abi_surface
P	3888	P3888_pi_	CEDT013.C;UTILITY.H	F7173_	function_parameter	runtime_abi_surface
P	3889	P3889_ui_SegmentCount	CEDT013.C	F7174_GetInitializedFTLHeader	function_parameter	runtime_abi_surface
P	3890	P3890_pps_	CEDT013.C;UTILITY.H	F7175_	function_parameter	runtime_abi_surface
P	3891	P3891_pps_	CEDT013.C;UTILITY.H	F7176_	function_parameter	runtime_abi_surface
P	3892	P3892_B_	CEDT013.C;UTILITY.H	F7176_	function_parameter	runtime_abi_surface
P	3893	P3893_ps_	CEDT013.C;UTILITY.H	F7177_	function_parameter	runtime_abi_surface
P	3894	P3894_ps_	CEDT013.C;UTILITY.H	F7178_	function_parameter	runtime_abi_surface
P	3895	P3895_ps_	CEDT013.C;UTILITY.H	F7179_	function_parameter	runtime_abi_surface
P	3896	P3896_ps_	CEDT013.C;UTILITY.H	F7180_	function_parameter	runtime_abi_surface
P	3897	P3897_ps_	CEDT013.C;UTILITY.H	F7181_	function_parameter	runtime_abi_surface
P	3898	P3898_pl_SegmentOffset	CEDT013.C;UTILITY.H	F7181_	function_parameter	runtime_abi_surface
P	3899	P3899_pui_SegmentIndex	CEDT013.C;UTILITY.H	F7181_	function_parameter	runtime_abi_surface
P	3900	P3900_pps_	CEDT013.C;UTILITY.H	F7182_	function_parameter	runtime_abi_surface
P	3901	P3901_ps_	CEDT013.C	F7183_	function_parameter	runtime_abi_surface
P	3902	P3902_ps_	CEDT013.C	F7184_	function_parameter	runtime_abi_surface
P	3903	P3903_ps_	CEDT013.C;UTILITY.H	F7185_	function_parameter	runtime_abi_surface
P	3904	P3904_ps_	CEDT013.C;UTILITY.H	F7148_	function_parameter	runtime_abi_surface
P	3905	P3905_ps_	CEDT013.C;UTILITY.H	F7165_	function_parameter	runtime_abi_surface
P	3906	P3906_pi_	CEDT014.C;UTILITY.H	F7186_	function_parameter	runtime_abi_surface
P	3907	P3907_pps_	CEDT014.C;UTILITY.H	F7186_	function_parameter	runtime_abi_surface
P	3908	P3908_pi_	CEDT014.C;UTILITY.H	F7188_	function_parameter	runtime_abi_surface
P	3909	P3909_pps_	CEDT014.C;UTILITY.H	F7188_	function_parameter	runtime_abi_surface
P	3910	P3910_ps_	CEDT014.C;UTILITY.H	F7190_InitUdStruct77	function_parameter	runtime_abi_surface
P	3911	P3911_i_FileID	CEDT014.C;UTILITY.H	F7190_InitUdStruct77	function_parameter	runtime_abi_surface
P	3912	P3912_ps_	CEDT014.C;UTILITY.H	F7191_	function_parameter	runtime_abi_surface
P	3913	P3913_ps_	CEDT014.C;UTILITY.H	F7192_GetDataFileInfo	function_parameter	runtime_abi_surface
P	3914	P3914_ui_	CEDT014.C;UTILITY.H	F7192_GetDataFileInfo	function_parameter	runtime_abi_surface
P	3915	P3915_pl_	CEDT014.C;UTILITY.H	F7192_GetDataFileInfo	function_parameter	runtime_abi_surface
P	3916	P3916_pc_FileNamesList	CEDT014.C	F7193_RemoveExtensionsFromFileNames	function_parameter	runtime_abi_surface
P	3917	P3917_ui_FileNameMaximumLength	CEDT014.C	F7193_RemoveExtensionsFromFileNames	function_parameter	runtime_abi_surface
P	3918	P3918_ui_FileCount	CEDT014.C	F7193_RemoveExtensionsFromFileNames	function_parameter	runtime_abi_surface
P	3919	P3919_pc_FileNamesList	CEDT014.C	F7194_RestoreExtensionsInFileNames	function_parameter	runtime_abi_surface
P	3920	P3920_ui_FileNameMaximumLength	CEDT014.C	F7194_RestoreExtensionsInFileNames	function_parameter	runtime_abi_surface
P	3921	P3921_ui_FileCount	CEDT014.C	F7194_RestoreExtensionsInFileNames	function_parameter	runtime_abi_surface
P	3922	P3922_ps_	CEDT014.C	F7195_AreFileNamesIdentical	function_parameter	runtime_abi_surface
P	3923	P3923_ps_	CEDT014.C	F7195_AreFileNamesIdentical	function_parameter	runtime_abi_surface
P	3924	P3924_ps_	CEDT014.C;UTILITY.H	F7196_PrepareAndDrawFilePicker	function_parameter	runtime_abi_surface
P	3925	P3925_pc_FileNamesList	CEDT014.C;UTILITY.H	F7196_PrepareAndDrawFilePicker	function_parameter	runtime_abi_surface
P	3926	P3926_i_FileNameMaximumLength	CEDT014.C;UTILITY.H	F7196_PrepareAndDrawFilePicker	function_parameter	runtime_abi_surface
P	3927	P3927_i_FileCount	CEDT014.C;UTILITY.H	F7196_PrepareAndDrawFilePicker	function_parameter	runtime_abi_surface
P	3928	P3928_pc_FileNamesList	CEDT014.C;UTILITY.H	F7197_	function_parameter	runtime_abi_surface
P	3929	P3929_i_FileNameMaximumLength	CEDT014.C;UTILITY.H	F7197_	function_parameter	runtime_abi_surface
P	3930	P3930_i_FileCount	CEDT014.C;UTILITY.H	F7197_	function_parameter	runtime_abi_surface
P	3931	P3931_ps_	CEDT014.C	F7200_	function_parameter	runtime_abi_surface
P	3932	P3932_pps_	CEDT014.C	F7200_	function_parameter	runtime_abi_surface
P	3933	P3933_ui_	CEDT014.C	F7201_GetDataFileIndexByFileID	function_parameter	runtime_abi_surface
P	3934	P3934_ul_	UTMEMORY.C	F7202_GetEvenMemoryBlockSize	function_parameter	runtime_abi_surface
P	3935	P3935_ppuc_	UTMEMORY.C	F7203_	function_parameter	runtime_abi_surface
P	3936	P3936_puc_	UTMEMORY.C	F7204_GetMemoryAreaContainingAddress	function_parameter	runtime_abi_surface
P	3937	P3937_ps_	UTMEMORY.C	F7205_RemoveUDSTRUCT66FromLinkedList	function_parameter	runtime_abi_surface
P	3938	P3938_ps_MemoryRegion	UTMEMORY.C	F7205_RemoveUDSTRUCT66FromLinkedList	function_parameter	runtime_abi_surface
P	3939	P3939_ps_	UTMEMORY.C	F7206_InsertUDSTRUCT66InLinkedList	function_parameter	runtime_abi_surface
P	3940	P3940_ps_MemoryRegion	UTMEMORY.C	F7206_InsertUDSTRUCT66InLinkedList	function_parameter	runtime_abi_surface
P	3941	P3941_puc_Address	UTMEMORY.C	F7207_AddUsedBlockToList	function_parameter	runtime_abi_surface
P	3942	P3942_l_ByteCount	UTMEMORY.C	F7207_AddUsedBlockToList	function_parameter	runtime_abi_surface
P	3943	P3943_ps_MemoryArea	UTMEMORY.C	F7207_AddUsedBlockToList	function_parameter	runtime_abi_surface
P	3944	P3944_puc_BlockAddress	UTMEMORY.C	F7208_RemoveBlockFromLinkedList	function_parameter	runtime_abi_surface
P	3945	P3945_l_BlockSize	UTMEMORY.C	F7208_RemoveBlockFromLinkedList	function_parameter	runtime_abi_surface
P	3946	P3946_ps_MemoryRegion	UTMEMORY.C	F7208_RemoveBlockFromLinkedList	function_parameter	runtime_abi_surface
P	3947	P3947_ul_	UTMEMORY.C	F7209_	function_parameter	runtime_abi_surface
P	3948	P3948_ps_MemoryRegion	UTMEMORY.C	F7209_	function_parameter	runtime_abi_surface
P	3949	P3949_pB_	UTMEMORY.C	F7209_	function_parameter	runtime_abi_surface
P	3950	P3950_ps_	UTMEMORY.C	F7210_	function_parameter	runtime_abi_surface
P	3951	P3951_ps_	UTMEMORY.C	F7210_	function_parameter	runtime_abi_surface
P	3952	P3952_ps_	UTMEMORY.C	F7211_	function_parameter	runtime_abi_surface
P	3953	P3953_ul_	UTMEMORY.C	F7211_	function_parameter	runtime_abi_surface
P	3954	P3954_i_	UTMEMORY.C	F7212_	function_parameter	runtime_abi_surface
P	3955	P3955_l_	UTMEMORY.C	F7212_	function_parameter	runtime_abi_surface
P	3956	P3956_pc_	UTMEMORY.C	F7212_	function_parameter	runtime_abi_surface
P	3957	P3957_ps_	UTMEMORY.C	F7213_	function_parameter	runtime_abi_surface
P	3958	P3958_ps_	UTMEMORY.C	F7214_	function_parameter	runtime_abi_surface
P	3959	P3959_ps_	UTMEMORY.C	F7215_	function_parameter	runtime_abi_surface
P	3960	P3960_ul_	UTMEMORY.C	F7215_	function_parameter	runtime_abi_surface
P	3961	P3961_ui_	UTMEMORY.C	F7216_AllocateFirstHandleBlock	function_parameter	runtime_abi_surface
P	3962	P3962_ppuc_	UTMEMORY.C	F7217_	function_parameter	runtime_abi_surface
P	3963	P3963_ppuc_	UTMEMORY.C	F7218_	function_parameter	runtime_abi_surface
P	3964	P3964_ps_	UTMEMORY.C	F7219_	function_parameter	runtime_abi_surface
P	3965	P3965_ul_RequestedByteCount	UTMEMORY.C	F7220_	function_parameter	runtime_abi_surface
P	3966	P3966_ui_Requirements	UTMEMORY.C	F7220_	function_parameter	runtime_abi_surface
P	3967	P3967_ps_MemoryRegion	UTMEMORY.C	F7220_	function_parameter	runtime_abi_surface
P	3968	P3968_ps_MemoryRequest	UTMEMORY.C	F7221_	function_parameter	runtime_abi_surface
P	3969	P3969_puc_	UTMEMORY.C	F7222_RemoveBlock	function_parameter	runtime_abi_surface
P	3970	P3970_ps_	UTMEMORY.C	F7222_RemoveBlock	function_parameter	runtime_abi_surface
P	3971	P3971_puc_Address	UTMEMORY.C;UTILITY.H	F7224_AddMemoryArea	function_parameter	runtime_abi_surface
P	3972	P3972_l_Size	UTMEMORY.C;UTILITY.H	F7224_AddMemoryArea	function_parameter	runtime_abi_surface
P	3973	P3973_i_MemoryTypeFlags	UTMEMORY.C;UTILITY.H	F7224_AddMemoryArea	function_parameter	runtime_abi_surface
P	3974	P3974_i_UTMHandleCount	UTMEMORY.C;UTILITY.H	F7225_	function_parameter	runtime_abi_surface
P	3975	P3975_i_	UTILITY.H	F7225_	function_parameter	runtime_abi_surface
P	3975	P3975_i_UTMHandleCount	UTMEMORY.C	F7225_	function_parameter	runtime_abi_surface
P	3976	P3976_ul_RequestedByteCount	ANIM.C;UTMEMORY.C;UTILITY.H	F7227_RequestMemoryHandle	function_parameter	runtime_abi_surface
P	3977	P3977_i_Requirements	ANIM.C;UTMEMORY.C;UTILITY.H	F7227_RequestMemoryHandle	function_parameter	runtime_abi_surface
P	3978	P3978_ppuc_	UTMEMORY.C;UTILITY.H	F7228_FreeMemory	function_parameter	runtime_abi_surface
P	3979	P3979_ppuc_	UTMEMORY.C	F7229_	function_parameter	runtime_abi_surface
P	3980	P3980_ppuc_	UTMEMORY.C;UTILITY.H	F7230_	function_parameter	runtime_abi_surface
P	3981	P3981_ppuc_	UTMEMORY.C	F7231_Unreferenced	function_parameter	runtime_abi_surface
P	3982	P3982_ppuc_	UTMEMORY.C	F7232_Unreferenced	function_parameter	runtime_abi_surface
P	3983	P3983_i_	UTMEMORY.C	F7232_Unreferenced	function_parameter	runtime_abi_surface
P	3984	P3984_ppuc_	UTMEMORY.C	F7233_	function_parameter	runtime_abi_surface
P	3985	P3985_ppuc_	UTMEMORY.C;UTILITY.H	F7234_	function_parameter	runtime_abi_surface
P	3986	P3986_ul_	UTMEMORY.C;UTILITY.H	F7234_	function_parameter	runtime_abi_surface
P	3987	P3987_puc_	UTMEMORY.C	F7235_Unreferenced	function_parameter	runtime_abi_surface
P	3988	P3988_ppuc_	UTMEMORY.C	F7236_Unreferenced	function_parameter	runtime_abi_surface
P	3989	P3989_ul_	UTMEMORY.C	F7236_Unreferenced	function_parameter	runtime_abi_surface
P	3990	P3990_ui_	UTMEMORY.C	F7236_Unreferenced	function_parameter	runtime_abi_surface
P	3991	P3991_ppuc_	UTMEMORY.C	F7237_Unreferenced	function_parameter	runtime_abi_surface
P	3992	P3992_i_	UTMEMORY.C	F7238_Unreferenced	function_parameter	runtime_abi_surface
P	3993	P3993_ui_	UTMEMORY.C	F7238_Unreferenced	function_parameter	runtime_abi_surface
P	3994	P3994_ui_MemoryAreaIndex	UTMEMORY.C	F7239_Unreferenced	function_parameter	runtime_abi_surface
P	3995	P3995_pfi_	UTMEMORY.C	F7239_Unreferenced	function_parameter	runtime_abi_surface
P	3996	P3996_ps_	UTMEMORY.C	F7240_	function_parameter	runtime_abi_surface
P	3997	P3997_ps_	UTMEMORY.C	F7240_	function_parameter	runtime_abi_surface
P	3998	P3998_pps_	CEDT016.C	F7242_	function_parameter	runtime_abi_surface
P	3999	P3999_ui_	CEDT016.C;UTILITY.H	F7243_	function_parameter	runtime_abi_surface
P	4000	P4000_l_	CEDT016.C;UTILITY.H	F7243_	function_parameter	runtime_abi_surface
P	4001	P4001_ps_	CEDT016.C	F7244_	function_parameter	runtime_abi_surface
P	4002	P4002_puc_	CEDT016.C	F7245_Unreferenced	function_parameter	runtime_abi_surface
P	4003	P4003_ps_	CEDT016.C	F7246_	function_parameter	runtime_abi_surface
P	4004	P4004_pc_	CEDT016.C	F7246_	function_parameter	runtime_abi_surface
P	4005	P4005_ui_	CEDT016.C	F7246_	function_parameter	runtime_abi_surface
P	4006	P4006_ps_	CEDT016.C	F7247_	function_parameter	runtime_abi_surface
P	4007	P4007_pc_	CEDT016.C	F7247_	function_parameter	runtime_abi_surface
P	4008	P4008_ui_	CEDT016.C	F7247_	function_parameter	runtime_abi_surface
P	4009	P4009_pi_Box	CEDTINCN.C;UTILITY.H	F7248_InvertBox	function_parameter	runtime_abi_surface
P	4010	P4010_i_	CEDT017.C;UTILITY.H	F7249_GetBitmapByteCount	function_parameter	runtime_abi_surface
P	4011	P4011_i_	CEDT017.C;UTILITY.H	F7249_GetBitmapByteCount	function_parameter	runtime_abi_surface
P	4012	P4012_i_	CEDT017.C	F7250_GetBitmapByteCount_Unreferenced	function_parameter	runtime_abi_surface
P	4013	P4013_i_	CEDT017.C	F7250_GetBitmapByteCount_Unreferenced	function_parameter	runtime_abi_surface
P	4014	P4014_puc_BitmapA	UTILITY.H	F7251_ConvertBitmapFromAtariSTPlanar	function_parameter	runtime_abi_surface
P	4015	P4015_puc_BitmapB	UTILITY.H	F7251_ConvertBitmapFromAtariSTPlanar	function_parameter	runtime_abi_surface
P	4016	P4016_ui_Width	PORTRAIT.C;UTILITY.H	F7251_ConvertBitmapFromAtariSTPlanar	function_parameter	runtime_abi_surface
P	4017	P4017_ui_Height	PORTRAIT.C;UTILITY.H	F7251_ConvertBitmapFromAtariSTPlanar	function_parameter	runtime_abi_surface
P	4018	P4018_pc_Bitmap	PORTRAIT.C;UTILITY.H	F7252_ConvertBitmapToAtariSTPlanar	function_parameter	runtime_abi_surface
P	4019	P4019_pc_Bitmap_AtariST	PORTRAIT.C;UTILITY.H	F7252_ConvertBitmapToAtariSTPlanar	function_parameter	runtime_abi_surface
P	4019	P4019_pi_	PORTRAIT.C;UTILITY.H	F7252_ConvertBitmapToAtariSTPlanar	function_parameter	runtime_abi_surface
P	4020	P4020_ui_Width	PORTRAIT.C;UTILITY.H	F7252_ConvertBitmapToAtariSTPlanar	function_parameter	runtime_abi_surface
P	4021	P4021_i_	UTILITY.H	F7252_ConvertBitmapToAtariSTPlanar	function_parameter	runtime_abi_surface
P	4021	P4021_ui_Height	PORTRAIT.C;UTILITY.H	F7252_ConvertBitmapToAtariSTPlanar	function_parameter	runtime_abi_surface
P	4022	P4022_i_	CEDT017.C	F7253_GetNormalizedPixelWidth_Unreferenced	function_parameter	runtime_abi_surface
P	4023	P4023_i_	CEDT017.C;UTILITY.H	F7254_	function_parameter	runtime_abi_surface
P	4024	P4024_i_	CEDT017.C;UTILITY.H	F7254_	function_parameter	runtime_abi_surface
P	4025	P4025_puc_Bitmap	CEDT017.C;UTILITY.H	F7255_	function_parameter	runtime_abi_surface
P	4026	P4026_pi_Box	CEDT017.C;UTILITY.H	F7255_	function_parameter	runtime_abi_surface
P	4027	P4027_pi_	CEDT017.C;UTILITY.H	F7256_	function_parameter	runtime_abi_surface
P	4028	P4028_pi_	CEDT017.C;UTILITY.H	F7256_	function_parameter	runtime_abi_surface
P	4029	P4029_i_	CEDT017.C;UTILITY.H	F7258_DrawScreenPixel	function_parameter	runtime_abi_surface
P	4030	P4030_i_	CEDT017.C;UTILITY.H	F7258_DrawScreenPixel	function_parameter	runtime_abi_surface
P	4031	P4031_uc_Color	CEDT017.C;UTILITY.H	F7258_DrawScreenPixel	function_parameter	runtime_abi_surface
P	4032	P4032_puc_Bitmap	CEDTINCM.C;UTILITY.H	F7259_DrawBitmapOnScreen	function_parameter	runtime_abi_surface
P	4033	P4033_pi_Box	CEDTINCM.C;UTILITY.H	F7259_DrawBitmapOnScreen	function_parameter	runtime_abi_surface
P	4034	P4034_i_Width	CEDTINCM.C;UTILITY.H	F7259_DrawBitmapOnScreen	function_parameter	runtime_abi_surface
P	4035	P4035_i_TransparentColor	CEDTINCM.C;UTILITY.H	F7259_DrawBitmapOnScreen	function_parameter	runtime_abi_surface
P	4036	P4036_i_Height	CEDTINCM.C;UTILITY.H	F7259_DrawBitmapOnScreen	function_parameter	runtime_abi_surface
P	4037	P4037_pi_Box	UTILITY.H	F7260_FillScreenBox	function_parameter	runtime_abi_surface
P	4037	P4037_pui_XYZ	UTILITY.H	F7260_FillScreenBox	function_parameter	runtime_abi_surface
P	4038	P4038_ui_Color	FILLBOX.C;CEDTINCM.C;UTILITY.H	F7260_FillScreenBox	function_parameter	runtime_abi_surface
P	4039	P4039_puc_Bitmap	CEDT017.C;UTILITY.H	F7261_ClearBitmap	function_parameter	runtime_abi_surface
P	4040	P4040_i_PixelWidth	CEDT017.C;UTILITY.H	F7261_ClearBitmap	function_parameter	runtime_abi_surface
P	4041	P4041_i_PixelHeight	CEDT017.C;UTILITY.H	F7261_ClearBitmap	function_parameter	runtime_abi_surface
P	4042	P4042_ui_SemaphoreIndex	CEDT018.C;UTILITY.H	F7262_IsSemaphoreEnabled	function_parameter	runtime_abi_surface
P	4043	P4043_ps_	CEDTINCU.C;UTILITY.H	F7272_IsDungeonValid	function_parameter	runtime_abi_surface
P	4044	P4044_ui_ValidationCriteria	CEDTINCU.C;UTILITY.H	F7272_IsDungeonValid	function_parameter	runtime_abi_surface
P	4045	P4045_puc_Bitmap	CEDTINCO.C;UTILITY.H	F7276_GetPixelColor	function_parameter	runtime_abi_surface
P	4046	P4046_i_PixelX	CEDTINCO.C;UTILITY.H	F7276_GetPixelColor	function_parameter	runtime_abi_surface
P	4047	P4047_i_PixelY	CEDTINCO.C;UTILITY.H	F7276_GetPixelColor	function_parameter	runtime_abi_surface
P	4048	P4048_ui_Width	CEDTINCO.C;UTILITY.H	F7276_GetPixelColor	function_parameter	runtime_abi_surface
P	4049	P4049_ui_Height	CEDTINCO.C;UTILITY.H	F7276_GetPixelColor	function_parameter	runtime_abi_surface
P	4050	P4050_puc_Bitmap	CEDTINCP.C;UTILITY.H	F7277_SetPixelColor	function_parameter	runtime_abi_surface
P	4051	P4051_i_X	CEDTINCP.C;UTILITY.H	F7277_SetPixelColor	function_parameter	runtime_abi_surface
P	4052	P4052_i_Y	CEDTINCP.C;UTILITY.H	F7277_SetPixelColor	function_parameter	runtime_abi_surface
P	4053	P4053_i_PixelColor	CEDTINCP.C;UTILITY.H	F7277_SetPixelColor	function_parameter	runtime_abi_surface
P	4054	P4054_ui_Width	CEDTINCP.C;UTILITY.H	F7277_SetPixelColor	function_parameter	runtime_abi_surface
P	4055	P4055_ui_Height	CEDTINCP.C;UTILITY.H	F7277_SetPixelColor	function_parameter	runtime_abi_surface
P	4056	P4056_pi_	CEDT023.C;UTILITY.H	F7285_	function_parameter	runtime_abi_surface
P	4057	P4057_pps_	CEDT023.C;UTILITY.H	F7285_	function_parameter	runtime_abi_surface
P	4058	P4058_pi_	CEDT023.C;UTILITY.H	F7289_	function_parameter	runtime_abi_surface
P	4059	P4059_pps_	CEDT023.C;UTILITY.H	F7289_	function_parameter	runtime_abi_surface
P	4060	P4060_ps_	CEDT023.C;UTILITY.H	F7290_	function_parameter	runtime_abi_surface
P	4061	P4061_ps_	CEDT023.C;UTILITY.H	F7290_	function_parameter	runtime_abi_surface
P	4062	P4062_ps_	CEDT023.C;UTILITY.H	F7291_	function_parameter	runtime_abi_surface
P	4063	P4063_ps_	CEDT023.C;UTILITY.H	F7292_SubstituteStringInFileName	function_parameter	runtime_abi_surface
P	4064	P4064_pc_StringToReplace	CEDT023.C;UTILITY.H	F7292_SubstituteStringInFileName	function_parameter	runtime_abi_surface
P	4065	P4065_pc_ReplacementString	CEDT023.C;UTILITY.H	F7292_SubstituteStringInFileName	function_parameter	runtime_abi_surface
P	4066	P4066_ps_	CEDT023.C	F7293_	function_parameter	runtime_abi_surface
P	4067	P4067_ps_	CEDT023.C;UTILITY.H	F7294_	function_parameter	runtime_abi_surface
P	4068	P4068_ps_	CEDT023.C;UTILITY.H	F7281__EmptyFunction	function_parameter	runtime_abi_surface
P	4069	P4069_ps_	CEDT023.C;UTILITY.H	F7295_	function_parameter	runtime_abi_surface
P	4070	P4070_pi_	CEDT023.C;UTILITY.H	F7295_	function_parameter	runtime_abi_surface
P	4071	P4071_ps_	CEDT023.C;UTILITY.H	F7282__TryOpenFile	function_parameter	runtime_abi_surface
P	4072	P4072_ps_	CEDT023.C;UTILITY.H	F7296_OpenFile	function_parameter	runtime_abi_surface
P	4073	P4073_ps_	CEDT023.C;UTILITY.H	F7283__CreateFile	function_parameter	runtime_abi_surface
P	4074	P4074_ps_	CEDT023.C;UTILITY.H	F7297_CloseFile	function_parameter	runtime_abi_surface
P	4075	P4075_ps_	CEDT023.C;UTILITY.H	F7298_GetFileSize	function_parameter	runtime_abi_surface
P	4076	P4076_pl_	CEDT023.C;UTILITY.H	F7298_GetFileSize	function_parameter	runtime_abi_surface
P	4077	P4077_ps_	CEDT023.C	F7299_FSeek_FromCurrent_Unreferenced	function_parameter	runtime_abi_surface
P	4078	P4078_pl_	CEDT023.C	F7299_FSeek_FromCurrent_Unreferenced	function_parameter	runtime_abi_surface
P	4079	P4079_ps_	CEDT023.C;UTILITY.H	F7300_Fseek	function_parameter	runtime_abi_surface
P	4080	P4080_ul_	CEDT023.C;UTILITY.H	F7300_Fseek	function_parameter	runtime_abi_surface
P	4081	P4081_ps_	CEDT023.C;UTILITY.H	F7286__Fread	function_parameter	runtime_abi_surface
P	4082	P4082_ul_	CEDT023.C;UTILITY.H	F7286__Fread	function_parameter	runtime_abi_surface
P	4083	P4083_pc_	CEDT023.C;UTILITY.H	F7286__Fread	function_parameter	runtime_abi_surface
P	4084	P4084_ps_	CEDT023.C;UTILITY.H	F7301_Fwrite	function_parameter	runtime_abi_surface
P	4085	P4085_ul_	CEDT023.C;UTILITY.H	F7301_Fwrite	function_parameter	runtime_abi_surface
P	4086	P4086_pc_	CEDT023.C;UTILITY.H	F7301_Fwrite	function_parameter	runtime_abi_surface
P	4087	P4087_ps_	CEDT023.C;UTILITY.H	F7302_	function_parameter	runtime_abi_surface
P	4088	P4088_pl_	CEDT023.C;UTILITY.H	F7302_	function_parameter	runtime_abi_surface
P	4089	P4089_ps_	CEDT023.C;UTILITY.H	F7303_Fdelete	function_parameter	runtime_abi_surface
P	4090	P4090_ps_	CEDT023.C	F7304_Frename_Unreferenced	function_parameter	runtime_abi_surface
P	4091	P4091_ps_	CEDT023.C	F7304_Frename_Unreferenced	function_parameter	runtime_abi_surface
P	4092	P4092_ps_	CEDT023.C;UTILITY.H	F7305_	function_parameter	runtime_abi_surface
P	4093	P4093_ps_	CEDT023.C;UTILITY.H	F7306_	function_parameter	runtime_abi_surface
P	4094	P4094_pc_	CEDT023.C;UTILITY.H	F7306_	function_parameter	runtime_abi_surface
P	4095	P4095_ps_	CEDT023.C;UTILITY.H	F7307_GetDrivePath	function_parameter	runtime_abi_surface
P	4096	P4096_ui_	CEDT023.C;UTILITY.H	F7307_GetDrivePath	function_parameter	runtime_abi_surface
P	4097	P4097_ppc_	CEDT023.C;UTILITY.H	F7307_GetDrivePath	function_parameter	runtime_abi_surface
P	4098	P4098_i_	CEDTINC2.C;CEDT023.C	F7308_Return0	function_parameter	runtime_abi_surface
P	4099	P4099_ps_	CEDTINC2.C;CEDT023.C	F7309_	function_parameter	runtime_abi_surface
P	4100	P4100_pps_	CEDTINC2.C;CEDT023.C	F7309_	function_parameter	runtime_abi_surface
P	4101	P4101_l_	CEDTINC2.C	F7310_Unreferenced	function_parameter	runtime_abi_surface
P	4102	P4102_puc_	CEDTINC2.C;CEDT023.C	F7311_	function_parameter	runtime_abi_surface
P	4103	P4103_i_	CEDTINC2.C;CEDT023.C	F7312_	function_parameter	runtime_abi_surface
P	4104	P4104_ps_	CEDTINC2.C;CEDT023.C	F7313_GetDriveIndex	function_parameter	runtime_abi_surface
P	4105	P4105_pc_	CEDTINC1.C;UTILITY.H	F7314_FindFirst	function_parameter	runtime_abi_surface
P	4106	P4106_pc_	CEDTINC1.C;UTILITY.H	F7314_FindFirst	function_parameter	runtime_abi_surface
P	4107	P4107_pc_	CEDTINC1.C;UTILITY.H	F7315_FindNext	function_parameter	runtime_abi_surface
P	4108	P4108_ps_	CEDTINC1.C;UTILITY.H	F7316_GetFileNamesArray	function_parameter	runtime_abi_surface
P	4109	P4109_pc_FileNames	CEDTINCF.C;CEDTINC1.C;UTILITY.H	F7316_GetFileNamesArray	function_parameter	runtime_abi_surface
P	4110	P4110_i_FileNameMaximumLength	CEDTINC1.C;UTILITY.H	F7316_GetFileNamesArray	function_parameter	runtime_abi_surface
P	4111	P4111_i_FileMaximumCount	CEDTINC1.C;UTILITY.H	F7316_GetFileNamesArray	function_parameter	runtime_abi_surface
P	4112	P4112_pi_FileCount	CEDTINC1.C;UTILITY.H	F7316_GetFileNamesArray	function_parameter	runtime_abi_surface
P	4150	P4150_puc_Bitmap	CEDT027.C;UTILITY.H	F7329_FillBox	function_parameter	runtime_abi_surface
P	4151	P4151_pi_Box	CEDT027.C;UTILITY.H	F7329_FillBox	function_parameter	runtime_abi_surface
P	4152	P4152_c_Color	CEDT027.C;UTILITY.H	F7329_FillBox	function_parameter	runtime_abi_surface
P	4152	P4152_i_Color	CEDT027.C;UTILITY.H	F7329_FillBox	function_parameter	runtime_abi_surface
P	4153	P4153_i_Width	CEDT027.C;UTILITY.H	F7329_FillBox	function_parameter	runtime_abi_surface
P	4154	P4154_i_Height	CEDT027.C;UTILITY.H	F7329_FillBox	function_parameter	runtime_abi_surface
P	4155	P4155_pc_Bitmap	CEDT027.C;UTILITY.H	F7330_DrawBitmap	function_parameter	runtime_abi_surface
P	4156	P4156_pc_Bitmap	CEDT027.C;UTILITY.H	F7330_DrawBitmap	function_parameter	runtime_abi_surface
P	4157	P4157_pi_Box	CEDT027.C;UTILITY.H	F7330_DrawBitmap	function_parameter	runtime_abi_surface
P	4158	P4158_i_X	CEDT027.C;UTILITY.H	F7330_DrawBitmap	function_parameter	runtime_abi_surface
P	4159	P4159_i_Y	CEDT027.C;UTILITY.H	F7330_DrawBitmap	function_parameter	runtime_abi_surface
P	4160	P4160_i_SourceWidth	CEDT027.C;UTILITY.H	F7330_DrawBitmap	function_parameter	runtime_abi_surface
P	4161	P4161_i_DestinationWidth	CEDT027.C;UTILITY.H	F7330_DrawBitmap	function_parameter	runtime_abi_surface
P	4162	P4162_c_TransparentColor	CEDT027.C;UTILITY.H	F7330_DrawBitmap	function_parameter	runtime_abi_surface
P	4162	P4162_i_TransparentColor	CEDT027.C;UTILITY.H	F7330_DrawBitmap	function_parameter	runtime_abi_surface
P	4163	P4163_i_	CEDT027.C;UTILITY.H	F7330_DrawBitmap	function_parameter	runtime_abi_surface
P	4164	P4164_i_	CEDT027.C;UTILITY.H	F7330_DrawBitmap	function_parameter	runtime_abi_surface
P	4165	P4165_i_	CEDT027.C	F0694_SetMultipleColorsInPalette	function_parameter	runtime_abi_surface
P	4170	P4170_i_	CEDT027.C;UTILITY.H	F7332_GetPrefixedBitmapByteCount	function_parameter	runtime_abi_surface
P	4171	P4171_i_	CEDT027.C;UTILITY.H	F7332_GetPrefixedBitmapByteCount	function_parameter	runtime_abi_surface
P	4172	P4172_pi_	CEDT027.C;UTILITY.H	F7333_BlitFromScreenNoTransparency	function_parameter	runtime_abi_surface
P	4173	P4173_i_	CEDT027.C;UTILITY.H	F7333_BlitFromScreenNoTransparency	function_parameter	runtime_abi_surface
P	4174	P4174_i_	CEDT027.C;UTILITY.H	F7333_BlitFromScreenNoTransparency	function_parameter	runtime_abi_surface
P	4175	P4175_i_	CEDT027.C;UTILITY.H	F7333_BlitFromScreenNoTransparency	function_parameter	runtime_abi_surface
P	4176	P4176_i_	CEDT027.C;UTILITY.H	F7333_BlitFromScreenNoTransparency	function_parameter	runtime_abi_surface
P	4177	P4177_puc_Bitmap	CEDT027.C;UTILITY.H	F7334_BlitToScreenNoTransparency	function_parameter	runtime_abi_surface
P	4178	P4178_i_StringIndex	LANGUAGE.C	F0758_TranslateLanguage	function_parameter	runtime_abi_surface
P	4196	P4196_pui_Bitmap_Source	BLITMASK.C;GRF1.C	F9086_GRF1_06_Blit	function_parameter	runtime_abi_surface
P	4197	P4197_pui_Bitmap_Destination	BLITMASK.C;GRF1.C	F9086_GRF1_06_Blit	function_parameter	runtime_abi_surface
P	4198	P4198_pi_XYZ	BLITMASK.C;GRF1.C	F9086_GRF1_06_Blit	function_parameter	runtime_abi_surface
P	4199	P4199_i_X	BLITMASK.C;GRF1.C	F9086_GRF1_06_Blit	function_parameter	runtime_abi_surface
P	4200	P4200_i_Y	BLITMASK.C;GRF1.C	F9086_GRF1_06_Blit	function_parameter	runtime_abi_surface
P	4201	P4201_i_SourceByteWidth	BLITMASK.C;GRF1.C	F9086_GRF1_06_Blit	function_parameter	runtime_abi_surface
P	4202	P4202_i_DestinationByteWidth	BLITMASK.C;GRF1.C	F9086_GRF1_06_Blit	function_parameter	runtime_abi_surface
P	4203	P4203_c_TransparentColor	BLITMASK.C;GRF1.C	F9086_GRF1_06_Blit	function_parameter	runtime_abi_surface
P	4204	P4204_i_SourceHeight	BLITMASK.C;GRF1.C	F9086_GRF1_06_Blit	function_parameter	runtime_abi_surface
P	4205	P4205_i_DestinationHeight	BLITMASK.C;GRF1.C	F9086_GRF1_06_Blit	function_parameter	runtime_abi_surface
P	4207	P4207_ppui_BlitterTemporaryBitplane	GRF1.C	F9090_GRF1_15_GetBlitterTemporaryBitplane	function_parameter	runtime_abi_surface
P	4208	P4208_i_Width	GRF1.C	F9089_GRF1_04_GetBitmapMemorySize	function_parameter	runtime_abi_surface
P	4209	P4209_i_Height	GRF1.C	F9089_GRF1_04_GetBitmapMemorySize	function_parameter	runtime_abi_surface
P	4213	P4213_pi_XYZ	GRF1.C	F9077_GRF1_08_FillBox	function_parameter	runtime_abi_surface
P	4215	P4215_c_ColorIndex	GRF1.C	F9077_GRF1_08_FillBox	function_parameter	runtime_abi_surface
P	4216	P4216_i_Width	GRF1.C	F9077_GRF1_08_FillBox	function_parameter	runtime_abi_surface
P	4217	P4217_i_Height	GRF1.C	F9077_GRF1_08_FillBox	function_parameter	runtime_abi_surface
P	4219	P4219_pi_XYZ	GRF1.C	F9079_GRF1_13_InvertBox	function_parameter	runtime_abi_surface
P	4220	P4220_i_Width	GRF1.C	F9079_GRF1_13_InvertBox	function_parameter	runtime_abi_surface
P	4221	P4221_i_Height	GRF1.C	F9079_GRF1_13_InvertBox	function_parameter	runtime_abi_surface
P	4222	P4222_l_	USIOMAIN.C	F1159_Empty	function_parameter	runtime_abi_surface
P	4225	P4225_B_RenewLock	USIO2.C	F1171_USIO_19_LockDF0	function_parameter	runtime_abi_surface
P	4254	P4254_pc_FileName	ANIM.C	F1177_	function_parameter	runtime_abi_surface
P	4303	P4303_i_Index	ANIM.C	F1206_UpdateColorPalette	function_parameter	runtime_abi_surface
P	4304	P4304_i_Red	ANIM.C	F1206_UpdateColorPalette	function_parameter	runtime_abi_surface
P	4305	P4305_i_Green	ANIM.C	F1206_UpdateColorPalette	function_parameter	runtime_abi_surface
P	4306	P4306_i_Blue	ANIM.C	F1206_UpdateColorPalette	function_parameter	runtime_abi_surface
P	4309	P4309_LeftVolume	ANIM.C	F1207_	function_parameter	runtime_abi_surface
P	4310	P4310_RightVolume	ANIM.C	F1207_	function_parameter	runtime_abi_surface
P	4311	P4311_i_Period	ANIM.C	F1207_	function_parameter	runtime_abi_surface
P	4315	P4315_pui_SoundData	ANIM.C	F1223_	function_parameter	runtime_abi_surface
P	4316	P4316_LeftVolume	ANIM.C	F1223_	function_parameter	runtime_abi_surface
P	4317	P4317_RightVolume	ANIM.C	F1223_	function_parameter	runtime_abi_surface
P	4318	P4318_i_Period	ANIM.C	F1223_	function_parameter	runtime_abi_surface
P	4355	P4355_i_Volume	ANIMSND.C	F1253_FadeOutSound	function_parameter	runtime_abi_surface
P	4356	P4356_i_Period	ANIMSND.C	F1253_FadeOutSound	function_parameter	runtime_abi_surface
P	4378	P4378_pc_String	AMIGINIT.C	F1282_WriteString	function_parameter	runtime_abi_surface
P	4379	P4379_c_Character	AMIGINIT.C	F1283_WriteCharacter_Unreferenced	function_parameter	runtime_abi_surface
P	4385	P4385_i_LanguageFileIndex	APPBLANG.C	F1299_SaveLanguageChoice	function_parameter	runtime_abi_surface
P	4386	P4386_pc_VolumeName	APPBLANG.C	F1291_GetLanguageIndexFromLanguageFileName	function_parameter	runtime_abi_surface
P	4387	P4387_pc_VolumeName	APPBLANG.C	F1290_GetVolumeState	function_parameter	runtime_abi_surface
P	4388	P4388_pc_VolumeName	APPBLANG.C	F1289_GetFullFileName	function_parameter	runtime_abi_surface
P	4389	P4389_pc_FileName	APPBLANG.C	F1289_GetFullFileName	function_parameter	runtime_abi_surface
P	4390	P4390_LanguageFileNameIndex	APPBLANG.C	F1293_CreateLanguageFile	function_parameter	runtime_abi_surface
P	4396	P4396_i_MinimumVersion	FIO1STUB.C	F1303_OpenFIO1	function_parameter	runtime_abi_surface
P	4397	P4397_l_	FIO1STUB.C	F1304_CloseFIO1	function_parameter	runtime_abi_surface
P	4400	P4400_ps_FTLLibrary	FIO1MAIN.C	F1306_Unreferenced	function_parameter	runtime_abi_surface
P	4401	P4401_ps_FIO1File	FIO1.C	F1337_FIO1_13_Lock	function_parameter	runtime_abi_surface
P	4403	P4403_ps_FTLLibrary_PRIM	FIO1MAIN.C	F1305_OpenFTLLibrary	function_parameter	runtime_abi_surface
P	4404	P4404_ps_FTLLibrary_FIO1	FIO1MAIN.C	F1305_OpenFTLLibrary	function_parameter	runtime_abi_surface
P	4422	P4422_ps_FIO1File	FIO1.C	F1318_FIO1_29_	function_parameter	runtime_abi_surface
P	4424	P4424_ps_FIO1File	FIO1.C	F1319_FIO1_28_	function_parameter	runtime_abi_surface
P	4425	P4425_ps_FIO1File	FIO1.C	F1321_FIO1_07_SubstituteStringInFileName	function_parameter	runtime_abi_surface
P	4426	P4426_pc_StringToReplace	FIO1.C	F1321_FIO1_07_SubstituteStringInFileName	function_parameter	runtime_abi_surface
P	4427	P4427_pc_ReplacementString	FIO1.C	F1321_FIO1_07_SubstituteStringInFileName	function_parameter	runtime_abi_surface
P	4428	P4428_ps_FIO1File	FIO1.C	F1322_FIO1_26_	function_parameter	runtime_abi_surface
P	4429	P4429_ps_FIO1File	FIO1.C	F1323_FIO1_25_	function_parameter	runtime_abi_surface
P	4434	P4434_ps_FIO1File	FIO1.C	F1325_FIO1_04_IsDiskWriteable	function_parameter	runtime_abi_surface
P	4435	P4435_ps_FIO1File	FIO1.C	F1326_FIO1_05_FormatSaveDisk	function_parameter	runtime_abi_surface
P	4436	P4436_ps_FIO1File	FIO1.C	F1327_FIO1_23_	function_parameter	runtime_abi_surface
P	4438	P4438_ps_FIO1File	FIO1.C	F1328_FIO1_22_	function_parameter	runtime_abi_surface
P	4439	P4439_ps_FIO1File	FIO1.C	F1329_FIO1_21_Open	function_parameter	runtime_abi_surface
P	4441	P4441_ps_FIO1File	FIO1.C	F1330_FIO1_20_Create	function_parameter	runtime_abi_surface
P	4442	P4442_ps_FIO1File	FIO1.C	F1331_FIO1_19_Close	function_parameter	runtime_abi_surface
P	4443	P4443_ps_FIO1File	FIO1.C	F1332_FIO1_18_GetSize	function_parameter	runtime_abi_surface
P	4444	P4444_pl_ByteCount	FIO1.C	F1332_FIO1_18_GetSize	function_parameter	runtime_abi_surface
P	4445	P4445_ps_FIO1File	FIO1.C	F1333_FIO1_17_Tell	function_parameter	runtime_abi_surface
P	4447	P4447_ps_FIO1File	FIO1.C	F1334_FIO1_16_Seek	function_parameter	runtime_abi_surface
P	4449	P4449_ps_FIO1File	FIO1.C	F1335_FIO1_15_Read	function_parameter	runtime_abi_surface
P	4450	P4450_ul_ByteCount	FIO1.C	F1335_FIO1_15_Read	function_parameter	runtime_abi_surface
P	4451	P4451_puc_Buffer	FIO1.C	F1335_FIO1_15_Read	function_parameter	runtime_abi_surface
P	4452	P4452_ps_FIO1File	FIO1.C	F1336_FIO1_14_Write	function_parameter	runtime_abi_surface
P	4453	P4453_ul_ByteCount	FIO1.C	F1336_FIO1_14_Write	function_parameter	runtime_abi_surface
P	4454	P4454_puc_Buffer	FIO1.C	F1336_FIO1_14_Write	function_parameter	runtime_abi_surface
P	4455	P4455_ps_FIO1File	FIO1.C	F1338_FIO1_12_Delete	function_parameter	runtime_abi_surface
P	4456	P4456_ps_FIO1File	FIO1.C	F1339_FIO1_11_Rename	function_parameter	runtime_abi_surface
P	4457	P4457_ps_FIO1File	FIO1.C	F1339_FIO1_11_Rename	function_parameter	runtime_abi_surface
P	4458	P4458_ps_FIO1File	FIO1.C	F1341_FIO1_10_	function_parameter	runtime_abi_surface
P	4459	P4459_ps_FIO1File	FIO1.C	F1342_FIO1_08_	function_parameter	runtime_abi_surface
P	4461	P4461_ps_FIO1File	FIO1.C	F1343_FIO1_06_	function_parameter	runtime_abi_surface
P	4464	P4464_ps_FIO1File	FIO1.C	F1346_	function_parameter	runtime_abi_surface
P	4465	P4465_pps_FIO1File	FIO1.C	F1346_	function_parameter	runtime_abi_surface
P	4466	P4466_ps_FIO1File	FIO1.C	F1347_	function_parameter	runtime_abi_surface
P	4468	P4468_i_FloppyDriveIndex	FIO1.C	F1348_IsFloppyDiskInDrive	function_parameter	runtime_abi_surface
P	4469	P4469_pc_FileName	FIO1.C	F1348_IsFloppyDiskInDrive	function_parameter	runtime_abi_surface
P	4470	P4470_B_IsFloppyDisk	FIO1.C	F1349_IsDiskWriteProtected	function_parameter	runtime_abi_surface
P	4471	P4471_ui_DriveIndex	FIO1.C	F1349_IsDiskWriteProtected	function_parameter	runtime_abi_surface
P	4489	P4489_i_DriveIndex	FLOPPYAM.C	F1362_IsFloppyDriveEmpty	function_parameter	runtime_abi_surface
P	4490	P4490_i_DriveIndex	FLOPPYAM.C	F1363_IsFloppyDiskWriteProtected	function_parameter	runtime_abi_surface
P	4493	P4493_pc_FileName	FIO1.C	F1318_FIO1_29_	function_parameter	runtime_abi_surface
P	4503	P4503_i_VerticalBlankCount	SWSH.C	F1374_ApplyPaletteAndWaitForDelay	function_parameter	runtime_abi_surface
P	4504	P4504_puc_Bitmap	SWSH.C	F0902_DrawFTLLogo	function_parameter	runtime_abi_surface
P	4505	P4505_i_Width	SWSH.C	F0902_DrawFTLLogo	function_parameter	runtime_abi_surface
P	4506	P4506_i_Height	SWSH.C	F0902_DrawFTLLogo	function_parameter	runtime_abi_surface
P	5002	P5002_pc_FileName	SWITCH.C	F1510_LoadDataFile	function_parameter	runtime_abi_surface
P	5003	P5003_ps_SwitchOption	SWITCH.C	F1510_LoadDataFile	function_parameter	runtime_abi_surface
P	5004	P5004_i_SwitchOptionCount	SWITCH.C	F1513_MainLoop	function_parameter	runtime_abi_surface
P	5005	P5005_i_Operation	VDEO2.C	F9045_VDEO_19_Operation	function_parameter	runtime_abi_surface
P	5006	P5006_B_24KHzVideoMode	VDEO2.C	F9045_VDEO_19_Operation	function_parameter	runtime_abi_surface
P	5007	P5007_l_	INT1.C	F1682_	function_parameter	runtime_abi_surface
P	5008	P5008_ps_Handler	INT1.C	F1679_INT1_04_InstallInterruptHandler	function_parameter	runtime_abi_surface
P	5011	P5011_ps_Handler	INT1.C	F1677_UninstallInterruptHandler	function_parameter	runtime_abi_surface
P	5012	P5012_ps_Handler	INT1.C	F1675_InstallInterruptHandler	function_parameter	runtime_abi_surface
P	5013	P5013_ps_Handler	INT1.C	F1674_AddInterruptHandler	function_parameter	runtime_abi_surface
P	5014	P5014_i_InterruptHandlerCount	INT1.C	F1674_AddInterruptHandler	function_parameter	runtime_abi_surface
P	5015	P5015_i_MaximumHandlerCount	INT1.C	F1674_AddInterruptHandler	function_parameter	runtime_abi_surface
P	5016	P5016_pps_Handlers	INT1.C	F1674_AddInterruptHandler	function_parameter	runtime_abi_surface
P	5017	P5017_ps_Handler	INT1.C	F1676_UninstallInterruptHandler	function_parameter	runtime_abi_surface
P	5018	P5018_pi_HandlerCount	INT1.C	F1676_UninstallInterruptHandler	function_parameter	runtime_abi_surface
P	5019	P5019_pps_Handlers	INT1.C	F1676_UninstallInterruptHandler	function_parameter	runtime_abi_surface
P	5020	P5020_ps_Handler	INT1.C	F1680_INT1_05_UninstallInterruptHandler	function_parameter	runtime_abi_surface
P	5021	P5021_ps_Handler	INT1.C	F1681_INT1_06_	function_parameter	runtime_abi_surface
P	5027	P5027_l_RawKeyCode	USIO2.C	F1690_GetASCIICode	function_parameter	runtime_abi_surface
P	5028	P5028_pi_MouseX	USIO1.C	F1684_GetMouseStatus	function_parameter	runtime_abi_surface
P	5029	P5029_pi_MouseY	USIO1.C	F1684_GetMouseStatus	function_parameter	runtime_abi_surface
P	5030	P5030_i_MouseX	USIO1.C	F1694_AddMouseInputToQueue	function_parameter	runtime_abi_surface
P	5031	P5031_MouseY	USIO1.C	F1694_AddMouseInputToQueue	function_parameter	runtime_abi_surface
P	5032	P5032_MouseButtons	USIO1.C	F1694_AddMouseInputToQueue	function_parameter	runtime_abi_surface
P	5033	P5033_i_Unreferenced	USIO1.C	F1693_	function_parameter	runtime_abi_surface
P	5034	P5034_l_	MUSCMAIN.C	F1695_	function_parameter	runtime_abi_surface
P	5040	P5040_i_TrackCount	MUSCMIDI.C	F8493_GetTrackAddresses	function_parameter	runtime_abi_surface
P	5041	P5041_puc_MIDIData	MUSCMIDI.C	F8493_GetTrackAddresses	function_parameter	runtime_abi_surface
P	5042	P5042_ui_	MUSCMIDI.C	F8496_	function_parameter	runtime_abi_surface
P	5043	P5043_ul_	MUSCMIDI.C	F8496_	function_parameter	runtime_abi_surface
P	5044	P5044_puc_MIDIData	MUSCMIDI.C	F1711_	function_parameter	runtime_abi_surface
P	5077	P5077_i_ReturnCode	TOS.C	F1603_TerminateTOSProgram	function_parameter	runtime_abi_surface
P	5078	P5078_pc_FileName	SWITCH.C	F1503_ReadFTLHeaders	function_parameter	runtime_abi_surface
P	5079	P5079_ppuc_HeaderBuffer	SWITCH.C	F1503_ReadFTLHeaders	function_parameter	runtime_abi_surface
P	5080	P5080_ppuc_SegmentHeadersBuffer	SWITCH.C	F1503_ReadFTLHeaders	function_parameter	runtime_abi_surface
P	5081	P5081_i_Requirements	SWITCH.C	F1503_ReadFTLHeaders	function_parameter	runtime_abi_surface
P	5082	P5082_pc_FileName	SWITCH.C	F1504_LoadSegment	function_parameter	runtime_abi_surface
P	5083	P5083_ps_Header	SWITCH.C	F1504_LoadSegment	function_parameter	runtime_abi_surface
P	5084	P5084_ps_SegmentHeaders	SWITCH.C	F1504_LoadSegment	function_parameter	runtime_abi_surface
P	5085	P5085_i_SegmentType	SWITCH.C	F1504_LoadSegment	function_parameter	runtime_abi_surface
P	5086	P5086_i_SegmentId	SWITCH.C	F1504_LoadSegment	function_parameter	runtime_abi_surface
P	5087	P5087_ppuc_SegmentContent	SWITCH.C	F1504_LoadSegment	function_parameter	runtime_abi_surface
P	5088	P5088_i_Requirements	SWITCH.C	F1504_LoadSegment	function_parameter	runtime_abi_surface
P	5089	P5089_ps_SwitchOptions	SWITCH.C	F1506_SetMouseInputFromSwitchOptions	function_parameter	runtime_abi_surface
P	5090	P5090_i_SwitchOptionCount	SWITCH.C	F1506_SetMouseInputFromSwitchOptions	function_parameter	runtime_abi_surface
P	5091	P5091_pi_Box_XYWH	SWITCHMM.C	F1653_ConvertCoordinates	function_parameter	runtime_abi_surface
P	5092	P5092_pi_Box_XXYY	SWITCHMM.C	F1653_ConvertCoordinates	function_parameter	runtime_abi_surface
P	5093	P5093_ps_SwitchOption	SWITCH.C	F1507_DrawSwitchOptionBitmap	function_parameter	runtime_abi_surface
P	5094	P5094_ps_SwitchOption	SWITCH.C	F1501_GetSwitchOptionBitmapByteCount	function_parameter	runtime_abi_surface
P	5095	P5095_ps_SwitchOptions	SWITCH.C	F1508_FreeMemoryOfAllSwitchOptionGraphics	function_parameter	runtime_abi_surface
P	5096	P5096_i_SwitchOptionCount	SWITCH.C	F1508_FreeMemoryOfAllSwitchOptionGraphics	function_parameter	runtime_abi_surface
P	5097	P5097_ps_SwitchOption	SWITCH.C	F1509_Initialization	function_parameter	runtime_abi_surface
P	5106	P5106_AEDFunctionOpcode	UTSTAES.C	F1534_CallAES	function_parameter	runtime_abi_surface
P	5481	P5481_ul_ByteCount	SWITCHMM.C	F1650_AllocateMemory	function_parameter	runtime_abi_surface
P	5482	P5482_puc_Buffer	SWITCHMM.C	F1651_FreeMemory	function_parameter	runtime_abi_surface
P	5483	P5483_ps_MouseInput	SWITCH.C	F1506_SetMouseInputFromSwitchOptions	function_parameter	runtime_abi_surface
P	5484	P5484_i_SwitchOptionCount	SWITCH.C	F1509_Initialization	function_parameter	runtime_abi_surface
P	5485	P5485_i_SwitchOptionCount	SWITCH.C	F1510_LoadDataFile	function_parameter	runtime_abi_surface
P	5489	P5489_puc_Bitmap	UTSTGRAP.C	F1756_HatchBox_Unreferenced	function_parameter	runtime_abi_surface
P	5490	P5490_pi_Box	UTSTGRAP.C	F1756_HatchBox_Unreferenced	function_parameter	runtime_abi_surface
P	5491	P5491_i_Color	UTSTGRAP.C	F1756_HatchBox_Unreferenced	function_parameter	runtime_abi_surface
P	5492	P5492_i_Width	UTSTGRAP.C	F1756_HatchBox_Unreferenced	function_parameter	runtime_abi_surface
P	5494	P5494_pc_Unreferenced	UTDEBUG.C	F1758_Unreferenced	function_parameter	runtime_abi_surface
P	5500	P5500_B_	UTERROR.C	F1767_	function_parameter	runtime_abi_surface
P	5501	P5501_i_DataIsString	UTERROR.C	F1770_	function_parameter	runtime_abi_surface
P	5502	P5502_ul_ErrorCode	UTERROR.C	F1770_	function_parameter	runtime_abi_surface
P	5503	P5503_l_Data	UTERROR.C	F1770_	function_parameter	runtime_abi_surface
P	5517	P5517_pui_Palette	PALETTE.C	F1779_SwapPalette	function_parameter	runtime_abi_surface
P	5523	P5523_pc_FileName	ANIM.C	F1792_LoadAnimationScript	function_parameter	runtime_abi_surface
P	5526	P5526_pul_ByteCount	ANIM.C	F1792_LoadAnimationScript	function_parameter	runtime_abi_surface
P	5531	P5531_ppi_AnimationData	ANIM.C	F1797_ReadInstructionAndParameters	function_parameter	runtime_abi_surface
P	5532	P5532_pi_InstructionAndParameters	ANIM.C	F1797_ReadInstructionAndParameters	function_parameter	runtime_abi_surface
P	5535	P5535_pc_FileName	ANIMLOAD.C	F1799_LoadAnimationData	function_parameter	runtime_abi_surface
P	5540	P5540_puc_Bitmap	ANIMLOAD.C	F1802_	function_parameter	runtime_abi_surface
P	5542	P5542_i_X	ANIMLOAD.C	F1802_	function_parameter	runtime_abi_surface
P	5543	P5543_i_Y	ANIMLOAD.C	F1802_	function_parameter	runtime_abi_surface
P	5582	P5582_i_UTMHandleCount	UTMEMORY.C	F1824_AllocateMemoryHeap	function_parameter	runtime_abi_surface
P	5583	P5583_i_UTMHandleCount	UTMEMORY.C	F1824_AllocateMemoryHeap	function_parameter	runtime_abi_surface
P	5609	P5609_i_IORequestIndex	HINTIORQ.C	F1836_GetIORequest	function_parameter	runtime_abi_surface
P	5625	P5625_i_DeviceIndex	HINTIORQ.C	F1844_	function_parameter	runtime_abi_surface
P	5637	P5637_i_IORequestIndex	HINTIORQ.C	F1856_CloseFile	function_parameter	runtime_abi_surface
P	5638	P5638_i_IORequestIndex	HINTIORQ.C	F1857_PerformIORequestOperation	function_parameter	runtime_abi_surface
P	5639	P5639_i_IORequestOperationIndex	HINTIORQ.C	F1857_PerformIORequestOperation	function_parameter	runtime_abi_surface
P	5665	P5665_ps_HintGraphics	HINTGRAP.C	F1872_LoadGraphics	function_parameter	runtime_abi_surface
P	5671	P5671_puc_Graphic	HINTGRAP.C	F1878_LoadGraphic	function_parameter	runtime_abi_surface
P	5672	P5672_i_GraphicIndex	HINTGRAP.C	F1878_LoadGraphic	function_parameter	runtime_abi_surface
P	5673	P5673_puc_Bitmap	HINTGRAP.C	F1879_BlitBitmapFromGraphic	function_parameter	runtime_abi_surface
P	5674	P5674_i_GraphicIndex	HINTGRAP.C	F1879_BlitBitmapFromGraphic	function_parameter	runtime_abi_surface
P	5675	P5675_i_X	HINTGRAP.C	F1879_BlitBitmapFromGraphic	function_parameter	runtime_abi_surface
P	5676	P5676_i_Y	HINTGRAP.C	F1879_BlitBitmapFromGraphic	function_parameter	runtime_abi_surface
P	5677	P5677_puc_Bitmap	HINTGRAP.C	F1880_LoadBitmapFromGraphic	function_parameter	runtime_abi_surface
P	5678	P5678_i_GraphicIndex	HINTGRAP.C	F1880_LoadBitmapFromGraphic	function_parameter	runtime_abi_surface
P	5681	P5681_puc_String	HINTTEXT.C	F1882_PrintTextString	function_parameter	runtime_abi_surface
P	5717	P5717_ui_Color	HINT003.C	F1897_FadeToPalette	function_parameter	runtime_abi_surface
P	5728	P5728_pi_XYZ	HINT004.C	F1904_ApplyPaletteChangesToScreenArea	function_parameter	runtime_abi_surface
P	5729	P5729_puc_PaletteChanges	HINT004.C	F1904_ApplyPaletteChangesToScreenArea	function_parameter	runtime_abi_surface
P	5758	P5758_i_IORequestIndex	HINTHTC.C	F1922_ReadFromHTCFile	function_parameter	runtime_abi_surface
P	5759	P5759_ByteCount	HINTHTC.C	F1922_ReadFromHTCFile	function_parameter	runtime_abi_surface
P	5760	P5760_puc_Buffer	HINTHTC.C	F1922_ReadFromHTCFile	function_parameter	runtime_abi_surface
P	5764	P5764_i_	HINTHTC.C	F1925_CPSX	function_parameter	runtime_abi_surface
P	5805	P5805_pi_XYZ	HINT005.C	F1947_BlitBitmapToOrFromScreen	function_parameter	runtime_abi_surface
P	5806	P5806_puc_Bitmap	HINT005.C	F1947_BlitBitmapToOrFromScreen	function_parameter	runtime_abi_surface
P	5807	P5807_i_Operation	HINT005.C	F1947_BlitBitmapToOrFromScreen	function_parameter	runtime_abi_surface
P	5895	P5895_DebugCategoryIndex	HINTDBG.C	F1966_DebugEnter	function_parameter	runtime_abi_surface
P	5897	P5897_DebugCategoryIndex	HINTDBG.C	F1967_DebugExit	function_parameter	runtime_abi_surface
P	5899	P5899_pc_Message	HINTHTC.C	F1922_ReadFromHTCFile	function_parameter	runtime_abi_surface
P	5904	P5904_i_FloppyDriveIndex	UTIO.C	F1991_	function_parameter	runtime_abi_surface
P	5907	P5907_pc_FileName	CEDTINC7.C	F1994_	function_parameter	runtime_abi_surface
P	5919	P5919_puc_Buffer	CEDTINC6.C	F1999_FILE_Read	function_parameter	runtime_abi_surface
P	5920	P5920_ui_ByteCount	CEDTINC6.C	F1999_FILE_Read	function_parameter	runtime_abi_surface
P	5921	P5921_puc_Buffer	CEDTINC6.C	F2000_FILE_Write	function_parameter	runtime_abi_surface
P	5922	P5922_ui_ByteCount	CEDTINC6.C	F2000_FILE_Write	function_parameter	runtime_abi_surface
P	5938	P5938_pui_Palette	UTAMSCR.C	F2045_FadeToPalette	function_parameter	runtime_abi_surface
P	5952	P5952_i_TextIndex	HINTGTXT.C	F2029_GetHintOracleText_Unreferenced	function_parameter	runtime_abi_surface
P	5957	P5957_i_DriveIndex	CEDTINC2.C	F2084_CheckX68000OriginalDisk_CPSX	function_parameter	runtime_abi_surface
P	5958	P5958_i_DriveIndex	CEDTINC2.C	F2085_EjectFloppyDisk	function_parameter	runtime_abi_surface
P	5959	P5959_i_DriveIndex	CEDTINC2.C	F2086_	function_parameter	runtime_abi_surface
P	5960	P5960_i_DriveIndex	CEDTINC2.C	F2088_	function_parameter	runtime_abi_surface
P	5962	P5962_ui_DriveIndex	CEDTINC2.C	F2089_	function_parameter	runtime_abi_surface
P	5963	P5963_ui_DriveIndex	CEDTINC2.C	F2090_	function_parameter	runtime_abi_surface
P	5964	P5964_i_DriveIndex	CEDTINC2.C	F2091_GetDriveAddress	function_parameter	runtime_abi_surface
P	5968	P5968_pc_Buffer	CEDT023.C	F2078_ReadSector_Unreferenced	function_parameter	runtime_abi_surface
P	5969	P5969_ui_DriveIndex	CEDT023.C	F2078_ReadSector_Unreferenced	function_parameter	runtime_abi_surface
P	5970	P5970_ui_Track	CEDT023.C	F2078_ReadSector_Unreferenced	function_parameter	runtime_abi_surface
P	5971	P5971_ui_Side	CEDT023.C	F2078_ReadSector_Unreferenced	function_parameter	runtime_abi_surface
P	5972	P5972_ui_Sector	CEDT023.C	F2078_ReadSector_Unreferenced	function_parameter	runtime_abi_surface
P	5973	P5973_ui_DriveIndex	CEDT023.C	F2079_FormatFloppyDisk	function_parameter	runtime_abi_surface
P	5989	P5989_ui_Width	UTILITY.H	F7251_ConvertBitmapFromAtariSTPlanar	function_parameter	runtime_abi_surface
P	5995	P5995_ps_UsioData	COMMAND.C	F2108_AddUsioDataToFilteredQueue	function_parameter	runtime_abi_surface
P	5996	P5996_ui_UsioTypeIndex	COMMAND.C	F2108_AddUsioDataToFilteredQueue	function_parameter	runtime_abi_surface
P	5997	P5997_i_UsioDataTypeIndex	COMMAND.C	F2110_GetFirstUsioDataInFilteredQueueOfSpecifiedTypeIndex	function_parameter	runtime_abi_surface
P	5998	P5998_pps_UsioData	COMMAND.C	F2110_GetFirstUsioDataInFilteredQueueOfSpecifiedTypeIndex	function_parameter	runtime_abi_surface
P	5999	P5999_pi_UsioDataIndex	COMMAND.C	F2110_GetFirstUsioDataInFilteredQueueOfSpecifiedTypeIndex	function_parameter	runtime_abi_surface
P	6000	P6000_pi_FilteredUsioDataIndexToRemove	COMMAND.C	F2111_RemoveUsioDataFromFilteredQueue	function_parameter	runtime_abi_surface
P	6001	P6001_i_UsioDataTypeIndex	COMMAND.C	F2110_GetFirstUsioDataInFilteredQueueOfSpecifiedTypeIndex_RemoveFromQueue	function_parameter	runtime_abi_surface
P	6002	P6002_ps_UsioData	COMMAND.C	F2110_GetFirstUsioDataInFilteredQueueOfSpecifiedTypeIndex_RemoveFromQueue	function_parameter	runtime_abi_surface
P	6003	P6003_i_UsioDataTypeIndex	COMMAND.C	F2113_GetFirstUsioDataInFilteredQueueOfSpecifiedTypeIndex_KeepInQueue	function_parameter	runtime_abi_surface
P	6004	P6004_ps_UsioData	COMMAND.C	F2113_GetFirstUsioDataInFilteredQueueOfSpecifiedTypeIndex_KeepInQueue	function_parameter	runtime_abi_surface
P	6023	P6023_ps_	CEDT007.C	F7064_PadChampionNameAndTitle	function_parameter	runtime_abi_surface
P	6023	P6023_ps_Game	CEDTINCQ.C	F7064_PadChampionNameAndTitle	function_parameter	runtime_abi_surface
P	6028	P6028_pc_DirectoryName	UTIO.C	F2100_GetChildFiles	function_parameter	runtime_abi_surface
P	6029	P6029_pac_FileNames	UTIO.C	F2100_GetChildFiles	function_parameter	runtime_abi_surface
P	6031	P6031_pi_Bitmap	PORTRAIT.C	F2104_CHAMPION_ConvertBitmapToAtariSTPlanar	function_parameter	runtime_abi_surface
P	6032	P6032_ui_Width	PORTRAIT.C	F2104_CHAMPION_ConvertBitmapToAtariSTPlanar	function_parameter	runtime_abi_surface
P	6033	P6033_ui_Height	PORTRAIT.C	F2104_CHAMPION_ConvertBitmapToAtariSTPlanar	function_parameter	runtime_abi_surface
P	6034	P6034_pi_Bitmap	PORTRAIT.C	F2105_CHAMPION_ConvertBitmapFromAtariSTPlanar	function_parameter	runtime_abi_surface
P	6035	P6035_ui_Width	PORTRAIT.C	F2105_CHAMPION_ConvertBitmapFromAtariSTPlanar	function_parameter	runtime_abi_surface
P	6036	P6036_ui_Height	PORTRAIT.C	F2105_CHAMPION_ConvertBitmapFromAtariSTPlanar	function_parameter	runtime_abi_surface
P	6041	P6041_i_Unreferenced	MENU.C	F0408_MENUS_GetClickOnSpellCastResult	function_parameter	runtime_abi_surface
P	6042	P6042_i_	COPYPRO3.C	F0137_CPSEF_PatchFunctionWithHiddenCodeLauncher	function_parameter	runtime_abi_surface
P	6043	P6043_i_BorderColorIndex	PALETTE.C	F2163_SetBorderColor	function_parameter	runtime_abi_surface
P	6044	P6044_i_ErrorNumber	GSTHINGS.C	F2165_PrintErrorMessage	function_parameter	runtime_abi_surface
P	6045	P6045_pc_Message	GSTHINGS.C	F2165_PrintErrorMessage	function_parameter	runtime_abi_surface
P	6047	P6047_pui_BytesToSkip	COPYPRO1.C	F0079_CPSC_GetChecksumAdd	function_parameter	runtime_abi_surface
P	6048	P6048_pui_BytesToSkip	COPYPRO9.C	F0464_CPSC_GetChecksumSub	function_parameter	runtime_abi_surface
P	6049	P6049_pui_BytesToSkip	COPYPRO8.C	F0413_CPSC_GetChecksumEor	function_parameter	runtime_abi_surface
P	6058	P6058_puc_Bitmap	BLITFILL.C	F2153_subF0136_	function_parameter	runtime_abi_surface
P	6059	P6059_pi_Box	BLITFILL.C	F2153_subF0136_	function_parameter	runtime_abi_surface
P	6060	P6060_i_Color	BLITFILL.C	F2153_subF0136_	function_parameter	runtime_abi_surface
P	6061	P6061_i_Width	BLITFILL.C	F2153_subF0136_	function_parameter	runtime_abi_surface
P	6064	P6064_pc_String	INPUT.C	F2180_	function_parameter	runtime_abi_surface
P	6066	P6066_ui_SliceCount	IO.C	F2167_BuildAppleIIGSMouseCursor	function_parameter	runtime_abi_surface
P	6067	P6067_ui_WordCound	IO.C	F2167_BuildAppleIIGSMouseCursor	function_parameter	runtime_abi_surface
P	6068	P6068_pui_CursorBitmap	IO.C	F2167_BuildAppleIIGSMouseCursor	function_parameter	runtime_abi_surface
P	6069	P6069_pui_CursorMask	IO.C	F2167_BuildAppleIIGSMouseCursor	function_parameter	runtime_abi_surface
P	6070	P6070_ui_HotspotX	IO.C	F2167_BuildAppleIIGSMouseCursor	function_parameter	runtime_abi_surface
P	6071	P6071_ui_HotspotY	IO.C	F2167_BuildAppleIIGSMouseCursor	function_parameter	runtime_abi_surface
P	6072	P6072_pui_CursorBuffer	IO.C	F2167_BuildAppleIIGSMouseCursor	function_parameter	runtime_abi_surface
P	6073	P6073_i_SoundIndex	SOUND.C	F2189_	function_parameter	runtime_abi_surface
P	6074	P6074_i_SoundIndex	SOUND.C	F2188_	function_parameter	runtime_abi_surface
P	6075	P6075_i_SoundIndex	SOUND.C	F2187_	function_parameter	runtime_abi_surface
P	6080	P6080_ps_	FILE.C	F2222_CallProDOS_SET_MARK	function_parameter	runtime_abi_surface
P	6081	P6081_ps_	FILE.C	F2228_CallProDOS_FORMAT	function_parameter	runtime_abi_surface
P	6082	P6082_ps_	FILE.C	F2214_CallProDOS_CREATE	function_parameter	runtime_abi_surface
P	6083	P6083_ps_	FILE.C	F2215_CallProDOS_DESTROY	function_parameter	runtime_abi_surface
P	6084	P6084_ps_	FILE.C	F2216_CallProDOS_CHANGE_PATH	function_parameter	runtime_abi_surface
P	6085	P6085_ps_	FILE.C	F2217_CallProDOS_VOLUME	function_parameter	runtime_abi_surface
P	6086	P6086_ps_	FILE.C	F2218_CallProDOS_OPEN	function_parameter	runtime_abi_surface
P	6087	P6087_ps_	FILE.C	F2219_CallProDOS_READ	function_parameter	runtime_abi_surface
P	6088	P6088_ps_	FILE.C	F2220_CallProDOS_WRITE	function_parameter	runtime_abi_surface
P	6089	P6089_ps_	FILE.C	F2221_CallProDOS_CLOSE	function_parameter	runtime_abi_surface
P	6090	P6090_ps_	FILE.C	F2223_CallProDOS_GET_DEV_NUM	function_parameter	runtime_abi_surface
P	6091	P6091_ps_	FILE.C	F2224_CallProDOS_GET_BOOT_VOL	function_parameter	runtime_abi_surface
P	6092	P6092_ps_	FILE.C	F2225_CallProDOS_QUIT	function_parameter	runtime_abi_surface
P	6096	P6096_i_PointerIndex	IO.C;CEDT026.C	F2236_IODRV_9_SetMousePointerBitmap	function_parameter	runtime_abi_surface
P	6097	P6097_puc_PointerBitmap	IO.C;CEDT026.C	F2236_IODRV_9_SetMousePointerBitmap	function_parameter	runtime_abi_surface
P	6098	P6098_i_PointerWidth	IO.C;CEDT026.C	F2236_IODRV_9_SetMousePointerBitmap	function_parameter	runtime_abi_surface
P	6099	P6099_i_HotX	IO.C;CEDT026.C	F2236_IODRV_9_SetMousePointerBitmap	function_parameter	runtime_abi_surface
P	6100	P6100_i_HotY	IO.C;CEDT026.C	F2236_IODRV_9_SetMousePointerBitmap	function_parameter	runtime_abi_surface
P	6101	P6101_i_	IO.C;CEDT026.C	F2237_IODRV_10_SetMousePointer	function_parameter	runtime_abi_surface
P	6113	P6113_puc_AnimData	ANIM.C	F2248_PlayAnimation;F2275_	function_parameter	runtime_abi_surface
P	6115	P6115_l_AnimationFileSize	ANIM.C	F2275_	function_parameter	runtime_abi_surface
P	6123	P6123_puc_Bitmap	SWITCH.C	F2279_	function_parameter	runtime_abi_surface
P	6124	P6124_i_X	SWITCH.C	F2279_	function_parameter	runtime_abi_surface
P	6125	P6125_i_Y	SWITCH.C	F2279_	function_parameter	runtime_abi_surface
P	9000	P9000_i_MinimumVersion	GRF1STUB.C	F9000_OpenGRF1	function_parameter	runtime_abi_surface
P	9001	P9001_l_	GRF1STUB.C	F9001_CloseGRF1	function_parameter	runtime_abi_surface
P	9002	P9002_i_MinimumVersion	USIOSTUB.C	F9002_OpenUSIO	function_parameter	runtime_abi_surface
P	9003	P9003_l_	USIOSTUB.C	F9003_CloseUSIO	function_parameter	runtime_abi_surface
P	9004	P9004_i_MinimumVersion	VDEOSTUB.C	F9004_OpenVDEO	function_parameter	runtime_abi_surface
P	9005	P9005_l_	VDEOSTUB.C	F9005_CloseVDEO	function_parameter	runtime_abi_surface
P	9006	P9006_i_MinimumVersion	MEM1STUB.C	F9006_OpenMEM1	function_parameter	runtime_abi_surface
P	9007	P9007_l_	MEM1STUB.C	F9007_CloseMEM1	function_parameter	runtime_abi_surface
P	9008	P9008_ps_	PRIMSTUB.C	F9008_OpenPRIM	function_parameter	runtime_abi_surface
P	9009	P9009_i_MinimumVersion	PRIMSTUB.C	F9008_OpenPRIM	function_parameter	runtime_abi_surface
P	9010	P9010_ps_FTLLibrary	APPA.C	F9002_OpenUSIO	function_parameter	runtime_abi_surface
P	9011	P9011_i_MinimumVersion	MUSCSTUB.C	F9016_OpenMUSC	function_parameter	runtime_abi_surface
P	9012	P9012_l_	MUSCSTUB.C	F9017_CloseMUSC	function_parameter	runtime_abi_surface
P	9013	P9013_i_MinimumVersion	INT1STUB.C	F9018_OpenINT1	function_parameter	runtime_abi_surface
P	9014	P9014_l_	INT1STUB.C	F9019_CloseINT1	function_parameter	runtime_abi_surface
