symbol	kind	family	reference_source	firestaff_mapping	status	notes
E0013_MAIN_Exception69Handler_TimerC_DoNothing	E	MAIN	BASE.C:726	-	MISSING	No exact numbered token found in Firestaff src/include; no implementation claim.
E0014_MAIN_Exception70Handler_KeyboardMIDI	E	MAIN	BASE.C:728	-	MISSING	No exact numbered token found in Firestaff src/include; no implementation claim.
E0015_MAIN_Exception72Handler_TimerB_PaletteSwitcher	E	MAIN	BASE.C:738	src/engine/m11_game_view.c:9876	UNCERTAIN_NUMBERED_EVIDENCE	Exact numeric token occurs in Firestaff source; this audit did not verify behavioral equivalence or implementation.
E0017_MAIN_Exception28Handler_VerticalBlank_CPSDF	E	MAIN	BASE.C:787	src/nexus/nexus_v1_engine.c:33	UNCERTAIN_NUMBERED_EVIDENCE	Exact numeric token occurs in Firestaff source; this audit did not verify behavioral equivalence or implementation.
E0061_SOUND_Exception77Handler_TimerA_SoundPlayer	E	SOUND	ATARIST.H:5	src/dm2/dm2_v1_boot.c:240	UNCERTAIN_NUMBERED_EVIDENCE	Exact numeric token occurs in Firestaff source; this audit did not verify behavioral equivalence or implementation.
E061_aAA6_	E	Atari ST / PRIM ABI alias	ATARIST.H:5	src/dm2/dm2_v1_boot.c:240	UNCERTAIN_NUMBERED_EVIDENCE	Exact numeric token occurs in Firestaff source; this audit did not verify behavioral equivalence or implementation.
F0002_MAIN_GameLoop_CPSDF	F	MAIN	CHAMPION.C:248	src/dm2/dm2_v1_boot.c:247	UNCERTAIN_NUMBERED_EVIDENCE	Exact numeric token occurs in Firestaff source; this audit did not verify behavioral equivalence or implementation.
F0003_MAIN_ProcessNewPartyMap_CPSE	F	MAIN	ATARIST.H:6	src/dm2/dm2_v1_projectile_pc34_compat.c:557	UNCERTAIN_NUMBERED_EVIDENCE	Exact numeric token occurs in Firestaff source; this audit did not verify behavioral equivalence or implementation.
F003_aaaS_	F	Atari ST / PRIM ABI alias	ATARIST.H:6	src/dm2/dm2_v1_projectile_pc34_compat.c:557	UNCERTAIN_NUMBERED_EVIDENCE	Exact numeric token occurs in Firestaff source; this audit did not verify behavioral equivalence or implementation.
F004	F	C runtime / program startup	DEFS.H:6535	src/dm2/dm2_v2_hud_overlay.c:110	UNCERTAIN_NUMBERED_EVIDENCE	Exact numeric token occurs in Firestaff source; this audit did not verify behavioral equivalence or implementation.
F005	F	C runtime / program startup	DEFS.H:6536	src/dm2/dm2_v1_boot.c:236	UNCERTAIN_NUMBERED_EVIDENCE	Exact numeric token occurs in Firestaff source; this audit did not verify behavioral equivalence or implementation.
F0006_MAIN_HighlightScreenBox	F	MAIN	ATARIST.H:7	src/dm2/dm2_v2_phase_gate.c:17	UNCERTAIN_NUMBERED_EVIDENCE	Exact numeric token occurs in Firestaff source; this audit did not verify behavioral equivalence or implementation.
F006_aamz_	F	Atari ST / PRIM ABI alias	ATARIST.H:7	src/dm2/dm2_v2_phase_gate.c:17	UNCERTAIN_NUMBERED_EVIDENCE	Exact numeric token occurs in Firestaff source; this audit did not verify behavioral equivalence or implementation.
F0007_MAIN_CopyBytes	F	MAIN	ATARIST.H:8	src/dm2/dm2_v1_boot.c:235	UNCERTAIN_NUMBERED_EVIDENCE	Exact numeric token occurs in Firestaff source; this audit did not verify behavioral equivalence or implementation.
F0007_sub1_	F	sub1	COPYBYTE.C:134	src/dm2/dm2_v1_boot.c:235	UNCERTAIN_NUMBERED_EVIDENCE	Exact numeric token occurs in Firestaff source; this audit did not verify behavioral equivalence or implementation.
F0007_sub1_XXXXXXXXXX_XXXXXXXXXX_XXXXXXXXXX	F	sub1	IIGS.H:1707	src/dm2/dm2_v1_boot.c:235	UNCERTAIN_NUMBERED_EVIDENCE	Exact numeric token occurs in Firestaff source; this audit did not verify behavioral equivalence or implementation.
F0007_sub2_	F	sub2	COPYBYTE.C:137	src/dm2/dm2_v1_boot.c:235	UNCERTAIN_NUMBERED_EVIDENCE	Exact numeric token occurs in Firestaff source; this audit did not verify behavioral equivalence or implementation.
F0007_sub2_XXXXXXXXXX_XXXXXXXXXX_XXXXXXXXXX	F	sub2	IIGS.H:1708	src/dm2/dm2_v1_boot.c:235	UNCERTAIN_NUMBERED_EVIDENCE	Exact numeric token occurs in Firestaff source; this audit did not verify behavioral equivalence or implementation.
F007_aAA7_	F	Atari ST / PRIM ABI alias	ATARIST.H:8	src/dm2/dm2_v1_boot.c:235	UNCERTAIN_NUMBERED_EVIDENCE	Exact numeric token occurs in Firestaff source; this audit did not verify behavioral equivalence or implementation.
F0008_MAIN_ClearBytes	F	MAIN	ATARIST.H:9	src/ui/menu_startup_render_modern_m12.c:385	UNCERTAIN_NUMBERED_EVIDENCE	Exact numeric token occurs in Firestaff source; this audit did not verify behavioral equivalence or implementation.
F008_aA19_	F	Atari ST / PRIM ABI alias	ATARIST.H:9	src/ui/menu_startup_render_modern_m12.c:385	UNCERTAIN_NUMBERED_EVIDENCE	Exact numeric token occurs in Firestaff source; this audit did not verify behavioral equivalence or implementation.
F0009_MAIN_WriteSpacedBytes	F	MAIN	ATARIST.H:10	src/theron/theron_v1_track19_inventory.c:3	UNCERTAIN_NUMBERED_EVIDENCE	Exact numeric token occurs in Firestaff source; this audit did not verify behavioral equivalence or implementation.
F009_aA49_	F	Atari ST / PRIM ABI alias	ATARIST.H:10	src/theron/theron_v1_track19_inventory.c:3	UNCERTAIN_NUMBERED_EVIDENCE	Exact numeric token occurs in Firestaff source; this audit did not verify behavioral equivalence or implementation.
F0010_MAIN_WriteSpacedWords	F	MAIN	ATARIST.H:11	src/nexus/nexus_v1_audio_receipt.c:42	UNCERTAIN_NUMBERED_EVIDENCE	Exact numeric token occurs in Firestaff source; this audit did not verify behavioral equivalence or implementation.
F010_aAA7_	F	Atari ST / PRIM ABI alias	ATARIST.H:11	src/nexus/nexus_v1_audio_receipt.c:42	UNCERTAIN_NUMBERED_EVIDENCE	Exact numeric token occurs in Firestaff source; this audit did not verify behavioral equivalence or implementation.
F0018_MAIN_SetExceptionVectors	F	MAIN	ATARIST.H:12	-	MISSING	No exact numbered token found in Firestaff src/include; no implementation claim.
F018_aaat_	F	Atari ST / PRIM ABI alias	ATARIST.H:12	-	MISSING	No exact numbered token found in Firestaff src/include; no implementation claim.
F0019_MAIN_DisplayErrorAndStop	F	MAIN	ATARIST.H:13	-	MISSING	No exact numbered token found in Firestaff src/include; no implementation claim.
F019_aarz_	F	Atari ST / PRIM ABI alias	ATARIST.H:13	-	MISSING	No exact numbered token found in Firestaff src/include; no implementation claim.
F0020_MAIN_BlitToViewport	F	MAIN	ATARIST.H:14	src/nexus/nexus_v1_audio_receipt.c:38	UNCERTAIN_NUMBERED_EVIDENCE	Exact numeric token occurs in Firestaff source; this audit did not verify behavioral equivalence or implementation.
F020_aAA5_	F	Atari ST / PRIM ABI alias	ATARIST.H:14	src/nexus/nexus_v1_audio_receipt.c:38	UNCERTAIN_NUMBERED_EVIDENCE	Exact numeric token occurs in Firestaff source; this audit did not verify behavioral equivalence or implementation.
F0021_MAIN_BlitToScreen	F	MAIN	ACTIDRAW.C:174	src/nexus/nexus_v1_engine.c:70	UNCERTAIN_NUMBERED_EVIDENCE	Exact numeric token occurs in Firestaff source; this audit did not verify behavioral equivalence or implementation.
F021_a002_	F	Atari ST / PRIM ABI alias	ATARIST.H:15	src/nexus/nexus_v1_engine.c:70	UNCERTAIN_NUMBERED_EVIDENCE	Exact numeric token occurs in Firestaff source; this audit did not verify behavioral equivalence or implementation.
F0022_MAIN_Delay	F	MAIN	ATARIST.H:16	src/nexus/nexus_v1_game.c:17	UNCERTAIN_NUMBERED_EVIDENCE	Exact numeric token occurs in Firestaff source; this audit did not verify behavioral equivalence or implementation.
F0022_MAIN_SwooshDelay	F	MAIN	FMTOWNS.H:391	src/nexus/nexus_v1_game.c:17	UNCERTAIN_NUMBERED_EVIDENCE	Exact numeric token occurs in Firestaff source; this audit did not verify behavioral equivalence or implementation.
F022_aaaU_	F	Atari ST / PRIM ABI alias	ATARIST.H:16	src/nexus/nexus_v1_game.c:17	UNCERTAIN_NUMBERED_EVIDENCE	Exact numeric token occurs in Firestaff source; this audit did not verify behavioral equivalence or implementation.
F0023_MAIN_GetAbsoluteValue	F	MAIN	ATARIST.H:17	src/engine/m11_game_view.c:9883	UNCERTAIN_NUMBERED_EVIDENCE	Exact numeric token occurs in Firestaff source; this audit did not verify behavioral equivalence or implementation.
F023_aarz_	F	Atari ST / PRIM ABI alias	ATARIST.H:17	src/engine/m11_game_view.c:9883	UNCERTAIN_NUMBERED_EVIDENCE	Exact numeric token occurs in Firestaff source; this audit did not verify behavioral equivalence or implementation.
F0024_MAIN_GetMinimumValue	F	MAIN	ATARIST.H:18	src/dm1/dm1_v1_skill_experience_pc34_compat.c:77	UNCERTAIN_NUMBERED_EVIDENCE	Exact numeric token occurs in Firestaff source; this audit did not verify behavioral equivalence or implementation.
F024_aatz_	F	Atari ST / PRIM ABI alias	ATARIST.H:18	src/dm1/dm1_v1_skill_experience_pc34_compat.c:77	UNCERTAIN_NUMBERED_EVIDENCE	Exact numeric token occurs in Firestaff source; this audit did not verify behavioral equivalence or implementation.
F0025_MAIN_GetMaximumValue	F	MAIN	ATARIST.H:19	src/nexus/nexus_v1_champions.c:601	UNCERTAIN_NUMBERED_EVIDENCE	Exact numeric token occurs in Firestaff source; this audit did not verify behavioral equivalence or implementation.
F025_aatz_	F	Atari ST / PRIM ABI alias	ATARIST.H:19	src/nexus/nexus_v1_champions.c:601	UNCERTAIN_NUMBERED_EVIDENCE	Exact numeric token occurs in Firestaff source; this audit did not verify behavioral equivalence or implementation.
F0026_MAIN_GetBoundedValue	F	MAIN	ATARIST.H:20	src/dm1/dm1_v1_combat_pc34_compat.c:140	UNCERTAIN_NUMBERED_EVIDENCE	Exact numeric token occurs in Firestaff source; this audit did not verify behavioral equivalence or implementation.
F026_a003_	F	Atari ST / PRIM ABI alias	ATARIST.H:20	src/dm1/dm1_v1_combat_pc34_compat.c:140	UNCERTAIN_NUMBERED_EVIDENCE	Exact numeric token occurs in Firestaff source; this audit did not verify behavioral equivalence or implementation.
F0027_MAIN_Get16bitRandomNumber	F	MAIN	ATARIST.H:21	src/dm2/dm2_v1_runtime.c:3651	UNCERTAIN_NUMBERED_EVIDENCE	Exact numeric token occurs in Firestaff source; this audit did not verify behavioral equivalence or implementation.
F027_AA59_	F	Atari ST / PRIM ABI alias	ATARIST.H:21	src/dm2/dm2_v1_runtime.c:3651	UNCERTAIN_NUMBERED_EVIDENCE	Exact numeric token occurs in Firestaff source; this audit did not verify behavioral equivalence or implementation.
F0028_MAIN_Get1BitRandomNumber	F	MAIN	ATARIST.H:22	src/dm1/dm1_v1_door_bash_stamina_feedback_pc34_compat.c:204	UNCERTAIN_NUMBERED_EVIDENCE	Exact numeric token occurs in Firestaff source; this audit did not verify behavioral equivalence or implementation.
F028_a000_	F	Atari ST / PRIM ABI alias	ATARIST.H:22	src/dm1/dm1_v1_door_bash_stamina_feedback_pc34_compat.c:204	UNCERTAIN_NUMBERED_EVIDENCE	Exact numeric token occurs in Firestaff source; this audit did not verify behavioral equivalence or implementation.
F0029_MAIN_Get2BitRandomNumber	F	MAIN	ATARIST.H:23	src/dm2/dm2_v1_runtime.c:3651	UNCERTAIN_NUMBERED_EVIDENCE	Exact numeric token occurs in Firestaff source; this audit did not verify behavioral equivalence or implementation.
F029_AA19_	F	Atari ST / PRIM ABI alias	ATARIST.H:23	src/dm2/dm2_v1_runtime.c:3651	UNCERTAIN_NUMBERED_EVIDENCE	Exact numeric token occurs in Firestaff source; this audit did not verify behavioral equivalence or implementation.
F0030_MAIN_GetScaledProduct	F	MAIN	ATARIST.H:24	src/dm1/dm1_v1_combat_pc34_compat.c:47	UNCERTAIN_NUMBERED_EVIDENCE	Exact numeric token occurs in Firestaff source; this audit did not verify behavioral equivalence or implementation.
F030_aaaW_	F	Atari ST / PRIM ABI alias	ATARIST.H:24	src/dm1/dm1_v1_combat_pc34_compat.c:47	UNCERTAIN_NUMBERED_EVIDENCE	Exact numeric token occurs in Firestaff source; this audit did not verify behavioral equivalence or implementation.
F0031_OBJECT_LoadNames	F	OBJECT	ATARIST.H:25	src/csb/csb_v1_character_pc34_compat.c:92	UNCERTAIN_NUMBERED_EVIDENCE	Exact numeric token occurs in Firestaff source; this audit did not verify behavioral equivalence or implementation.
F031_aAA2_	F	Atari ST / PRIM ABI alias	ATARIST.H:25	src/csb/csb_v1_character_pc34_compat.c:92	UNCERTAIN_NUMBERED_EVIDENCE	Exact numeric token occurs in Firestaff source; this audit did not verify behavioral equivalence or implementation.
F0032_OBJECT_GetType	F	OBJECT	OBJECT.C:121-145	src/dm1/dm1_v1_dungeon_thing_data_pc34_compat.c	IMPLEMENTED_NARROW	DM1 PC3.4 raw F0156 -> F0141 -> exact G0237 Type-column resolver; focused raw-record test.
F032_aaaY_	F	Atari ST / PRIM ABI alias	ATARIST.H:26	src/csb/csb_v1_viewport_pc34_compat.c:1829	UNCERTAIN_NUMBERED_EVIDENCE	Exact numeric token occurs in Firestaff source; this audit did not verify behavioral equivalence or implementation.
F0033_OBJECT_GetIconIndex	F	OBJECT	OBJECT.C:147-213	src/dm1/dm1_v1_dungeon_thing_data_pc34_compat.c; src/engine/m11_game_view.c	IMPLEMENTED_NARROW	DM1 PC3.4 raw icon resolver covers compass direction, torch charge, scroll closed, charge icons; M11 inventory and leader-hand consumers now use it directly and fail closed without F0156 raw data; focused raw-record and M11 gate tests.
F033_aaaz_	F	Atari ST / PRIM ABI alias	ATARIST.H:27	src/csb/csb_v1_viewport_pc34_compat.c:1829	UNCERTAIN_NUMBERED_EVIDENCE	Exact numeric token occurs in Firestaff source; this audit did not verify behavioral equivalence or implementation.
F0034_OBJECT_DrawLeaderHandObjectName	F	OBJECT	OBJECT.C:217; DATA.C:262	src/engine/m11_game_view.c:33781	IMPLEMENTED_NARROW	Normal DM1 V1 C017 clears at its source rectangle and draws the bounded leader-hand object name only through loaded PC34 M653 glyphs; missing font data remains clear with no generic host-font fallback. Real Mac capture across name lengths remains open.
F034_aaau_	F	Atari ST / PRIM ABI alias	ATARIST.H:28	src/csb/csb_v1_runtime_pc34_compat.c:10956	UNCERTAIN_NUMBERED_EVIDENCE	Exact numeric token occurs in Firestaff source; this audit did not verify behavioral equivalence or implementation.
F0035_OBJECT_ClearLeaderHandObjectName	F	OBJECT	ATARIST.H:29	include/firestaff/dm1/v1/f0035_object_clear_leader_hand_object_name_isolated_c91f_pc34_compat.h	IMPLEMENTED_NARROW	Source C017 black-zone fill adapter; focused CTest.
F035_aaaw_	F	Atari ST / PRIM ABI alias	ATARIST.H:29	F0035_OBJECT_ClearLeaderHandObjectName	IMPLEMENTED_NARROW	ABI alias resolved through source-mapped F0035.
F0036_OBJECT_ExtractIconFromBitmap	F	OBJECT	ACTIDRAW.C:263	src/nexus/nexus_v1_engine.c:27	UNCERTAIN_NUMBERED_EVIDENCE	Exact numeric token occurs in Firestaff source; this audit did not verify behavioral equivalence or implementation.
F036_aA19_	F	Atari ST / PRIM ABI alias	ATARIST.H:30	src/nexus/nexus_v1_engine.c:27	UNCERTAIN_NUMBERED_EVIDENCE	Exact numeric token occurs in Firestaff source; this audit did not verify behavioral equivalence or implementation.
F0037_OBJECT_DrawIconToScreen	F	OBJECT	OBJECT.C:346-369	src/dm1/dm1_v1_object_draw_icon_to_screen_pc34_compat.c	IMPLEMENTED_NARROW	Source-bound 16x16 transparent icon blit; focused CTest verifies origin, transparency, and invalid-source rejection.
F037_aA29_	F	Atari ST / PRIM ABI alias	ATARIST.H:31	src/nexus/nexus_v1_engine.c:89	UNCERTAIN_NUMBERED_EVIDENCE	Exact numeric token occurs in Firestaff source; this audit did not verify behavioral equivalence or implementation.
F0038_OBJECT_DrawIconInSlotBox	F	OBJECT	OBJECT.C:395-423	src/engine/m11_game_view.c:37824	IMPLEMENTED_NARROW	Normal V1 inventory/chest C008..C037 slot route now accepts only exact loaded-pixel 18x18 C033 before drawing caller-owned icons; absent or mismatched GRAPHICS.DAT slot material is no-draw. Remaining icon-pixel parity capture is open.
F038_AA07_	F	Atari ST / PRIM ABI alias	ATARIST.H:32	src/dm1/dm1_v1_champion_panel_hand_slot_refresh_pc34_compat.c:8	UNCERTAIN_NUMBERED_EVIDENCE	Exact numeric token occurs in Firestaff source; this audit did not verify behavioral equivalence or implementation.
F0039_OBJECT_GetIconIndexInSlotBox	F	OBJECT	ATARIST.H:33	src/dm1/dm1_v1_champion_panel_hand_slot_refresh_pc34_compat.c:96	UNCERTAIN_NUMBERED_EVIDENCE	Exact numeric token occurs in Firestaff source; this audit did not verify behavioral equivalence or implementation.
F039_aaaL_	F	Atari ST / PRIM ABI alias	ATARIST.H:33	src/dm1/dm1_v1_champion_panel_hand_slot_refresh_pc34_compat.c:96	UNCERTAIN_NUMBERED_EVIDENCE	Exact numeric token occurs in Firestaff source; this audit did not verify behavioral equivalence or implementation.
F0040_TEXT_Print	F	TEXT	ATARIST.H:34	src/dm1/dm1_v1_line_feed_character_string_pc34_compat.c:10	UNCERTAIN_NUMBERED_EVIDENCE	Exact numeric token occurs in Firestaff source; this audit did not verify behavioral equivalence or implementation.
F040_aacZ_	F	Atari ST / PRIM ABI alias	ATARIST.H:34	src/dm1/dm1_v1_line_feed_character_string_pc34_compat.c:10	UNCERTAIN_NUMBERED_EVIDENCE	Exact numeric token occurs in Firestaff source; this audit did not verify behavioral equivalence or implementation.
F0041_TEXT_PrintWithTrailingSpaces	F	TEXT	ACTIDRAW.C:361	src/nexus/nexus_v1_engine.c:91	UNCERTAIN_NUMBERED_EVIDENCE	Exact numeric token occurs in Firestaff source; this audit did not verify behavioral equivalence or implementation.
F041_aadZ_	F	Atari ST / PRIM ABI alias	ATARIST.H:35	src/nexus/nexus_v1_engine.c:91	UNCERTAIN_NUMBERED_EVIDENCE	Exact numeric token occurs in Firestaff source; this audit did not verify behavioral equivalence or implementation.
F0042_TEXT_MESSAGEAREA_MoveCursor	F	TEXT	DEFS.H:6738	src/nexus/nexus_v1_audio_receipt.c:38	UNCERTAIN_NUMBERED_EVIDENCE	Exact numeric token occurs in Firestaff source; this audit did not verify behavioral equivalence or implementation.
F0043_TEXT_MESSAGEAREA_ClearAllRows	F	TEXT	ATARIST.H:36	src/nexus/nexus_v1_audio_receipt.c:35	UNCERTAIN_NUMBERED_EVIDENCE	Exact numeric token occurs in Firestaff source; this audit did not verify behavioral equivalence or implementation.
F043_aahz_	F	Atari ST / PRIM ABI alias	ATARIST.H:36	src/nexus/nexus_v1_audio_receipt.c:35	UNCERTAIN_NUMBERED_EVIDENCE	Exact numeric token occurs in Firestaff source; this audit did not verify behavioral equivalence or implementation.
F0044_TEXT_MESSAGEAREA_ClearExpiredRows	F	TEXT	DEFS.H:6749	src/nexus/nexus_v1_audio_receipt.c:42	UNCERTAIN_NUMBERED_EVIDENCE	Exact numeric token occurs in Firestaff source; this audit did not verify behavioral equivalence or implementation.
F0045_TEXT_MESSAGEAREA_CreateNewRow	F	TEXT	DEFS.H:6754	src/dm1/dm1_v1_text_message_pc34_compat.c:8	UNCERTAIN_NUMBERED_EVIDENCE	Exact numeric token occurs in Firestaff source; this audit did not verify behavioral equivalence or implementation.
F0046_TEXT_MESSAGEAREA_PrintString	F	TEXT	DEFS.H:6755	src/dm2/dm2_v1_boot.c:4142	UNCERTAIN_NUMBERED_EVIDENCE	Exact numeric token occurs in Firestaff source; this audit did not verify behavioral equivalence or implementation.
F0047_TEXT_MESSAGEAREA_PrintMessage	F	TEXT	ATARIST.H:37	src/dm2/dm2_v1_boot.c:261	UNCERTAIN_NUMBERED_EVIDENCE	Exact numeric token occurs in Firestaff source; this audit did not verify behavioral equivalence or implementation.
F047_xzzz_	F	Atari ST / PRIM ABI alias	ATARIST.H:37	src/dm2/dm2_v1_boot.c:261	UNCERTAIN_NUMBERED_EVIDENCE	Exact numeric token occurs in Firestaff source; this audit did not verify behavioral equivalence or implementation.
F0048_TEXT_MESSAGEAREA_PrintCharacter	F	TEXT	TEXT.C:1801	include/redmcsb_f0048_text_messagearea_print_character_pc34_compat.h	IMPLEMENTED_NARROW	Source two-byte character string and print callback; focused CTest.
F0049_TEXT_MESSAGEAREA_PrintInteger_Unreferenced	F	TEXT	TEXT.C:1817	include/redmcsb_f0049_text_messagearea_print_integer_unreferenced_pc34_compat.h	IMPLEMENTED_NARROW	Bounded source decimal formatter and print callback; focused CTest.
F0050_TEXT_MESSAGEAREA_PrintSpace_Unreferenced	F	TEXT	DEFS.H:6774	include/redmcsb_f0050_text_messagearea_print_space_unreferenced_pc34_compat.h	IMPLEMENTED_NARROW	TEXT.C source white-space print delegation; focused CTest.
F0051_TEXT_MESSAGEAREA_PrintLineFeed	F	TEXT	TEXT.C:1873	include/redmcsb_f0051_text_messagearea_print_linefeed_pc34_compat.h	IMPLEMENTED_NARROW	Source black line-feed callback; focused CTest.
F051_AA19_	F	Atari ST / PRIM ABI alias	ATARIST.H:38	src/nexus/nexus_v1_audio_receipt.c:47	UNCERTAIN_NUMBERED_EVIDENCE	Exact numeric token occurs in Firestaff source; this audit did not verify behavioral equivalence or implementation.
F0052_TEXT_PrintToViewport	F	TEXT	TEXT.C:1883	include/redmcsb_f0052_text_print_to_viewport_pc34_compat.h	IMPLEMENTED_NARROW	Source F0040 forwarding with fixed viewport stride, background and height; focused CTest.
F052_aaoz_	F	Atari ST / PRIM ABI alias	ATARIST.H:39	src/dm1/dm1_v1_champion_panel_name_box_clip_pc34_compat.c:30	UNCERTAIN_NUMBERED_EVIDENCE	Exact numeric token occurs in Firestaff source; this audit did not verify behavioral equivalence or implementation.
F0053_TEXT_PrintToLogicalScreen	F	TEXT	TEXT.C:1903	include/redmcsb_f0053_text_print_to_logical_screen_pc34_compat.h	IMPLEMENTED_NARROW	Source F0040 forwarding with C160 byte stride and C200 height; focused CTest.
F053_aajz_	F	Atari ST / PRIM ABI alias	ATARIST.H:40	src/nexus/nexus_v1_audio_receipt.c:37	UNCERTAIN_NUMBERED_EVIDENCE	Exact numeric token occurs in Firestaff source; this audit did not verify behavioral equivalence or implementation.
F0054_TEXT_Initialize	F	TEXT	TEXT.C:1991	include/redmcsb_f0054_text_initialize_pc34_compat.h	IMPLEMENTED_NARROW	PC 3.4 cursor/allocation/font-load initialization callbacks; focused CTest.
F054_aAA1_	F	Atari ST / PRIM ABI alias	ATARIST.H:41	src/dm1/dm1_v1_game_state_pc34_compat.c:20	UNCERTAIN_NUMBERED_EVIDENCE	Exact numeric token occurs in Firestaff source; this audit did not verify behavioral equivalence or implementation.
F0060_SOUND_Play_CPSX	F	SOUND	SOUND.C:887-931,1164-1246	src/csb/csb_v1_audio_runtime_pc34_compat.c	IMPLEMENTED_NARROW	Packed Atari ST PSG stream decode with source-owned amplitude runs; focused CTest.
F060_AA29_	F	Atari ST / PRIM ABI alias	ATARIST.H:42	src/nexus/nexus_v1_engine.c:66	UNCERTAIN_NUMBERED_EVIDENCE	Exact numeric token occurs in Firestaff source; this audit did not verify behavioral equivalence or implementation.
F0061_SOUND_SetChannelAmplitudes	F	SOUND	DEFS.H:6829	src/dm2/dm2_v1_boot.c:240	UNCERTAIN_NUMBERED_EVIDENCE	Exact numeric token occurs in Firestaff source; this audit did not verify behavioral equivalence or implementation.
F0062_SOUND_Initialize	F	SOUND	ATARIST.H:43	src/dm1/dm1_v1_sound_pc34_compat.c:404	UNCERTAIN_NUMBERED_EVIDENCE	Exact numeric token occurs in Firestaff source; this audit did not verify behavioral equivalence or implementation.
F062_aalz_	F	Atari ST / PRIM ABI alias	ATARIST.H:43	src/dm1/dm1_v1_sound_pc34_compat.c:404	UNCERTAIN_NUMBERED_EVIDENCE	Exact numeric token occurs in Firestaff source; this audit did not verify behavioral equivalence or implementation.
F0063_SOUND_KeyClickOff	F	SOUND	ATARIST.H:44	src/dm1/dm1_v1_sound_pc34_compat.c:405	UNCERTAIN_NUMBERED_EVIDENCE	Exact numeric token occurs in Firestaff source; this audit did not verify behavioral equivalence or implementation.
F063_aA05_	F	Atari ST / PRIM ABI alias	ATARIST.H:44	src/dm1/dm1_v1_sound_pc34_compat.c:405	UNCERTAIN_NUMBERED_EVIDENCE	Exact numeric token occurs in Firestaff source; this audit did not verify behavioral equivalence or implementation.
F0064_SOUND_RequestPlay_CPSD	F	SOUND	ATARIST.H:45	src/csb/csb_v1_audio_runtime_pc34_compat.c:113	UNCERTAIN_NUMBERED_EVIDENCE	Exact numeric token occurs in Firestaff source; this audit did not verify behavioral equivalence or implementation.
F064_aadz_	F	Atari ST / PRIM ABI alias	ATARIST.H:45	src/csb/csb_v1_audio_runtime_pc34_compat.c:113	UNCERTAIN_NUMBERED_EVIDENCE	Exact numeric token occurs in Firestaff source; this audit did not verify behavioral equivalence or implementation.
F0065_SOUND_PlayPendingSound_CPSD	F	SOUND	ATARIST.H:46	src/nexus/nexus_v1_boot_profile.c:168	UNCERTAIN_NUMBERED_EVIDENCE	Exact numeric token occurs in Firestaff source; this audit did not verify behavioral equivalence or implementation.
F065_aanz_	F	Atari ST / PRIM ABI alias	ATARIST.H:46	src/nexus/nexus_v1_boot_profile.c:168	UNCERTAIN_NUMBERED_EVIDENCE	Exact numeric token occurs in Firestaff source; this audit did not verify behavioral equivalence or implementation.
F0066_MOUSE_Initialize	F	MOUSE	ATARIST.H:47	src/dm1/dm1_v1_game_state_pc34_compat.c:20	UNCERTAIN_NUMBERED_EVIDENCE	Exact numeric token occurs in Firestaff source; this audit did not verify behavioral equivalence or implementation.
F066_aalz_	F	Atari ST / PRIM ABI alias	ATARIST.H:47	src/dm1/dm1_v1_game_state_pc34_compat.c:20	UNCERTAIN_NUMBERED_EVIDENCE	Exact numeric token occurs in Firestaff source; this audit did not verify behavioral equivalence or implementation.
F0067_MOUSE_SetPointerToNormal	F	MOUSE	ATARIST.H:48	src/nexus/nexus_v1_engine.c:66	UNCERTAIN_NUMBERED_EVIDENCE	Exact numeric token occurs in Firestaff source; this audit did not verify behavioral equivalence or implementation.
F067_aaat_	F	Atari ST / PRIM ABI alias	ATARIST.H:48	src/nexus/nexus_v1_engine.c:66	UNCERTAIN_NUMBERED_EVIDENCE	Exact numeric token occurs in Firestaff source; this audit did not verify behavioral equivalence or implementation.
F0068_MOUSE_SetPointerToObject	F	MOUSE	ATARIST.H:49	src/dm1/dm1_v1_champion_panel_hand_slot_refresh_pc34_compat.c:10	UNCERTAIN_NUMBERED_EVIDENCE	Exact numeric token occurs in Firestaff source; this audit did not verify behavioral equivalence or implementation.
F068_aagz_	F	Atari ST / PRIM ABI alias	ATARIST.H:49	src/dm1/dm1_v1_champion_panel_hand_slot_refresh_pc34_compat.c:10	UNCERTAIN_NUMBERED_EVIDENCE	Exact numeric token occurs in Firestaff source; this audit did not verify behavioral equivalence or implementation.
F0069_MOUSE_SetPointer	F	MOUSE	ATARIST.H:50	src/theron/theron_v1_track19_inventory.c:3	UNCERTAIN_NUMBERED_EVIDENCE	Exact numeric token occurs in Firestaff source; this audit did not verify behavioral equivalence or implementation.
F069_aaaL_	F	Atari ST / PRIM ABI alias	ATARIST.H:50	src/theron/theron_v1_track19_inventory.c:3	UNCERTAIN_NUMBERED_EVIDENCE	Exact numeric token occurs in Firestaff source; this audit did not verify behavioral equivalence or implementation.
F0070_MOUSE_ProcessCommands125To128_ClickOnChampionIcon	F	MOUSE	ATARIST.H:51	src/nexus/nexus_v1_game.c:18	UNCERTAIN_NUMBERED_EVIDENCE	Exact numeric token occurs in Firestaff source; this audit did not verify behavioral equivalence or implementation.
F070_aajz_	F	Atari ST / PRIM ABI alias	ATARIST.H:51	src/nexus/nexus_v1_game.c:18	UNCERTAIN_NUMBERED_EVIDENCE	Exact numeric token occurs in Firestaff source; this audit did not verify behavioral equivalence or implementation.
F0071_MOUSE_DropChampionIcon	F	MOUSE	BASE.C:879	src/nexus/nexus_v1_world.c:268	UNCERTAIN_NUMBERED_EVIDENCE	Exact numeric token occurs in Firestaff source; this audit did not verify behavioral equivalence or implementation.
F0073_MOUSE_BuildPointerScreenArea	F	MOUSE	BASE.C:1013	src/nexus/nexus_v1_game.c:20	UNCERTAIN_NUMBERED_EVIDENCE	Exact numeric token occurs in Firestaff source; this audit did not verify behavioral equivalence or implementation.
F0074_MOUSE_DrawPointerScreenArea	F	MOUSE	DEFS.H:6880	src/dm1/dm1_v1_input_poll_pc34_compat.c:331	UNCERTAIN_NUMBERED_EVIDENCE	Exact numeric token occurs in Firestaff source; this audit did not verify behavioral equivalence or implementation.
F0075_MOUSE_Exception70Handler_IKBD_MIDI_MouseStatus	F	MOUSE	ATARIST.H:52	src/dm1/dm1_v1_input_poll_pc34_compat.c:332	UNCERTAIN_NUMBERED_EVIDENCE	Exact numeric token occurs in Firestaff source; this audit did not verify behavioral equivalence or implementation.
F075_xxxx_	F	Atari ST / PRIM ABI alias	ATARIST.H:52	src/dm1/dm1_v1_input_poll_pc34_compat.c:332	UNCERTAIN_NUMBERED_EVIDENCE	Exact numeric token occurs in Firestaff source; this audit did not verify behavioral equivalence or implementation.
F0076_MOUSE_OnMouseButtonsStatusChange	F	MOUSE	ATARIST.H:53	src/dm1/dm1_v1_input_poll_pc34_compat.c:333	UNCERTAIN_NUMBERED_EVIDENCE	Exact numeric token occurs in Firestaff source; this audit did not verify behavioral equivalence or implementation.
F076_xxxx_	F	Atari ST / PRIM ABI alias	ATARIST.H:53	src/dm1/dm1_v1_input_poll_pc34_compat.c:333	UNCERTAIN_NUMBERED_EVIDENCE	Exact numeric token occurs in Firestaff source; this audit did not verify behavioral equivalence or implementation.
F0077_MOUSE_EnableScreenUpdate_CPSE	F	MOUSE	ACTIDRAW.C:70	src/dm1/dm1_v1_chest_scroll_wheel_pull_from_chest_pc34_compat.c:30	UNCERTAIN_NUMBERED_EVIDENCE	Exact numeric token occurs in Firestaff source; this audit did not verify behavioral equivalence or implementation.
F077_aA39_	F	Atari ST / PRIM ABI alias	ATARIST.H:54	src/dm1/dm1_v1_chest_scroll_wheel_pull_from_chest_pc34_compat.c:30	UNCERTAIN_NUMBERED_EVIDENCE	Exact numeric token occurs in Firestaff source; this audit did not verify behavioral equivalence or implementation.
F0078_MOUSE_DisableScreenUpdate	F	MOUSE	ACTIDRAW.C:198	src/nexus/nexus_v1_audio_receipt.c:37	UNCERTAIN_NUMBERED_EVIDENCE	Exact numeric token occurs in Firestaff source; this audit did not verify behavioral equivalence or implementation.
F078_xzzz_	F	Atari ST / PRIM ABI alias	ATARIST.H:55	src/nexus/nexus_v1_audio_receipt.c:37	UNCERTAIN_NUMBERED_EVIDENCE	Exact numeric token occurs in Firestaff source; this audit did not verify behavioral equivalence or implementation.
F0079_CPSC_GetChecksumAdd	F	CPSC	ATARIST.H:56	src/dm2/dm2_v2_phase_gate.c:19	UNCERTAIN_NUMBERED_EVIDENCE	Exact numeric token occurs in Firestaff source; this audit did not verify behavioral equivalence or implementation.
F079_a002_	F	Atari ST / PRIM ABI alias	ATARIST.H:56	src/dm2/dm2_v2_phase_gate.c:19	UNCERTAIN_NUMBERED_EVIDENCE	Exact numeric token occurs in Firestaff source; this audit did not verify behavioral equivalence or implementation.
F0082	F	C runtime / program startup	DEFS.H:6899	include/dm1_v2_field_projectile_vfx_pc34.h:9	UNCERTAIN_NUMBERED_EVIDENCE	Exact numeric token occurs in Firestaff source; this audit did not verify behavioral equivalence or implementation.
F0083	F	C runtime / program startup	DEFS.H:6900	src/csb/csb_v1_monster_pc34_compat.c:203	UNCERTAIN_NUMBERED_EVIDENCE	Exact numeric token occurs in Firestaff source; this audit did not verify behavioral equivalence or implementation.
F0084	F	C runtime / program startup	DEFS.H:6901	src/csb/csb_v1_monster_pc34_compat.c:203	UNCERTAIN_NUMBERED_EVIDENCE	Exact numeric token occurs in Firestaff source; this audit did not verify behavioral equivalence or implementation.
F0085	F	C runtime / program startup	DEFS.H:6902	-	MISSING	No exact numbered token found in Firestaff src/include; no implementation claim.
F0086	F	C runtime / program startup	DEFS.H:6903	include/dm1_v2_field_projectile_vfx_pc34.h:10	UNCERTAIN_NUMBERED_EVIDENCE	Exact numeric token occurs in Firestaff source; this audit did not verify behavioral equivalence or implementation.
F0086_strcat	F	strcat	CEDTINC1.C:136	include/dm1_v2_field_projectile_vfx_pc34.h:10	UNCERTAIN_NUMBERED_EVIDENCE	Exact numeric token occurs in Firestaff source; this audit did not verify behavioral equivalence or implementation.
F0087_strcmp	F	strcmp	CEDT014.C:253	src/engine/m11_game_view.c:5556	UNCERTAIN_NUMBERED_EVIDENCE	Exact numeric token occurs in Firestaff source; this audit did not verify behavioral equivalence or implementation.
F0088_strcpy	F	strcpy	CEDT001.C:95	src/nexus/nexus_v1_engine.c:75	UNCERTAIN_NUMBERED_EVIDENCE	Exact numeric token occurs in Firestaff source; this audit did not verify behavioral equivalence or implementation.
F0089_strncpy	F	strncpy	DEFS.H:3085	-	MISSING	No exact numbered token found in Firestaff src/include; no implementation claim.
F0090_strlen	F	strlen	AMIGINIT.C:309	include/dm1_v2_hud_overlay_pc34.h:109	UNCERTAIN_NUMBERED_EVIDENCE	Exact numeric token occurs in Firestaff source; this audit did not verify behavioral equivalence or implementation.
F0091_strchr	F	strchr	DEFS.H:3086	src/nexus/nexus_v1_audio_receipt.c:45	UNCERTAIN_NUMBERED_EVIDENCE	Exact numeric token occurs in Firestaff source; this audit did not verify behavioral equivalence or implementation.
F0093_DUNGEONVIEW_ApplyCreatureReplacementColors	F	DUNGEONVIEW	DEFS.H:6940	src/dm1/dm1_v1_dungeon_square_structs_pc34_compat.c:31	UNCERTAIN_NUMBERED_EVIDENCE	Exact numeric token occurs in Firestaff source; this audit did not verify behavioral equivalence or implementation.
F0094_DUNGEONVIEW_LoadFloorSet	F	DUNGEONVIEW	DUNVIEW.C:2029-2055	src/engine/m11_game_view.c; src/dm1/dm1_v1_viewport_3d_pc34_compat.c	IMPLEMENTED_NARROW	M11 derives the active map pair exactly as floorSet * C002 + M644: C078 floor and C079 ceiling for set 0, then binds it to F0098's -1/-2 provider contract. No default floor-set selection is made when the current map or packaged GRAPHICS.DAT source is unavailable.
F094_mzzz_	F	Atari ST / PRIM ABI alias	ATARIST.H:57	src/dm1/dm1_v1_game_state_pc34_compat.c:19	UNCERTAIN_NUMBERED_EVIDENCE	Exact numeric token occurs in Firestaff source; this audit did not verify behavioral equivalence or implementation.
F0095_DUNGEONVIEW_LoadWallSet	F	DUNGEONVIEW	ATARIST.H:58	src/csb/csb_v1_game.c:8	UNCERTAIN_NUMBERED_EVIDENCE	Exact numeric token occurs in Firestaff source; this audit did not verify behavioral equivalence or implementation.
F095_izzz_	F	Atari ST / PRIM ABI alias	ATARIST.H:58	src/csb/csb_v1_game.c:8	UNCERTAIN_NUMBERED_EVIDENCE	Exact numeric token occurs in Firestaff source; this audit did not verify behavioral equivalence or implementation.
F0096_DUNGEONVIEW_LoadCurrentMapGraphics_CPSDF	F	DUNGEONVIEW	DUNVIEW.C:2225-2706	src/engine/m11_game_view.c; src/dm1/dm1_v1_viewport_3d_pc34_compat.c	IMPLEMENTED_NARROW	M11 requires an active DM1 map wall-set before materializing the PC3.4 M646 + wallSet * M647 GRAPHICS.DAT block for F0100/F0104/F0105 endpoints. A missing active map or source asset is no-draw; it never substitutes wall-set 0. Full F0096 creature/door/ornament cache population remains separately audited.
F096_qzzz_	F	Atari ST / PRIM ABI alias	ATARIST.H:59	src/dm2/dm2_v1_viewport_renderer.c:5619	UNCERTAIN_NUMBERED_EVIDENCE	Exact numeric token occurs in Firestaff source; this audit did not verify behavioral equivalence or implementation.
F0097_DUNGEONVIEW_DrawViewport	F	DUNGEONVIEW	DRAWVIEW.C:827-893; DUNVIEW.C:8604-8615	src/dm1/dm1_v1_viewport_3d_pc34_compat.c; src/engine/m11_game_view.c	IMPLEMENTED_NARROW	PC3.4 F0097 source body: C007 mouse bounds, G2123 palette action/cache, and full G0296 224x136 transfer at (0,33). M11 stages its completed real F0128/turn-pan viewport through this boundary. VIDRV mouse calls and RGB6 palette bytes remain host-owned; unavailable surfaces are no-draw and no substitute palette/viewport is synthesized.
F097_lzzz_	F	Atari ST / PRIM ABI alias	ATARIST.H:60	src/ui/menu_startup_m12.c:7205	UNCERTAIN_NUMBERED_EVIDENCE	Exact numeric token occurs in Firestaff source; this audit did not verify behavioral equivalence or implementation.
F0098_DUNGEONVIEW_DrawFloorAndCeiling	F	DUNGEONVIEW	DUNVIEW.C:2962-3002; STARTUP2.C:621-622	src/dm1/dm1_v1_viewport_3d_pc34_compat.c; src/engine/m11_game_view.c	IMPLEMENTED_NARROW	PC 3.4 consumes the F0674 provider pair as C079 224x39 ceiling plus C078 224x97 floor, filling the complete aperture; M11 binds its packaged GRAPHICS.DAT loader through the same -1/-2 contract using the active map F0094 floor-set pair. Source misses are no-draw and never synthetic zero-fill. Focused viewport CTest passes; the local-data M11 probe's F0128 parity invariant passes.
F098_rzzz_	F	Atari ST / PRIM ABI alias	ATARIST.H:61	src/dm2/dm2_v2_asset_pipeline.c:22	UNCERTAIN_NUMBERED_EVIDENCE	Exact numeric token occurs in Firestaff source; this audit did not verify behavioral equivalence or implementation.
F0099_DUNGEONVIEW_CopyBitmapAndFlipHorizontal	F	DUNGEONVIEW	DEFS.H:6966	src/nexus/nexus_v1_audio_receipt.c:39	UNCERTAIN_NUMBERED_EVIDENCE	Exact numeric token occurs in Firestaff source; this audit did not verify behavioral equivalence or implementation.
F0100_DUNGEONVIEW_DrawWallSetBitmap	F	DUNGEONVIEW	DUNVIEW.C:3048-3061; COORD.C:2390-2409; IMAGE3.C:866-889	src/dm1/dm1_v1_viewport_3d_pc34_compat.c	IMPLEMENTED_NARROW	Transparent C10 wall-set blit with the original frame/clip gate. Missing source pixels or viewport ownership is no-draw; focused viewport CTest covers the route.
F0101_DUNGEONVIEW_DrawWallSetBitmapWithoutTransparency	F	DUNGEONVIEW	DUNVIEW.C:3064-3078	src/dm1/dm1_v1_viewport_3d_pc34_compat.c	IMPLEMENTED_NARROW	Opaque center-wall blit with the same source frame and viewport ownership gate; focused viewport CTest covers the route.
F0102_DUNGEONVIEW_DrawDoorBitmap	F	DUNGEONVIEW	DUNVIEW.C:3082-3094	src/dm1/dm1_v1_viewport_3d_pc34_compat.c	IMPLEMENTED_NARROW	C10 door blit consumes only F0128-owned temporary bitmap storage; absent ownership is no-draw, never a substitute asset.
F0103_DUNGEONVIEW_DrawDoorFrameBitmapFlippedHorizontally	F	DUNGEONVIEW	DUNVIEW.C:3096-3108; 8318-8335	src/dm1/dm1_v1_viewport_3d_pc34_compat.c	IMPLEMENTED_NARROW	Horizontal flip uses only the F0128-owned G0074 temporary bitmap before C10 blit. Missing or undersized source scratch is a strict no-draw; focused CTest proves both rejection and exact flipped pixels.
F0104_DUNGEONVIEW_DrawFloorPitOrStairsBitmap	F	DUNGEONVIEW	DUNVIEW.C:3113-3156	src/dm1/dm1_v1_viewport_3d_pc34_compat.c	IMPLEMENTED_NARROW	Explicit native C10-transparent bitmap-to-viewport primitive. Caller retains original graphic selection and G0163 zone ownership; focused CTest verifies the transparent-pixel contract.
F0105_DUNGEONVIEW_DrawFloorPitOrStairsBitmapFlippedHorizontally	F	DUNGEONVIEW	DUNVIEW.C:3185-3247; F0099:3018-3045; F0128:8318-8335	src/dm1/dm1_v1_viewport_3d_pc34_compat.c	IMPLEMENTED_NARROW	Explicit F0099 row-local flip through F0128-owned G0074 temporary storage, then F0104. Missing or undersized scratch is strict no-draw; focused CTest verifies rejection, C10, and the flipped pixels.
F0106_DUNGEONVIEW_TestResetToStep1_CPSF	F	DUNGEONVIEW	ATARIST.H:62	include/firestaff/dm1/v1/dungeonview_test_reset_to_step1_cpsf_pc34_compat.h	IMPLEMENTED_NARROW	Source CPSF reset transition; focused CTest.
F106_rzzz_	F	Atari ST / PRIM ABI alias	ATARIST.H:62	F0106_DUNGEONVIEW_TestResetToStep1_CPSF	IMPLEMENTED_NARROW	ABI alias resolved through source-mapped F0106.
F0107_DUNGEONVIEW_IsDrawnWallOrnamentAnAlcove_CPSF	F	DUNGEONVIEW	DUNVIEW.C:3502-3938; DUNGEON.C F0173:2758-2762	src/engine/m11_game_view.c; src/dm1/dm1_v1_ornament_cache_owner_pc34_compat.c	IMPLEMENTED_NARROW	Live DM1 wall-ornament host consumer resolves every local ordinal only through the F0173-owned DUNGEON.DAT table. Missing/unread metadata or absent local index is no-draw; the former identity ornament path is closed.
F0108_DUNGEONVIEW_DrawFloorOrnament	F	DUNGEONVIEW	DUNVIEW.C:3940-4011	src/dm1/dm1_v1_viewport_3d_pc34_compat.c	IMPLEMENTED_NARROW	F0489-selected expanded GRAPHICS.DAT ornament pixels are blitted through the source G0206 zone with C10 transparency. Missing or undersized source media is strict no-draw; no host-colored ornament substitute remains. Focused CTest covers both outcomes.
F0109_DUNGEONVIEW_DrawDoorOrnament	F	DUNGEONVIEW	DUNVIEW.C:4013-4117; DUNGEON.C F0173:2758-2762	src/engine/m11_game_view.c; src/dm1/dm1_v1_door_ornament_render_pc34_compat.c; src/dm1/dm1_v1_ornament_cache_owner_pc34_compat.c	IMPLEMENTED_NARROW	Live door-ornament handoff now requires F0173 map-local DUNGEON.DAT ownership before the F0109/F0111 panel material route may resolve an original graphic. Missing metadata is no-draw, never an identity graphic.
F0110_DUNGEONVIEW_DrawDoorButton	F	DUNGEONVIEW	DUNVIEW.C:4119-4217	src/dm1/dm1_v1_viewport_3d_pc34_compat.c	IMPLEMENTED_NARROW	Source-span C10-transparent button blit uses F0110 ordinal-to-G0208 view selection and rejects absent/undersized source spans; focused door-button CTest is registered.
F0111_DUNGEONVIEW_DrawDoor	F	DUNGEONVIEW	DUNVIEW.C:4218-4334; F0676:6272; F0677:6339	src/dm1/dm1_v1_viewport_3d_pc34_compat.c; src/engine/m11_game_view.c	IMPLEMENTED_NARROW	D3 F0676/F0677 C3700/C3710 route consumes only provider-expanded GRAPHICS.DAT G0693 or verified packed G0693 through F0128 G0074. Missing or malformed source is no-draw; the host color fallback is removed and focused viewport tests cover no-media plus both real-media handoffs.
F0112_DUNGEONVIEW_DrawCeilingPit	F	DUNGEONVIEW	DEFS.H:6983	src/dm2/dm2_v22_viewport_swap_pc34.c:506	UNCERTAIN_NUMBERED_EVIDENCE	Exact numeric token occurs in Firestaff source; this audit did not verify behavioral equivalence or implementation.
F0113_DUNGEONVIEW_DrawField	F	DUNGEONVIEW	DUNVIEW.C:4382-4474; 6213-6219	src/engine/m11_game_view.c:m11_draw_dm1_field_zone	IMPLEMENTED_NARROW	Live DM1 F0113 consumes the authenticated C076 field plus required C070..C075 projection mask transactionally at the source plan's destination zone. Missing or malformed mask is no-draw; it cannot emit an unmasked host approximation. Covered by m11_dm1_field_asset_fail_closed.
F0114_DUNGEONVIEW_GetExplosionBitmap	F	DUNGEONVIEW	DUNVIEW.C:4476-4530; 5915-6137	src/engine/m11_game_view.c:m11_draw_explosion_sprite_bound_ex	IMPLEMENTED_NARROW	Live DM1 F0114 accepts only decoded loaded-pixel PC34 explosion material before its source-shaped scale plan; the distinct D0C M636 pattern receives the same gate. Missing media is no-draw rather than an invented bloom/pattern. Covered by m11_dm1_explosion_asset_fail_closed.
F0115_DUNGEONVIEW_DrawObjectsCreaturesProjectilesExplosions_CPSEF	F	DUNGEONVIEW	DUNVIEW.C:4476-4530; 4820-5075; 5201-5463; 5645-5900	src/engine/m11_game_view.c:m11_draw_creature_sprite_ex_material;m11_draw_projectile_sprite_ex;m11_draw_thrown_object_projectile_sprite;m11_draw_item_sprite_material;src/dm1/dm1_v1_creature_render_pc34_compat.c	IMPLEMENTED_NARROW	Live DM1 C584+ creature (G0221/G0222 palette), M613 projectile, F0142/G0209 thrown-object, and C2500 floor-object routes require decoded loaded-pixel PC34 surfaces before their source zone/scale/flip plan can draw. Blank C3200/G0224 creature anchors are source no-draw, never pane-relative fallback geometry. Missing material remains no-draw; no host sprite substitute is available. Covered by m11_dm1_f0115_material_asset_fail_closed and dm1_v1_creature_render_source_lock.
F0116_DUNGEONVIEW_DrawSquareD3L	F	DUNGEONVIEW	DEFS.H:6992	src/csb/csb_v1_viewport_d3l_d3r_sidewall_backdrops_pc34_compat.c:33	UNCERTAIN_NUMBERED_EVIDENCE	Exact numeric token occurs in Firestaff source; this audit did not verify behavioral equivalence or implementation.
F0117_DUNGEONVIEW_DrawSquareD3R	F	DUNGEONVIEW	DEFS.H:6993	src/csb/csb_v1_viewport_d3l_d3r_sidewall_backdrops_pc34_compat.c:34	UNCERTAIN_NUMBERED_EVIDENCE	Exact numeric token occurs in Firestaff source; this audit did not verify behavioral equivalence or implementation.
F0118_DUNGEONVIEW_DrawSquareD3C_CPSF	F	DUNGEONVIEW	DEFS.H:6994	src/csb/csb_v1_viewport_d3c_f0107_f0108_first_backdrop_pc34_compat.c:37	UNCERTAIN_NUMBERED_EVIDENCE	Exact numeric token occurs in Firestaff source; this audit did not verify behavioral equivalence or implementation.
F0119_DUNGEONVIEW_DrawSquareD2L	F	DUNGEONVIEW	DEFS.H:6995	src/csb/csb_v1_viewport_d2l_d2r_f0107_ornament_pc34_compat.c:33	UNCERTAIN_NUMBERED_EVIDENCE	Exact numeric token occurs in Firestaff source; this audit did not verify behavioral equivalence or implementation.
F0120_DUNGEONVIEW_DrawSquareD2R_CPSF	F	DUNGEONVIEW	DEFS.H:6996	src/nexus/nexus_v1_ui_surfaces.c:7	UNCERTAIN_NUMBERED_EVIDENCE	Exact numeric token occurs in Firestaff source; this audit did not verify behavioral equivalence or implementation.
F0121_DUNGEONVIEW_DrawSquareD2C	F	DUNGEONVIEW	DEFS.H:6997	src/csb/csb_v1_viewport_d2l_d2r_f0107_ornament_pc34_compat.c:32	UNCERTAIN_NUMBERED_EVIDENCE	Exact numeric token occurs in Firestaff source; this audit did not verify behavioral equivalence or implementation.
F0122_DUNGEONVIEW_DrawSquareD1L	F	DUNGEONVIEW	DEFS.H:6998	src/csb/csb_v1_viewport_d1l2_d1r2_wall_pc34_compat.c:36	UNCERTAIN_NUMBERED_EVIDENCE	Exact numeric token occurs in Firestaff source; this audit did not verify behavioral equivalence or implementation.
F0123_DUNGEONVIEW_DrawSquareD1R	F	DUNGEONVIEW	DEFS.H:6999	src/csb/csb_v1_viewport_d1l2_d1r2_wall_pc34_compat.c:37	UNCERTAIN_NUMBERED_EVIDENCE	Exact numeric token occurs in Firestaff source; this audit did not verify behavioral equivalence or implementation.
F0124_DUNGEONVIEW_DrawSquareD1C	F	DUNGEONVIEW	DEFS.H:7000	src/csb/csb_v1_viewport_d2c_f0111_door_pc34_compat.c:49	UNCERTAIN_NUMBERED_EVIDENCE	Exact numeric token occurs in Firestaff source; this audit did not verify behavioral equivalence or implementation.
F0125_DUNGEONVIEW_DrawSquareD0L	F	DUNGEONVIEW	DEFS.H:7001	src/nexus/nexus_v1_ui_surfaces.c:7	UNCERTAIN_NUMBERED_EVIDENCE	Exact numeric token occurs in Firestaff source; this audit did not verify behavioral equivalence or implementation.
F0126_DUNGEONVIEW_DrawSquareD0R	F	DUNGEONVIEW	DEFS.H:7002	src/csb/csb_v1_viewport_d0l_d0r_f0111_door_pc34_compat.c:28	UNCERTAIN_NUMBERED_EVIDENCE	Exact numeric token occurs in Firestaff source; this audit did not verify behavioral equivalence or implementation.
F0127_DUNGEONVIEW_DrawSquareD0C	F	DUNGEONVIEW	DEFS.H:7003	src/csb/csb_v1_viewport_d3c_f0107_f0108_first_backdrop_pc34_compat.c:40	UNCERTAIN_NUMBERED_EVIDENCE	Exact numeric token occurs in Firestaff source; this audit did not verify behavioral equivalence or implementation.
F0128_DUNGEONVIEW_Draw_CPSF	F	DUNGEONVIEW	ATARIST.H:63	src/csb/csb_v1_viewport_d2l2_d2r2_wall_pc34_compat.c:8	UNCERTAIN_NUMBERED_EVIDENCE	Exact numeric token occurs in Firestaff source; this audit did not verify behavioral equivalence or implementation.
F128_rzzz_	F	Atari ST / PRIM ABI alias	ATARIST.H:63	src/csb/csb_v1_viewport_d2l2_d2r2_wall_pc34_compat.c:8	UNCERTAIN_NUMBERED_EVIDENCE	Exact numeric token occurs in Firestaff source; this audit did not verify behavioral equivalence or implementation.
F0129_VIDEO_BlitShrinkWithPaletteChanges	F	VIDEO	ACTIDRAW.C:160	src/dm1/dm1_v1_palette_changes_cursor_mask_v2_pc34_compat.c:9	UNCERTAIN_NUMBERED_EVIDENCE	Exact numeric token occurs in Firestaff source; this audit did not verify behavioral equivalence or implementation.
F129_szzz_	F	Atari ST / PRIM ABI alias	ATARIST.H:64	src/dm1/dm1_v1_palette_changes_cursor_mask_v2_pc34_compat.c:9	UNCERTAIN_NUMBERED_EVIDENCE	Exact numeric token occurs in Firestaff source; this audit did not verify behavioral equivalence or implementation.
F0130_VIDEO_FlipHorizontal	F	VIDEO	BASE.C:1574	src/dm1/dm1_v1_viewport_f0099_row_local_flip_pc34_compat.c:10	UNCERTAIN_NUMBERED_EVIDENCE	Exact numeric token occurs in Firestaff source; this audit did not verify behavioral equivalence or implementation.
F0131_VIDEO_FlipVertical	F	VIDEO	BASE.C:1580	src/dm1/dm1_v1_viewport_3d_pc34_compat.c:3559	UNCERTAIN_NUMBERED_EVIDENCE	Exact numeric token occurs in Firestaff source; this audit did not verify behavioral equivalence or implementation.
F0132_VIDEO_Blit	F	VIDEO	ANIM.C:283	src/nexus/nexus_v1_rasterizer.c:8	UNCERTAIN_NUMBERED_EVIDENCE	Exact numeric token occurs in Firestaff source; this audit did not verify behavioral equivalence or implementation.
F132_xzzz_	F	Atari ST / PRIM ABI alias	ATARIST.H:65	src/nexus/nexus_v1_rasterizer.c:8	UNCERTAIN_NUMBERED_EVIDENCE	Exact numeric token occurs in Firestaff source; this audit did not verify behavioral equivalence or implementation.
F0133_VIDEO_BlitBoxFilledWithMaskedBitmap	F	VIDEO	BLITMASK.C:33	src/dm1/dm1_v1_chest_scroll_wheel_pull_from_chest_pc34_compat.c:31	UNCERTAIN_NUMBERED_EVIDENCE	Exact numeric token occurs in Firestaff source; this audit did not verify behavioral equivalence or implementation.
F0134_VIDEO_FillBitmap	F	VIDEO	ACTIDRAW.C:255	include/video_f0134_fill_bitmap_bounded_pc34_compat.h	IMPLEMENTED_NARROW	Source planar bitmap fill; focused CTest.
F134_zzzz_	F	Atari ST / PRIM ABI alias	ATARIST.H:66	F0134_VIDEO_FillBitmap	IMPLEMENTED_NARROW	ABI alias resolved through source-mapped F0134.
F0135_VIDEO_FillBox	F	VIDEO	ANIMTOWN.C:672	include/dm1_f0135_video_fillbox_planar_20260714_pc34_compat.h	IMPLEMENTED_NARROW	Source four-plane fill-box implementation; focused CTest.
F135_xzzz_	F	Atari ST / PRIM ABI alias	ATARIST.H:67	F0135_VIDEO_FillBox	IMPLEMENTED_NARROW	ABI alias resolved through source-mapped F0135.
F0136_VIDEO_HatchScreenBox	F	VIDEO	ACTIDRAW.C:285	src/dm1/dm1_v1_box_action_area_pc34_compat.c:13	UNCERTAIN_NUMBERED_EVIDENCE	Exact numeric token occurs in Firestaff source; this audit did not verify behavioral equivalence or implementation.
F136_nzzz_	F	Atari ST / PRIM ABI alias	ATARIST.H:68	src/dm1/dm1_v1_box_action_area_pc34_compat.c:13	UNCERTAIN_NUMBERED_EVIDENCE	Exact numeric token occurs in Firestaff source; this audit did not verify behavioral equivalence or implementation.
F0137_CPSEF_PatchFunctionWithHiddenCodeLauncher	F	CPSEF	ATARIST.H:69	src/dm1/dm1_v1_viewport_3d_pc34_compat.c:3560	UNCERTAIN_NUMBERED_EVIDENCE	Exact numeric token occurs in Firestaff source; this audit did not verify behavioral equivalence or implementation.
F137_pzzz_	F	Atari ST / PRIM ABI alias	ATARIST.H:69	src/dm1/dm1_v1_viewport_3d_pc34_compat.c:3560	UNCERTAIN_NUMBERED_EVIDENCE	Exact numeric token occurs in Firestaff source; this audit did not verify behavioral equivalence or implementation.
F0139_DUNGEON_IsCreatureAllowedOnMap	F	DUNGEON	DUNGEON.C:1052-1079	src/dm1/dm1_v1_dungeon_thing_data_pc34_compat.c; src/memory/memory_tick_orchestrator_pc34_compat.c	IMPLEMENTED_NARROW	DM1 reads raw C04 GROUP.Type through F0156-owned Thing data and scans only the target map's loaded DUNGEON.DAT allowed-creature list. Missing raw group records, non-group Things, invalid maps, and malformed creature-count metadata fail closed; the M10 F0267 group move/generator route consumes the source-named helper after generated groups write their raw C04 record. Covered by dm1_v1_f0139_creature_allowed_on_map_pc34_compat.
F139_aqzz_	F	Atari ST / PRIM ABI alias	ATARIST.H:70	include/dm1_v1_game_over_pc34_compat.h:5	UNCERTAIN_NUMBERED_EVIDENCE	Exact numeric token occurs in Firestaff source; this audit did not verify behavioral equivalence or implementation.
F0140_DUNGEON_GetObjectWeight	F	DUNGEON	DUNGEON.C:1082-1133	src/dm1/dm1_v1_throw_shoot_pc34_compat.c	IMPLEMENTED_NARROW	DM1 raw F0156 object-weight route covers G0238 weapons, G0239 armour, G0241 junk/waterskin charges, raw potion/scroll rows, and raw CONTAINER.Slot recursion through F0159. Missing, invalid, and cyclic records fail closed; separately-owned live inventory consumers remain open.
F140_yzzz_	F	Atari ST / PRIM ABI alias	ATARIST.H:71	src/csb/csb_v1_character_pc34_compat.c:188	UNCERTAIN_NUMBERED_EVIDENCE	Exact numeric token occurs in Firestaff source; this audit did not verify behavioral equivalence or implementation.
F0141_DUNGEON_GetObjectInfoIndex	F	DUNGEON	DUNGEON.C:1136-1165	src/dm1/dm1_v1_dungeon_thing_data_pc34_compat.c; src/engine/m11_game_view.c	IMPLEMENTED_NARROW	DM1 PC3.4 raw Thing type/subtype arithmetic maps to G0237 object-info rows; F0115 candidate subtype, F0033 icon resolution, and M11 F0302/F0303 AllowedSlots placement now share this raw source boundary.
F141_anzz_	F	Atari ST / PRIM ABI alias	ATARIST.H:72	src/csb/csb_v1_runtime_pc34_compat.c:9861	UNCERTAIN_NUMBERED_EVIDENCE	Exact numeric token occurs in Firestaff source; this audit did not verify behavioral equivalence or implementation.
F0142_DUNGEON_GetProjectileAspect	F	DUNGEON	DUNGEON.C:1165-1224	src/dm1/dm1_v1_projectile_explosion_render_pc34_compat.c:122	IMPLEMENTED_NARROW	DM1 F0142 preserves the signed PROJECTIL_ASPECT/OBJECT_ASPECT result and rejects malformed C05..C0B subtypes before F0115 selects M613 or G0209/M612 material; focused F0142/F0115 tests pass.
F142_aqzz_	F	Atari ST / PRIM ABI alias	ATARIST.H:73	src/csb/csb_v1_viewport_f0115_projectile_metadata_pc34_compat.c:18	UNCERTAIN_NUMBERED_EVIDENCE	Exact numeric token occurs in Firestaff source; this audit did not verify behavioral equivalence or implementation.
F0143_DUNGEON_GetArmourDefense	F	DUNGEON	DUNGEON.C:1230-1245	src/dm1/dm1_v1_combat_pc34_compat.c	IMPLEMENTED_NARROW	DM1 ports exact base and sharp-defense scaled-product behavior; F0156-owned raw ARMOUR.Type indexes the complete G0239 row and invalid/missing data fails closed. Live champion inventory snapshot ownership remains separate.
F143_mzzz_	F	Atari ST / PRIM ABI alias	ATARIST.H:74	src/dm1/dm1_v1_combat_pc34_compat.c:78	UNCERTAIN_NUMBERED_EVIDENCE	Exact numeric token occurs in Firestaff source; this audit did not verify behavioral equivalence or implementation.
F0144_DUNGEON_GetCreatureAttributes	F	DUNGEON	DUNGEON.C:1247-1264	src/dm1/dm1_v1_dungeon_thing_data_pc34_compat.c	IMPLEMENTED_NARROW	DM1 reads F0156-owned PC3.4 C04 GROUP.Type at raw byte 4 and returns the exact G0243 Attributes row. Missing, non-group, and out-of-range records fail closed; separately-owned live M10 consumers remain open.
F144_amzz_	F	Atari ST / PRIM ABI alias	ATARIST.H:75	src/dm1/dm1_v1_melee_action_f0402_pc34_compat.c:2124	UNCERTAIN_NUMBERED_EVIDENCE	Exact numeric token occurs in Firestaff source; this audit did not verify behavioral equivalence or implementation.
F0145_DUNGEON_GetGroupCells	F	DUNGEON	DUNGEON.C F0145	src/dm1/dm1_v1_dungeon_thing_data_pc34_compat.c	IMPLEMENTED_NARROW	DM1 reads raw C04 Cells off-party and matching active state on party map; no missing-active fallback. Focused CTest.
F145_rzzz_	F	Atari ST / PRIM ABI alias	ATARIST.H:76	F0145_DUNGEON_GetGroupCells	IMPLEMENTED_NARROW	ABI alias resolved through source-mapped F0145.
F0146_DUNGEON_SetGroupCells	F	DUNGEON	DUNGEON.C F0146	src/dm1/dm1_v1_dungeon_thing_data_pc34_compat.c	IMPLEMENTED_NARROW	DM1 writes raw C04 Cells off-party or active state on party map; F0262 consumes it. Focused CTest.
F146_aczz_	F	Atari ST / PRIM ABI alias	ATARIST.H:77	src/nexus/nexus_v1_game.c:9	UNCERTAIN_NUMBERED_EVIDENCE	Exact numeric token occurs in Firestaff source; this audit did not verify behavioral equivalence or implementation.
F0147_DUNGEON_GetGroupDirections	F	DUNGEON	DUNGEON.C F0147	src/dm1/dm1_v1_dungeon_thing_data_pc34_compat.c	IMPLEMENTED_NARROW	DM1 uses G0258 direction expansion off-party and matching packed active directions on party map; F0262 consumes it. Focused CTest.
F147_aawz_	F	Atari ST / PRIM ABI alias	ATARIST.H:78	F0147_DUNGEON_GetGroupDirections	IMPLEMENTED_NARROW	ABI alias resolved through source-mapped F0147.
F0148_DUNGEON_SetGroupDirections	F	DUNGEON	DUNGEON.C F0148	src/dm1/dm1_v1_dungeon_thing_data_pc34_compat.c	IMPLEMENTED_NARROW	DM1 writes normalized raw Direction off-party or packed active Directions on party map; unsupported active high byte rejects. Focused CTest.
F148_aayz_	F	Atari ST / PRIM ABI alias	ATARIST.H:79	src/csb/csb_v1_dungeon_loader_pc34_compat.c:9	UNCERTAIN_NUMBERED_EVIDENCE	Exact numeric token occurs in Firestaff source; this audit did not verify behavioral equivalence or implementation.
F0149_DUNGEON_IsWallOrnamentAnAlcove	F	DUNGEON	ATARIST.H:80	src/dm1/dm1_v1_random_ornament_pc34_compat.c:5	IMPLEMENTED_NARROW	Exact DUNGEON.C:1330-1348 zero-based current-map alcove-list search. Negative indices and missing/empty lists fail closed; no fixed ornament IDs are admitted. Focused DM1 test covers accepted and rejected map lists. Legacy global caller reports no alcove until supplied F0174 current-map metadata.
F149_aawz_	F	Atari ST / PRIM ABI alias	ATARIST.H:80	src/csb/csb_v1_movement_command_rotation_between_steps_runtime_pc34_compat.c:50	UNCERTAIN_NUMBERED_EVIDENCE	Exact numeric token occurs in Firestaff source; this audit did not verify behavioral equivalence or implementation.
F0150_DUNGEON_UpdateMapCoordinatesAfterRelativeMovement	F	DUNGEON	ATARIST.H:81	src/dm1/dm1_v1_dungeon_square_structs_pc34_compat.c	VERIFIED_SOURCE_MAPPING	DM1-owned wrapper and tests/test_dm1_v1_dungeon_f0150_f0153_pc34_compat.c verify the ReDMCSB relative coordinate transform.
F150_wzzz_	F	Atari ST / PRIM ABI alias	ATARIST.H:81	src/csb/csb_v1_movement_command_rotation_between_steps_runtime_pc34_compat.c:49	UNCERTAIN_NUMBERED_EVIDENCE	Exact numeric token occurs in Firestaff source; this audit did not verify behavioral equivalence or implementation.
F0151_DUNGEON_GetSquare	F	DUNGEON	ATARIST.H:82	src/dm1/dm1_v1_dungeon_square_structs_pc34_compat.c	VERIFIED_SOURCE_MAPPING	DM1-owned wrapper and tests/test_dm1_v1_dungeon_f0150_f0153_pc34_compat.c verify column-major lookup and edge-wall behavior.
F151_rzzz_	F	Atari ST / PRIM ABI alias	ATARIST.H:82	src/csb/csb_v1_movement_command_rotation_between_steps_runtime_pc34_compat.c:51	UNCERTAIN_NUMBERED_EVIDENCE	Exact numeric token occurs in Firestaff source; this audit did not verify behavioral equivalence or implementation.
F0152_DUNGEON_GetRelativeSquare	F	DUNGEON	DEFS.H:7262	src/dm1/dm1_v1_dungeon_square_structs_pc34_compat.c	VERIFIED_SOURCE_MAPPING	DM1-owned wrapper and tests/test_dm1_v1_dungeon_f0150_f0153_pc34_compat.c verify relative-square lookup.
F0153_DUNGEON_GetRelativeSquareType	F	DUNGEON	ATARIST.H:83	src/dm1/dm1_v1_dungeon_square_structs_pc34_compat.c	VERIFIED_SOURCE_MAPPING	DM1-owned wrapper and tests/test_dm1_v1_dungeon_f0150_f0153_pc34_compat.c verify relative square type extraction.
F153_yzzz_	F	Atari ST / PRIM ABI alias	ATARIST.H:83	src/csb/csb_v1_viewport_d3l2_d3r2_wall_pc34_compat.c:28	UNCERTAIN_NUMBERED_EVIDENCE	Exact numeric token occurs in Firestaff source; this audit did not verify behavioral equivalence or implementation.
F0154_DUNGEON_GetLocationAfterLevelChange	F	DUNGEON	ATARIST.H:84	src/dm1/dm1_v1_dungeon_stairs_pc34_compat.c:10	IMPLEMENTED_NARROW	DM1 movement core consumes the direct DUNGEON.C:1508-1558 port: map offsets convert local to global coordinates and a loaded target map must cover the requested source level. Missing maps or tile data fail closed; DUN-06b regression covers offset selection and an absent target.
F154_afzz_	F	Atari ST / PRIM ABI alias	ATARIST.H:84	src/csb/csb_v1_runtime_pc34_compat.c:2481	UNCERTAIN_NUMBERED_EVIDENCE	Exact numeric token occurs in Firestaff source; this audit did not verify behavioral equivalence or implementation.
F0155_DUNGEON_GetStairsExitDirection	F	DUNGEON	ATARIST.H:85	src/dm1/dm1_v1_dungeon_stairs_pc34_compat.c:55	IMPLEMENTED_NARROW	DM1 movement core consumes the direct DUNGEON.C:1560-1582 port over raw PC3.4 stairs squares. It retains the F0151 out-of-bounds-wall rule and fails closed without source data; DUN-06b regression covers orientation and blocked/open exits.
F155_ahzz_	F	Atari ST / PRIM ABI alias	ATARIST.H:85	src/nexus/nexus_v1_world.c:136	UNCERTAIN_NUMBERED_EVIDENCE	Exact numeric token occurs in Firestaff source; this audit did not verify behavioral equivalence or implementation.
F0156_DUNGEON_GetThingData	F	DUNGEON	ATARIST.H:86	src/dm1/dm1_v1_dungeon_thing_data_pc34_compat.c:3	IMPLEMENTED_NARROW	DM1 consumes the direct DUNGEON.C:1584-1638 G0284 base plus G0235 record-stride lookup in the live F0157 door-button path. Only loaded raw PC3.4 records are admitted; absent, reserved, and out-of-range references return no data. DUN-07 regression verifies exact type/index/cell handling.
F156_afzz_	F	Atari ST / PRIM ABI alias	ATARIST.H:86	src/csb/csb_v1_dungeon_loader_pc34_compat.c:11	UNCERTAIN_NUMBERED_EVIDENCE	Exact numeric token occurs in Firestaff source; this audit did not verify behavioral equivalence or implementation.
F0157_DUNGEON_GetSquareFirstThingData	F	DUNGEON	ATARIST.H:87	src/dm1/dm1_v1_collision_door_pc34_compat.c:113	IMPLEMENTED_NARROW	DM1 door-button click path now performs the exact F0157 composition: source-locked F0161 loaded G0280/SquareFirstThings lookup followed by raw PC34 DOOR record access. It rejects absent SFT, raw record, and Button bit rather than rebuilding a dense index or admitting decoded host data. Focused CTest covers raw Button acceptance and missing-source rejection.
F157_rzzz_	F	Atari ST / PRIM ABI alias	ATARIST.H:87	src/dm1/dm1_v1_collision_door_pc34_compat.c:33	UNCERTAIN_NUMBERED_EVIDENCE	Exact numeric token occurs in Firestaff source; this audit did not verify behavioral equivalence or implementation.
F0158_DUNGEON_GetWeaponInfo	F	DUNGEON	AMMO.C:52	src/dm1/dm1_v1_dungeon_weapon_info_pc34_compat.c:7	IMPLEMENTED_NARROW	DM1 ports DUNGEON.C:1651-1661: F0156 supplies the raw PC3.4 WEAPON.Type and the source G0238 46-entry table supplies WeaponInfo. Non-weapons, absent raw records, and out-of-range types fail closed; DUN-07 regression proves a real table row and invalid refusal.
F158_ayzz_	F	Atari ST / PRIM ABI alias	ATARIST.H:88	src/dm1/dm1_v1_champion_panel_ammunition_compatibility_pc34_compat.c:17	UNCERTAIN_NUMBERED_EVIDENCE	Exact numeric token occurs in Firestaff source; this audit did not verify behavioral equivalence or implementation.
F0159_DUNGEON_GetNextThing	F	DUNGEON	DUNGEON.C:1664-1676	src/memory/memory_dungeon_dat_pc34_compat.c:1713	IMPLEMENTED_NARROW	F0512 reads the exact little-endian Generic.Next word from the source Thing-type record after validating the loaded PC3.4 bounds. F0162's focused static-chain regression verifies consumption; invalid/missing source records end the chain rather than supplying a replacement link.
F159_rzzz_	F	Atari ST / PRIM ABI alias	ATARIST.H:89	src/csb/csb_v1_dungeon_loader_pc34_compat.c:34	UNCERTAIN_NUMBERED_EVIDENCE	Exact numeric token occurs in Firestaff source; this audit did not verify behavioral equivalence or implementation.
F0160_DUNGEON_GetSquareFirstThingIndex	F	DUNGEON	DEFS.H:7315	src/memory/memory_dungeon_dat_pc34_compat.c:500	IMPLEMENTED_NARROW	Consumes the loaded PC3.4 G0280 per-column cumulative SquareFirstThing base and counts only preceding flagged rows, matching DUNGEON.C F0160. Real HoC C127 corpus coverage and the C13/C24/C25/C29/C65 original-save handoff/export regression pass; no dense lookup is accepted.
F0161_DUNGEON_GetSquareFirstThing	F	DUNGEON	ATARIST.H:90	src/memory/memory_dungeon_dat_pc34_compat.c:568	IMPLEMENTED_NARROW	Uses the F0160 compact index to read the PC3.4 SquareFirstThings table. M11 HoC C127 C346/C026 and original-save C13/C24/C25/C29/C65 source-owner regressions pass through loaded G0280, without a replacement SFT path.
F161_szzz_	F	Atari ST / PRIM ABI alias	ATARIST.H:90	src/csb/csb_v1_dungeon_loader_pc34_compat.c:34	UNCERTAIN_NUMBERED_EVIDENCE	Exact numeric token occurs in Firestaff source; this audit did not verify behavioral equivalence or implementation.
F0162_DUNGEON_GetSquareFirstObject	F	DUNGEON	DUNGEON.C:1752-1766	src/memory/memory_dungeon_dat_pc34_compat.c:1730	IMPLEMENTED_NARROW	F0513 calls loaded F0161 then exact F0159 links while Thing type is below C04_GROUP, returning the first live group/object or THING_ENDOFLIST. Focused DM1 DUN07 coverage proves G0280/SFT selection, C00/C02/C03 skipping, and no-object exhaustion without a fallback.
F162_afzz_	F	Atari ST / PRIM ABI alias	ATARIST.H:91	src/dm1/dm1_v1_sensor_trigger_pc34_compat.c:373	UNCERTAIN_NUMBERED_EVIDENCE	Exact numeric token occurs in Firestaff source; this audit did not verify behavioral equivalence or implementation.
F0163_DUNGEON_LinkThingToList	F	DUNGEON	ATARIST.H:92	src/memory/memory_dungeon_dat_pc34_compat.c:F0514_DUNGEON_LinkThingToList_Compat	IMPLEMENTED_NARROW	Exact DUNGEON.C:1769-1838 compact G0280/SFT insertion and Generic.Next tail append over loaded PC34 data; rejects invalid/full SFT state rather than preserving original BUG0_08 memory corruption. Focused DM1 DUN07 CTest.
F163_amzz_	F	Atari ST / PRIM ABI alias	ATARIST.H:92	src/csb/csb_v1_movement_command_rotation_between_steps_runtime_pc34_compat.c:52	UNCERTAIN_NUMBERED_EVIDENCE	Exact numeric token occurs in Firestaff source; this audit did not verify behavioral equivalence or implementation.
F0164_DUNGEON_UnlinkThingFromList	F	DUNGEON	ATARIST.H:93	src/memory/memory_dungeon_dat_pc34_compat.c:F0515_DUNGEON_UnlinkThingFromList_Compat	IMPLEMENTED_NARROW	Exact DUNGEON.C:1840-1905 compact SFT removal/head replacement/predecessor unlink over loaded PC34 data, retaining type+index comparison and raw Generic.Next synchronization. Focused DM1 DUN07 CTest.
F164_dzzz_	F	Atari ST / PRIM ABI alias	ATARIST.H:93	src/csb/csb_v1_viewport_d2c_f0111_door_front_pc34_compat.c:32	UNCERTAIN_NUMBERED_EVIDENCE	Exact numeric token occurs in Firestaff source; this audit did not verify behavioral equivalence or implementation.
F0165_DUNGEON_GetDiscardedThing	F	DUNGEON	DEFS.H:7344	include/dm1_csb_f0165_dungeon_discarded_thing_pc34_compat.h	IMPLEMENTED_NARROW	Source-locked discard-selection adapter; focused CTest.
F0166_DUNGEON_GetUnusedThing	F	DUNGEON	ATARIST.H:94	src/memory/memory_dungeon_dat_pc34_compat.c:F0516_DUNGEON_GetUnusedThing_Compat	IMPLEMENTED_NARROW	Exact DUNGEON.C:2077-2137 raw-record allocator, including normal JUNK three-record bones reserve and caller-owned real F0165 discard callback. Clears canonical raw and decoded record before writing ENDOFLIST. Focused DM1 DUN07 CTest.
F166_szzz_	F	Atari ST / PRIM ABI alias	ATARIST.H:94	src/csb/csb_v1_runtime_pc34_compat.c:6069	UNCERTAIN_NUMBERED_EVIDENCE	Exact numeric token occurs in Firestaff source; this audit did not verify behavioral equivalence or implementation.
F0167_DUNGEON_GetObjectForProjectileLauncherOrObjectGenerator	F	DUNGEON	ATARIST.H:95	src/memory/memory_dungeon_dat_pc34_compat.c:F0517_DUNGEON_GetObjectForProjectileLauncherOrObjectGenerator_Compat	IMPLEMENTED_NARROW	Exact DUNGEON.C:2140-2200 C007/C009 icon subset and F0166 raw-record allocation. Only torch/dagger/arrow/slayer/rock/poison-dart/star/boulder source icons are admitted; no generic-icon object creation. Focused DM1 DUN07 CTest.
F167_aozz_	F	Atari ST / PRIM ABI alias	ATARIST.H:95	src/csb/csb_v1_runtime_pc34_compat.c:5921	UNCERTAIN_NUMBERED_EVIDENCE	Exact numeric token occurs in Firestaff source; this audit did not verify behavioral equivalence or implementation.
F0168_DUNGEON_DecodeText	F	DUNGEON	ATARIST.H:96	src/dm1/dm1_v1_inscription_host_material_pc34_compat.c;src/dm1/dm1_v1_wall_inscription_presentation_pc34_compat.c;src/engine/m11_game_view.c	IMPLEMENTED_NARROW	DM1 HoC wall-inscription material reads Visible/TextDataWordOffset from the loaded raw PC3.4 G0284 TEXTSTRING record before source glyph decoding and F0107 M648/C10 receipt construction. M11 front, side, and depth consumers use the exact F0172-selected G0290 TextString and fail closed instead of scanning another visible list member; unreadable side/depth receipts retain the actual G0205 geometry, C10 key, and F0107 palette map. The decoded loader mirror is not consulted. Real-DUNGEON.DAT regression corrupts only that mirror and locks identical material. Message/scroll consumers remain separately owned.
F168_ajzz_	F	Atari ST / PRIM ABI alias	ATARIST.H:96	src/engine/m11_game_view.c:10791	UNCERTAIN_NUMBERED_EVIDENCE	Exact numeric token occurs in Firestaff source; this audit did not verify behavioral equivalence or implementation.
F0169_DUNGEON_GetRandomOrnamentIndex	F	DUNGEON	DEFS.H:7362	src/dm1/dm1_v1_random_ornament_pc34_compat.c:5	IMPLEMENTED_NARROW	Exact DUNGEON.C:2371-2379 deterministic seed/value/modulo calculation. The DM1 focused test locks two seeded vectors and invalid-modulo refusal; later viewport integration must consume this routine rather than a copied formula.
F0170_DUNGEON_GetRandomOrnamentOrdinal	F	DUNGEON	DEFS.H:7363	src/dm1/dm1_v1_random_ornament_pc34_compat.c:22	IMPLEMENTED_NARROW	Exact DUNGEON.C:2382-2404 source random-allowed/count gate and one-based ordinal conversion over F0169. The DM1 focused test locks admission, count rejection, and no-map-metadata refusal; it creates no ornament data.
F0171_DUNGEON_SetSquareAspectRandomWallOrnamentOrdinals	F	DUNGEON	DEFS.H:7364	src/dm1/dm1_v1_random_ornament_pc34_compat.c:79	IMPLEMENTED_NARROW	Exact PC3.4 MEDIA720 DUNGEON.C:2407-2462 aspect sequence: back/right/front/left ordinals consume F0170 with source Y/direction progression, and F0149 removes only out-of-map random alcoves from source-supplied map indices. Focused DM1 test locks ordering and the out-of-bounds gate; live viewport consumption remains separate.
F0172_DUNGEON_SetSquareAspect	F	DUNGEON	ATARIST.H:97	src/dm1/dm1_v1_champion_mirror_pc34_compat.c:230;src/engine/m11_game_view.c:20304;src/engine/m11_game_view.c:22700;src/engine/m11_game_view.c:22968	IMPLEMENTED_NARROW	DM1 C127 front-wall receipt consumes the F0160/F0161 compact PC3.4 path in M11 and renders the original C346 backing before C026. DUNVIEW.C:3922 reaches F0791: the verified native C346 48x43 source is scaled only into G0205's 64x43 D1C destination, never treated as an invalid 64-pixel source crop. The live D1C consumer fails closed before C026 when C346 cannot draw, validates C026 as its exact native 8x3 atlas cell, then leaves C026 raw indices for F0097's final viewport palette. A frame-local M11 receipt is published only after both C346 and C026 blits succeed, carrying their exact material/key/palette/source/destination geometry so stale or partial material cannot pass as a visible mirror. C127 is suppressed from the generic F0107 D2/D3/side ornament loop: DUNVIEW.C:3913-3928 is the only C346/C026 consumer. The real HoC corpus regression verifies source pose, SFT reachability, backing pixels, and the consumed live receipt without a substitute portrait.
F172_awzz_	F	Atari ST / PRIM ABI alias	ATARIST.H:97	src/csb/csb_v1_viewport_d2c_f0111_door_front_pc34_compat.c:31	UNCERTAIN_NUMBERED_EVIDENCE	Exact numeric token occurs in Firestaff source; this audit did not verify behavioral equivalence or implementation.
F0173_DUNGEON_SetCurrentMap	F	DUNGEON	ATARIST.H:98	src/dm1/dm1_v1_dungeon_data_pc34_compat.c; tests/test_dm1_v1_f0173_f0174_current_map_pc34_compat.c	VERIFIED_SOURCE_MAPPING	DM1 source-named receipt updates only current-map index/dimensions through the loaded PC34 dungeon header and leaves party map/x/y/direction untouched. Invalid maps reject before mutation. Covered by dm1_v1_f0173_f0174_current_map_pc34_compat.
F173_gzzz_	F	Atari ST / PRIM ABI alias	ATARIST.H:98	src/csb/csb_v1_boot.c:7107	UNCERTAIN_NUMBERED_EVIDENCE	Exact numeric token occurs in Firestaff source; this audit did not verify behavioral equivalence or implementation.
F0174_DUNGEON_SetCurrentMapAndPartyMap	F	DUNGEON	ATARIST.H:99	src/dm1/dm1_v1_dungeon_data_pc34_compat.c; tests/test_dm1_v1_f0173_f0174_current_map_pc34_compat.c	VERIFIED_SOURCE_MAPPING	DM1 source-named receipt composes F0173 then updates the party map metadata only, preserving party x/y/direction and rejecting invalid target maps without partial mutation. Covered by dm1_v1_f0173_f0174_current_map_pc34_compat.
F174_aozz_	F	Atari ST / PRIM ABI alias	ATARIST.H:99	src/csb/csb_v1_viewport_f0108_footprints_pc34_compat.c:38	UNCERTAIN_NUMBERED_EVIDENCE	Exact numeric token occurs in Firestaff source; this audit did not verify behavioral equivalence or implementation.
F0175_GROUP_GetThing	F	GROUP	GROUP.C:52-65	src/dm1/dm1_v1_dungeon_thing_data_pc34_compat.c	IMPLEMENTED_NARROW	DM1 starts only from loaded F0161 compact SFT data and advances raw F0159 Generic.Next records until C04 GROUP or ENDOFLIST. Missing/invalid source chains produce ENDOFLIST; no decoded group-list substitute is used.
F175_gzzz_	F	Atari ST / PRIM ABI alias	ATARIST.H:100	src/csb/csb_v1_dungeon_world_pc34_compat.c:46	UNCERTAIN_NUMBERED_EVIDENCE	Exact numeric token occurs in Firestaff source; this audit did not verify behavioral equivalence or implementation.
F0176_GROUP_GetCreatureOrdinalInCell	F	GROUP	GROUP.C:69-107	src/dm1/dm1_v1_dungeon_thing_data_pc34_compat.c	IMPLEMENTED_NARROW	DM1 reads the raw C04 Count and F0144 G0243 size, applies the exact centered/full/half-square cell scan, and returns the source one-based ordinal. F0145/F0147 effective cells/directions remain caller-owned; invalid source records return no ordinal rather than a decoded slot.
F176_avzz_	F	Atari ST / PRIM ABI alias	ATARIST.H:101	src/dm1/dm1_v1_combat_pc34_compat.c:870	UNCERTAIN_NUMBERED_EVIDENCE	Exact numeric token occurs in Firestaff source; this audit did not verify behavioral equivalence or implementation.
F0177_GROUP_GetMeleeTargetCreatureOrdinal	F	GROUP	GROUP.C:109-158; PROJEXPL.C:1284-1305	src/dm1/dm1_v1_dungeon_thing_data_pc34_compat.c	IMPLEMENTED_NARROW	DM1 joins F0175 raw square lookup, F0228's direct cardinal melee direction, F0229's original G0023 row, and F0176 raw cell selection. Diagonal/non-adjacent and missing-C04 targets fail closed; F0145/F0147 effective values remain caller-owned.
F177_aszz_	F	Atari ST / PRIM ABI alias	ATARIST.H:102	src/dm1/dm1_v1_combat_pc34_compat.c:900	UNCERTAIN_NUMBERED_EVIDENCE	Exact numeric token occurs in Firestaff source; this audit did not verify behavioral equivalence or implementation.
F0178_GROUP_GetGroupValueUpdatedWithCreatureValue	F	GROUP	GROUP.C:174-185	src/dm1/dm1_v1_teleporter_pit_pc34_compat.c	IMPLEMENTED_NARROW	DM1 ports the exact two-bit replacement expression and the live F0262 group-teleporter route uses it for packed directions and non-centered cells. Caller-owned 0..3 creature indices follow the original precondition; no default packed value is supplied.
F178_aazz_	F	Atari ST / PRIM ABI alias	ATARIST.H:103	src/dm1/dm1_v1_creature_render_pc34_compat.c:754	UNCERTAIN_NUMBERED_EVIDENCE	Exact numeric token occurs in Firestaff source; this audit did not verify behavioral equivalence or implementation.
F0179_GROUP_GetCreatureAspectUpdateTime	F	GROUP	GROUP.C:187-308	src/dm1/dm1_v1_group_active_state_pc34_compat.c	VERIFIED_SOURCE_MAPPING	DM1 ports the source ACTIVE_GROUP aspect update boundary over caller-owned raw C04 group data, a caller-selected G0243 creature-info row, explicit GameTime, and caller RNG. It preserves the group-sentinel scan, attack/non-attack latch and flip rules, horizontal/vertical offset draws, and AnimationTicks cadence; invalid C04/count/index inputs fail closed before mutation. Covered by test_dm1_v1_group_active_state_pc34_compat.
F0180_GROUP_StartWandering	F	GROUP	GROUP.C:311-340	src/dm1/dm1_v1_group_active_state_pc34_compat.c; src/memory/memory_tick_orchestrator_pc34_compat.c	VERIFIED_SOURCE_MAPPING	DM1 source-named wrapper builds the C37 creature tick/wander event at GameTime+1 with source map square, group index, and creature type; invalid references fail closed before event construction. Covered by test_dm1_v1_group_active_state_pc34_compat and F0195 active-group map activation.
F180_hzzz_	F	Atari ST / PRIM ABI alias	ATARIST.H:104	src/csb/csb_v1_runtime_pc34_compat.c:12330	UNCERTAIN_NUMBERED_EVIDENCE	Exact numeric token occurs in Firestaff source; this audit did not verify behavioral equivalence or implementation.
F0181_GROUP_DeleteEvents	F	GROUP	GROUP.C:340-371	src/dm1/dm1_v1_event_timer_pc34_compat.c	IMPLEMENTED_NARROW	DM1 walks the source event-record range and deletes every C29..C41 entry whose map, X and Y equal the supplied current-map square, including C32..C36 aspect events. Other squares and maps remain; queue deletion preserves the F0237 heap repair contract.
F181_czzz_	F	Atari ST / PRIM ABI alias	ATARIST.H:105	src/csb/csb_v1_runtime_pc34_compat.c:6412	UNCERTAIN_NUMBERED_EVIDENCE	Exact numeric token occurs in Firestaff source; this audit did not verify behavioral equivalence or implementation.
F0182_GROUP_StopAttacking	F	GROUP	ATARIST.H:106	include/csb_v1_f0182_group_stop_attacking_pc34_compat.h	IMPLEMENTED_NARROW	Source-locked group attack stop adapter; focused CTest.
F182_aqzz_	F	Atari ST / PRIM ABI alias	ATARIST.H:106	F0182_GROUP_StopAttacking	IMPLEMENTED_NARROW	ABI alias resolved through source-mapped F0182.
F0183_GROUP_AddActiveGroup	F	GROUP	GROUP.C:414-447	src/dm1/dm1_v1_group_active_state_pc34_compat.c	VERIFIED_SOURCE_MAPPING	DM1 source-named wrapper admits only caller-owned decoded C04 group data, packs the raw group direction across the live creature slots, stores source square/time state, fails closed at active-group capacity, and publishes a focused receipt. Covered by test_dm1_v1_group_active_state_pc34_compat.
F183_kzzz_	F	Atari ST / PRIM ABI alias	ATARIST.H:107	src/nexus/nexus_v1_creatures.c:43	UNCERTAIN_NUMBERED_EVIDENCE	Exact numeric token occurs in Firestaff source; this audit did not verify behavioral equivalence or implementation.
F0184_GROUP_RemoveActiveGroup	F	GROUP	GROUP.C:447-479	src/dm1/dm1_v1_group_active_state_pc34_compat.c; src/dm1/dm1_v1_creature_ai_behavior_pc34_compat.c	VERIFIED_SOURCE_MAPPING	DM1 source-named wrapper writes active cells and low packed direction back to the referenced C04 record, resets C4+ behavior to wander, retires the active slot, and rejects out-of-range C04 references before mutation. Covered by test_dm1_v1_group_active_state_pc34_compat and F0194 remove-all tests.
F184_ahzz_	F	Atari ST / PRIM ABI alias	ATARIST.H:108	src/csb/csb_v1_runtime_pc34_compat.c:6550	UNCERTAIN_NUMBERED_EVIDENCE	Exact numeric token occurs in Firestaff source; this audit did not verify behavioral equivalence or implementation.
F0185_GROUP_GetGenerated	F	GROUP	GROUP.C:510-560	src/memory/memory_runtime_dynamics_pc34_compat.c; src/memory/memory_tick_orchestrator_pc34_compat.c; src/dm1/dm1_v1_teleporter_pit_pc34_compat.c	VERIFIED_SOURCE_MAPPING	DM1 source-locked C006 group generation consumes the original allocation/suppression gate, raw C04 initialization, single start-cell RNG draw, descending Count cell/health writes, F0267 insertion/deferred retry, F0183 active-state admission, F0180 wander scheduling, and M560 buzz routing; missing RNG/slot/move results fail closed rather than synthesizing a group. Covered by m10_c006_generator_reenable_dispatch_pc34_compat with FIRESTAFF_FOCUS_F0185 plus dm1_v1_mummy_viewport_pc34_compat and dm1_v1_group_move_removal_pc34_compat.
F185_auzz_	F	Atari ST / PRIM ABI alias	ATARIST.H:109	src/csb/csb_v1_runtime_pc34_compat.c:12285	UNCERTAIN_NUMBERED_EVIDENCE	Exact numeric token occurs in Firestaff source; this audit did not verify behavioral equivalence or implementation.
F0186_GROUP_DropCreatureFixedPossessions	F	GROUP	DEFS.H:2896	src/dm1/dm1_v1_melee_action_f0402_pc34_compat.c:1198	VERIFIED_SOURCE_MAPPING	DM1 source-named receipt dm1_v1_melee_drop_creature_fixed_possessions_receipt_f0186_pc34 wraps the fixed-possession table resolver for raw C04 creature type/cell and records ReDMCSB GROUP.C F0186 line evidence; covered by dm1_v1_group_drop_delete_receipts_pc34_compat.
F0187_GROUP_DropMovingCreatureFixedPossessions	F	GROUP	ATARIST.H:110	src/dm1/dm1_v1_melee_action_f0402_pc34_compat.c:1291	VERIFIED_SOURCE_MAPPING	DM1 source-named receipt dm1_v1_melee_drop_moving_creature_fixed_possessions_receipt_f0187_pc34 preserves the moving fixed-drop cell stack consumption; covered by dm1_v1_group_drop_delete_receipts_pc34_compat.
F187_czzz_	F	Atari ST / PRIM ABI alias	ATARIST.H:110	src/csb/csb_v1_monster_pc34_compat.c:572	UNCERTAIN_NUMBERED_EVIDENCE	Exact numeric token occurs in Firestaff source; this audit did not verify behavioral equivalence or implementation.
F0188_GROUP_DropGroupPossessions	F	GROUP	ATARIST.H:111	src/dm1/dm1_v1_melee_action_f0402_pc34_compat.c:1374	VERIFIED_SOURCE_MAPPING	DM1 source-named receipt dm1_v1_melee_drop_group_possessions_receipt_f0188_pc34 preserves GROUP.Slot chain order, random cell packing, next-thing snapshot, clear-slot flag, and weapon sound choice; covered by dm1_v1_group_drop_delete_receipts_pc34_compat.
F188_aozz_	F	Atari ST / PRIM ABI alias	ATARIST.H:111	src/csb/csb_v1_monster_pc34_compat.c:573	UNCERTAIN_NUMBERED_EVIDENCE	Exact numeric token occurs in Firestaff source; this audit did not verify behavioral equivalence or implementation.
F0189_GROUP_Delete	F	GROUP	ATARIST.H:112	src/dm1/dm1_v1_melee_action_f0402_pc34_compat.c:1568	VERIFIED_SOURCE_MAPPING	DM1 source-named receipt dm1_v1_melee_delete_group_receipt_f0189_pc34 exposes the final-group unlink, C04 next clear, active-state retirement, and C29-C41 event deletion gate; covered by dm1_v1_group_drop_delete_receipts_pc34_compat.
F189_awzz_	F	Atari ST / PRIM ABI alias	ATARIST.H:112	src/csb/csb_v1_runtime_pc34_compat.c:6100	UNCERTAIN_NUMBERED_EVIDENCE	Exact numeric token occurs in Firestaff source; this audit did not verify behavioral equivalence or implementation.
F0190_GROUP_GetDamageCreatureOutcome	F	GROUP	ATARIST.H:113	src/dm1/dm1_v1_combat_pc34_compat.c:743	VERIFIED_SOURCE_MAPPING	DM1 source-locked damage-to-creature outcome is implemented by dm1_creature_take_damage and the raw C04-shaped F0738_COMBAT_ApplyDamageToGroup_Compat compaction route; covered by dm1_v1_combat_damage_source_lock and dm1_v1_grp02_f0738_apply_damage_to_group.
F190_zzzz_	F	Atari ST / PRIM ABI alias	ATARIST.H:113	src/csb/csb_v1_monster_pc34_compat.c:10	UNCERTAIN_NUMBERED_EVIDENCE	Exact numeric token occurs in Firestaff source; this audit did not verify behavioral equivalence or implementation.
F0191_GROUP_GetDamageAllCreaturesOutcome	F	GROUP	ATARIST.H:114	src/dm1/dm1_v1_combat_pc34_compat.c:779	VERIFIED_SOURCE_MAPPING	DM1 source-locked all-creatures group damage is implemented by dm1_damage_all_creatures with the ReDMCSB attack +/- attack/8 envelope and backward removal order; covered by dm1_v1_combat_damage_source_lock.
F191_aayz_	F	Atari ST / PRIM ABI alias	ATARIST.H:114	src/nexus/nexus_v1_game.c:20	UNCERTAIN_NUMBERED_EVIDENCE	Exact numeric token occurs in Firestaff source; this audit did not verify behavioral equivalence or implementation.
F0192_GROUP_GetResistanceAdjustedPoisonAttack	F	GROUP	ATARIST.H:115	src/memory/memory_combat_pc34_compat.c:1270	VERIFIED_SOURCE_MAPPING	DM1 source-locked poison resistance helper F0192_GROUP_GetResistanceAdjustedPoisonAttack_Compat preserves the G0243 poison-resistance table, immune creatures, no-poison no-RNG path, and ((poisonAttack + random(4)) << 3) / (resistance + 1) formula; covered by dm1_v1_grp02_f0192_poison_resistance_source_lock and dm1_v1_combat_damage_source_lock.
F192_ayzz_	F	Atari ST / PRIM ABI alias	ATARIST.H:115	src/dm1/dm1_v1_combat_pc34_compat.c:7	UNCERTAIN_NUMBERED_EVIDENCE	Exact numeric token occurs in Firestaff source; this audit did not verify behavioral equivalence or implementation.
F0193_GROUP_StealFromChampion	F	GROUP	GROUP.C:1013-1080; DATA.C:888-898	src/dm1/dm1_v1_creature_ai_behavior_pc34_compat.c; src/dm1/dm1_v1_steal_from_slot_indices_pc34_compat.c	VERIFIED_SOURCE_MAPPING	DM1 source-locked Giggler steal/flee resolution consumes the PC34 G0025 steal-slot table, applies backpack RANDOM(17) expansion only after the lucky-stop gate, preserves the decrementing percentage/counter loop and flee-delay branch, and dispatches Giggler melee as STEAL rather than damage; covered by dm1_v1_creature_ai_behavior_source_lock and dm1_v1_steal_from_slot_indices_pc34_compat.
F0194_GROUP_RemoveAllActiveGroups	F	GROUP	GROUP.C F0194/F0184	src/dm1/dm1_v1_creature_ai_behavior_pc34_compat.c	IMPLEMENTED_NARROW	DM1 validates loaded C04 references before F0194's active-slot scan, then applies F0184 Cells, low packed Direction, and Behavior>=C4-to-wander writeback for every retired group. M10 map/save handoff consumption remains separately owned.
F194_hzzz_	F	Atari ST / PRIM ABI alias	ATARIST.H:116	src/dm1/dm1_v1_mirror_candidate_teleporter_survival_pc34_compat.c:16	UNCERTAIN_NUMBERED_EVIDENCE	Exact numeric token occurs in Firestaff source; this audit did not verify behavioral equivalence or implementation.
F0195_GROUP_AddAllActiveGroups	F	GROUP	GROUP.C F0195; NEWMAP.C F0003	src/memory/memory_tick_orchestrator_pc34_compat.c	IMPLEMENTED_NARROW	DM1 startup walks loaded current-map SFT/C04 chains in source order, applies F0181 square cleanup, the PC3.4 60-slot F0183 bridge, and F0180 C37 scheduling; focused M10 CTest. Later map/save handoff remains separately owned.
F195_akzz_	F	Atari ST / PRIM ABI alias	ATARIST.H:117	F0195_GROUP_AddAllActiveGroups	IMPLEMENTED_NARROW	ABI alias resolved through source-mapped F0195.
F0196_GROUP_InitializeActiveGroups	F	GROUP	ATARIST.H:118	include/csb_v1_f0196_group_initialize_active_groups_adapter_pc34_compat.h	IMPLEMENTED_NARROW	Source active-group initialization adapter; focused CTest.
F196_aozz_	F	Atari ST / PRIM ABI alias	ATARIST.H:118	F0196_GROUP_InitializeActiveGroups	IMPLEMENTED_NARROW	ABI alias resolved through source-mapped F0196.
F0197_GROUP_IsViewPartyBlocked	F	GROUP	GROUP.C F0197	src/dm1/dm1_v1_creature_ai_behavior_pc34_compat.c	IMPLEMENTED_NARROW	DM1 ports C3/C4 opaque-door and wall/fakewall sight blocking over supplied decoded square facts; absent facts block rather than fabricate visibility.
F0198_GROUP_IsSmellPartyBlocked	F	GROUP	GROUP.C F0198	src/dm1/dm1_v1_creature_ai_behavior_pc34_compat.c	IMPLEMENTED_NARROW	DM1 ports wall/fakewall smell blocking, including the source imaginary-fakewall exception, over supplied decoded square facts.
F0199_GROUP_GetDistanceBetweenUnblockedSquares	F	GROUP	GROUP.C F0199; F0226	src/dm1/dm1_v1_creature_ai_behavior_pc34_compat.c	IMPLEMENTED_NARROW	DM1 ports the source-tested route walk and F0226 Manhattan result. Non-adjacent paths require a caller callback bound to loaded map state; no clear-grid fallback exists.
F0200_GROUP_GetDistanceToVisibleParty	F	GROUP	GROUP.C F0200/F0227	src/dm1/dm1_v1_creature_ai_behavior_pc34_compat.c	IMPLEMENTED_NARROW	DM1 ports active-direction deduplication, side attack, invisibility/night-vision range changes, adjacent random range, F0227 facing, and F0199 route consumption. Cross-map or callback-free requests fail non-visible.
F0201_GROUP_GetSmelledPartyPrimaryDirectionOrdinal	F	GROUP	GROUP.C F0201; F0198/F0199	src/dm1/dm1_v1_creature_ai_behavior_pc34_compat.c	IMPLEMENTED_NARROW	DM1 routes direct scent through caller-supplied loaded-map F0198 blocking, then preserves source ordering by considering only a supplied original party scent as fallback. Cross-map requests fail closed.
F0202_GROUP_IsMovementPossible	F	GROUP	GROUP.C F0202	src/dm1/dm1_v1_creature_ai_behavior_pc34_compat.c	IMPLEMENTED_NARROW	DM1 preserves the source terrain, Fluxcage, creature teleporter, party, door, and group blocker ordering over typed decoded destination facts. Missing facts fail closed; no clear-square fallback remains.
F0203_GROUP_GetFirstPossibleMovementDirectionOrdinal	F	GROUP	GROUP.C F0203/F0202	src/dm1/dm1_v1_creature_ai_behavior_pc34_compat.c	IMPLEMENTED_NARROW	DM1 ports the cardinal F0202 scan with caller-owned G0384-equivalent tested-direction mutation before every source evaluation. No direction is inferred open without F0202 facts.
F0204_GROUP_IsArchenemyDoubleMovementPossible	F	GROUP	GROUP.C F0204/F0202	src/dm1/dm1_v1_creature_ai_behavior_pc34_compat.c	IMPLEMENTED_NARROW	DM1 ports the first-step Fluxcage gate and invokes F0202 only over separately supplied loaded facts for the square beyond the first step. Missing second facts reject movement.
F0205_GROUP_SetDirection	F	GROUP	GROUP.C F0205	src/dm1/dm1_v1_creature_ai_behavior_pc34_compat.c;src/memory/memory_tick_orchestrator_pc34_compat.c	IMPLEMENTED_NARROW	DM1 live-RNG form ports one-step opposite turn correction and paired half-square writeback. M10 C37 consumes the source form and retains the full authenticated ACTIVE_GROUP Directions receipt; the no-RNG helper rejects an opposite turn.
F0206_GROUP_SetDirectionGroup	F	GROUP	GROUP.C F0206	src/dm1/dm1_v1_creature_ai_behavior_pc34_compat.c;src/memory/memory_tick_orchestrator_pc34_compat.c	IMPLEMENTED_NARROW	DM1 M10 C37 ports source highest-to-lowest live-RNG traversal and M005 gates for nonzero creature indices through F0205, then writes only the low slot to C04 while preserving packed receipt ownership.
F0207_GROUP_IsCreatureAttacking	F	GROUP	GROUP.C F0207; BUG0_13	src/dm1/dm1_v1_creature_ai_behavior_pc34_compat.c	IMPLEMENTED_NARROW	DM1 preserves verified projectile selection and rejects BUG0_13 C25/C26 undefined Things without a substitute projectile or RNG consumption. The unproven Trolin spell palette was removed.
F0208_GROUP_AddEvent	F	GROUP	GROUP.C:1820-1834	src/dm1/dm1_v1_creature_ai_behavior_pc34_compat.c; include/dm1_v1_creature_ai_behavior_pc34_compat.h	IMPLEMENTED_NARROW	DM1 source-shaped event-plan helper preserves F0208's requested-time comparison, C38-C41 to C33-C36 promotion for earlier aspect updates, C.Ticks delta, and caller-owned F0238 insertion boundary; covered by dm1_v1_creature_ai_behavior_source_lock. Broader M10 initial-attack consumption remains tracked separately.
F0209_GROUP_ProcessEvents29to41	F	GROUP	GROUP.C F0209; TIMELINE.C F0261:1858-1863	src/dm1/dm1_v1_original_save_pc34_handoff.c; src/memory/memory_tick_orchestrator_pc34_compat.c	IMPLEMENTED_NARROW	Original-save C29..C41 materialization resolves B.Location through F0160/F0161's loaded PC34 G0280/SquareFirstThings chain. M10 C38-C41 stage F0205's one-step source turn and same-event +2 retry atomically against the addressed packed ACTIVE_GROUP direction slot; C29/F0267 remains an explicit no-op without source-backed physical-move ownership.
F209_xzzz_	F	Atari ST / PRIM ABI alias	ATARIST.H:119	src/dm2/dm2_v1_projectile_pc34_compat.c:16	UNCERTAIN_NUMBERED_EVIDENCE	Exact numeric token occurs in Firestaff source; this audit did not verify behavioral equivalence or implementation.
F0210_CPSE_ProcessEvent22_IsFuzzySectorValid_NormalBytes	F	CPSE	ATARIST.H:120	src/dm1/dm1_v1_event_timer_pc34_compat.c:628	UNCERTAIN_NUMBERED_EVIDENCE	Exact numeric token occurs in Firestaff source; this audit did not verify behavioral equivalence or implementation.
F210_uzzz_	F	Atari ST / PRIM ABI alias	ATARIST.H:120	src/dm1/dm1_v1_event_timer_pc34_compat.c:628	UNCERTAIN_NUMBERED_EVIDENCE	Exact numeric token occurs in Firestaff source; this audit did not verify behavioral equivalence or implementation.
F0211_CPSDF_GetSubroutineAbsoluteAddress	F	CPSDF	ATARIST.H:121	src/csb/csb_v1_runtime_pc34_compat.c:13	UNCERTAIN_NUMBERED_EVIDENCE	Exact numeric token occurs in Firestaff source; this audit did not verify behavioral equivalence or implementation.
F211_vzzz_	F	Atari ST / PRIM ABI alias	ATARIST.H:121	src/csb/csb_v1_runtime_pc34_compat.c:13	UNCERTAIN_NUMBERED_EVIDENCE	Exact numeric token occurs in Firestaff source; this audit did not verify behavioral equivalence or implementation.
F0212_PROJECTILE_Create	F	PROJECTILE	PROJEXPL.C:43-92	include/dm1_v1_c14_layout_pc34_compat.h; src/dm1/dm1_v1_c14_layout_pc34_compat.c; src/memory/memory_tick_orchestrator_pc34_compat.c; tests/test_dm1_v1_c14_layout_pc34_compat.c; tests/test_memory_tick_orchestrator_f0303_skill_query_pc34_compat.c	IMPLEMENTED_NARROW	DM1 owns F0212's atomic C14/C49 publish for loaded F0327 spell and F0207 creature callers: F0516 reserves, exact eight-byte raw/decoded fields initialize, F0514 SFT-links, one C49 EventIndex writes back, and F0515 plus runtime/timeline restoration rolls every failure back. Other F0212 callers remain separate bounded work. Covered by dm1_v1_c14_layout_pc34_compat, memory_tick_orchestrator_f0303_skill_query_pc34_compat, dm1_v1_f0206_packed_directions_runtime_pc34_compat, and m11_creature_projectile_runtime_source_lock.
F212_mzzz_	F	Atari ST / PRIM ABI alias	ATARIST.H:122	src/dm2/dm2_v1_projectile_pc34_compat.c:14	UNCERTAIN_NUMBERED_EVIDENCE	Exact numeric token occurs in Firestaff source; this audit did not verify behavioral equivalence or implementation.
F0213_EXPLOSION_Create	F	EXPLOSION	PROJEXPL.C:157-165	src/dm1/dm1_v1_c15_layout_pc34_compat.c; src/memory/memory_projectile_pc34_compat.c; src/dm1/dm1_v1_original_save_pc34_handoff.c; src/memory/memory_tick_orchestrator_pc34_compat.c	VERIFIED_SOURCE_MAPPING	DM1 source-named F0213 now has a shared C15 owner for F0516 reservation, exact four-byte Type/Attack/Centered initialization, F0514 SFT linking/F0515 rollback, and C25 MapTime/B.Location/C.Slot with live C15 FNV receipt. F0217 publishes this owner before the corresponding runtime F0213 and restores C15/SFT/runtime/timeline state on every failure. Original-save C25 materialization and M10 live explosion creation fail closed on absent, mutated, or exhausted ownership. Covered by dm1_v1_c15_layout_pc34_compat, dm1_v1_f0206_packed_directions_runtime_pc34_compat, and dm1_v1_original_save_pc34_handoff.
F213_hzzz_	F	Atari ST / PRIM ABI alias	ATARIST.H:123	src/csb/csb_v1_runtime_pc34_compat.c:5103	UNCERTAIN_NUMBERED_EVIDENCE	Exact numeric token occurs in Firestaff source; this audit did not verify behavioral equivalence or implementation.
F0214_PROJECTILE_DeleteEvent	F	PROJECTILE	PROJEXPL.C:207-223	src/memory/memory_tick_orchestrator_pc34_compat.c	VERIFIED_SOURCE_MAPPING	M10 deletes only the raw C14 EventIndex C49 owner. Every later physical queue shift writes the new index to the same raw C14 before save/export; malformed owner/index combinations reject. Covered by dm1_v1_f0206_packed_directions_runtime_pc34_compat and dm1_v1_original_save_pc34_handoff.
F214_pzzz_	F	Atari ST / PRIM ABI alias	ATARIST.H:124	src/engine/m11_game_view.c:29606	UNCERTAIN_NUMBERED_EVIDENCE	Exact numeric token occurs in Firestaff source; this audit did not verify behavioral equivalence or implementation.
F0215_PROJECTILE_Delete	F	PROJECTILE	PROJEXPL.C:225-260	src/dm1/dm1_v1_throw_shoot_pc34_compat.c; src/memory/memory_tick_orchestrator_pc34_compat.c; tests/test_dm1_v1_f0206_packed_directions_runtime_pc34_compat.c	VERIFIED_SOURCE_MAPPING	DM1 consumes the source-owned F0215 delete/materialization receipt. For an authenticated RemovePotion C14 Slot, M10 validates the matching decoded C05, writes C14.Next and C05.Next to THING_NONE including raw bytes, and retains C05 power/type. No C15 substitute is created when the separate F0217/F0213 handoff lacks a source Thing. Covered by dm1_v1_f0206_packed_directions_runtime_pc34_compat and memory_tick_orchestrator_f0303_skill_query_pc34_compat.
F215_lzzz_	F	Atari ST / PRIM ABI alias	ATARIST.H:125	src/csb/csb_v1_runtime_pc34_compat.c:5769	UNCERTAIN_NUMBERED_EVIDENCE	Exact numeric token occurs in Firestaff source; this audit did not verify behavioral equivalence or implementation.
F0216_PROJECTILE_GetImpactAttack	F	PROJECTILE	PROJEXPL.C:262-306	src/dm1/dm1_v1_projectile_impact_attack_f0216_pc34_compat.c; tests/test_dm1_v1_projectile_impact_attack_f0216_pc34_compat.c	VERIFIED_SOURCE_MAPPING	DM1 provides a standalone source C14-slot F0216 receipt for carried objects: raw/decoded C14 identity, F0140 weight, F0158 weapon kinetic value, and source RNG order are required. Missing/drifted C14 and C15 slots reject without a runtime subtype fallback. Covered by dm1_v1_projectile_impact_attack_f0216_pc34_compat.
F0217_PROJECTILE_HasImpactOccured	F	PROJECTILE	DEFS.H:7580	src/memory/memory_projectile_pc34_compat.c; src/memory/memory_tick_orchestrator_pc34_compat.c; tests/test_dm1_v1_f0206_packed_directions_runtime_pc34_compat.c	VERIFIED_SOURCE_MAPPING	F0820 retains source-locked non-explosion classification. M10's F0217 Ven/Ful consumer requires byte-identical raw/decoded C14 Slot and C05 power/type ownership, maps Ven to centered C007 and Ful to C000, publishes C15/C25 before runtime F0213, and rejects raw drift or missing/exhausted owners without a runtime-only explosion. C15/SFT/runtime/timeline rollback is covered by dm1_v1_f0206_packed_directions_runtime_pc34_compat.
F0218_PROJECTILE_GetImpactCount	F	PROJECTILE	PROJEXPL.C:621-638; GROUP.C:2402-2408	src/dm1/dm1_v1_projectile_impact_count_pc34_compat.c; src/memory/memory_tick_orchestrator_pc34_compat.c; tests/test_dm1_v1_projectile_impact_count_pc34_compat.c	VERIFIED_SOURCE_MAPPING	F0218 now walks the loaded square SFT chain, counts only the requested C14 cell, and requires exact raw C14, decoded C14, and active runtime projection identity. F0209 consumes that preflight before its deferred C38 cell write/F0190 compaction. Missing, malformed, inactive, or drifted owners reject without a host-only projectile scan. Covered by dm1_v1_projectile_impact_count_pc34_compat and dm1_v1_f0206_packed_directions_runtime_pc34_compat.
F218_ezzz_	F	Atari ST / PRIM ABI alias	ATARIST.H:126	F0218_PROJECTILE_GetImpactCount	IMPLEMENTED_NARROW	ABI alias resolved through source-mapped F0218.
F0219_PROJECTILE_ProcessEvents48To49_Projectile	F	PROJECTILE	PROJEXPL.C:644-764	src/memory/memory_projectile_pc34_compat.c; src/memory/memory_tick_orchestrator_pc34_compat.c; tests/test_dm1_v1_f0206_packed_directions_runtime_pc34_compat.c	VERIFIED_SOURCE_MAPPING	DM1 source-named F0219 advances one live C14 projectile through its C48/C49 receipt. M10 validates raw/decoded C14 identity before mutation, writes queue-compaction and requeue EventIndex changes back to the same raw record, and preserves moved kinetic energy/attack bytes; malformed or drifted C14 rejects without synthetic replacement. Covered by dm1_v1_f0206_packed_directions_runtime_pc34_compat, dm1_v1_throw_shoot_pc34_compat, and m11_creature_projectile_runtime_source_lock.
F0220_EXPLOSION_ProcessEvent25_Explosion	F	EXPLOSION	PROJEXPL.C:765-872	src/memory/memory_projectile_pc34_compat.c; src/memory/memory_tick_orchestrator_pc34_compat.c	VERIFIED_SOURCE_MAPPING	DM1 source-named F0220 consumes one live C15 slot through its C25 event, preserving the existing source-shaped advance, combat fanout, despawn, and next-C25 scheduling contract. Missing live slots or malformed owner inputs remain fail closed. Covered by dm1_v1_f0213_f0220_explosion_runtime_pc34_compat and m11_creature_projectile_runtime_source_lock.
F0221_GROUP_IsFluxcageOnSquare	F	GROUP	PROJEXPL.C:881-903	include/dm1_v1_c15_layout_pc34_compat.h; src/dm1/dm1_v1_c15_layout_pc34_compat.c; src/memory/memory_tick_orchestrator_pc34_compat.c; tests/test_dm1_v1_c15_layout_pc34_compat.c; tests/test_dm1_v1_f0206_packed_directions_runtime_pc34_compat.c	VERIFIED_SOURCE_MAPPING	DM1 F0221 walks the original destination SFT chain and verifies every inspected C15 raw Next/Type/Centered/Attack row against the decoded mirror before recognizing C050. F0219 consumes the result only for loaded source data; malformed C15 ownership rejects before C14 or runtime projectile mutation. Covered by dm1_v1_c15_layout_pc34_compat, dm1_v1_f0206_packed_directions_runtime_pc34_compat, and dm1_v1_original_save_pc34_handoff.
F0222_GROUP_IsLordChaosOnSquare	F	GROUP	PROJEXPL.C:907-927	src/dm1/dm1_v1_endgame_system_pc34_compat.c; tests/test_dm1_v1_endgame_system_pc34_compat.c	VERIFIED_SOURCE_MAPPING	DM1 walks the loaded raw C04 square chain and returns the exact Lord Chaos Thing only for creature type C23. Focused test covers non-leading Lord Chaos and absent-Lord-Chaos no-synthesis behavior.
F0223_GROUP_IsLordChaosAllowed	F	GROUP	GROUP.C:163-169	src/dm1/dm1_v1_endgame_system_pc34_compat.c; tests/test_dm1_v1_endgame_system_pc34_compat.c	VERIFIED_SOURCE_MAPPING	DM1 reads source tile bytes and allows only corridor, teleporter, pit, and door squares for Lord Chaos escape; wall/stairs reject. Focused test covers all six relevant square types.
F0224_GROUP_FluxCageAction	F	GROUP	PROJEXPL.C:961-1034	src/dm1/dm1_v1_endgame_system_pc34_compat.c; src/engine/m11_game_view.c	VERIFIED_SOURCE_MAPPING	DM1 source-locked fluxcage action plan preserves the wall/stairs no-op, unused C15 explosion Thing gate, C050 fluxcage creation, C24 remove-fluxcage event fields at GameTime+100, adjacent Lord Chaos scan order north/west/east/south, and C29 danger reaction at two other fluxcages; covered by dm1_v1_endgame_system_source_lock. M11 contains a live consumer path but the current shared-tree action-stamina executable is not used as closure evidence.
F224_zzzz_	F	Atari ST / PRIM ABI alias	ATARIST.H:127	src/engine/m11_game_view.c:28026	UNCERTAIN_NUMBERED_EVIDENCE	Exact numeric token occurs in Firestaff source; this audit did not verify behavioral equivalence or implementation.
F0225_GROUP_FuseAction	F	GROUP	ATARIST.H:128	src/dm1/dm1_v1_endgame_system_pc34_compat.c; tests/test_dm1_v1_endgame_system_pc34_compat.c	VERIFIED_SOURCE_MAPPING	DM1 models PROJEXPL.C F0225 Fuse action over loaded Lord Chaos and fluxcage state, preserving source endgame gating without a synthetic target; focused CTest covers the source-lock receipt.
F225_dzzz_	F	Atari ST / PRIM ABI alias	ATARIST.H:128	F0225_GROUP_FuseAction	VERIFIED_SOURCE_MAPPING	ABI alias resolved through source-mapped F0225.
F0226_GROUP_GetDistanceBetweenSquares	F	GROUP	ATARIST.H:129	src/dm1/dm1_v1_creature_ai_behavior_pc34_compat.c; include/dm1_v1_creature_ai_behavior_pc34_compat.h; tests/test_dm1_v1_creature_ai_behavior_pc34_compat.c	VERIFIED_SOURCE_MAPPING	DM1 computes the ReDMCSB source Manhattan distance over caller-owned loaded-map coordinates; focused CTest covers nonzero and same-square cases.
F226_ozzz_	F	Atari ST / PRIM ABI alias	ATARIST.H:129	F0226_GROUP_GetDistanceBetweenSquares	VERIFIED_SOURCE_MAPPING	ABI alias resolved through source-mapped F0226.
F0227_GROUP_IsDestinationVisibleFromSource	F	GROUP	ATARIST.H:130	src/dm1/dm1_v1_creature_ai_behavior_pc34_compat.c; include/dm1_v1_creature_ai_behavior_pc34_compat.h; tests/test_dm1_v1_creature_ai_behavior_pc34_compat.c	VERIFIED_SOURCE_MAPPING	DM1 implements the ReDMCSB rotated 90-degree coordinate cone predicate; path occlusion remains owned by F0199. Focused CTest covers accepted cone edges and rejected behind/outside destinations.
F227_qzzz_	F	Atari ST / PRIM ABI alias	ATARIST.H:130	F0227_GROUP_IsDestinationVisibleFromSource	VERIFIED_SOURCE_MAPPING	ABI alias resolved through source-mapped F0227.
F0228_GROUP_GetDirectionsWhereDestinationIsVisibleFromSource	F	GROUP	ATARIST.H:131	src/dm1/dm1_v1_creature_ai_behavior_pc34_compat.c; include/dm1_v1_creature_ai_behavior_pc34_compat.h; tests/test_dm1_v1_creature_ai_behavior_pc34_compat.c	VERIFIED_SOURCE_MAPPING	DM1 derives primary and secondary visible directions with ReDMCSB cardinal/diagonal RNG consumption; focused CTest proves exact RNG-count behavior for cardinal and diagonal ties.
F228_uzzz_	F	Atari ST / PRIM ABI alias	ATARIST.H:131	F0228_GROUP_GetDirectionsWhereDestinationIsVisibleFromSource	VERIFIED_SOURCE_MAPPING	ABI alias resolved through source-mapped F0228.
F0229_GROUP_SetOrderedCellsToAttack	F	GROUP	ATARIST.H:132	src/dm1/dm1_v1_creature_ai_behavior_pc34_compat.c; include/dm1_v1_creature_ai_behavior_pc34_compat.h; tests/test_dm1_v1_creature_ai_behavior_pc34_compat.c; tests/test_dm1_v1_ordered_cells_to_attack_pc34_compat.c	VERIFIED_SOURCE_MAPPING	DM1 consumes the original G0023 ordered-cell table through F0228 direction selection and source cell ordinal handling; focused CTests cover vertical and horizontal target rows plus the table verifier.
F229_hzzz_	F	Atari ST / PRIM ABI alias	ATARIST.H:132	F0229_GROUP_SetOrderedCellsToAttack	VERIFIED_SOURCE_MAPPING	ABI alias resolved through source-mapped F0229.
F0230_GROUP_GetChampionDamage	F	GROUP	PROJEXPL.C:1377-1408	src/dm1/dm1_v1_combat_pc34_compat.c; tests/test_dm1_v1_combat_pc34_compat_integration.c; tests/test_dm1_v1_sleep_wake_poison_gate_pc34_compat.c	VERIFIED_SOURCE_MAPPING	DM1 creature-to-champion melee resolves the F0230 hit/luck/wound/staged attack rolls, poison gate, and F0321 champion-damage handoff over source-shaped combat state; map light/invisibility difficulty remains caller-owned and is not synthesized by the helper.
F230_ezzz_	F	Atari ST / PRIM ABI alias	ATARIST.H:133	src/csb/csb_v1_runtime_pc34_compat.c:7761	UNCERTAIN_NUMBERED_EVIDENCE	Exact numeric token occurs in Firestaff source; this audit did not verify behavioral equivalence or implementation.
F0231_GROUP_GetMeleeActionDamage	F	GROUP	ATARIST.H:134	src/dm1/dm1_v1_melee_action_f0402_pc34_compat.c; include/dm1_v1_melee_action_f0402_pc34_compat.h; tests/test_dm1_v1_action_f0407_tail_pc34_compat.c	VERIFIED_SOURCE_MAPPING	DM1 exposes F0231 damage, side-effect, runtime-apply, luck writeback, group-damage, and F0190 aftermath gates over source-shaped combat snapshots; focused CTest mirrors the shared F0735 resolver across RNG/damage/luck cases.
F231_izzz_	F	Atari ST / PRIM ABI alias	ATARIST.H:134	F0231_GROUP_GetMeleeActionDamage	VERIFIED_SOURCE_MAPPING	ABI alias resolved through source-mapped F0231.
F0232_GROUP_IsDoorDestroyedByAttack	F	GROUP	ATARIST.H:135	src/dm1/dm1_v1_action_xp_graphic560_pc34_compat.c; src/dm1/dm1_v1_ra_door_projectile_reject_pc34_compat.c; tests/test_dm1_v1_action_f0407_tail_pc34_compat.c; tests/test_dm1_v1_ra_door_projectile_reject_pc34_compat.c	VERIFIED_SOURCE_MAPPING	DM1 models PROJEXPL.C F0232 door destruction gates for closed-door melee and ordinary projectile impacts: closed-state requirement, attack >= door defense, delay scheduling, Open Door projectile skip, and RA/iron/portcullis rejection without synthetic door data.
F232_dzzz_	F	Atari ST / PRIM ABI alias	ATARIST.H:135	F0232_GROUP_IsDoorDestroyedByAttack	VERIFIED_SOURCE_MAPPING	ABI alias resolved through source-mapped F0232.
F0233_TIMELINE_Initialize_CPSE	F	TIMELINE	ATARIST.H:136	src/dm1/dm1_v1_event_timer_pc34_compat.c; include/dm1_v1_event_timer_pc34_compat.h; tests/test_dm1_v1_event_timer_pc34_compat.c	VERIFIED_SOURCE_MAPPING	DM1 initializes the event array/timeline owner with C00 records, zero event count, first unused slot, and caller-supplied game tick; focused CTest covers init and heap publication boundary.
F233_wzzz_	F	Atari ST / PRIM ABI alias	ATARIST.H:136	F0233_TIMELINE_Initialize_CPSE	VERIFIED_SOURCE_MAPPING	ABI alias resolved through source-mapped F0233.
F0234_TIMELINE_IsEventABeforeEventB	F	TIMELINE	DEFS.H:7695	src/dm1/dm1_v1_event_timer_pc34_compat.c; tests/test_dm1_v1_event_timer_pc34_compat.c	VERIFIED_SOURCE_MAPPING	DM1 heap comparator follows ReDMCSB TIMELINE.C: low-24-bit time ascending, then Type descending, Priority descending, then lower EVENT-array address/index; focused CTest covers time, type, priority, and exact-tie order.
F0235_TIMELINE_GetIndex	F	TIMELINE	ATARIST.H:137	src/dm1/dm1_v1_event_timer_pc34_compat.c; tests/test_dm1_v1_event_timer_pc34_compat.c	VERIFIED_SOURCE_MAPPING	DM1 scans the live timeline for a caller-owned event index and returns absent for deleted/non-live entries; focused CTest covers live reschedule lookup and post-extract absence.
F235_bzzz_	F	Atari ST / PRIM ABI alias	ATARIST.H:137	F0235_TIMELINE_GetIndex	VERIFIED_SOURCE_MAPPING	ABI alias resolved through source-mapped F0235.
F0236_TIMELINE_FixPlacement	F	TIMELINE	ATARIST.H:138	src/dm1/dm1_v1_event_timer_pc34_compat.c; tests/test_dm1_v1_event_timer_pc34_compat.c	VERIFIED_SOURCE_MAPPING	DM1 binary-heap repair performs the source sift-up/sift-down placement over F0234 ordering for inserts, deletes, and explicit caller reschedules; focused CTest covers repaired extraction order.
F236_pzzz_	F	Atari ST / PRIM ABI alias	ATARIST.H:138	F0236_TIMELINE_FixPlacement	VERIFIED_SOURCE_MAPPING	ABI alias resolved through source-mapped F0236.
F0237_TIMELINE_DeleteEvent	F	TIMELINE	ATARIST.H:139	src/dm1/dm1_v1_event_timer_pc34_compat.c; tests/test_dm1_v1_event_timer_pc34_compat.c	VERIFIED_SOURCE_MAPPING	DM1 marks the source EVENT slot C00, exposes it as reusable, replaces the deleted heap entry with the former tail, and repairs placement; focused CTest covers middle deletion, C02 conflict deletion, extraction, and F0181 group-family deletion.
F237_rzzz_	F	Atari ST / PRIM ABI alias	ATARIST.H:139	F0237_TIMELINE_DeleteEvent	VERIFIED_SOURCE_MAPPING	ABI alias resolved through source-mapped F0237.
F0238_TIMELINE_AddEvent_GetEventIndex_CPSE	F	TIMELINE	ATARIST.H:140	src/dm1/dm1_v1_event_timer_pc34_compat.c; tests/test_dm1_v1_event_timer_pc34_compat.c	VERIFIED_SOURCE_MAPPING	DM1 adds only non-C00 EVENT records, preserves the source heap insertion path, C05-C10 merge, wall-cell separation, C01/C10 toggle merge, and C02 same-map door/animation deletion before inserting the new event; full runtime stop is represented by bounded fail-closed capacity rejection.
F238_pzzz_	F	Atari ST / PRIM ABI alias	ATARIST.H:140	F0238_TIMELINE_AddEvent_GetEventIndex_CPSE	VERIFIED_SOURCE_MAPPING	ABI alias resolved through source-mapped F0238.
F0239_TIMELINE_ExtractFirstEvent	F	TIMELINE	DEFS.H:7723	src/dm1/dm1_v1_event_timer_pc34_compat.c; tests/test_dm1_v1_event_timer_pc34_compat.c	VERIFIED_SOURCE_MAPPING	DM1 copies the first heap EVENT and delegates deletion/repair through F0237, preserving F0234 order; focused CTest covers ordered extraction and absence after pop.
F0240_TIMELINE_IsFirstEventExpired_CPSE	F	TIMELINE	DEFS.H:7724	src/dm1/dm1_v1_event_timer_pc34_compat.c; src/csb/csb_v1_runtime_pc34_compat.c; include/csb_v1_runtime_pc34_compat.h; tests/test_dm1_v1_event_timer_pc34_compat.c; tests/test_csb_v1_boot_runtime_handoff.c	VERIFIED_SOURCE_MAPPING	DM1 checks only the first heap EVENT and expires it when the ReDMCSB low-24-bit TIME(Map_Time) is <= the caller-owned game tick; CSB now exposes the same F0240 predicate through a runtime-owned receipt over its live timeline_queue/game_time, rejecting empty or malformed heap roots without fabricating an event. Focused CTests cover before/equal tick behavior, preserved future events, and CSB malformed-root rejection.
F0241_TIMELINE_ProcessEvent1_DoorAnimation	F	TIMELINE	DEFS.H:7725	src/memory/memory_tick_orchestrator_pc34_compat.c; src/memory/memory_door_action_pc34_compat.c; tests/test_dm1_v1_square_state_dispatch_pc34_compat.c	VERIFIED_SOURCE_MAPPING	DM1 routes C10 through F0244 into a C01 door-animation event, then consumes F0241's source door-state step/reschedule path through the live M10 door action owner; focused coverage proves an opening C10 produces and advances the C01 animation without synthetic door state.
F0242_TIMELINE_ProcessEvent7_Square_FakeWall	F	TIMELINE	DEFS.H:7726	src/memory/memory_tick_orchestrator_pc34_compat.c; tests/test_dm1_v1_square_state_dispatch_pc34_compat.c; tests/test_dm1_v1_f0242_fakewall_material_group_deferral_pc34_compat.c	VERIFIED_SOURCE_MAPPING	DM1 mutates only loaded fakewall square bits, resolves SET/CLEAR/TOGGLE from source square state, and reschedules CLEAR while party/material C04 occupies the square; no host-only fakewall substitute is created.
F0243_TIMELINE_ProcessEvent2_DoorDestruction	F	TIMELINE	DEFS.H:7727	include/csb_v1_f0243_timeline_door_destruction_pc34_compat.h	IMPLEMENTED_NARROW	TIMELINE.C C02 door-state mutation is consumed by CSB runtime; focused CTest.
F0244_TIMELINE_ProcessEvent10_Square_Door	F	TIMELINE	DEFS.H:7728	src/memory/memory_tick_orchestrator_pc34_compat.c; src/memory/memory_door_action_pc34_compat.c; tests/test_dm1_v1_square_state_dispatch_pc34_compat.c; tests/test_dm1_v1_original_save_pc34_handoff.c	VERIFIED_SOURCE_MAPPING	DM1 resolves C10 door SET/CLEAR/TOGGLE against the loaded door square, rewrites the event as C01 with the same source time/location, and lets F0241 own the actual door-state transition.
F0245_TIMELINE_ProcessEvent5_Square_Corridor	F	TIMELINE	DEFS.H:1262	src/memory/memory_tick_orchestrator_pc34_compat.c; src/dm1/dm1_v1_f0245_corridor_pc34_compat.c; tests/test_dm1_v1_square_state_dispatch_pc34_compat.c; tests/test_dm1_v1_f0245_corridor_pc34_compat.c	VERIFIED_SOURCE_MAPPING	DM1 walks the loaded corridor Thing chain in source order, toggles TextString visibility without wall-cell filtering, emits a message only when newly visible on the party square, and triggers C006 group generators through the F0185 runtime materializer.
F0246_TIMELINE_ProcessEvent65_EnableGroupGenerator	F	TIMELINE	DEFS.H:7730	src/memory/memory_tick_orchestrator_pc34_compat.c; tests/test_dm1_v1_square_state_dispatch_pc34_compat.c	VERIFIED_SOURCE_MAPPING	DM1 C65 scans the loaded target square chain and restores the first disabled C006 floor group-generator sensor to its source runtime type; focused coverage fires the scheduled re-enable event after F0245/F0185 disables the real sensor.
F0247_TIMELINE_TriggerProjectileLauncher	F	TIMELINE	DEFS.H:7731	src/memory/memory_tick_orchestrator_pc34_compat.c; src/dm1/dm1_v1_sensor_trigger_pc34_compat.c; src/csb/csb_v1_runtime_pc34_compat.c; tests/test_dm1_v1_sensor_trigger_pc34_compat.c; tests/test_dm1_v1_f0248_explosion_launcher_runtime_pc34_compat.c; tests/test_dm1_v1_f0248_square_object_launcher_runtime_pc34_compat.c; tests/test_dm1_v1_f0248_new_object_launcher_runtime_pc34_compat.c; tests/test_csb_v1_f0248_c010_launcher_save_pc34_compat.c	VERIFIED_SOURCE_MAPPING	DM1 projectile launchers are consumed only from loaded wall-event sensors selected by F0248 cell/type rules, with source RNG timing, C007/C009 F0167 object allocation/unlink, C014/C015 square-object unlink, C008/C010 explosion Thing mapping, and first C48/C49 movement event scheduling. CSB's bounded C010 owner reads the loaded C03/C06 identity, publishes two C15 lightning projectiles and C49 records, and relies only on the existing native runtime-save image for restore.
F0248_TIMELINE_ProcessEvent6_Square_Wall	F	TIMELINE	DEFS.H:1270	src/memory/memory_tick_orchestrator_pc34_compat.c; src/dm1/dm1_v1_sensor_trigger_pc34_compat.c; src/csb/csb_v1_runtime_pc34_compat.c; tests/test_dm1_v1_square_state_dispatch_pc34_compat.c; tests/test_dm1_v1_sensor_trigger_pc34_compat.c; tests/test_csb_v1_f0248_c010_launcher_save_pc34_compat.c	VERIFIED_SOURCE_MAPPING	DM1 wall events scan the complete loaded wall Thing list, cell-filter TextStrings and projectile launchers, apply C006 countdown/local-effect sensor rotation in source order, and route remote effects through F0272/F0268 without inventing sensors. CSB's F0261 wall consumer rejects a C010 cell mismatch before OnceOnly or projectile mutation.
F0249_TIMELINE_MoveTeleporterOrPitSquareThings	F	TIMELINE	DEFS.H:7733	src/memory/memory_tick_orchestrator_pc34_compat.c; src/dm1/dm1_v1_f0249_timeline_relocation_pc34_compat.c; tests/test_dm1_v1_square_state_dispatch_pc34_compat.c; tests/test_dm1_v1_f0249_timeline_relocation_pc34_compat.c	IMPLEMENTED_NARROW	DM1 covers party and ordinary C05..C15 teleporter/pit occupant replay through F0267 plus C14/C15 timeline relocation from loaded chains; C04 group insertion/rotation remains separate F0249/F0252/F0267 work.
F0250_TIMELINE_ProcessEvent8_Square_Teleporter	F	TIMELINE	DEFS.H:7734	src/memory/memory_tick_orchestrator_pc34_compat.c; tests/test_dm1_v1_square_state_dispatch_pc34_compat.c	VERIFIED_SOURCE_MAPPING	DM1 C08 SET/CLEAR/TOGGLE mutates only the loaded teleporter open bit and, on SET, invokes F0249 party/ordinary occupant movement from the source square through existing F0267 routes.
F0251_TIMELINE_ProcessEvent9_Square_Pit	F	TIMELINE	DEFS.H:7735	src/memory/memory_tick_orchestrator_pc34_compat.c; tests/test_dm1_v1_square_state_dispatch_pc34_compat.c	VERIFIED_SOURCE_MAPPING	DM1 C09 SET/CLEAR/TOGGLE mutates only the loaded pit open bit and, on SET, shares the F0250/F0249 party/ordinary occupant movement route through source-backed F0267 handling.
F0252_TIMELINE_ProcessEvents60to61_MoveGroup	F	TIMELINE	TIMELINE.C:1527-1567	src/dm1/dm1_v1_teleporter_pit_pc34_compat.c; src/memory/memory_tick_orchestrator_pc34_compat.c; tests/test_dm1_v1_movement_pipeline_pc34_compat.c	VERIFIED_SOURCE_MAPPING	DM1 C60/C61 group insertion/retry handling uses the F0252 route plan for destination insertion, Lord Chaos adjacent random attempt, audible buzz, fall/disallowed removal, and +5 retry scheduling; wider C04 movement enters the existing F0267 owner.
F0253_TIMELINE_ProcessEvent11Part1_EnableChampionAction	F	TIMELINE	TIMELINE.C:1574-1612	src/memory/memory_tick_orchestrator_pc34_compat.c; src/dm1/dm1_v1_f0259_quiver_refill_pc34_compat.c; tests/test_dm1_v1_original_save_c11_m11_runtime.c; tests/test_dm1_v1_square_state_dispatch_pc34_compat.c	IMPLEMENTED_NARROW	DM1 C11 action-enable ownership is source-mapped for ordinal-two quiver refill and action-hand readiness receipt handoff to F0259; broader action disable/enable UI redraw breadth remains owned by adjacent champion/action tests.
F0254_TIMELINE_ProcessEvent12_HideDamageReceived	F	TIMELINE	TIMELINE.C:1614-1637	src/dm1/dm1_v1_champion_panel_damage_flash_decay_pc34_compat.c; src/dm1/dm1_v1_champion_panel_portrait_box_blit_gate_pc34_compat.c; tests/test_dm1_v1_champion_panel_damage_flash_decay_pc34_compat.c; tests/test_dm1_v1_champion_panel_portrait_box_blit_gate_pc34_compat.c	VERIFIED_SOURCE_MAPPING	DM1 C12 hide-damage processing follows the dead-champion early return, inventory portrait overdraw, and non-inventory name/title redraw gates without inventing host repaint paths.
F0255_TIMELINE_ProcessEvent13_ViAltarRebirth	F	TIMELINE	TIMELINE.C:1665-1699	src/dm1/dm1_v1_resurrection_pc34_compat.c; src/dm1/dm1_v1_original_save_pc34_handoff.c; src/memory/memory_tick_orchestrator_pc34_compat.c; tests/test_dm1_v1_resurrection_pc34_compat.c; tests/test_dm1_v1_original_save_pc34_handoff.c	VERIFIED_SOURCE_MAPPING	DM1 C13 Vi Altar rebirth preserves the source three-step transaction, matching-bones lookup/unlink, champion index in Priority, B.Location, and C.A.Cell/Effect union through runtime and original-save handoff.
F0256_TIMELINE_ProcessEvent53_Watchdog_CPSE	F	TIMELINE	TIMELINE.C:1710-1715	src/dm1/dm1_v1_original_save_pc34_handoff.c; src/memory/memory_savegame_pc34_native_export_pc34_compat.c; tests/test_dm1_v1_original_save_pc34_handoff.c	IMPLEMENTED_NARROW	DM1 C53 watchdog is represented as a typed original-save/runtime receipt retaining only Type and Map_Time; Firestaff canonicalizes unowned Priority/B/C bytes on export and does not implement the removed copy-protection side effect.
F0257_TIMELINE_ProcessEvent70_Light	F	TIMELINE	TIMELINE.C:1747-1765	src/memory/memory_runtime_dynamics_pc34_compat.c; src/dm1/dm1_v1_original_save_pc34_handoff.c; src/memory/memory_savegame_pc34_native_export_pc34_compat.c; tests/test_dm1_v1_runtime_light_decay_pc34_compat.c; tests/test_dm1_v1_original_save_pc34_handoff.c	VERIFIED_SOURCE_MAPPING	DM1 C70 light decay consumes signed B.LightPower, applies the source weaker-light recurrence including negative darkness values, and preserves original-save C70 admission/export without substituting an M11-only light model.
F0258_TIMELINE_HasWeaponMovedToSlot	F	TIMELINE	TIMELINE.C:1640-1662	src/dm1/dm1_v1_f0259_quiver_refill_pc34_compat.c; tests/test_dm1_v1_square_state_dispatch_pc34_compat.c	IMPLEMENTED_NARROW	DM1 F0258/F0259 quiver scan is mapped for the weapon-only C12/C07/C08/C09 priority test and empty-action-hand gate; it is consumed as the F0259 movement planner rather than exposed as a separate live UI query.
F0259_TIMELINE_ProcessEvent11Part2_MoveWeaponFromQuiverToSlot	F	TIMELINE	DEFS.H:7743	src/dm1/dm1_v1_f0259_quiver_refill_pc34_compat.c; tests/test_dm1_v1_square_state_dispatch_pc34_compat.c	VERIFIED_SOURCE_MAPPING	DM1 C11 ordinal-two completion emits the source action-enabled receipt, and the F0259 planner moves the first source weapon from C12/C07/C08/C09 quiver slots into an empty action hand while refusing to overwrite a nonempty hand.
F0260_TIMELINE_RefreshAllChampionStatusBoxes	F	TIMELINE	TIMELINE.C:1833-1886	src/dm1/dm1_v1_champion_panel_hud_pc34_compat.c; src/dm1v2/dm1_v2_hud_overlay_pc34.c; tests/test_dm1_v1_champion_panel_hud_pc34_compat.c	IMPLEMENTED_NARROW	DM1 status-box refresh is source-mapped at the HUD receipt boundary for health/stamina/mana/status redraw cadence; broader full-panel pixel parity and every champion overlay branch remain separate renderer work.
F260_pzzz_	F	Atari ST / PRIM ABI alias	ATARIST.H:141	src/dm2/dm2_v2_phase_gate.c:155	UNCERTAIN_NUMBERED_EVIDENCE	Exact numeric token occurs in Firestaff source; this audit did not verify behavioral equivalence or implementation.
F0261_TIMELINE_Process_CPSEF	F	TIMELINE	ATARIST.H:142	src/dm1/dm1_v1_event_timer_pc34_compat.c; src/csb/csb_v1_runtime_pc34_compat.c; include/csb_v1_runtime_pc34_compat.h; tests/test_dm1_v1_event_timer_pc34_compat.c; tests/test_csb_v1_boot_runtime_handoff.c	VERIFIED_SOURCE_MAPPING	DM1 drains expired heap events through F0239 ordering and preserves unrecorded bounded-output events. CSB now exposes a source-named F0261 runtime tick receipt over its live timeline_queue, dispatches expired heap events through the shared ReDMCSB processor, preserves future events, and rejects malformed heap roots without fabricating timers.
F261_hzzz_	F	Atari ST / PRIM ABI alias	ATARIST.H:142	F0261_TIMELINE_Process_CPSEF	VERIFIED_SOURCE_MAPPING	ABI alias resolved through source-mapped F0261.
F0262_MOVE_GetTeleporterRotatedGroupResult	F	MOVE	MOVESENS.C:33-111	src/dm1/dm1_v1_teleporter_pit_pc34_compat.c; include/dm1_v1_teleporter_pit_pc34_compat.h; tests/test_dm1_v1_movement_pipeline_pc34_compat.c	VERIFIED_SOURCE_MAPPING	DM1 applies F0262 packed group direction/cell rotation for absolute and relative teleporters through F0178 two-bit replacement; single-centered cells and creature-size cell rotation gates are preserved.
F0263_MOVE_GetTeleporterRotatedProjectileThing	F	MOVE	MOVESENS.C:120-133	src/dm1/dm1_v1_teleporter_pit_pc34_compat.c; include/dm1_v1_teleporter_pit_pc34_compat.h; src/memory/memory_tick_orchestrator_pc34_compat.c; tests/test_dm1_v1_movement_pipeline_pc34_compat.c	VERIFIED_SOURCE_MAPPING	DM1 projectile teleporter rotation updates projectile direction and relative cell while preserving the associated-object exception used by F0267 object/projectile teleporter routes.
F0264_MOVE_IsLevitating	F	MOVE	ATARIST.H:143	src/dm1/dm1_v1_creature_ai_behavior_pc34_compat.c; include/dm1_v1_creature_ai_behavior_pc34_compat.h; tests/test_dm1_v1_creature_ai_behavior_pc34_compat.c	VERIFIED_SOURCE_MAPPING	DM1 implements MOVESENS.C F0264's source rule: C04 levitates only from raw creature attributes MASK0x0020, while C14 projectiles and C15 explosions always levitate; all other Thing types reject.
F264_avzz_	F	Atari ST / PRIM ABI alias	ATARIST.H:143	F0264_MOVE_IsLevitating	VERIFIED_SOURCE_MAPPING	ABI alias resolved through source-mapped F0264.
F0265_MOVE_CreateEvent60To61_MoveGroup	F	MOVE	DEFS.H:7761	src/dm1/dm1_v1_event_timer_pc34_compat.c; include/dm1_v1_event_timer_pc34_compat.h; tests/test_dm1_v1_event_timer_pc34_compat.c	VERIFIED_SOURCE_MAPPING	DM1 builds the MOVESENS.C C60/C61 retry EVENT with Map_Time gameTime+5, silent/audible type selection, zero priority, destination B.Location, and the exact source C04 Thing word packed into C.Slot; caller-owned movement validation remains separate.
F0266_MOVE_IsKilledByProjectileImpact	F	MOVE	MOVESENS.C:241-301	src/memory/memory_tick_orchestrator_pc34_compat.c; src/dm1/dm1_v1_teleporter_pit_pc34_compat.c; tests/test_dm1_v1_movement_pipeline_pc34_compat.c	IMPLEMENTED_NARROW	DM1 group-move projectile precheck is source-mapped for C04 movement through F0217/F0190 aftermath, fixed/slot possession handling, and movement removal/retry receipts; broader projectile-impact behavior outside the moving-group F0267 callers remains separate.
F0267_MOVE_GetMoveRes	F	MOVE	MOVESENS.C:316-897	src/dm1/dm1_v1_movement_pipeline_pc34_compat.c; src/dm1/dm1_v1_teleporter_pit_pc34_compat.c; src/memory/memory_tick_orchestrator_pc34_compat.c; src/memory/memory_movement_pc34_compat.c; tests/test_dm1_v1_movement_pipeline_pc34_compat.c	IMPLEMENTED_NARROW	DM1 exposes the IIGS F0267 alias through the same source-mapped movement result routes as F0267_MOVE_GetMoveResult_CPSCE: party, C04 group, ordinary Thing, teleporter/pit chaining, sensors, projectile precheck, and retry/removal receipts where implemented.
F0267_MOVE_GetMoveResult_CPSCE	F	MOVE	MOVESENS.C:316-897	src/dm1/dm1_v1_movement_pipeline_pc34_compat.c; src/dm1/dm1_v1_teleporter_pit_pc34_compat.c; src/memory/memory_tick_orchestrator_pc34_compat.c; src/memory/memory_movement_pc34_compat.c; tests/test_dm1_v1_movement_pipeline_pc34_compat.c	IMPLEMENTED_NARROW	DM1 movement result handling covers source/destination sentinel contract, party teleporter/pit consequences, C04 move/retry/remove routes, ordinary C05..C15 loaded-chain movement, C14/C15 timeline relocation, destination sensor ordering, and map-coordinate publication; wider original-data route breadth remains open.
F267_dzzz_	F	Atari ST / PRIM ABI alias	ATARIST.H:144	src/nexus/nexus_v1_squares.c:7	UNCERTAIN_NUMBERED_EVIDENCE	Exact numeric token occurs in Firestaff source; this audit did not verify behavioral equivalence or implementation.
F0268_SENSOR_AddEvent	F	SENSOR	ATARIST.H:145	src/dm2/dm2_v1_timeline.c:25	UNCERTAIN_NUMBERED_EVIDENCE	Exact numeric token occurs in Firestaff source; this audit did not verify behavioral equivalence or implementation.
F268_fzzz_	F	Atari ST / PRIM ABI alias	ATARIST.H:145	src/dm2/dm2_v1_timeline.c:25	UNCERTAIN_NUMBERED_EVIDENCE	Exact numeric token occurs in Firestaff source; this audit did not verify behavioral equivalence or implementation.
F0269_SENSOR_AddSkillExperience	F	SENSOR	DEFS.H:7797	src/dm1/dm1_v1_mirror_candidate_double_open_close_pc34_compat.c:30	UNCERTAIN_NUMBERED_EVIDENCE	Exact numeric token occurs in Firestaff source; this audit did not verify behavioral equivalence or implementation.
F0270_SENSOR_TriggerLocalEffect	F	SENSOR	DEFS.H:7798	src/csb/csb_v1_runtime_pc34_compat.c:12488	UNCERTAIN_NUMBERED_EVIDENCE	Exact numeric token occurs in Firestaff source; this audit did not verify behavioral equivalence or implementation.
F0271_SENSOR_ProcessRotationEffect	F	SENSOR	DEFS.H:7799	src/csb/csb_v1_runtime_pc34_compat.c:8394	UNCERTAIN_NUMBERED_EVIDENCE	Exact numeric token occurs in Firestaff source; this audit did not verify behavioral equivalence or implementation.
F0272_SENSOR_TriggerEffect	F	SENSOR	DEFS.H:7804	src/csb/csb_v1_runtime_pc34_compat.c:8453	UNCERTAIN_NUMBERED_EVIDENCE	Exact numeric token occurs in Firestaff source; this audit did not verify behavioral equivalence or implementation.
F0273_SENSOR_GetObjectOfTypeInCell	F	SENSOR	DEFS.H:7813	include/dm1_v1_sensor_get_object_of_type_in_cell_pc34_compat.h	IMPLEMENTED_NARROW	Typed cell sensor query; focused CTest.
F0274_SENSOR_IsObjectInPartyPossession	F	SENSOR	DEFS.H:7821	src/csb/csb_v1_runtime_pc34_compat.c:12077	IMPLEMENTED_NARROW	ReDMCSB MOVESENS.C F0274 C008 path: loaded CHARDESC slots plus source-owned LeaderHandThing and only a bounded C144 CONTAINER.Slot chain; missing/stale identities reject before F0272/F0268 publication.
F0275_SENSOR_IsTriggeredByClickOnWall	F	SENSOR	ATARIST.H:146	src/csb/csb_v1_runtime_pc34_compat.c:9451; tests/test_csb_v1_f0275_c011_wall_click_save_pc34_compat.c; tests/test_csb_v1_f0275_c012_generator_save_pc34_compat.c	IMPLEMENTED_NARROW	CSB's bounded ReDMCSB MOVESENS.C F0275 owner selects loaded C03 cells. C011 removes the matching C05 runtime hand object; C012 requires an empty hand and allocates its bounded F0167 C05 arrow object. Both rotate the source cell and reach F0272/F0268. Native runtime save restores PARTY.LeaderHandThing and synchronizes an already boot-owned CSBWin hand mirror; type/nonempty-hand rejects have no raw or timeline mutation.
F275_aszz_	F	Atari ST / PRIM ABI alias	ATARIST.H:146	src/csb/csb_v1_runtime_pc34_compat.c:8451	UNCERTAIN_NUMBERED_EVIDENCE	Exact numeric token occurs in Firestaff source; this audit did not verify behavioral equivalence or implementation.
F0276_SENSOR_ProcessThingAdditionOrRemoval	F	SENSOR	ATARIST.H:147	src/csb/csb_v1_dungeon_world_pc34_compat.c:450	UNCERTAIN_NUMBERED_EVIDENCE	Exact numeric token occurs in Firestaff source; this audit did not verify behavioral equivalence or implementation.
F276_qzzz_	F	Atari ST / PRIM ABI alias	ATARIST.H:147	src/csb/csb_v1_dungeon_world_pc34_compat.c:450	UNCERTAIN_NUMBERED_EVIDENCE	Exact numeric token occurs in Firestaff source; this audit did not verify behavioral equivalence or implementation.
F0277_CPSE_IsFuzzySectorValid_FuzzyBits	F	CPSE	ATARIST.H:148	src/dm1/dm1_v1_event_timer_pc34_compat.c:630	UNCERTAIN_NUMBERED_EVIDENCE	Exact numeric token occurs in Firestaff source; this audit did not verify behavioral equivalence or implementation.
F277_jzzz_	F	Atari ST / PRIM ABI alias	ATARIST.H:148	src/dm1/dm1_v1_event_timer_pc34_compat.c:630	UNCERTAIN_NUMBERED_EVIDENCE	Exact numeric token occurs in Firestaff source; this audit did not verify behavioral equivalence or implementation.
F0278_CHAMPION_ResetDataToStartGame	F	CHAMPION	CHAMPRST.C:1-59	src/dm1/dm1_v1_resurrection_pc34_compat.c; include/dm1_v1_resurrection_pc34_compat.h; tests/test_dm1_v1_resurrection_pc34_compat.c	IMPLEMENTED_NARROW	DM1 models the F0278 reset-to-start-game side-effect plan: new-game leader-hand clear, resume/restart empty-hand pointer reset, saved leader-hand F0297 restore, champion dirty-attribute clear, F0293 action/status/icon redraw, leader restore, and magic-caster restore. Actual global mutation remains caller-owned.
F278_apzz_	F	Atari ST / PRIM ABI alias	ATARIST.H:149	src/dm1/dm1_v1_resurrection_pc34_compat.c; tests/test_dm1_v1_resurrection_pc34_compat.c	IMPLEMENTED_NARROW	Alias disposition follows F0278_CHAMPION_ResetDataToStartGame for the bounded DM1 reset-to-start-game side-effect plan.
F0279_CHAMPION_GetDecodedValue	F	CHAMPION	REVIVE.C:11-45	src/dm1/dm1_v1_resurrection_pc34_compat.c; include/dm1_v1_resurrection_pc34_compat.h; tests/test_dm1_v1_resurrection_pc34_compat.c	IMPLEMENTED_NARROW	DM1 models F0279 as the source A..P nibble decoder used by F0280 for four-character health/stamina/mana values and two-character statistics; broader F0280 champion text/materialization remains separate.
F0280_CHAMPION_AddCandidateChampionToParty	F	CHAMPION	REVIVE.C:124-132,272-276	src/dm1/dm1_v1_resurrection_pc34_compat.c; include/dm1_v1_resurrection_pc34_compat.h; tests/test_dm1_v1_resurrection_pc34_compat.c	IMPLEMENTED_NARROW	DM1 models the source C080/C127 Hall portrait route into F0280 candidate append: empty-hand/full-party/cell gates, sensorData portrait index, G0299 candidate ordinal, next party count, first-leader publication, and candidate panel ordering. The deeper champion text/stat decode body remains unported and is not claimed here.
F280_agzz_	F	Atari ST / PRIM ABI alias	ATARIST.H:150	src/dm1/dm1_v1_resurrection_pc34_compat.c; tests/test_dm1_v1_resurrection_pc34_compat.c	IMPLEMENTED_NARROW	Alias disposition follows F0280_CHAMPION_AddCandidateChampionToParty for the bounded DM1 C080/C127 candidate append route; full champion text/stat decode remains outside this closure.
F0281_CHAMPION_Rename	F	CHAMPION	REVIVE.C:407-465	src/dm1/dm1_v1_resurrection_rename_ui_gate_pc34_compat.c; include/firestaff/dm1/v1/resurrection_rename_ui_gate_pc34_compat.h; tests/test_dm1_v1_resurrection_rename_ui_gate_pc34_compat.c	IMPLEMENTED_NARROW	DM1 models the F0281 reincarnate-only rename gate, C027 panel box, name/title cursor positions, uppercase and special-character input rules, leading-space/full-title/backspace handling, title transition, OK acceptance, and host-active gate. Live blocking UI and pixel capture remain separate.
F0282_CHAMPION_ProcessCommands160To162_ClickInResurrectReincarnatePanel	F	CHAMPION	ATARIST.H:151	src/engine/m11_game_view.c:15004;src/engine/m11_game_view.c:15243	IMPLEMENTED_NARROW	REVIVE.C F0282:805-817 source-owned C160/C161 tail resolves the current front-square's first SENSOR once from the bounded PC34 F0160/F0161 SFT chain, retains its index across candidate-panel mutation, and clears precisely that owner afterwards. This preserves BUG0_87 custom-sensor precedence without rescanning for C127/TextString or using a synthetic owner. C162 cancellation and the broader resurrection/UI corpus remain separately covered.
F282_xzzz_	F	Atari ST / PRIM ABI alias	ATARIST.H:151	src/engine/m11_game_view.c:15004;src/engine/m11_game_view.c:15243	IMPLEMENTED_NARROW	Alias disposition follows the existing F0282 narrow source-owned C160/C161 mirror-sensor clear and candidate-panel mutation boundary.
F0283_CHAMPION_ViAltarRebirth	F	CHAMPION	REVIVE.C:915-937; TIMELINE.C:1665-1698	src/dm1/dm1_v1_resurrection_pc34_compat.c; include/dm1_v1_resurrection_pc34_compat.h; tests/test_dm1_v1_resurrection_pc34_compat.c	VERIFIED_SOURCE_MAPPING	DM1 models the C13 Vi Altar full-cycle route into F0283: event creation from champion bones, step 2 explosion/delay, step 1 matching-bones unlink, step 0 rebirth, occupied-cell relocation, health penalty, copied party direction, and action/status/icon dirty attributes.
F283_azzz_	F	Atari ST / PRIM ABI alias	ATARIST.H:152	src/dm1/dm1_v1_resurrection_pc34_compat.c; tests/test_dm1_v1_resurrection_pc34_compat.c	VERIFIED_SOURCE_MAPPING	Alias disposition follows F0283_CHAMPION_ViAltarRebirth for the DM1 C13 Vi Altar full-cycle rebirth mapping.
F0284_CHAMPION_SetPartyDirection	F	CHAMPION	CHAMPION.C:117-130	src/memory/memory_mov05_f0284_cell_rotation_pc34_compat.c; include/memory_mov05_f0284_cell_rotation_pc34_compat.h; tests/test_dm1_v1_mov05_f0284_cell_rotation_pc34_compat.c; src/dm1/dm1_v1_movement_command_core_pc34_compat.c; tests/test_dm1_v1_movement_command_core_pc34_compat.c	VERIFIED_SOURCE_MAPPING	DM1 models F0284 party-direction changes by applying the direction delta to each present champion Cell and Direction, preserving champion array slots and activeChampionIndex, and doing nothing on no-op turns.
F284_czzz_	F	Atari ST / PRIM ABI alias	ATARIST.H:153	src/memory/memory_mov05_f0284_cell_rotation_pc34_compat.c; tests/test_dm1_v1_mov05_f0284_cell_rotation_pc34_compat.c	VERIFIED_SOURCE_MAPPING	Alias disposition follows F0284_CHAMPION_SetPartyDirection for DM1 source-locked champion Cell and Direction rotation.
F0285_CHAMPION_GetIndexInCell	F	CHAMPION	CHAMPION.C:F0285	src/memory/memory_mov05_f0284_cell_rotation_pc34_compat.c; include/memory_mov05_f0284_cell_rotation_pc34_compat.h; tests/test_dm1_v1_mov05_f0284_cell_rotation_pc34_compat.c	IMPLEMENTED_NARROW	DM1 covers F0285 through the F0286 target-selection scan: ordered cells are searched across the original party range for the first present living champion whose Cell matches. A standalone all-callers F0285 helper is not claimed.
F285_szzz_	F	Atari ST / PRIM ABI alias	ATARIST.H:154	src/memory/memory_mov05_f0284_cell_rotation_pc34_compat.c; tests/test_dm1_v1_mov05_f0284_cell_rotation_pc34_compat.c	IMPLEMENTED_NARROW	Alias disposition follows F0285_CHAMPION_GetIndexInCell for the bounded F0286 target-selection cell scan.
F0286_CHAMPION_GetTargetChampionIndex	F	CHAMPION	CHAMPION.C:F0286	src/memory/memory_mov05_f0284_cell_rotation_pc34_compat.c; include/memory_mov05_f0284_cell_rotation_pc34_compat.h; tests/test_dm1_v1_mov05_f0284_cell_rotation_pc34_compat.c	VERIFIED_SOURCE_MAPPING	DM1 models F0286 adjacent-attacker target selection: range gate, source F0229/G0023 ordered-cell RNG route, F0285 living champion cell scan, original party slot order, and no RNG consumption outside the source range gate.
F286_hzzz_	F	Atari ST / PRIM ABI alias	ATARIST.H:155	src/memory/memory_mov05_f0284_cell_rotation_pc34_compat.c; tests/test_dm1_v1_mov05_f0284_cell_rotation_pc34_compat.c	VERIFIED_SOURCE_MAPPING	Alias disposition follows F0286_CHAMPION_GetTargetChampionIndex for the DM1 adjacent-attacker ordered-cell target route.
F0287_CHAMPION_DrawBarGraphs	F	CHAMPION	CHAMDRAW.C:72-346	src/dm1/dm1_v1_champion_panel_hud_pc34_compat.c; tests/test_dm1_v1_champion_panel_bar_pixels_pc34_compat.c; tests/test_dm1_v1_champion_panel_hud_pc34_compat.c	VERIFIED_SOURCE_MAPPING	DM1 owns the ReDMCSB F0287 PC34 bar graph model for HP/stamina/mana zone selection, fixed 4x25 geometry, top blank band, bottom champion-colour fill band, and invalid-input rejection.
F0288_CHAMPION_GetStringFromInteger	F	CHAMPION	CHAMDRAW.C:349-388	src/dm1/dm1_v1_champion_panel_hud_pc34_compat.c; src/dm1/dm1_v1_champion_panel_damage_indicator_pc34_compat.c; tests/test_dm1_v1_champion_panel_hud_pc34_compat.c; tests/test_dm1_v1_champion_panel_damage_indicator_pc34_compat.c	IMPLEMENTED_NARROW	DM1 exposes F0288 padded/unpadded integer formatting for champion HUD status/stat/load text and the existing damage indicator route; live centered text and every caller-specific blit remain owned by their render paths.
F0289_CHAMPION_DrawHealthOrStaminaOrManaValue	F	CHAMPION	CHAMDRAW.C:453-479	src/dm1/dm1_v1_champion_panel_hud_pc34_compat.c; tests/test_dm1_v1_champion_panel_hud_pc34_compat.c	VERIFIED_SOURCE_MAPPING	DM1 maps F0289 status value text through the shared F0288 integer formatter and source zones for health, stamina, and mana; actual pixel drawing remains the caller-owned HUD renderer.
F0290_CHAMPION_DrawHealthStaminaManaValues	F	CHAMPION	CHAMDRAW.C:480-494	src/dm1/dm1_v1_champion_panel_hud_pc34_compat.c; tests/test_dm1_v1_champion_panel_hud_pc34_compat.c	VERIFIED_SOURCE_MAPPING	DM1 maps F0290 health/stamina/mana dispatch order including the PC34 stamina /10 conversion and original C550/C551/C552 zone routing.
F0291_CHAMPION_DrawSlot	F	CHAMPION	CHAMDRAW.C:498-673	src/engine/m11_game_view.c:33701	IMPLEMENTED_NARROW	Normal DM1 V1 C211..C218 hand boxes require the exact loaded-pixel C033/C034/C035 18x18 source surface before F0038 may add an icon; missing or malformed material preserves the F0292-cleared status background with no host border. Real PC34 capture across ready/wounded/acting variants remains open.
F0292_CHAMPION_DrawState	F	CHAMPION	CHAMDRAW.C:771-815, 898-935; 1019-1091	src/engine/m11_game_view.c; tests/test_m11_dm1_status_aux_source_gate.c; tests/test_m11_dm1_champion_panel_asset_fail_closed.c	IMPLEMENTED_NARROW	Live normal-V1 F0292 status composition uses its C12 native clear for living champions and the exact C008 67x29 source surface opaquely for dead champions, so source-black pixels clear stale HUD. It admits auxiliary C032/C037/C038/C039 indexed surfaces only when the exact GRAPHICS.DAT graphic, loaded pixels, dimensions, and source rectangle agree. DM1 also rejects the generic cyan status-frame fallback even if V1 chrome is disabled; missing material or geometry is no-draw with no host border, label, or coordinate fallback. Focused M11 coverage proves C032/C038 no-draw and presentation plus the status-frame source gate; full original capture remains open.
F292_arzz_	F	Atari ST / PRIM ABI alias	ATARIST.H:156	src/engine/m11_game_view.c; tests/test_m11_dm1_status_aux_source_gate.c; tests/test_m11_dm1_champion_panel_asset_fail_closed.c	IMPLEMENTED_NARROW	Alias disposition follows F0292_CHAMPION_DrawState for the existing live normal-V1 source-material status composition gate; original capture parity remains open.
F0293_CHAMPION_DrawAllChampionStates	F	CHAMPION	CHAMDRAW.C:1117-1143	src/dm1/dm1_v1_champion_panel_all_states_pc34_compat.c; include/dm1_v1_champion_panel_all_states_pc34_compat.h; tests/test_dm1_v1_champion_panel_all_states_pc34_compat.c	IMPLEMENTED_NARROW	Models F0293 as a contract-only active-party loop: OR dirty mask into each active champion, call F0292 in champion-index order, and clear G2149; F0292 bitmap internals and original pixel parity remain separate.
F293_ahzz_	F	Atari ST / PRIM ABI alias	ATARIST.H:157	src/dm1/dm1_v1_champion_panel_all_states_pc34_compat.c; tests/test_dm1_v1_champion_panel_all_states_pc34_compat.c	IMPLEMENTED_NARROW	Alias disposition follows F0293_CHAMPION_DrawAllChampionStates for the bounded active-party redraw loop.
F0294_CHAMPION_IsAmmunitionCompatibleWithWeapon	F	CHAMPION	AMMO.C:2	src/dm1/dm1_v1_combat_pc34_compat.c:344	IMPLEMENTED_NARROW	DM1 ports AMMO.C:43-79 through raw loaded PC3.4 champion-slot THING values: launcher type is gated before F0158, G0238 bow/sling class selects C010/C011, then the ammunition F0158 result and weapon type must match. Unavailable or malformed raw records fail closed; M11 slot-handoff ownership remains separate.
F294_aozz_	F	Atari ST / PRIM ABI alias	ATARIST.H:158	src/dm1/dm1_v1_combat_pc34_compat.c:344	IMPLEMENTED_NARROW	Atari ST alias of F0294; implemented through the same raw loaded PC3.4 THING-to-F0158-to-G0238 ammunition compatibility gate. M11 slot-handoff ownership remains separate.
F0295_CHAMPION_HasObjectIconInSlotBoxChanged	F	CHAMPION	CHAMDRAW.C:1153-1217	src/dm1/dm1_v1_champion_panel_hand_slot_refresh_pc34_compat.c; include/firestaff/dm1/v1/champion_panel/hand_slot_refresh_pc34_compat.h; tests/test_dm1_v1_champion_panel_hand_slot_refresh_pc34_compat.c	IMPLEMENTED_NARROW	Models the F0295 mutable-icon test for C000..C031, C148..C163, and C195 slot-box icons: compare current box icon to object icon, repaint through F0038 only when changed, and return false for immutable/no-change cases; real icon bitmap sampling remains separate.
F0296_CHAMPION_DrawChangedObjectIcons	F	CHAMPION	CHAMDRAW.C:1220-1300	src/dm1/dm1_v1_champion_panel_hand_slot_refresh_pc34_compat.c; tests/test_dm1_v1_champion_panel_hand_slot_refresh_pc34_compat.c; tests/test_dm1_v1_champion_panel_portrait_box_redraw_states_pc34_compat.c	IMPLEMENTED_NARROW	Models F0296 candidate early return, leader-hand icon/name refresh precedence, party action-hand slot walk, inventory-owner skip, inventory/chest secondary walks, viewport dirty plus F0292 dispatch, and F0078 tail; renderer pixel parity remains open.
F296_aizz_	F	Atari ST / PRIM ABI alias	ATARIST.H:159	src/dm1/dm1_v1_champion_panel_hand_slot_refresh_pc34_compat.c; tests/test_dm1_v1_champion_panel_hand_slot_refresh_pc34_compat.c	IMPLEMENTED_NARROW	Alias disposition follows F0296_CHAMPION_DrawChangedObjectIcons for the bounded changed-object icon refresh contract.
F0297_CHAMPION_PutObjectInLeaderHand	F	CHAMPION	CHAMPION.C:243-298	src/dm1/dm1_v1_champion_panel_action_hand_slot_priority_pc34_compat.c; src/dm1/dm1_v1_champion_panel_hand_slot_priority_pc34_compat.c; tests/test_dm1_v1_champion_panel_action_hand_slot_priority_pc34_compat.c	IMPLEMENTED_NARROW	Models the leader-hand put helper as consumed by F0302 slot-box routes, including slot priority and helper ordering around F0298/F0300/F0301/F0292; standalone all-callers behavior remains open.
F297_atzz_	F	Atari ST / PRIM ABI alias	ATARIST.H:160	src/dm1/dm1_v1_champion_panel_action_hand_slot_priority_pc34_compat.c; tests/test_dm1_v1_champion_panel_action_hand_slot_priority_pc34_compat.c	IMPLEMENTED_NARROW	Alias disposition follows F0297_CHAMPION_PutObjectInLeaderHand for the bounded F0302 action-hand route.
F0298_CHAMPION_GetObjectRemovedFromLeaderHand	F	CHAMPION	CHAMPION.C:270-298	src/dm1/dm1_v1_champion_panel_action_hand_slot_priority_pc34_compat.c; src/dm1/dm1_v1_champion_panel_hand_slot_priority_pc34_compat.c; tests/test_dm1_v1_champion_panel_action_hand_slot_priority_pc34_compat.c	IMPLEMENTED_NARROW	Models leader-hand removal as consumed by F0302 slot-box swaps, preserving source helper order and load/state refresh effects in the bounded route; standalone all-callers behavior remains open.
F298_aqzz_	F	Atari ST / PRIM ABI alias	ATARIST.H:161	src/dm1/dm1_v1_champion_panel_action_hand_slot_priority_pc34_compat.c; tests/test_dm1_v1_champion_panel_action_hand_slot_priority_pc34_compat.c	IMPLEMENTED_NARROW	Alias disposition follows F0298_CHAMPION_GetObjectRemovedFromLeaderHand for the bounded F0302 action-hand route.
F0299_CHAMPION_ApplyObjectModifiersToStatistics	F	CHAMPION	CHAMPION.C:301-346	src/dm1/dm1_v1_inventory_pc34_compat.c; tests/test_dm1_v1_inventory_backpack_chest_pc34_compat.c; src/dm1/dm1_v1_chest_action_hand_owner_change_pc34_compat.c; tests/test_dm1_v1_chest_action_hand_owner_change_pc34_compat.c	IMPLEMENTED_NARROW	Models the source-backed Rabbit's Foot luck modifier exclusion for open-chest slots C30..C37 and the F0300/F0301 modifier-apply cadence in the action-hand owner-change route; the full all-item modifier matrix remains open.
F0300_CHAMPION_GetObjectRemovedFromSlot	F	CHAMPION	CHAMPION.C:562-648	src/dm1/dm1_v1_champion_panel_action_hand_slot_priority_pc34_compat.c; src/dm1/dm1_v1_champion_panel_hand_slot_priority_pc34_compat.c; src/dm1/dm1_v1_chest_action_hand_owner_change_pc34_compat.c; tests/test_dm1_v1_champion_panel_action_hand_slot_priority_pc34_compat.c	IMPLEMENTED_NARROW	Models slot removal as consumed by F0302, including status-hand/action-hand/backpack/belt priority and C30+ chest/action-hand scratch clearing where represented; full all-callers forced-drop behavior remains separate.
F300_aozz_	F	Atari ST / PRIM ABI alias	ATARIST.H:162	src/dm1/dm1_v1_champion_panel_action_hand_slot_priority_pc34_compat.c; tests/test_dm1_v1_champion_panel_action_hand_slot_priority_pc34_compat.c	IMPLEMENTED_NARROW	Alias disposition follows F0300_CHAMPION_GetObjectRemovedFromSlot for the bounded F0302 slot-box route.
F0301_CHAMPION_AddObjectInSlot	F	CHAMPION	CHAMPION.C:651-708	src/dm1/dm1_v1_champion_panel_action_hand_slot_priority_pc34_compat.c; src/dm1/dm1_v1_champion_panel_hand_slot_priority_pc34_compat.c; src/dm1/dm1_v1_chest_action_hand_owner_change_pc34_compat.c; tests/test_dm1_v1_champion_panel_action_hand_slot_priority_pc34_compat.c	IMPLEMENTED_NARROW	Models slot insertion as consumed by F0302, including status-hand/action-hand/backpack/belt priority and C30+ chest/action-hand scratch writes where represented; full all-callers inventory mutation remains separate.
F301_apzz_	F	Atari ST / PRIM ABI alias	ATARIST.H:163	src/dm1/dm1_v1_champion_panel_action_hand_slot_priority_pc34_compat.c; tests/test_dm1_v1_champion_panel_action_hand_slot_priority_pc34_compat.c	IMPLEMENTED_NARROW	Alias disposition follows F0301_CHAMPION_AddObjectInSlot for the bounded F0302 slot-box route.
F0302_CHAMPION_ProcessCommands28To65_ClickOnSlotBox	F	CHAMPION	CHAMPION.C:713-1110	src/dm1/dm1_v1_champion_panel_action_hand_slot_priority_pc34_compat.c; src/dm1/dm1_v1_champion_panel_second_leader_hand_slot_priority_pc34_compat.c; src/dm1/dm1_v1_chest_action_hand_owner_change_pc34_compat.c; tests/test_dm1_v1_champion_panel_action_hand_slot_priority_pc34_compat.c; tests/test_dm1_v1_champion_panel_second_leader_hand_slot_priority_pc34_compat.c	IMPLEMENTED_NARROW	Models the F0302 C020..C065 slot-box dispatcher for candidate/party/inventory guards, status vs inventory/chest slot resolution, allowed-slot rejection, F0298/F0300/F0297/F0301/F0292 helper order, F0077/F0078 bracketing, and BUG0_39 ordering; live renderer/original-pixel parity remains open.
F302_mzzz_	F	Atari ST / PRIM ABI alias	ATARIST.H:164	src/dm1/dm1_v1_champion_panel_action_hand_slot_priority_pc34_compat.c; tests/test_dm1_v1_champion_panel_action_hand_slot_priority_pc34_compat.c	IMPLEMENTED_NARROW	Alias disposition follows F0302_CHAMPION_ProcessCommands28To65_ClickOnSlotBox for the bounded slot-box dispatcher.
F0303_CHAMPION_GetSkillLevel	F	CHAMPION	CHAMPION.C:715-820	src/dm1/dm1_v1_skill_experience_pc34_compat.c; include/dm1_v1_skill_experience_pc34_compat.h; tests/test_dm1_v1_skill_experience_pc34_compat.c; tests/test_m11_dm1_skill_query_runtime_pc34_compat.c	IMPLEMENTED_NARROW	DM1 models F0303 XP-to-level query for base/sub skills, temporary XP flags, resting gate, action-hand/neck object modifiers, and inventory-built query inputs; live all-callers are covered only where routed through the tested DM1 skill/M11 paths.
F303_AA09_	F	Atari ST / PRIM ABI alias	ATARIST.H:165	src/dm1/dm1_v1_skill_experience_pc34_compat.c; tests/test_dm1_v1_skill_experience_pc34_compat.c	IMPLEMENTED_NARROW	Alias disposition follows F0303_CHAMPION_GetSkillLevel for the bounded DM1 skill-level query.
F0304_CHAMPION_AddSkillExperience	F	CHAMPION	CHAMPION.C:823-977	src/dm1/dm1_v1_skill_experience_pc34_compat.c; include/dm1_v1_skill_experience_pc34_compat.h; tests/test_dm1_v1_skill_experience_pc34_compat.c; tests/test_dm1_v1_skill_levelup_formula_gate_pc34_compat.c	IMPLEMENTED_NARROW	DM1 models F0304 skill XP gain with map difficulty, combat proximity halving/doubling, temporary XP cap, sub-skill-to-base propagation, pre/post level query, and source-shaped level-up bonus deltas; broader runtime award sites remain caller-owned.
F304_apzz_	F	Atari ST / PRIM ABI alias	ATARIST.H:166	src/dm1/dm1_v1_skill_experience_pc34_compat.c; tests/test_dm1_v1_skill_experience_pc34_compat.c	IMPLEMENTED_NARROW	Alias disposition follows F0304_CHAMPION_AddSkillExperience for the bounded DM1 skill-XP mutation route.
F0305_CHAMPION_GetThrowingStaminaCost	F	CHAMPION	CHAMPION.C:1061-1074	src/dm1/dm1_v1_throw_shoot_pc34_compat.c; include/dm1_v1_throw_shoot_pc34_compat.h; tests/test_dm1_v1_throw_shoot_pc34_compat.c	VERIFIED_SOURCE_MAPPING	DM1 maps F0305 object-weight throwing stamina cost through the throw/shoot source helper and F0328 projectile plan; object weight ownership stays with F0140/object data callers.
F0306_CHAMPION_GetStaminaAdjustedValue	F	CHAMPION	CHAMPION.C:1078-1104	src/dm1/dm1_v1_champion_stats_pc34_compat.c; include/dm1_v1_champion_stats_pc34_compat.h; tests/test_dm1_v1_champion_stats_pc34_compat.c; tests/test_dm1_v1_f0306_stamina_pc34_compat.c	VERIFIED_SOURCE_MAPPING	DM1 maps F0306 stamina-adjusted value, preserving the PC34 halved-value compiler-order behavior for low stamina and no-op behavior at/above half stamina; also consumed by F0309 maximum-load tests.
F0307_CHAMPION_GetStatisticAdjustedAttack	F	CHAMPION	CHAMPION.C:1112-1119	src/dm1/dm1_v1_combat_pc34_compat.c; include/dm1_v1_combat_pc34_compat.h; tests/test_dm1_v1_combat_pc34_compat_integration.c	IMPLEMENTED_NARROW	DM1 models F0307 statistic-adjusted attack scaling via factor 170-current statistic, the factor<16 attack>>3 branch, and scaled-product fallback; all live callers remain bounded to tested combat routes.
F307_fzzz_	F	Atari ST / PRIM ABI alias	ATARIST.H:167	src/dm1/dm1_v1_combat_pc34_compat.c; tests/test_dm1_v1_combat_pc34_compat_integration.c	IMPLEMENTED_NARROW	Alias disposition follows F0307_CHAMPION_GetStatisticAdjustedAttack for the bounded DM1 combat scaling helper.
F0308_CHAMPION_IsLucky	F	CHAMPION	CHAMPION.C:1120-1155	src/dm1/dm1_v1_combat_pc34_compat.c; include/dm1_v1_combat_pc34_compat.h; tests/test_dm1_v1_combat_pc34_compat_integration.c	IMPLEMENTED_NARROW	DM1 models F0308 luck gate and bounded luck-stat writeback for tested melee/creature-damage routes, including lucky/unlucky mutation and zero-luck fail-closed behavior; broader all-callers RNG replay remains separate.
F308_vzzz_	F	Atari ST / PRIM ABI alias	ATARIST.H:168	src/dm1/dm1_v1_combat_pc34_compat.c; tests/test_dm1_v1_combat_pc34_compat_integration.c	IMPLEMENTED_NARROW	Alias disposition follows F0308_CHAMPION_IsLucky for the bounded DM1 luck gate/writeback route.
F0309_CHAMPION_GetMaximumLoad	F	CHAMPION	CHAMPION.C:1157-1177	src/dm1/dm1_v1_champion_stats_pc34_compat.c; include/dm1_v1_champion_stats_pc34_compat.h; tests/test_dm1_v1_champion_stats_pc34_compat.c	VERIFIED_SOURCE_MAPPING	DM1 maps F0309 maximum-load formula over strength, F0306 stamina adjustment, wound penalty, Elven Boots bonus, and source tenths rounding; live load mutation remains caller-owned.
F309_awzz_	F	Atari ST / PRIM ABI alias	ATARIST.H:169	src/dm1/dm1_v1_champion_stats_pc34_compat.c; tests/test_dm1_v1_champion_stats_pc34_compat.c	VERIFIED_SOURCE_MAPPING	Alias disposition follows F0309_CHAMPION_GetMaximumLoad for the DM1 maximum-load formula.
F0310_CHAMPION_GetMovementTicks	F	CHAMPION	CHAMPION.C:1180-1215	src/dm1/dm1_v1_champion_stats_pc34_compat.c; include/dm1_v1_champion_stats_pc34_compat.h; tests/test_dm1_v1_champion_stats_pc34_compat.c; src/dm1/dm1_v1_movement_pipeline_pc34_compat.c; tests/test_dm1_v1_movement_pipeline_pc34_compat.c	VERIFIED_SOURCE_MAPPING	DM1 maps F0310 movement ticks from current load versus F0309 maximum load, including BUG0_72 load==maximum overloaded branch, feet wound tick penalty, Boots of Speed reduction, and minimum-one clamp; command pipeline consumption is tested separately.
F310_AA08_	F	Atari ST / PRIM ABI alias	ATARIST.H:170	src/dm1/dm1_v1_champion_stats_pc34_compat.c; tests/test_dm1_v1_champion_stats_pc34_compat.c	VERIFIED_SOURCE_MAPPING	Alias disposition follows F0310_CHAMPION_GetMovementTicks for the DM1 movement-tick formula.
F0311_CHAMPION_GetDexterity	F	CHAMPION	CHAMPION.C:1218-1234	src/dm1/dm1_v1_combat_pc34_compat.c; include/dm1_v1_combat_pc34_compat.h; tests/test_dm1_v1_combat_pc34_compat_integration.c	IMPLEMENTED_NARROW	DM1 models F0311 dexterity over base dexterity, three PC34 combat RNG draws, F0309 maximum-load penalty, and bounded result; live all-callers remain limited to the tested combat path.
F311_wzzz_	F	Atari ST / PRIM ABI alias	ATARIST.H:171	src/dm1/dm1_v1_combat_pc34_compat.c; tests/test_dm1_v1_combat_pc34_compat_integration.c	IMPLEMENTED_NARROW	Alias disposition follows F0311_CHAMPION_GetDexterity for the bounded DM1 combat dexterity helper.
F0312_CHAMPION_GetStrength	F	CHAMPION	CHAMPION.C:1237-1303	src/dm1/dm1_v1_combat_pc34_compat.c; src/dm1/dm1_v1_melee_action_f0402_pc34_compat.c; src/dm1/dm1_v1_throw_shoot_pc34_compat.c; src/dm1/dm1_v1_door_bash_feedback_pc34_compat.c; tests/test_dm1_v1_combat_pc34_compat_integration.c; tests/test_m11_f0407_f0231_stamina_order_pc34_compat.c	IMPLEMENTED_NARROW	DM1 models F0312 strength for tested combat/melee/throw and door-bash routes: object-weight tiers, weapon strength/class skill bonus via F0303, F0306 stamina adjustment, hand-wound penalty, and [0,100] clamp; broader all-callers remain route-owned.
F312_xzzz_	F	Atari ST / PRIM ABI alias	ATARIST.H:172	src/dm1/dm1_v1_combat_pc34_compat.c; tests/test_dm1_v1_combat_pc34_compat_integration.c	IMPLEMENTED_NARROW	Alias disposition follows F0312_CHAMPION_GetStrength for the bounded DM1 combat strength helper.
F0313_CHAMPION_GetWoundDefense	F	CHAMPION	CHAMPION.C:1305-1382	src/dm1/dm1_v1_combat_pc34_compat.c; include/dm1_v1_combat_pc34_compat.h; src/dm1/dm1_v1_wound_defense_factor_pc34_compat.c; tests/test_dm1_v1_combat_pc34_compat_integration.c	IMPLEMENTED_NARROW	DM1 models F0313 wound defense for tested combat damage routes, including hand-shield weighted defense, F0312 hand strength contribution, vitality RNG, sharp-defense halving, action/shield/party defense, armor defense, existing-wound penalty, and clamp.
F0314_CHAMPION_WakeUp	F	CHAMPION	CHAMPION.C:1382-1414	src/dm1/dm1_v1_mirror_candidate_c146_sleep_wakeup_repaint_gate_pc34_compat.c; include/dm1_v1_mirror_candidate_c146_sleep_wakeup_repaint_gate_pc34_compat.h; tests/test_dm1_v1_mirror_candidate_c146_sleep_wakeup_repaint_gate_pc34_compat.c	IMPLEMENTED_NARROW	DM1 models the F0314 wake-up side-effect order for the C146 command route: clear resting, set wait-for-input vertical blanks, draw floor/ceiling, restore input handlers, discard input, redraw enabled menus, and preserve the C040 mirror-candidate panel boundary.
F314_gzzz_	F	Atari ST / PRIM ABI alias	ATARIST.H:173	src/dm1/dm1_v1_mirror_candidate_c146_sleep_wakeup_repaint_gate_pc34_compat.c; tests/test_dm1_v1_mirror_candidate_c146_sleep_wakeup_repaint_gate_pc34_compat.c	IMPLEMENTED_NARROW	Alias disposition follows F0314_CHAMPION_WakeUp for the bounded DM1 C146 wake-up route.
F0315_CHAMPION_GetScentOrdinal	F	CHAMPION	CHAMPION.C:1421-1441	src/dm1/dm1_v1_champion_needs_pc34_compat.c; include/dm1_v1_champion_needs_pc34_compat.h; tests/test_dm1_v1_champion_needs_pc34_compat_integration.c	IMPLEMENTED_NARROW	DM1 models F0315 over the champion-needs scent list: packed mapX/mapY/current-map match, newest-to-oldest scan, 1-based ordinal return, and zero when absent; live consumers remain route-owned by Footprints/Thieves Eye/group smell paths.
F315_arzz_	F	Atari ST / PRIM ABI alias	ATARIST.H:174	src/dm1/dm1_v1_champion_needs_pc34_compat.c; tests/test_dm1_v1_champion_needs_pc34_compat_integration.c	IMPLEMENTED_NARROW	Alias disposition follows F0315_CHAMPION_GetScentOrdinal for the bounded DM1 scent lookup helper.
F0316_CHAMPION_DeleteScent	F	CHAMPION	CHAMPION.C:1444-1466	src/dm1/dm1_v1_champion_needs_pc34_compat.c; include/dm1_v1_champion_needs_pc34_compat.h; tests/test_dm1_v1_champion_needs_pc34_compat_integration.c	IMPLEMENTED_NARROW	DM1 models F0316 zero-based scent deletion for the champion-needs scent list, shifting scent records and strengths together, decrementing count, clearing the unused tail slot, and adjusting FirstScentIndex/LastScentIndex when the deleted index precedes them; invalid indices fail closed.
F316_aizz_	F	Atari ST / PRIM ABI alias	ATARIST.H:175	src/dm1/dm1_v1_champion_needs_pc34_compat.c; tests/test_dm1_v1_champion_needs_pc34_compat_integration.c	IMPLEMENTED_NARROW	Alias disposition follows F0316_CHAMPION_DeleteScent for the bounded DM1 scent delete helper.
F0317_CHAMPION_AddScentStrength	F	CHAMPION	CHAMPION.C:1469-1499	src/dm1/dm1_v1_champion_needs_pc34_compat.c; include/dm1_v1_champion_needs_pc34_compat.h; tests/test_dm1_v1_champion_needs_pc34_compat_integration.c	IMPLEMENTED_NARROW	DM1 models F0317 for existing scent records only: packed mapX/mapY/current-map match, normal cycle addition capped at 80, MASK0x8000_MERGE_CYCLES max merge after clearing the flag, and source-shaped reuse of the first matched cycle result for duplicate scent records; appending new movement scents remains caller-owned.
F317_adzz_	F	Atari ST / PRIM ABI alias	ATARIST.H:176	src/dm1/dm1_v1_champion_needs_pc34_compat.c; tests/test_dm1_v1_champion_needs_pc34_compat_integration.c	IMPLEMENTED_NARROW	Alias disposition follows F0317_CHAMPION_AddScentStrength for the bounded DM1 scent strength helper.
F0318_CHAMPION_DropAllObjects	F	CHAMPION	CHAMPION.C:1527-1551	src/dm1/dm1_v1_chest_auto_close_on_leader_death_pc34_compat.c; include/firestaff/dm1/v1/chest/auto_close_on_leader_death_pc34_compat.h; tests/test_dm1_v1_chest_auto_close_on_leader_death_pc34_compat.c	IMPLEMENTED_NARROW	DM1 models F0318 as the bounded death-route drop-all contract for C00..C29 slot objects after F0319/F0334 chest close, preserving leader-hand byte stability until the drop step; full item placement/all-callers mutation remains route-owned.
F0319_CHAMPION_Kill	F	CHAMPION	CHAMPION.C:1552-1668	src/dm1/dm1_v1_chest_auto_close_on_leader_death_pc34_compat.c; src/dm1/dm1_v1_champion_panel_pending_damage_apply_pc34_compat.c; src/dm1/dm1_v1_resurrection_pc34_compat.c; tests/test_dm1_v1_chest_auto_close_on_leader_death_pc34_compat.c; tests/test_dm1_v1_champion_panel_pending_damage_apply_pc34_compat.c; tests/test_dm1_v1_resurrection_pc34_compat.c	IMPLEMENTED_NARROW	DM1 models F0319 kill effects across tested death routes: health zeroing, status-box redraw flag, inventory close before F0318, pressing eye/mouth clear, bones creation with champion charge, and pending-damage kill dispatch; full party-dead/original runtime breadth remains separate.
F0320_CHAMPION_ApplyAndDrawPendingDamageAndWounds	F	CHAMPION	CHAMPION.C:1689-1800	src/dm1/dm1_v1_combat_pc34_compat.c; src/dm1/dm1_v1_champion_panel_pending_damage_apply_pc34_compat.c; tests/test_dm1_v1_combat_pc34_compat_integration.c; tests/test_dm1_v1_champion_panel_pending_damage_apply_pc34_compat.c	IMPLEMENTED_NARROW	DM1 models the F0320 pending wounds/damage mutation path: party loop, wounds mounted and cleared before pending-damage branches, pending damage cleared before dead skip, lethal health zeroing through the kill boundary, and nonlethal health subtraction; damage-number bitmap/C12 hide event rendering remains panel/timeline route-owned.
F320_akzz_	F	Atari ST / PRIM ABI alias	ATARIST.H:177	src/dm1/dm1_v1_combat_pc34_compat.c; tests/test_dm1_v1_combat_pc34_compat_integration.c	IMPLEMENTED_NARROW	Alias disposition follows F0320_CHAMPION_ApplyAndDrawPendingDamageAndWounds for the bounded DM1 pending-damage helper.
F0321_CHAMPION_AddPendingDamageAndWounds_GetDamage	F	CHAMPION	CHAMPION.C:1803-1925	src/dm1/dm1_v1_combat_pc34_compat.c; include/dm1_v1_combat_pc34_compat.h; tests/test_dm1_v1_combat_pc34_compat_integration.c	IMPLEMENTED_NARROW	DM1 models the tested F0321 champion damage pipeline: dead/zero attack rejection, normal damage staging, wound-defense averaging, attack-type defense adjustments, vitality wound gate, pending wound OR staging, and pending damage accumulation; candidate/game-won edge cases and every live projectile/caller variant remain route-owned.
F321_AA29_	F	Atari ST / PRIM ABI alias	ATARIST.H:178	src/dm1/dm1_v1_combat_pc34_compat.c; tests/test_dm1_v1_combat_pc34_compat_integration.c	IMPLEMENTED_NARROW	Alias disposition follows F0321_CHAMPION_AddPendingDamageAndWounds_GetDamage for the bounded DM1 combat damage helper.
F0322_CHAMPION_Poison	F	CHAMPION	CHAMPION.C:1926-1962	src/dm1/dm1_v1_combat_pc34_compat.c; include/dm1_v1_combat_pc34_compat.h; tests/test_dm1_v1_combat_pc34_compat_integration.c	IMPLEMENTED_NARROW	DM1 models F0322 poison at the combat-state boundary: immediate max(1, attack >> 6) normal pending damage through F0321, decrementing attack before follow-up scheduling, 36-tick poison continuation, event-count tracking, and no follow-up for attack one; panel redraw/food-water-poisoned UI attributes remain route-owned.
F322_lzzz_	F	Atari ST / PRIM ABI alias	ATARIST.H:179	src/dm1/dm1_v1_combat_pc34_compat.c; tests/test_dm1_v1_combat_pc34_compat_integration.c	IMPLEMENTED_NARROW	Alias disposition follows F0322_CHAMPION_Poison for the bounded DM1 poison combat helper.
F0323_CHAMPION_Unpoison	F	CHAMPION	CHAMPION.C:1652	include/firestaff/dm1/v1/champion_unpoison_pc34_compat.h	IMPLEMENTED_NARROW	Source-owned champion unpoison callable; focused CTest.
F0324_CHAMPION_DamageAll_GetDamagedChampionCount	F	CHAMPION	CHAMPION.C:1991-2022	src/dm1/dm1_v1_combat_pc34_compat.c; include/dm1_v1_combat_pc34_compat.h; tests/test_dm1_v1_combat_pc34_compat_integration.c	IMPLEMENTED_NARROW	DM1 models F0324 all-party damage fanout over the combat state: zero attack returns zero without side effects, attack variance uses attack/8 source bounds, each living champion routes through F0321 with caller-supplied wounds/type, and the return value counts champions with nonzero staged damage.
F324_aezz_	F	Atari ST / PRIM ABI alias	ATARIST.H:180	src/dm1/dm1_v1_combat_pc34_compat.c; tests/test_dm1_v1_combat_pc34_compat_integration.c	IMPLEMENTED_NARROW	Alias disposition follows F0324_CHAMPION_DamageAll_GetDamagedChampionCount for the bounded DM1 all-champion damage helper.
F0325_CHAMPION_DecrementStamina	F	CHAMPION	CHAMPION.C:2025-2049	src/dm1/dm1_v1_action_xp_graphic560_pc34_compat.c; include/dm1_v1_action_xp_graphic560_pc34_compat.h; src/dm1/dm1_v1_movement_command_core_pc34_compat.c; tests/test_dm1_v1_action_f0407_tail_pc34_compat.c; tests/test_dm1_v1_movement_command_core_pc34_compat.c	IMPLEMENTED_NARROW	DM1 models F0325 stamina mutation for action and movement callers: positive decrement, clamp to zero/max, underflow conversion to pending normal HP damage magnitude (-stamina)>>1, and LOAD|STATISTICS dirty mask; the actual F0321 enqueue and caller-specific redraw/timeline side effects remain route-owned.
F325_bzzz_	F	Atari ST / PRIM ABI alias	ATARIST.H:181	src/dm1/dm1_v1_action_xp_graphic560_pc34_compat.c; tests/test_dm1_v1_action_f0407_tail_pc34_compat.c	IMPLEMENTED_NARROW	Alias disposition follows F0325_CHAMPION_DecrementStamina for the bounded DM1 stamina-decrement planner.
F0326_CHAMPION_ShootProjectile	F	CHAMPION	CHAMPION.C:2051-2070	src/dm1/dm1_v1_combat_pc34_compat.c; src/dm1/dm1_v1_throw_shoot_pc34_compat.c; include/dm1_v1_throw_shoot_pc34_compat.h; tests/test_dm1_v1_combat_pc34_compat_integration.c; tests/test_dm1_v1_throw_shoot_pc34_compat.c	IMPLEMENTED_NARROW	Models the bounded F0326 launch contract for shoot/throw helpers: source launch-cell normalization, facing direction handoff, kinetic/attack/step-energy create-input fields, and four-tick projectile movement-disable state where covered; live projectile queue/render ownership remains with projectile runtime routes.
F326_ozzz_	F	Atari ST / PRIM ABI alias	ATARIST.H:182	src/dm1/dm1_v1_combat_pc34_compat.c; src/dm1/dm1_v1_throw_shoot_pc34_compat.c; tests/test_dm1_v1_combat_pc34_compat_integration.c; tests/test_dm1_v1_throw_shoot_pc34_compat.c	IMPLEMENTED_NARROW	Alias disposition follows F0326_CHAMPION_ShootProjectile for the bounded DM1 projectile launch contract.
F0327_CHAMPION_IsProjectileSpellCast	F	CHAMPION	CHAMPION.C:2073-2105	src/dm1/dm1_v1_action_xp_graphic560_pc34_compat.c; src/dm1/dm1_v1_throw_shoot_pc34_compat.c; include/dm1_v1_throw_shoot_pc34_compat.h; tests/test_dm1_v1_action_f0407_tail_pc34_compat.c; tests/test_dm1_v1_throw_shoot_pc34_compat.c	IMPLEMENTED_NARROW	Models the F0327 projectile-spell handoff through F0412/F0407 receipts: mana gate/cost, required-mana receipt validation, kinetic and step-energy adjustment, fixed attack 90, source projectile family mapping, and rejected tampered receipts; live projectile insertion/render remains route-owned.
F327_kzzz_	F	Atari ST / PRIM ABI alias	ATARIST.H:183	src/dm1/dm1_v1_action_xp_graphic560_pc34_compat.c; src/dm1/dm1_v1_throw_shoot_pc34_compat.c; tests/test_dm1_v1_action_f0407_tail_pc34_compat.c; tests/test_dm1_v1_throw_shoot_pc34_compat.c	IMPLEMENTED_NARROW	Alias disposition follows F0327_CHAMPION_IsProjectileSpellCast for the bounded DM1 projectile-spell launch helper.
F0328_CHAMPION_IsObjectThrown	F	CHAMPION	CHAMPION.C:2108-2196	src/dm1/dm1_v1_throw_shoot_pc34_compat.c; include/dm1_v1_throw_shoot_pc34_compat.h; src/dm1/dm1_v1_action_xp_graphic560_pc34_compat.c; tests/test_dm1_v1_throw_shoot_pc34_compat.c; tests/test_dm1_v1_action_f0407_tail_pc34_compat.c	IMPLEMENTED_NARROW	Models the bounded F0328 thrown-object plan: action-hand object gate, F0312 strength input, F0305 stamina cost, F0330 four-tick action disable, Throw XP, sound request, potion subtype/power, launch cell/direction, kinetic/attack/step math, and projectile movement-disable state; live slot mutation and deeper impact/render behavior remain caller/runtime-owned.
F328_nzzz_	F	Atari ST / PRIM ABI alias	ATARIST.H:184	src/dm1/dm1_v1_throw_shoot_pc34_compat.c; src/dm1/dm1_v1_action_xp_graphic560_pc34_compat.c; tests/test_dm1_v1_throw_shoot_pc34_compat.c; tests/test_dm1_v1_action_f0407_tail_pc34_compat.c	IMPLEMENTED_NARROW	Alias disposition follows F0328_CHAMPION_IsObjectThrown for the bounded DM1 thrown-object projectile plan.
F0329_CHAMPION_IsLeaderHandObjectThrown	F	CHAMPION	CHAMPION.C:2199-2205	src/engine/m11_game_view.c; tests/test_m11_action_stamina_runtime_pc34_compat.c; src/dm1/dm1_v1_throw_shoot_pc34_compat.c; include/dm1_v1_throw_shoot_pc34_compat.h	IMPLEMENTED_NARROW	Models the bounded F0329 leader-hand dispatch through the M11 C080 viewport route: no-leader rejection is represented by the route guard, accepted leader-hand throws temporarily use the active champion action-hand F0328 path, restore the prior action hand, clear leader hand only after acceptance, preserve thrown Thing identity, and retain F0328 stamina/XP/sound/action-disable/projectile-create semantics; deeper projectile impact/render behavior remains runtime-owned.
F329_hzzz_	F	Atari ST / PRIM ABI alias	ATARIST.H:185	src/engine/m11_game_view.c; tests/test_m11_action_stamina_runtime_pc34_compat.c; src/dm1/dm1_v1_throw_shoot_pc34_compat.c	IMPLEMENTED_NARROW	Alias disposition follows F0329_CHAMPION_IsLeaderHandObjectThrown for the bounded DM1 leader-hand throw route.
F0330_CHAMPION_DisableAction	F	CHAMPION	CHAMPION.C:2208-2255	src/memory/memory_tick_orchestrator_pc34_compat.c; include/memory_tick_orchestrator_pc34_compat.h; src/dm1/dm1_v1_champion_panel_disabled_icon_state_pc34_compat.c; include/dm1_v1_champion_panel_disabled_icon_state_pc34_compat.h; tests/test_dm1_v1_f0330_c11_production_pc34_compat.c; tests/test_dm1_v1_champion_panel_disabled_icon_state_pc34_compat.c; tests/test_dm1_v1_action_f0407_tail_pc34_compat.c	IMPLEMENTED_NARROW	Models F0330 action-disable production: per-champion action-hand disable bit, disabled-icon/panel predicate, source C11 enable-action event shape, and existing-event time blending/deletion for the bounded scheduler path; broader live UI redraw consumption remains timeline/panel route-owned.
F330_szzz_	F	Atari ST / PRIM ABI alias	ATARIST.H:186	src/memory/memory_tick_orchestrator_pc34_compat.c; tests/test_dm1_v1_f0330_c11_production_pc34_compat.c; tests/test_dm1_v1_champion_panel_disabled_icon_state_pc34_compat.c	IMPLEMENTED_NARROW	Alias disposition follows F0330_CHAMPION_DisableAction for the bounded DM1 C11 action-enable scheduler.
F0331_CHAMPION_ApplyTimeEffects_CPSF	F	CHAMPION	CHAMPION.C:2308-2509	src/dm1/dm1_v1_champion_needs_pc34_compat.c; include/dm1_v1_champion_needs_pc34_compat.h; src/dm1/dm1_v1_champion_panel_clock_tick_stat_repaint_pc34_compat.c; include/firestaff/dm1/v1/champion_panel/clock_tick_stat_repaint_pc34_compat.h; tests/test_dm1_v1_champion_needs_pc34_compat_integration.c; tests/test_dm1_v1_lif01_f0830_time_criteria_source_lock_pc34_compat.c; tests/test_dm1_v1_champion_panel_clock_tick_stat_repaint_pc34_compat.c	IMPLEMENTED_NARROW	Models bounded F0331 time effects: no-party guard, scent decay helpers, source time criteria, food/water/stamina/mana/HP arithmetic, temporary XP/stat recovery cadence, direction resync, dirty attribute masks, and F0293 repaint sweep; full live M516 mutation and every panel redraw branch remain route-owned.
F331_auzz_	F	Atari ST / PRIM ABI alias	ATARIST.H:187	src/dm1/dm1_v1_champion_needs_pc34_compat.c; src/dm1/dm1_v1_champion_panel_clock_tick_stat_repaint_pc34_compat.c; tests/test_dm1_v1_champion_needs_pc34_compat_integration.c; tests/test_dm1_v1_champion_panel_clock_tick_stat_repaint_pc34_compat.c	IMPLEMENTED_NARROW	Alias disposition follows F0331_CHAMPION_ApplyTimeEffects_CPSF for the bounded DM1 champion time-effects route.
F0332_INVENTORY_DrawIconToViewport	F	INVENTORY	DEFS.H:8116	src/engine/m11_game_view.c:37555	UNCERTAIN_NUMBERED_EVIDENCE	Exact numeric token occurs in Firestaff source; this audit did not verify behavioral equivalence or implementation.
F0333_INVENTORY_OpenAndDrawChest	F	INVENTORY	CHAMDRAW.C:622	src/csb/csb_v1_boot.c:6880	UNCERTAIN_NUMBERED_EVIDENCE	Exact numeric token occurs in Firestaff source; this audit did not verify behavioral equivalence or implementation.
F0334_INVENTORY_CloseChest	F	INVENTORY	ATARIST.H:188	src/csb/csb_v1_boot.c:6880	UNCERTAIN_NUMBERED_EVIDENCE	Exact numeric token occurs in Firestaff source; this audit did not verify behavioral equivalence or implementation.
F334_akzz_	F	Atari ST / PRIM ABI alias	ATARIST.H:188	src/csb/csb_v1_boot.c:6880	UNCERTAIN_NUMBERED_EVIDENCE	Exact numeric token occurs in Firestaff source; this audit did not verify behavioral equivalence or implementation.
F0335_INVENTORY_DrawPanel_ObjectDescriptionString	F	INVENTORY	DEFS.H:8129	src/dm1/dm1_v1_mirror_candidate_auto_mirror_candidate_inventory_exit_restore_hud_pc34_compat.c:12	UNCERTAIN_NUMBERED_EVIDENCE	Exact numeric token occurs in Firestaff source; this audit did not verify behavioral equivalence or implementation.
F0336_INVENTORY_DrawPanel_BuildObjectAttributesString	F	INVENTORY	DEFS.H:8130	src/shared/inventory_item_identification_pc34_compat.c; tests/test_inventory_item_identification_pc34_compat.c	IMPLEMENTED_NARROW	F0336 now derives weapon CURSED/POISONED/BROKEN attribute text only after raw C05 PC34 Thing identity and every decoded weapon bit agree. Missing, wrong-type, out-of-range or drifted records return no text; panel rendering remains separately owned.
F0337_INVENTORY_SetDungeonViewPalette	F	INVENTORY	PANEL.C:329-432; DUNGEON.C F0156	src/dm1/dm1_v1_dungeon_light_admission_f0337_pc34_compat.c; src/memory/memory_tick_orchestrator_pc34_compat.c	IMPLEMENTED_NARROW	The non-rendering F0337 light calculation consumes raw-authenticated C05 action/ready-hand weapon records for all four PC34 champion rows. Raw/decoded drift or duplicate Thing identity fails closed before palette selection; pixel/palette application remains separately owned. Focused raw admission test.
F337_akzz_	F	Atari ST / PRIM ABI alias	ATARIST.H:189	src/nexus/nexus_v1_light_overflow.c:360	UNCERTAIN_NUMBERED_EVIDENCE	Exact numeric token occurs in Firestaff source; this audit did not verify behavioral equivalence or implementation.
F0338_INVENTORY_DecreaseTorchesLightPower_CPSE	F	INVENTORY	PANEL.C:434-499; GAMELOOP.C:124-126	src/dm1/dm1_v1_torch_drain_f0338_pc34_compat.c; src/memory/memory_tick_orchestrator_pc34_compat.c	IMPLEMENTED_NARROW	The 512-tick action/ready-hand torch batch authenticates each raw C05 weapon record (next/type/lit/charge/DoNotDiscard) before any decrement, then writes raw and decoded charge state together. Missing, drifting or duplicate hand identities fail closed; palette/rendering stays outside this owner. Focused F0338 raw-drain test.
F338_atzz_	F	Atari ST / PRIM ABI alias	ATARIST.H:190	src/dm1/dm1_v1_light_pc34_compat.c:279	UNCERTAIN_NUMBERED_EVIDENCE	Exact numeric token occurs in Firestaff source; this audit did not verify behavioral equivalence or implementation.
F0339_INVENTORY_DrawPanel_ArrowOrEye	F	INVENTORY	DEFS.H:8141	src/dm1/dm1_v1_graphic_ids_pc34_compat.c:5	UNCERTAIN_NUMBERED_EVIDENCE	Exact numeric token occurs in Firestaff source; this audit did not verify behavioral equivalence or implementation.
F0340_INVENTORY_DrawPanel_ScrollTextLine	F	INVENTORY	PANEL.C:890-895	src/engine/m11_game_view.c:37148	IMPLEMENTED_NARROW	Scroll text now encodes and draws only through the loaded original font; host generic-font fallback removed. Live font/capture parity remains open.
F0341_INVENTORY_DrawPanel_Scroll	F	INVENTORY	PANEL.C:969-1043	src/engine/m11_game_view.c:37186	IMPLEMENTED_NARROW	Action-hand scroll requires exact loaded-pixel C023 at the source panel dimensions; no host scroll chrome is emitted when GRAPHICS.DAT media is unavailable.
F0342_INVENTORY_DrawPanel_Object	F	INVENTORY	PANEL.C:1136-1145	src/engine/m11_game_view.c:37221	IMPLEMENTED_NARROW	Normal V1 object-description presentation requires exact loaded-pixel C020/C029, caller-owned source icon pixels, and M653 text. C556 continuation uses its source origin; missing material is no-draw. Live description capture remains open.
F0343_INVENTORY_DrawPanel_HorizontalBar	F	INVENTORY	PANEL.C:1493-1561	src/engine/m11_game_view.c:m11_draw_v1_food_water_bar	IMPLEMENTED_NARROW	Active V1 C103/C104 horizontal fills consume only the F0344-owned source bar command and C12 panel transaction; no fallback bar palette is available. Covered by m11_dm1_food_water_source_gate with authentic PC34 panel pixels.
F0344_INVENTORY_DrawPanel_FoodOrWaterBar	F	INVENTORY	PANEL.C:1493-1561	src/engine/m11_game_view.c:m11_draw_v1_inventory_food_water_panel	IMPLEMENTED_NARROW	F0344 source contract provides C05 food/C14 water normal colours and C08/C11 negative bands to F0343. Missing contract leaves bars absent rather than selecting host defaults. Covered by m11_dm1_food_water_source_gate.
F0345_INVENTORY_DrawPanel_FoodWaterPoisoned	F	INVENTORY	PANEL.C:1563-1616; CHAMDRAW.C:1060-1063	src/engine/m11_game_view.c:m11_draw_v1_inventory_food_water_panel	IMPLEMENTED_NARROW	Active V1 mouth-panel consumer requires exact loaded PC34 C020 (144x73), C030 (34x9), C031 (46x9), and conditional C032 (96x15); F0658 C12-transparent C500/C501/C502 blits and F0344 bars run only after the complete source-owned transaction validates. Missing or malformed material consumes the route with no host/procedural panel substitute. Covered by m11_dm1_food_water_source_gate.
F0346_INVENTORY_DrawPanel_ResurrectReincarnate	F	INVENTORY	DEFS.H:8157	src/dm1/dm1_v1_f0346_resurrect_panel_material_pc34_compat.c; tests/test_dm1_v1_f0346_resurrect_panel_material_pc34_compat.c	IMPLEMENTED_NARROW	DM1 F0346 admits C040 only from a hash-matched 224x136 original GRAPHICS.DAT surface. Missing, altered or non-source material has no receipt; text and panel presentation remain separately owned.
F0347_INVENTORY_DrawPanel	F	INVENTORY	PANEL.C:2376-2448	src/dm1/dm1_v1_inventory_panel_action_hand_f0347_pc34_compat.c; src/csb/csb_v1_f0347_inventory_draw_panel_pc34_compat.c; src/csb/csb_v1_startup_runtime_surfaces_pc34_compat.c	IMPLEMENTED_NARROW	DM1 F0347 authenticates a C05 action-hand weapon's full raw PC34 record before admitting its F0342 object-panel route; missing, wrong-type or drifted Things are no-route. C07/C09 and pixel presentation remain separately owned. CSB consumes the existing real C017/C040 startup HUD-panel blit receipt through a source-named F0347 adapter. Focused DM1 and CSB tests.
F347_xxxx_	F	Atari ST / PRIM ABI alias	ATARIST.H:191	F0347_INVENTORY_DrawPanel	IMPLEMENTED_NARROW	ABI alias resolved through the CSB source-mapped F0347 HUD-panel receipt.
F0348_INVENTORY_AdjustStatisticCurrentValue	F	INVENTORY	DEFS.H:8163	include/dm1_v1_game_loop_pc34_compat.h:6	UNCERTAIN_NUMBERED_EVIDENCE	Exact numeric token occurs in Firestaff source; this audit did not verify behavioral equivalence or implementation.
F0349_INVENTORY_ProcessCommand70_ClickOnMouth	F	INVENTORY	ATARIST.H:192	src/dm1/dm1_v1_inventory_consumables_pc34_compat.c:56	UNCERTAIN_NUMBERED_EVIDENCE	Exact numeric token occurs in Firestaff source; this audit did not verify behavioral equivalence or implementation.
F349_dzzz_	F	Atari ST / PRIM ABI alias	ATARIST.H:192	src/dm1/dm1_v1_inventory_consumables_pc34_compat.c:56	UNCERTAIN_NUMBERED_EVIDENCE	Exact numeric token occurs in Firestaff source; this audit did not verify behavioral equivalence or implementation.
F0350_INVENTORY_DrawStopPressingMouth	F	INVENTORY	ATARIST.H:193	src/dm1/dm1_v1_champion_panel_mouth_eye_release_pc34_compat.c:8	UNCERTAIN_NUMBERED_EVIDENCE	Exact numeric token occurs in Firestaff source; this audit did not verify behavioral equivalence or implementation.
F350_aqzz_	F	Atari ST / PRIM ABI alias	ATARIST.H:193	src/dm1/dm1_v1_champion_panel_mouth_eye_release_pc34_compat.c:8	UNCERTAIN_NUMBERED_EVIDENCE	Exact numeric token occurs in Firestaff source; this audit did not verify behavioral equivalence or implementation.
F0351_INVENTORY_DrawChampionSkillsAndStatistics	F	INVENTORY	PANEL.C:2013-2108	src/engine/m11_game_view.c:32632	IMPLEMENTED_NARROW	Normal V1 statistics presentation requires exact loaded-pixel C020 and loaded M653 text at the established C557/C559 positions; no host panel/font fallback remains. Real multi-stat visual capture is still open.
F0352_INVENTORY_ProcessCommand71_ClickOnEye	F	INVENTORY	ATARIST.H:194	src/dm1/dm1_v1_mirror_candidate_resurrect_full_c30_chain_pc34_compat.c:36	UNCERTAIN_NUMBERED_EVIDENCE	Exact numeric token occurs in Firestaff source; this audit did not verify behavioral equivalence or implementation.
F352_aszz_	F	Atari ST / PRIM ABI alias	ATARIST.H:194	src/dm1/dm1_v1_mirror_candidate_resurrect_full_c30_chain_pc34_compat.c:36	UNCERTAIN_NUMBERED_EVIDENCE	Exact numeric token occurs in Firestaff source; this audit did not verify behavioral equivalence or implementation.
F0353_INVENTORY_DrawStopPressingEye	F	INVENTORY	ATARIST.H:195	src/dm1/dm1_v1_mirror_candidate_auto_mirror_candidate_inventory_exit_restore_hud_pc34_compat.c:159	UNCERTAIN_NUMBERED_EVIDENCE	Exact numeric token occurs in Firestaff source; this audit did not verify behavioral equivalence or implementation.
F353_auzz_	F	Atari ST / PRIM ABI alias	ATARIST.H:195	src/dm1/dm1_v1_mirror_candidate_auto_mirror_candidate_inventory_exit_restore_hud_pc34_compat.c:159	UNCERTAIN_NUMBERED_EVIDENCE	Exact numeric token occurs in Firestaff source; this audit did not verify behavioral equivalence or implementation.
F0354_INVENTORY_DrawStatusBoxPortrait	F	INVENTORY	ATARIST.H:196	src/dm1/dm1_v1_f0354_portrait_material_pc34_compat.c; tests/test_dm1_v1_f0354_portrait_material_pc34_compat.c	IMPLEMENTED_NARROW	DM1 F0354 accepts a live inventory-champion status portrait only after its raw PC34 portrait bytes and the accepted C028 GRAPHICS.DAT surface are jointly authenticated. Invalid portrait or C028 source produces no receipt; host fonts and HUD F066x work are excluded.
F354_szzz_	F	Atari ST / PRIM ABI alias	ATARIST.H:196	src/dm2/dm2_v2_phase_gate.c:154	UNCERTAIN_NUMBERED_EVIDENCE	Exact numeric token occurs in Firestaff source; this audit did not verify behavioral equivalence or implementation.
F0355_INVENTORY_Toggle_CPSE	F	INVENTORY	PANEL.C:2244-2330	src/engine/m11_game_view.c:37735	IMPLEMENTED_NARROW	Normal V1 inventory presentation admits only exact loaded-pixel 224x136 C017; missing/mismatched media stays no-draw after the source clear. State-machine/capture breadth remains open.
F355_hzzz_	F	Atari ST / PRIM ABI alias	ATARIST.H:197	src/dm1/dm1_v1_mirror_candidate_c040_cancel_then_reopen_same_tick_pc34_compat.c:28	UNCERTAIN_NUMBERED_EVIDENCE	Exact numeric token occurs in Firestaff source; this audit did not verify behavioral equivalence or implementation.
F0356_CPSE_IsFuzzySectorValid_ByteValuesAndFuzzyBitCount	F	CPSE	ATARIST.H:198	src/dm1/dm1_v1_input_poll_pc34_compat.c:334	UNCERTAIN_NUMBERED_EVIDENCE	Exact numeric token occurs in Firestaff source; this audit did not verify behavioral equivalence or implementation.
F356_ozzz_	F	Atari ST / PRIM ABI alias	ATARIST.H:198	src/dm1/dm1_v1_input_poll_pc34_compat.c:334	UNCERTAIN_NUMBERED_EVIDENCE	Exact numeric token occurs in Firestaff source; this audit did not verify behavioral equivalence or implementation.
F0357_COMMAND_DiscardAllInput	F	COMMAND	ATARIST.H:199	src/dm1/dm1_v1_input_command_queue_pc34_compat.c:21	UNCERTAIN_NUMBERED_EVIDENCE	Exact numeric token occurs in Firestaff source; this audit did not verify behavioral equivalence or implementation.
F357_qzzz_	F	Atari ST / PRIM ABI alias	ATARIST.H:199	src/dm1/dm1_v1_input_command_queue_pc34_compat.c:21	UNCERTAIN_NUMBERED_EVIDENCE	Exact numeric token occurs in Firestaff source; this audit did not verify behavioral equivalence or implementation.
F0358_COMMAND_GetCommandFromMouseInput_CPSC	F	COMMAND	CLIKCHAM.C:27	src/dm2/dm2_v2_touch_controller_affordance.c:149	UNCERTAIN_NUMBERED_EVIDENCE	Exact numeric token occurs in Firestaff source; this audit did not verify behavioral equivalence or implementation.
F0359_COMMAND_ProcessClick_CPSC	F	COMMAND	ATARIST.H:200	src/ui/menu_startup_m12.c:419	UNCERTAIN_NUMBERED_EVIDENCE	Exact numeric token occurs in Firestaff source; this audit did not verify behavioral equivalence or implementation.
F359_hzzz_	F	Atari ST / PRIM ABI alias	ATARIST.H:200	src/ui/menu_startup_m12.c:419	UNCERTAIN_NUMBERED_EVIDENCE	Exact numeric token occurs in Firestaff source; this audit did not verify behavioral equivalence or implementation.
F0360_COMMAND_ProcessPendingClick	F	COMMAND	COMMAND.C:1086	src/csb/csb_v2_touch_controller_affordance.c:11	UNCERTAIN_NUMBERED_EVIDENCE	Exact numeric token occurs in Firestaff source; this audit did not verify behavioral equivalence or implementation.
F0361_COMMAND_ProcessKeyPress	F	COMMAND	ATARIST.H:201	src/csb/csb_v1_movement_command_rotation_between_steps_runtime_pc34_compat.c:47	UNCERTAIN_NUMBERED_EVIDENCE	Exact numeric token occurs in Firestaff source; this audit did not verify behavioral equivalence or implementation.
F361_nzzz_	F	Atari ST / PRIM ABI alias	ATARIST.H:201	src/csb/csb_v1_movement_command_rotation_between_steps_runtime_pc34_compat.c:47	UNCERTAIN_NUMBERED_EVIDENCE	Exact numeric token occurs in Firestaff source; this audit did not verify behavioral equivalence or implementation.
F0362_COMMAND_HighlightBoxEnable	F	COMMAND	CLIKMENU.C:6	include/firestaff/dm1/v1/command_highlight_box_enable_pc34_compat.h	IMPLEMENTED_NARROW	Source highlight transaction plan; focused CTest.
F0363_COMMAND_HighlightBoxDisable	F	COMMAND	CLIKMENU.C; DEFS.H; IMAGE.C	src/dm1/dm1_v1_command_highlight_box_disable_pc34_compat.c; tests/test_dm1_v1_command_highlight_box_disable_pc34_compat.c	IMPLEMENTED_NARROW	F0363 reverses only an active F0362 source-layout receipt; missing, stale, or drifted C0xx zone rectangles publish no inversion transaction and leave state unchanged. No F066x/HUD or synthetic pixel path is used.
F363_pzzz_	F	Atari ST / PRIM ABI alias	ATARIST.H:202	src/dm1/dm1_v1_menu_render_pc34_compat.c:21	UNCERTAIN_NUMBERED_EVIDENCE	Exact numeric token occurs in Firestaff source; this audit did not verify behavioral equivalence or implementation.
F0364_COMMAND_TakeStairs	F	COMMAND	CLIKMENU.C:124	src/nexus/nexus_v1_squares.c:224	UNCERTAIN_NUMBERED_EVIDENCE	Exact numeric token occurs in Firestaff source; this audit did not verify behavioral equivalence or implementation.
F0365_COMMAND_ProcessTypes1To2_TurnParty	F	COMMAND	CLIKMENU.C:142	src/dm2/dm2_v2_touch_controller_affordance.c:12	UNCERTAIN_NUMBERED_EVIDENCE	Exact numeric token occurs in Firestaff source; this audit did not verify behavioral equivalence or implementation.
F0366_COMMAND_ProcessTypes3To6_MoveParty	F	COMMAND	CLIKMENU.C:180	src/dm2/dm2_v2_touch_controller_affordance.c:13	UNCERTAIN_NUMBERED_EVIDENCE	Exact numeric token occurs in Firestaff source; this audit did not verify behavioral equivalence or implementation.
F0367_COMMAND_ProcessTypes12To27_ClickInChampionStatusBox	F	COMMAND	CLIKCHAM.C:2	src/dm2/dm2_v2_interaction_feedback.c:234	UNCERTAIN_NUMBERED_EVIDENCE	Exact numeric token occurs in Firestaff source; this audit did not verify behavioral equivalence or implementation.
F0368_COMMAND_SetLeader	F	COMMAND	ATARIST.H:203	src/nexus/nexus_v1_audio_receipt.c:38	UNCERTAIN_NUMBERED_EVIDENCE	Exact numeric token occurs in Firestaff source; this audit did not verify behavioral equivalence or implementation.
F368_fzzz_	F	Atari ST / PRIM ABI alias	ATARIST.H:203	src/nexus/nexus_v1_audio_receipt.c:38	UNCERTAIN_NUMBERED_EVIDENCE	Exact numeric token occurs in Firestaff source; this audit did not verify behavioral equivalence or implementation.
F0369_COMMAND_ProcessTypes101To108_ClickInSpellSymbolsArea_CPSE	F	COMMAND	COMMAND.C:392,475-482; CLIKMENU.C:352	src/dm1/dm1_v1_f0369_spell_zone_admission_pc34_compat.c; tests/test_dm1_v1_f0369_spell_zone_admission_pc34_compat.c	IMPLEMENTED_NARROW	F0369 admits C101-C108 only after the source C100 parent and exact layout-696 child zone both match, with an authenticated C009/C011/M653 material receipt. Candidate, missing-caster, stale material, and out-of-zone inputs fail closed; F0412 cast execution remains separately owned.
F0370_COMMAND_ProcessType100_ClickInSpellArea_CPSE	F	COMMAND	COMMAND.C:392; CLIKMENU.C:386	src/dm1/dm1_v1_f0369_spell_zone_admission_pc34_compat.c; tests/test_dm1_v1_f0369_spell_zone_admission_pc34_compat.c	IMPLEMENTED_NARROW	The F0370 C100 parent admission is source-bound to C013 and must contain the exact layout-696 C101-C108 child zone. It requires the same authenticated C009/C011/M653 receipt as F0369; no host-derived click rectangle or pixel fallback is admitted.
F0371_COMMAND_ProcessType111To115_ClickInActionArea_CPSE	F	COMMAND	CLIKMENU.C:519	src/csb/csb_v1_command_chain_move_attack_cast_runtime_pc34_compat.c:218	UNCERTAIN_NUMBERED_EVIDENCE	Exact numeric token occurs in Firestaff source; this audit did not verify behavioral equivalence or implementation.
F0372_COMMAND_ProcessType80_ClickInDungeonView_TouchFrontWallSensor	F	COMMAND	CLIKVIEW.C:5	src/dm1/dm1_v1_viewport_click_pc34_compat.c:9	UNCERTAIN_NUMBERED_EVIDENCE	Exact numeric token occurs in Firestaff source; this audit did not verify behavioral equivalence or implementation.
F0373_COMMAND_ProcessType80_ClickInDungeonView_GrabLeader	F	COMMAND	IIGS.H:1543	src/dm1/dm1_v1_viewport_click_pc34_compat.c:10	UNCERTAIN_NUMBERED_EVIDENCE	Exact numeric token occurs in Firestaff source; this audit did not verify behavioral equivalence or implementation.
F0373_COMMAND_ProcessType80_ClickInDungeonView_GrabLeaderHandObject	F	COMMAND	CLIKVIEW.C:78	src/dm1/dm1_v1_viewport_click_pc34_compat.c:10	UNCERTAIN_NUMBERED_EVIDENCE	Exact numeric token occurs in Firestaff source; this audit did not verify behavioral equivalence or implementation.
F0374_COMMAND_ProcessType80_ClickInDungeonView_DropLeaderHandObject	F	COMMAND	CLIKVIEW.C:131	src/dm1/dm1_v1_viewport_click_pc34_compat.c:12	UNCERTAIN_NUMBERED_EVIDENCE	Exact numeric token occurs in Firestaff source; this audit did not verify behavioral equivalence or implementation.
F0375_COMMAND_ProcessType80_ClickInDungeonView_IsLeaderHa	F	COMMAND	IIGS.H:1545	src/dm1/dm1_v1_viewport_click_pc34_compat.c:13	UNCERTAIN_NUMBERED_EVIDENCE	Exact numeric token occurs in Firestaff source; this audit did not verify behavioral equivalence or implementation.
F0375_COMMAND_ProcessType80_ClickInDungeonView_IsLeaderHandObjectThrown	F	COMMAND	CLIKVIEW.C:191	src/dm1/dm1_v1_viewport_click_pc34_compat.c:13	UNCERTAIN_NUMBERED_EVIDENCE	Exact numeric token occurs in Firestaff source; this audit did not verify behavioral equivalence or implementation.
F0376_COMMAND_IsPointInBox	F	COMMAND	CLIKVIEW.C:290	src/dm1/dm1_v1_input_poll_pc34_compat.c:260	UNCERTAIN_NUMBERED_EVIDENCE	Exact numeric token occurs in Firestaff source; this audit did not verify behavioral equivalence or implementation.
F0377_COMMAND_ProcessType80_ClickInDungeonView	F	COMMAND	CLIKVIEW.C:311	src/dm1/dm1_v1_viewport_click_pc34_compat.c:246	UNCERTAIN_NUMBERED_EVIDENCE	Exact numeric token occurs in Firestaff source; this audit did not verify behavioral equivalence or implementation.
F0378_COMMAND_ProcessType81_ClickInPanel	F	COMMAND	COMMAND.C:1956	src/csb/csb_v1_left_click_inventory_pc34_compat.c:7	UNCERTAIN_NUMBERED_EVIDENCE	Exact numeric token occurs in Firestaff source; this audit did not verify behavioral equivalence or implementation.
F0379_COMMAND_DrawRestScreen	F	COMMAND	ATARIST.H:204	src/dm1/dm1_v1_mirror_candidate_c146_sleep_wakeup_repaint_gate_pc34_compat.c:34	UNCERTAIN_NUMBERED_EVIDENCE	Exact numeric token occurs in Firestaff source; this audit did not verify behavioral equivalence or implementation.
F379_jzzz_	F	Atari ST / PRIM ABI alias	ATARIST.H:204	src/dm1/dm1_v1_mirror_candidate_c146_sleep_wakeup_repaint_gate_pc34_compat.c:34	UNCERTAIN_NUMBERED_EVIDENCE	Exact numeric token occurs in Firestaff source; this audit did not verify behavioral equivalence or implementation.
F0380_COMMAND_ProcessQueue_CPSC	F	COMMAND	ATARIST.H:205	src/nexus/nexus_v2_lighting.c:112	UNCERTAIN_NUMBERED_EVIDENCE	Exact numeric token occurs in Firestaff source; this audit did not verify behavioral equivalence or implementation.
F380_xzzz_	F	Atari ST / PRIM ABI alias	ATARIST.H:205	src/nexus/nexus_v2_lighting.c:112	UNCERTAIN_NUMBERED_EVIDENCE	Exact numeric token occurs in Firestaff source; this audit did not verify behavioral equivalence or implementation.
F0381_MENUS_PrintMessageAfterReplacements	F	MENUS	DEFS.H:8310	src/csb/csb_v2_lighting_runtime.c:13	UNCERTAIN_NUMBERED_EVIDENCE	Exact numeric token occurs in Firestaff source; this audit did not verify behavioral equivalence or implementation.
F0382_MENUS_GetActionObjectChargeCount	F	MENUS	DEFS.H:8315	src/csb/csb_v2_lighting_runtime.c:14	UNCERTAIN_NUMBERED_EVIDENCE	Exact numeric token occurs in Firestaff source; this audit did not verify behavioral equivalence or implementation.
F0383_MENUS_SetActionList	F	MENUS	DEFS.H:8316	src/dm1/dm1_v1_action_list_pc34_compat.c:14	UNCERTAIN_NUMBERED_EVIDENCE	Exact numeric token occurs in Firestaff source; this audit did not verify behavioral equivalence or implementation.
F0384_MENUS_GetActionName	F	MENUS	ACTIDRAW.C:10	src/dm1/dm1_v1_g0490_pc34_compat.c:47	UNCERTAIN_NUMBERED_EVIDENCE	Exact numeric token occurs in Firestaff source; this audit did not verify behavioral equivalence or implementation.
F0385_MENUS_DrawActionDamage	F	MENUS	ACTIDRAW.C:34	include/firestaff/dm1/v1/action_damage_render_plan_pc34_compat.h	IMPLEMENTED_NARROW	Source action-damage render plan; focused CTest.
F0386_MENUS_DrawActionIcon	F	MENUS	ACTIDRAW.C:201	src/csb/csb_v1_runtime_pc34_compat.c:9693	UNCERTAIN_NUMBERED_EVIDENCE	Exact numeric token occurs in Firestaff source; this audit did not verify behavioral equivalence or implementation.
F386_ezzz_	F	Atari ST / PRIM ABI alias	ATARIST.H:206	src/csb/csb_v1_runtime_pc34_compat.c:9693	UNCERTAIN_NUMBERED_EVIDENCE	Exact numeric token occurs in Firestaff source; this audit did not verify behavioral equivalence or implementation.
F0387_MENUS_DrawActionArea	F	MENUS	ACTIDRAW.C:302-381	src/engine/m11_game_view.c:m11_draw_dm_action_menu	IMPLEMENTED_NARROW	Active V1 action mode clears the source box then presents only loaded-pixel exact C079/C077/C011 menu surfaces for one/two/three rows; malformed or unavailable PC34 material remains the source black clear, with no second permissive blit or host panel substitute. Covered by m11_dm1_action_spell_asset_fail_closed.
F387_hzzz_	F	Atari ST / PRIM ABI alias	ATARIST.H:207	src/engine/m11_game_view.c:2312	UNCERTAIN_NUMBERED_EVIDENCE	Exact numeric token occurs in Firestaff source; this audit did not verify behavioral equivalence or implementation.
F0388_MENUS_ClearActingChampion	F	MENUS	ATARIST.H:208	src/dm1/dm1_v1_chest_c545_non_leader_hand_to_mid_cast_leader_pc34_compat.c:247	UNCERTAIN_NUMBERED_EVIDENCE	Exact numeric token occurs in Firestaff source; this audit did not verify behavioral equivalence or implementation.
F388_rzzz_	F	Atari ST / PRIM ABI alias	ATARIST.H:208	src/dm1/dm1_v1_chest_c545_non_leader_hand_to_mid_cast_leader_pc34_compat.c:247	UNCERTAIN_NUMBERED_EVIDENCE	Exact numeric token occurs in Firestaff source; this audit did not verify behavioral equivalence or implementation.
F0389_MENUS_ProcessCommands116To119_SetActingChampion	F	MENUS	CLIKMENU.C:582	src/csb/csb_v1_runtime_pc34_compat.c:9693	UNCERTAIN_NUMBERED_EVIDENCE	Exact numeric token occurs in Firestaff source; this audit did not verify behavioral equivalence or implementation.
F0390_MENUS_RefreshActionAreaAndSetChampionDirectionMaximumDamageReceived	F	MENUS	ATARIST.H:209	src/engine/m11_game_view.c:27025	UNCERTAIN_NUMBERED_EVIDENCE	Exact numeric token occurs in Firestaff source; this audit did not verify behavioral equivalence or implementation.
F390_rzzz_	F	Atari ST / PRIM ABI alias	ATARIST.H:209	src/engine/m11_game_view.c:27025	UNCERTAIN_NUMBERED_EVIDENCE	Exact numeric token occurs in Firestaff source; this audit did not verify behavioral equivalence or implementation.
F0391_MENUS_DidClickTriggerAction	F	MENUS	CLIKMENU.C:539	src/engine/m11_game_view.c:17341	UNCERTAIN_NUMBERED_EVIDENCE	Exact numeric token occurs in Firestaff source; this audit did not verify behavioral equivalence or implementation.
F0392_MENUS_BuildSpellAreaLine	F	MENUS	CASTER.C:36	src/csb/csb_v1_chaos_cast_targeting_pc34_compat.c:12	UNCERTAIN_NUMBERED_EVIDENCE	Exact numeric token occurs in Firestaff source; this audit did not verify behavioral equivalence or implementation.
F0393_MENUS_DrawSpellAreaControls	F	MENUS	ATARIST.H:210	src/csb/csb_v1_chaos_cast_targeting_pc34_compat.c:10	UNCERTAIN_NUMBERED_EVIDENCE	Exact numeric token occurs in Firestaff source; this audit did not verify behavioral equivalence or implementation.
F393_lzzz_	F	Atari ST / PRIM ABI alias	ATARIST.H:210	src/csb/csb_v1_chaos_cast_targeting_pc34_compat.c:10	UNCERTAIN_NUMBERED_EVIDENCE	Exact numeric token occurs in Firestaff source; this audit did not verify behavioral equivalence or implementation.
F0394_MENUS_SetMagicCasterAndDrawSpellArea	F	MENUS	ATARIST.H:211	src/csb/csb_p4_vfx_binding.c:25	UNCERTAIN_NUMBERED_EVIDENCE	Exact numeric token occurs in Firestaff source; this audit did not verify behavioral equivalence or implementation.
F394_ozzz_	F	Atari ST / PRIM ABI alias	ATARIST.H:211	src/csb/csb_p4_vfx_binding.c:25	UNCERTAIN_NUMBERED_EVIDENCE	Exact numeric token occurs in Firestaff source; this audit did not verify behavioral equivalence or implementation.
F0395_MENUS_DrawMovementArrows	F	MENUS	ATARIST.H:212	src/nexus/nexus_v1_audio_receipt.c:42	UNCERTAIN_NUMBERED_EVIDENCE	Exact numeric token occurs in Firestaff source; this audit did not verify behavioral equivalence or implementation.
F395_pzzz_	F	Atari ST / PRIM ABI alias	ATARIST.H:212	src/nexus/nexus_v1_audio_receipt.c:42	UNCERTAIN_NUMBERED_EVIDENCE	Exact numeric token occurs in Firestaff source; this audit did not verify behavioral equivalence or implementation.
F0396_MENUS_LoadSpellAreaLinesBitmap	F	MENUS	ATARIST.H:213	src/dm1/dm1_v1_spell_effect_render_pc34_compat.c:22	UNCERTAIN_NUMBERED_EVIDENCE	Exact numeric token occurs in Firestaff source; this audit did not verify behavioral equivalence or implementation.
F396_pzzz_	F	Atari ST / PRIM ABI alias	ATARIST.H:213	src/dm1/dm1_v1_spell_effect_render_pc34_compat.c:22	UNCERTAIN_NUMBERED_EVIDENCE	Exact numeric token occurs in Firestaff source; this audit did not verify behavioral equivalence or implementation.
F0397_MENUS_DrawAvailableSymbols	F	MENUS	CASTER.C:92	src/dm1/dm1_v1_spell_effect_render_pc34_compat.c:17	UNCERTAIN_NUMBERED_EVIDENCE	Exact numeric token occurs in Firestaff source; this audit did not verify behavioral equivalence or implementation.
F0398_MENUS_DrawChampionSymbols	F	MENUS	CASTER.C:93	src/dm1/dm1_v1_champion_panel_spell_area_clear_on_inventory_pc34_compat.c:144	UNCERTAIN_NUMBERED_EVIDENCE	Exact numeric token occurs in Firestaff source; this audit did not verify behavioral equivalence or implementation.
F0399_MENUS_AddChampionSymbol	F	MENUS	SYMBOL.C:17-39; CLIKMENU.C:379	src/dm1/dm1_v1_f0399_f0400_spell_symbol_consume_pc34_compat.c; tests/test_dm1_v1_f0399_f0400_spell_symbol_consume_pc34_compat.c	IMPLEMENTED_NARROW	F0399 accepts only same-tick F0369 C101-C106 receipts authenticated by C009/C011/M653 and mutates the real spell state through the existing source-locked mana-cost table. Missing/stale receipts or material fail closed with no rune or pixel fallback.
F0400_MENUS_DeleteChampionSymbol	F	MENUS	SYMBOL.C:85-103; CLIKMENU.C:381	src/dm1/dm1_v1_f0399_f0400_spell_symbol_consume_pc34_compat.c; tests/test_dm1_v1_f0399_f0400_spell_symbol_consume_pc34_compat.c	IMPLEMENTED_NARROW	F0400 accepts only the same-tick authenticated F0369 C107 receipt and deletes the final real spell symbol without mana refund. Missing/stale receipts or material fail closed; C108/F0412 remains separately owned.
F0401_MENUS_IsGroupFrightenedByAction	F	MENUS	DEFS.H:8406	src/csb/csb_v2_phase_gate.c:13	UNCERTAIN_NUMBERED_EVIDENCE	Exact numeric token occurs in Firestaff source; this audit did not verify behavioral equivalence or implementation.
F0402_MENUS_IsMeleeActionPerformed	F	MENUS	DEFS.H:8407	src/nexus/nexus_v1_rasterizer.c:679	UNCERTAIN_NUMBERED_EVIDENCE	Exact numeric token occurs in Firestaff source; this audit did not verify behavioral equivalence or implementation.
F0403_MENUS_IsPartySpellOrFireShieldSuccessful	F	MENUS	DEFS.H:8408	src/nexus/nexus_v1_rasterizer.c:597	UNCERTAIN_NUMBERED_EVIDENCE	Exact numeric token occurs in Firestaff source; this audit did not verify behavioral equivalence or implementation.
F0404_MENUS_CreateEvent70_Light	F	MENUS	DEFS.H:8409	src/nexus/nexus_v1_light_overflow.c:14	UNCERTAIN_NUMBERED_EVIDENCE	Exact numeric token occurs in Firestaff source; this audit did not verify behavioral equivalence or implementation.
F0405_MENUS_DecrementCharges	F	MENUS	DEFS.H:8410	src/dm1/dm1_v1_action_xp_graphic560_pc34_compat.c:536	UNCERTAIN_NUMBERED_EVIDENCE	Exact numeric token occurs in Firestaff source; this audit did not verify behavioral equivalence or implementation.
F0406_MENUS_SetChampionDirectionToPartyDirection	F	MENUS	DEFS.H:8411	src/dm1/dm1_v1_action_xp_graphic560_pc34_compat.c:1104	UNCERTAIN_NUMBERED_EVIDENCE	Exact numeric token occurs in Firestaff source; this audit did not verify behavioral equivalence or implementation.
F0407_MENUS_IsActionPerformed	F	MENUS	DEFS.H:8412	src/csb/csb_v1_runtime_pc34_compat.c:9256	UNCERTAIN_NUMBERED_EVIDENCE	Exact numeric token occurs in Firestaff source; this audit did not verify behavioral equivalence or implementation.
F0408_MENUS_GetClickOnSpellCastResult	F	MENUS	CLIKMENU.C:484-497; MENU.C:1633-1663	src/dm1/dm1_v1_f0408_f0409_spell_cast_admission_pc34_compat.c; tests/test_dm1_v1_f0408_f0409_spell_cast_admission_pc34_compat.c	IMPLEMENTED_NARROW	F0408 admits only C108 F0369 receipts from the same tick authenticated by original C009/C011/M653 material. It emits a typed F0412 dispatch requirement only; F0412 remains the sole owner of result cleanup and all runtime mutation.
F0409_MENUS_GetSpellFromSymbols	F	MENUS	MENU.C:1685-1705	src/dm1/dm1_v1_f0408_f0409_spell_cast_admission_pc34_compat.c; src/dm1/dm1_v1_spell_casting_pc34_compat.c; tests/test_dm1_v1_f0408_f0409_spell_cast_admission_pc34_compat.c	IMPLEMENTED_NARROW	F0409 lookup is consumed only behind the authenticated C108 admission and uses the source-locked DM1 spell table. A valid cast click with no matching rune sequence remains a typed F0412 failure route, with no synthetic spell or pixels.
F0410_MENUS_PrintSpellFailureMessage	F	MENUS	MENU.C:1817-1849; SPELFAIL.C:2-168	src/dm1/dm1_v1_f0410_f0411_spell_cast_continuation_pc34_compat.c; tests/test_dm1_v1_f0410_f0411_spell_cast_continuation_pc34_compat.c	IMPLEMENTED_NARROW	F0410 failure-feedback metadata consumes only a same-tick source C108/F0408/F0409 chain and a typed F0412 failure receipt. Unknown failure codes fail closed; no host text/pixels or F0412 mutation is synthesized.
F0411_MENUS_GetEmptyFlaskInHand	F	MENUS	MENU.C:1721-1749	src/dm1/dm1_v1_f0410_f0411_spell_cast_continuation_pc34_compat.c; tests/test_dm1_v1_f0410_f0411_spell_cast_continuation_pc34_compat.c	IMPLEMENTED_NARROW	F0411 scans source thing identities action hand before ready hand and accepts only C195/C20 empty-flask records behind the authenticated C108 chain. The helper is query-only; F0412 retains all flask mutation ownership.
F0412_MENUS_GetChampionSpellCastResult	F	MENUS	MENU.C:1657; CASTER.C:18-33; MENUDRAW.C:31-117	src/dm1/dm1_v1_spell_casting_pc34_compat.c;src/engine/m11_game_view.c:m11_draw_v1_spell_area_overlay	IMPLEMENTED_NARROW	DM1's source-backed F0412 cast receipts remain separately owned by the spell runtime. Its live CASTER/MENUDRAW HUD consumer admits only decoded C009/C011 surfaces plus the loaded original font for F0397/F0398 rune cells; a missing source surface stays cleared and cannot use the older procedural workbench. Covered by m11_dm1_spell_area_asset_route and m11_dm1_action_spell_asset_fail_closed.
F0413_CPSC_GetChecksumEor	F	CPSC	Toolchains/Common/Source/COPYPRO8.C:28-113	include/dm1_v1_f0413_cpsc_checksum_eor_pc34_compat.h; src/dm1/dm1_v1_f0413_cpsc_checksum_eor_pc34_compat.c; tests/test_dm1_v1_f0413_cpsc_checksum_eor_pc34_compat.c	IMPLEMENTED_NARROW	Source-verified raw COPYPRO8.C byte spans select only the exact MEDIA626 pair-sum/eor, MEDIA137/MEDIA413 terminated-word, or MEDIA351 skip-table variant. Unknown media, malformed spans, absent terminators, and incomplete skip tables fail closed. This helper is isolated from F0408-F0412 and all save paths.
F413_AA08_	F	Atari ST / PRIM ABI alias	ATARIST.H:214	src/dm1/dm1_v1_sensor_trigger_pc34_compat.c:1347	UNCERTAIN_NUMBERED_EVIDENCE	Exact numeric token occurs in Firestaff source; this audit did not verify behavioral equivalence or implementation.
F0414_SAVEUTIL_ReplaceTildeByDriveLetterInString	F	SAVEUTIL	SAVEPATH.C; DEFS.H:2943	include/dm1_v1_original_save_pc34_handoff.h; src/dm1/dm1_v1_original_save_pc34_handoff.c; tests/test_dm1_v1_original_save_pc34_handoff.c	IMPLEMENTED_NARROW	Bounded PC34 save-path substitution accepts only a complete NUL-terminated source span and an explicit uppercase drive letter, replaces explicit '~' markers atomically, and never selects or synthesizes a host path. Capacity, unterminated source, and invalid drive input fail closed.
F0415_SAVEUTIL_IsReadBytesSuccessful	F	SAVEUTIL	SAVEHEAD.C; LOADSAVE.C; READWRIT.C; DEFS.H:8440	include/dm1_v1_original_save_pc34_handoff.h; src/dm1/dm1_v1_original_save_pc34_handoff.c; tests/test_dm1_v1_original_save_pc34_handoff.c	IMPLEMENTED_NARROW	Original-save bounded-span reader validates non-null source/destination/cursor and the complete source range before mutation, including zero-byte calls. It advances only after a complete memmove-equivalent read; malformed or stale cursors leave cursor and destination unchanged.
F0416_SAVEUTIL_IsWriteBytesSuccessful	F	SAVEUTIL	SAVEHEAD.C; LOADSAVE.C; READWRIT.C; DEFS.H:8446	include/dm1_v1_original_save_pc34_handoff.h; src/dm1/dm1_v1_original_save_pc34_handoff.c; tests/test_dm1_v1_original_save_pc34_handoff.c	IMPLEMENTED_NARROW	Original-save bounded-span writer validates non-null destination/source/cursor and the complete destination range before mutation, including zero-byte calls. It advances only after a complete memmove-equivalent write; malformed or stale cursors leave cursor and destination unchanged.
F0417_SAVEUTIL_GetChecksumAndObfuscate	F	SAVEUTIL	READWRIT.C:191-209; LOADSAVE.C F0433/F0435	src/memory/memory_savegame_pc34_compat.c; src/dm1/dm1_v1_original_save_pc34_handoff.c	IMPLEMENTED_NARROW	Exact PC3.4 little-endian word loop: checksum starts at key, adds plaintext, XORs the rolling key, adds ciphertext, and advances key by the immutable word count. Original DM F0433/F0435 part read/write now consumes this shared routine; no header-derived or fallback key path is used there.
F0418_SAVEUTIL_GetChecksum	F	SAVEUTIL	DEFS.H:8459	src/dm1/dm1_v1_save_load.c:519	UNCERTAIN_NUMBERED_EVIDENCE	Exact numeric token occurs in Firestaff source; this audit did not verify behavioral equivalence or implementation.
F0419_SAVEUTIL_IsReadObfuscatedBytesAndValidateChecksumSuccessful	F	SAVEUTIL	DEFS.H:8466; READWRIT.C	include/dm1_v1_original_save_pc34_handoff.h; src/dm1/dm1_v1_original_save_pc34_handoff.c	IMPLEMENTED_NARROW	Explicit F0435 PC3.4 part reader validates an even length-prefixed body, applies exactly one F0417 inverse/checksum pass, reports the actual checksum, and rejects malformed or mismatched source parts before the staged save can materialize. Focused F0420/F0419 paired ingress gate covers valid, mismatch, odd, and truncated spans.
F0420_SAVEUTIL_IsWriteObfuscatedSavePartSuccessful	F	SAVEUTIL	DEFS.H:8474; READWRIT.C	include/dm1_v1_original_save_pc34_handoff.h; src/dm1/dm1_v1_original_save_pc34_handoff.c	IMPLEMENTED_NARROW	Explicit F0433 PC3.4 part writer prefixes bounded even-byte spans and applies one F0417 checksum/obfuscation pass; focused encoded/reverse/checksum/truncation gate.
F0421_SAVEUTIL_IsReadBytesWithChecksumSuccessful	F	SAVEUTIL	DEFS.H:8482	src/dm1/dm1_v1_original_save_pc34_handoff.c	IMPLEMENTED_NARROW	Exact READWRIT.C:265-290 staged byte-read and 16-bit running-checksum contract gates the original PC34 F0435 dungeon tail in source order: header, maps, columns, SFT, text, every ThingData type, raw map. A failed span leaves cursor/checksum unchanged and the tail cannot materialize. Focused original-save handoff CTest covers chunk accumulation, wrap, failure, and runtime handoff.
F0422_SAVEUTIL_IsWriteBytesWithChecksumSuccessful	F	SAVEUTIL	DEFS.H:8489; READWRIT.C	include/dm1_v1_original_save_pc34_handoff.h; src/dm1/dm1_v1_original_save_pc34_handoff.c	IMPLEMENTED_NARROW	Explicit F0433 dungeon-tail span writer validates the complete destination before mutation, copies exactly one source span, and advances the caller-owned unsigned-byte 16-bit checksum. The real F0435->F0433 corpus receipt reconstructs each tail body through that writer before it certifies byte preservation. Focused paired F0421/F0422 gate covers source preservation, wrap, and rejection without partial destination/cursor/checksum mutation.
F0423_SAVEUTIL_FixClonedThings	F	SAVEUTIL	DEFS.H:8496	src/dm1/dm1_v1_save_load_system_pc34_compat.c:192	UNCERTAIN_NUMBERED_EVIDENCE	Exact numeric token occurs in Firestaff source; this audit did not verify behavioral equivalence or implementation.
F0424_DIALOG_GetChoice	F	DIALOG	Toolchains/Common/Source/DIALOG.C:331-542	src/dm1/dm1_v1_f0424_f0427_dialog_admission_pc34_compat.c; tests/test_dm1_v1_f0424_f0427_dialog_admission_pc34_compat.c	IMPLEMENTED_NARROW	F0424 accepts only a source-input choice ordinal in the original 1-4 choice matrix after the complete F0427 material chain is present. The receipt retains original selection feedback timing only; no host input loop or fallback dialog is synthesized.
F0425_DIALOG_PrintCenteredChoice	F	DIALOG	DEFS.H:8507	include/csb_v1_f0425_dialog_print_centered_choice_render_plan_pc34_compat.h	IMPLEMENTED_NARROW	Source centered choice render plan; focused CTest.
F0426_DIALOG_IsMessageOnTwoLines	F	DIALOG	DEFS.H:8508	include/csb_v1_f0426_dialog_is_message_on_two_lines_pc34_compat.h	IMPLEMENTED_NARROW	Source 30-character dialog split rule; focused CTest.
F0427_DIALOG_Draw	F	DIALOG	Toolchains/Common/Source/DIALOG.C:680-1076	src/dm1/dm1_v1_f0424_f0427_dialog_admission_pc34_compat.c; tests/test_dm1_v1_f0424_f0427_dialog_admission_pc34_compat.c	IMPLEMENTED_NARROW	F0427 emits only original 1-4 choice layout/patch plans around existing F0425/F0426 helpers after GRAPHICS.DAT C000 graphic17, its palette, M653 font, and all source text are authenticated. Missing material/text fails closed; no host font or synthetic pixels are permitted.
F0428_DIALOG_RequireGameDiskInDrive_NoDialogDrawn	F	DIALOG	ATARIST.H:215	src/dm2/dm2_v1_new_game.c:1286	UNCERTAIN_NUMBERED_EVIDENCE	Exact numeric token occurs in Firestaff source; this audit did not verify behavioral equivalence or implementation.
F428_AA39_	F	Atari ST / PRIM ABI alias	ATARIST.H:215	src/dm2/dm2_v1_new_game.c:1286	UNCERTAIN_NUMBERED_EVIDENCE	Exact numeric token occurs in Firestaff source; this audit did not verify behavioral equivalence or implementation.
F0429_STARTEND_IsReadSaveHeaderSuccessful	F	STARTEND	DEFS.H:8542	src/ui/menu_startup_m12.c:2191	UNCERTAIN_NUMBERED_EVIDENCE	Exact numeric token occurs in Firestaff source; this audit did not verify behavioral equivalence or implementation.
F0430_STARTEND_IsWriteObfuscatedSaveHeaderSuccessful	F	STARTEND	DEFS.H:8543	src/ui/menu_startup_m12.c:2169	UNCERTAIN_NUMBERED_EVIDENCE	Exact numeric token occurs in Firestaff source; this audit did not verify behavioral equivalence or implementation.
F0431_STARTEND_GetDarkenedColor	F	STARTEND	Toolchains/Common/Source/DARKCOLR.C:2-21	src/dm1/dm1_v1_f0431_f0436_palette_step_pc34_compat.c; tests/test_dm1_v1_f0431_f0436_palette_step_pc34_compat.c	IMPLEMENTED_NARROW	F0431 accepts only a verified raw 16-entry PC34 0x0RGB palette and darkens one selected entry by the original independent non-zero component decrements. Missing, malformed, or non-PC34 material fails closed; no palette substitute is generated.
F0432_STARTEND_FormatDiskMenu	F	STARTEND	DEFS.H:8550	src/dm1/dm1_v1_save_load_system_pc34_compat.c:193	UNCERTAIN_NUMBERED_EVIDENCE	Exact numeric token occurs in Firestaff source; this audit did not verify behavioral equivalence or implementation.
F0433_STARTEND_ProcessCommand140_SaveGame_CPSCDF	F	STARTEND	ATARIST.H:216	src/nexus/nexus_v1_save_load.c:15	UNCERTAIN_NUMBERED_EVIDENCE	Exact numeric token occurs in Firestaff source; this audit did not verify behavioral equivalence or implementation.
F433_AA39_	F	Atari ST / PRIM ABI alias	ATARIST.H:216	src/nexus/nexus_v1_save_load.c:15	UNCERTAIN_NUMBERED_EVIDENCE	Exact numeric token occurs in Firestaff source; this audit did not verify behavioral equivalence or implementation.
F0434_STARTEND_IsLoadDungeonSuccessful_CPSC	F	STARTEND	DEFS.H:8560	include/redmcsb_f0434_dungeon_tail_pc34_compat.h	IMPLEMENTED_NARROW	Source-ordered PC34 22-part dungeon-tail transport with F0421 byte checksum; media layout, allocation, and runtime materialization remain unimplemented.
F0435_STARTEND_LoadGame	F	STARTEND	DEFS.H:2954	src/ui/menu_startup_m12.c:2378	UNCERTAIN_NUMBERED_EVIDENCE	Exact numeric token occurs in Firestaff source; this audit did not verify behavioral equivalence or implementation.
F0436_STARTEND_FadeToPalette	F	STARTEND	Toolchains/Common/Source/PALETTE.C:209-323	src/dm1/dm1_v1_f0431_f0436_palette_step_pc34_compat.c; tests/test_dm1_v1_f0431_f0436_palette_step_pc34_compat.c	IMPLEMENTED_NARROW	The isolated MEDIA108 step adapter requires verified raw PC34 current and target 16-entry palettes plus VBlank authorization, then applies the original per-component one-unit step. It owns no title/entrance route and rejects absent, malformed, or synthetic palette inputs.
F0437_STARTEND_DrawTitle	F	STARTEND	DEFS.H:8581	src/csb/csb_v1_startup_runtime_surfaces_pc34_compat.c; src/csb/csb_v1_startup_raster_present_pc34_compat.c	IMPLEMENTED_NARROW	CSB C001 title/PRESENTS/CHAOS/STRIKES pages are admitted only as real startup host-surface receipts, and the PC34 packed-page presenter verifies host-surface, raster-route, and recomputed pixel hashes before F0692/F0693 presentation. Focused CSB startup raster and terminal tests pass; external Mac/app capture remains open.
F0438_STARTEND_OpenEntranceDoors	F	STARTEND	DEFS.H:8582	src/csb/csb_v1_startup_sequence_pc34_compat.c; src/csb/csb_v1_startup_raster_present_pc34_compat.c	IMPLEMENTED_NARROW	CSB C004/C002/C003 opening-door pages retain the startup host-surface receipt through packed 4bpp presentation, rejecting stale route hashes, wrapper/synthetic pages, and changed pixels. Focused CSB startup raster and terminal tests pass; broader real Mac/app capture remains open.
F0439_STARTEND_DrawEntrance	F	STARTEND	DEFS.H:8583	src/csb/csb_v1_startup_sequence_pc34_compat.c:1053	UNCERTAIN_NUMBERED_EVIDENCE	Exact numeric token occurs in Firestaff source; this audit did not verify behavioral equivalence or implementation.
F0440_STARTEND_GetTemporarilyLoadedGraphicByteCount	F	STARTEND	DEFS.H:3170	src/dm1/dm1_v1_endgame_system_pc34_compat.c:496	UNCERTAIN_NUMBERED_EVIDENCE	Exact numeric token occurs in Firestaff source; this audit did not verify behavioral equivalence or implementation.
F0441_STARTEND_ProcessEntrance	F	STARTEND	DEFS.H:8597	src/ui/menu_startup_m12.c:7206	UNCERTAIN_NUMBERED_EVIDENCE	Exact numeric token occurs in Firestaff source; this audit did not verify behavioral equivalence or implementation.
F0442_STARTEND_ProcessCommand202_EntranceDrawCredits	F	STARTEND	ATARIST.H:217	src/csb/csb_v1_startup_sequence_pc34_compat.c:990	UNCERTAIN_NUMBERED_EVIDENCE	Exact numeric token occurs in Firestaff source; this audit did not verify behavioral equivalence or implementation.
F442_AA08_	F	Atari ST / PRIM ABI alias	ATARIST.H:217	src/csb/csb_v1_startup_sequence_pc34_compat.c:990	UNCERTAIN_NUMBERED_EVIDENCE	Exact numeric token occurs in Firestaff source; this audit did not verify behavioral equivalence or implementation.
F0443_STARTEND_EndgamePrintString	F	STARTEND	DEFS.H:8607	src/dm1/dm1_v1_game_over_pc34_compat.c:20	UNCERTAIN_NUMBERED_EVIDENCE	Exact numeric token occurs in Firestaff source; this audit did not verify behavioral equivalence or implementation.
F0444_STARTEND_Endgame	F	STARTEND	ATARIST.H:218	src/csb/csb_v1_dungeon_world_pc34_compat.c:470	UNCERTAIN_NUMBERED_EVIDENCE	Exact numeric token occurs in Firestaff source; this audit did not verify behavioral equivalence or implementation.
F444_AA29_	F	Atari ST / PRIM ABI alias	ATARIST.H:218	src/csb/csb_v1_dungeon_world_pc34_compat.c:470	UNCERTAIN_NUMBERED_EVIDENCE	Exact numeric token occurs in Firestaff source; this audit did not verify behavioral equivalence or implementation.
F0445_STARTEND_FuseSequenceUpdate	F	STARTEND	DEFS.H:8613	src/dm1/dm1_v1_endgame_system_pc34_compat.c:383	UNCERTAIN_NUMBERED_EVIDENCE	Exact numeric token occurs in Firestaff source; this audit did not verify behavioral equivalence or implementation.
F0446_STARTEND_FuseSequence	F	STARTEND	ATARIST.H:219	src/dm1/dm1_v1_endgame_presentation_pc34_compat.c:23	UNCERTAIN_NUMBERED_EVIDENCE	Exact numeric token occurs in Firestaff source; this audit did not verify behavioral equivalence or implementation.
F446_zzzz_	F	Atari ST / PRIM ABI alias	ATARIST.H:219	src/dm1/dm1_v1_endgame_presentation_pc34_compat.c:23	UNCERTAIN_NUMBERED_EVIDENCE	Exact numeric token occurs in Firestaff source; this audit did not verify behavioral equivalence or implementation.
F0447_STARTEND_HangIfFalse_CPSA	F	STARTEND	DEFS.H:8619	src/dm1/dm1_v1_endgame_system_pc34_compat.c:497	UNCERTAIN_NUMBERED_EVIDENCE	Exact numeric token occurs in Firestaff source; this audit did not verify behavioral equivalence or implementation.
F0448_STARTUP1_InitializeMemoryManager_CPSADEF	F	STARTUP1	ATARIST.H:220	src/dm1/dm1_v1_game_state_pc34_compat.c:8	UNCERTAIN_NUMBERED_EVIDENCE	Exact numeric token occurs in Firestaff source; this audit did not verify behavioral equivalence or implementation.
F448_xxxx_	F	Atari ST / PRIM ABI alias	ATARIST.H:220	src/dm1/dm1_v1_game_state_pc34_compat.c:8	UNCERTAIN_NUMBERED_EVIDENCE	Exact numeric token occurs in Firestaff source; this audit did not verify behavioral equivalence or implementation.
F0449_FLOPPY_IsDiskWriteProtected	F	FLOPPY	DEFS.H:2958	src/dm1/dm1_v1_engine_pc34_compat.c:5	UNCERTAIN_NUMBERED_EVIDENCE	Exact numeric token occurs in Firestaff source; this audit did not verify behavioral equivalence or implementation.
F0450_FLOPPY_ForceMediaChangeDetection	F	FLOPPY	DEFS.H:8626	-	MISSING	No exact numbered token found in Firestaff src/include; no implementation claim.
F0451_FLOPPY_Initialize	F	FLOPPY	CEDT028.C:66	-	MISSING	No exact numbered token found in Firestaff src/include; no implementation claim.
F0452_FLOPPY_GetDiskTypeInDrive_CPSB	F	FLOPPY	DEFS.H:2965	src/csb/csb_v1_save_load_pc34_compat.c:7	UNCERTAIN_NUMBERED_EVIDENCE	Exact numeric token occurs in Firestaff source; this audit did not verify behavioral equivalence or implementation.
F0453_FLOPPY_IsFormatDiskSuccessful	F	FLOPPY	CEDTINC7.C:85	src/dm1/dm1_v1_save_load_system_pc34_compat.c:195	UNCERTAIN_NUMBERED_EVIDENCE	Exact numeric token occurs in Firestaff source; this audit did not verify behavioral equivalence or implementation.
F0454_FLOPPY_IsSaveDiskTypeInSaveDiskDrive	F	FLOPPY	DEFS.H:2972	src/dm1/dm1_v1_save_load_system_pc34_compat.c:196	UNCERTAIN_NUMBERED_EVIDENCE	Exact numeric token occurs in Firestaff source; this audit did not verify behavioral equivalence or implementation.
F0455_FLOPPY_DecompressDungeon	F	FLOPPY	DECOMPDU.C:38	src/dm2/dm2_v1_world_model.c:20	UNCERTAIN_NUMBERED_EVIDENCE	Exact numeric token occurs in Firestaff source; this audit did not verify behavioral equivalence or implementation.
F0456_START_DrawDisabledMenus	F	START	ATARIST.H:221	src/dm1/dm1_v1_graphic560_box_action_area_2_actions_menu_pc34_compat.c:10	UNCERTAIN_NUMBERED_EVIDENCE	Exact numeric token occurs in Firestaff source; this audit did not verify behavioral equivalence or implementation.
F456_vzzz_	F	Atari ST / PRIM ABI alias	ATARIST.H:221	src/dm1/dm1_v1_graphic560_box_action_area_2_actions_menu_pc34_compat.c:10	UNCERTAIN_NUMBERED_EVIDENCE	Exact numeric token occurs in Firestaff source; this audit did not verify behavioral equivalence or implementation.
F0457_START_DrawEnabledMenus_CPSF	F	START	ATARIST.H:222	src/dm1/dm1_v1_mirror_candidate_c040_cancel_then_reopen_same_tick_pc34_compat.c:127	UNCERTAIN_NUMBERED_EVIDENCE	Exact numeric token occurs in Firestaff source; this audit did not verify behavioral equivalence or implementation.
F457_AA08_	F	Atari ST / PRIM ABI alias	ATARIST.H:222	src/dm1/dm1_v1_mirror_candidate_c040_cancel_then_reopen_same_tick_pc34_compat.c:127	UNCERTAIN_NUMBERED_EVIDENCE	Exact numeric token occurs in Firestaff source; this audit did not verify behavioral equivalence or implementation.
F0458_START_GetCommandLineParameters_CPSA	F	START	DEFS.H:8664	include/firestaff/dm1/v1/f0458_start_get_command_line_parameters_cpsa_pc34_compat.h	IMPLEMENTED_NARROW	Source TOS command-tail copy; focused CTest.
F0459_START_GetScaledBitmapByteCount	F	START	BMPSIZE.C:4	include/redmcsb_start_bitmap_size_pc34_compat.h	IMPLEMENTED_NARROW	Source bitmap byte-count calculation; focused CTest.
F0460_START_InitializeGraphicData	F	START	DEFS.H:8677	src/dm1/dm1_v1_game_state_pc34_compat.c:19	UNCERTAIN_NUMBERED_EVIDENCE	Exact numeric token occurs in Firestaff source; this audit did not verify behavioral equivalence or implementation.
F0461_START_AllocateFlippedWallBitmaps	F	START	ATARIST.H:223	include/firestaff/dm1/v1/f0461_start_allocate_flipped_wall_bitmaps_pc34_compat.h	IMPLEMENTED_NARROW	Source-ordered five derived wall-buffer allocation plans; focused CTest.
F461_AA08_	F	Atari ST / PRIM ABI alias	ATARIST.H:223	include/firestaff/dm1/v1/f0461_start_allocate_flipped_wall_bitmaps_pc34_compat.h	IMPLEMENTED_NARROW	ABI alias for source-verified F0461 allocation plan; focused CTest.
F0462_START_StartGame_CPSEF	F	START	DEFS.H:8687	src/dm1/dm1_v1_game_state_pc34_compat.c:9	UNCERTAIN_NUMBERED_EVIDENCE	Exact numeric token occurs in Firestaff source; this audit did not verify behavioral equivalence or implementation.
F0463_START_InitializeGame_CPSADEF	F	START	ATARIST.H:224	src/dm1/dm1_v1_game_state_pc34_compat.c:18	UNCERTAIN_NUMBERED_EVIDENCE	Exact numeric token occurs in Firestaff source; this audit did not verify behavioral equivalence or implementation.
F463_wzzz_	F	Atari ST / PRIM ABI alias	ATARIST.H:224	src/dm1/dm1_v1_game_state_pc34_compat.c:18	UNCERTAIN_NUMBERED_EVIDENCE	Exact numeric token occurs in Firestaff source; this audit did not verify behavioral equivalence or implementation.
F0464_CPSC_GetChecksumSub	F	CPSC	ATARIST.H:225	src/dm1/dm1_v1_click_routing_pc34_compat.c:122	UNCERTAIN_NUMBERED_EVIDENCE	Exact numeric token occurs in Firestaff source; this audit did not verify behavioral equivalence or implementation.
F464_AA07_	F	Atari ST / PRIM ABI alias	ATARIST.H:225	src/dm1/dm1_v1_click_routing_pc34_compat.c:122	UNCERTAIN_NUMBERED_EVIDENCE	Exact numeric token occurs in Firestaff source; this audit did not verify behavioral equivalence or implementation.
F0466_EXPAND_GraphicToBitmap	F	EXPAND	ANIM.C:269	include/expand_frontend_pc34_compat.h:4	UNCERTAIN_NUMBERED_EVIDENCE	Exact numeric token occurs in Firestaff source; this audit did not verify behavioral equivalence or implementation.
F466_rzzz_	F	Atari ST / PRIM ABI alias	ATARIST.H:226	include/expand_frontend_pc34_compat.h:4	UNCERTAIN_NUMBERED_EVIDENCE	Exact numeric token occurs in Firestaff source; this audit did not verify behavioral equivalence or implementation.
F0467_MEMORY_GetGraphicOffset	F	MEMORY	DEFS.H:8721	include/memory_graphics_dat_metadata_pc34_compat.h:4	UNCERTAIN_NUMBERED_EVIDENCE	Exact numeric token occurs in Firestaff source; this audit did not verify behavioral equivalence or implementation.
F0468_MEMORY_Allocate	F	MEMORY	ACTIDRAW.C:240	-	MISSING	No exact numbered token found in Firestaff src/include; no implementation claim.
F468_ozzz_	F	Atari ST / PRIM ABI alias	ATARIST.H:227	-	MISSING	No exact numbered token found in Firestaff src/include; no implementation claim.
F0469_MEMORY_FreeAtHeapTop	F	MEMORY	ACTIDRAW.C:292	include/csb_v1_f0469_memory_free_at_heap_top_pc34_compat.h	IMPLEMENTED_NARROW	MEMORY.C source even-byte heap-top release accounting; focused CTest.
F469_rzzz_	F	Atari ST / PRIM ABI alias	ATARIST.H:228	include/csb_v1_f0469_memory_free_at_heap_top_pc34_compat.h	IMPLEMENTED_NARROW	ABI alias for source-verified F0469 release accounting; focused CTest.
F0470_MEMORY_FreeAtHeapBottom	F	MEMORY	ATARIST.H:229	include/redmcsb_f0470_memory_free_at_heap_bottom_pc34_compat.h	IMPLEMENTED_NARROW	MEMORY.C source even-byte available-heap release accounting; focused CTest.
F470_xzzz_	F	Atari ST / PRIM ABI alias	ATARIST.H:229	include/redmcsb_f0470_memory_free_at_heap_bottom_pc34_compat.h	IMPLEMENTED_NARROW	ABI alias for source-verified F0470 accounting; focused CTest.
F0471_CACHE_RemoveUnusedBlock	F	CACHE	MEMORY.C:454	include/redmcsb_f0471_cache_remove_unused_block_pc34_compat.h	IMPLEMENTED_NARROW	Source unused-list unlink and head-anchor transition; focused CTest.
F0472_CACHE_AddUnusedBlock	F	CACHE	MEMORY.C:486	include/redmcsb_f0472_cache_add_unused_block_pc34_compat.h	IMPLEMENTED_NARROW	Source descending unused-list insertion with equal-size precedence; focused CTest.
F0473_MEMORY_SortValues	F	MEMORY	DEFS.H:8745	include/redmcsb_f0473_memory_sort_values_pc34_compat.h	IMPLEMENTED_NARROW	MEMORY.C source unsigned 16-bit heap sort; focused CTest.
F0474_MEMORY_LoadGraphic_CPSDF	F	MEMORY	DEFS.H:8746	src/csb/csb_v1_startup_runtime_surfaces_pc34_compat.c:66	UNCERTAIN_NUMBERED_EVIDENCE	Exact numeric token occurs in Firestaff source; this audit did not verify behavioral equivalence or implementation.
F0475_MEMORY_Initialize	F	MEMORY	AMIGINIT.C:616	include/dm1_v1_game_loop_pc34_compat.h:7	UNCERTAIN_NUMBERED_EVIDENCE	Exact numeric token occurs in Firestaff source; this audit did not verify behavioral equivalence or implementation.
F475_ozzz_	F	Atari ST / PRIM ABI alias	ATARIST.H:230	include/dm1_v1_game_loop_pc34_compat.h:7	UNCERTAIN_NUMBERED_EVIDENCE	Exact numeric token occurs in Firestaff source; this audit did not verify behavioral equivalence or implementation.
F0476_MEMORY_InitializeGraphicMemory	F	MEMORY	ATARIST.H:231	src/dm1/dm1_v1_game_state_pc34_compat.c:21	UNCERTAIN_NUMBERED_EVIDENCE	Exact numeric token occurs in Firestaff source; this audit did not verify behavioral equivalence or implementation.
F476_mzzz_	F	Atari ST / PRIM ABI alias	ATARIST.H:231	src/dm1/dm1_v1_game_state_pc34_compat.c:21	UNCERTAIN_NUMBERED_EVIDENCE	Exact numeric token occurs in Firestaff source; this audit did not verify behavioral equivalence or implementation.
F0477_MEMORY_OpenGraphicsDat_CPSDF	F	MEMORY	ATARIST.H:232	src/csb/csb_v1_startup_runtime_surfaces_pc34_compat.c:46	UNCERTAIN_NUMBERED_EVIDENCE	Exact numeric token occurs in Firestaff source; this audit did not verify behavioral equivalence or implementation.
F477_izzz_	F	Atari ST / PRIM ABI alias	ATARIST.H:232	src/csb/csb_v1_startup_runtime_surfaces_pc34_compat.c:46	UNCERTAIN_NUMBERED_EVIDENCE	Exact numeric token occurs in Firestaff source; this audit did not verify behavioral equivalence or implementation.
F0478_MEMORY_CloseGraphicsDat_CPSDF	F	MEMORY	ATARIST.H:233	src/csb/csb_v1_startup_runtime_surfaces_pc34_compat.c:87	UNCERTAIN_NUMBERED_EVIDENCE	Exact numeric token occurs in Firestaff source; this audit did not verify behavioral equivalence or implementation.
F478_gzzz_	F	Atari ST / PRIM ABI alias	ATARIST.H:233	src/csb/csb_v1_startup_runtime_surfaces_pc34_compat.c:87	UNCERTAIN_NUMBERED_EVIDENCE	Exact numeric token occurs in Firestaff source; this audit did not verify behavioral equivalence or implementation.
F0479_MEMORY_ReadGraphicsDatHeader	F	MEMORY	ATARIST.H:234	src/csb/csb_v1_startup_runtime_surfaces_pc34_compat.c:44	UNCERTAIN_NUMBERED_EVIDENCE	Exact numeric token occurs in Firestaff source; this audit did not verify behavioral equivalence or implementation.
F479_izzz_	F	Atari ST / PRIM ABI alias	ATARIST.H:234	src/csb/csb_v1_startup_runtime_surfaces_pc34_compat.c:44	UNCERTAIN_NUMBERED_EVIDENCE	Exact numeric token occurs in Firestaff source; this audit did not verify behavioral equivalence or implementation.
F0480_CACHE_ReleaseBlock	F	CACHE	MEMORY.C:1487	include/redmcsb_f0480_cache_release_state_transition_pc34_compat.h	IMPLEMENTED_NARROW	Native/derived lookup, used/unused-list transition, coalescing and cache-top contraction; focused CTest.
F480_AA07_	F	Atari ST / PRIM ABI alias	ATARIST.H:235	-	MISSING	No exact numbered token found in Firestaff src/include; no implementation claim.
F0481_CACHE_FreeMemory	F	CACHE	MEMORY.C:1588	include/redmcsb_f0481_cache_free_memory_pc34_compat.h	IMPLEMENTED_NARROW	Source first-used release loop through a bounded release callback; focused CTest.
F0482_CACHE_Defragment	F	CACHE	DEFS.H:8824	include/csb_hint_oracle_htc_real_scan.h:84	UNCERTAIN_NUMBERED_EVIDENCE	Exact numeric token occurs in Firestaff source; this audit did not verify behavioral equivalence or implementation.
F0483_CACHE_GetNewBlock	F	CACHE	DEFS.H:8825	include/memory_cache_allocator_pc34_compat.h:15	UNCERTAIN_NUMBERED_EVIDENCE	Exact numeric token occurs in Firestaff source; this audit did not verify behavioral equivalence or implementation.
F0484_MEMORY_LoadGraphics_CPSDEF	F	MEMORY	ATARIST.H:236	include/memory_graphics_dat_slots_pc34_compat.h:12	UNCERTAIN_NUMBERED_EVIDENCE	Exact numeric token occurs in Firestaff source; this audit did not verify behavioral equivalence or implementation.
F484_gzzz_	F	Atari ST / PRIM ABI alias	ATARIST.H:236	include/memory_graphics_dat_slots_pc34_compat.h:12	UNCERTAIN_NUMBERED_EVIDENCE	Exact numeric token occurs in Firestaff source; this audit did not verify behavioral equivalence or implementation.
F0485_CACHE_ResetUsageCounts	F	CACHE	DEFS.H:8837	include/memory_cache_usage_pc34_compat.h:14	UNCERTAIN_NUMBERED_EVIDENCE	Exact numeric token occurs in Firestaff source; this audit did not verify behavioral equivalence or implementation.
F0486_MEMORY_AddBlockToUsedList	F	MEMORY	DEFS.H:8838	src/dm1/dm1_v1_charge_count_to_torch_type_pc34_compat.c:10	UNCERTAIN_NUMBERED_EVIDENCE	Exact numeric token occurs in Firestaff source; this audit did not verify behavioral equivalence or implementation.
F0487_CACHE_GetBlockAndIncrementUsageCount	F	CACHE	DEFS.H:8839	src/dm1/dm1_v1_slot_boxes_pc34_compat.c:12	UNCERTAIN_NUMBERED_EVIDENCE	Exact numeric token occurs in Firestaff source; this audit did not verify behavioral equivalence or implementation.
F0488_MEMORY_ExpandGraphicToBitmap	F	MEMORY	ATARIST.H:237	src/csb/csb_v1_startup_runtime_surfaces_pc34_compat.c:68	UNCERTAIN_NUMBERED_EVIDENCE	Exact numeric token occurs in Firestaff source; this audit did not verify behavioral equivalence or implementation.
F488_bzzz_	F	Atari ST / PRIM ABI alias	ATARIST.H:237	src/csb/csb_v1_startup_runtime_surfaces_pc34_compat.c:68	UNCERTAIN_NUMBERED_EVIDENCE	Exact numeric token occurs in Firestaff source; this audit did not verify behavioral equivalence or implementation.
F0489_MEMORY_GetNativeBitmapOrGraphic	F	MEMORY	ACTIDRAW.C:123	src/csb/csb_v1_viewport_d3l2_d3r2_f0111_door_pc34_compat.c:42	UNCERTAIN_NUMBERED_EVIDENCE	Exact numeric token occurs in Firestaff source; this audit did not verify behavioral equivalence or implementation.
F489_ayzz_	F	Atari ST / PRIM ABI alias	ATARIST.H:238	src/csb/csb_v1_viewport_d3l2_d3r2_f0111_door_pc34_compat.c:42	UNCERTAIN_NUMBERED_EVIDENCE	Exact numeric token occurs in Firestaff source; this audit did not verify behavioral equivalence or implementation.
F0490_MEMORY_LoadDecompressAndExpandGraphic	F	MEMORY	ATARIST.H:239	src/csb/csb_v1_startup_runtime_surfaces_pc34_compat.c:53	UNCERTAIN_NUMBERED_EVIDENCE	Exact numeric token occurs in Firestaff source; this audit did not verify behavioral equivalence or implementation.
F490_lzzz_	F	Atari ST / PRIM ABI alias	ATARIST.H:239	src/csb/csb_v1_startup_runtime_surfaces_pc34_compat.c:53	UNCERTAIN_NUMBERED_EVIDENCE	Exact numeric token occurs in Firestaff source; this audit did not verify behavioral equivalence or implementation.
F0491_CACHE_IsDerivedBitmapInCache	F	CACHE	ACTIDRAW.C:158	include/memory_cache_gated_access_pc34_compat.h:21	UNCERTAIN_NUMBERED_EVIDENCE	Exact numeric token occurs in Firestaff source; this audit did not verify behavioral equivalence or implementation.
F491_xzzz_	F	Atari ST / PRIM ABI alias	ATARIST.H:240	include/memory_cache_gated_access_pc34_compat.h:21	UNCERTAIN_NUMBERED_EVIDENCE	Exact numeric token occurs in Firestaff source; this audit did not verify behavioral equivalence or implementation.
F0492_CACHE_GetDerivedBitmap	F	CACHE	ACTIDRAW.C:160	include/derived_bitmap_cache_pc34_compat.h:12	UNCERTAIN_NUMBERED_EVIDENCE	Exact numeric token occurs in Firestaff source; this audit did not verify behavioral equivalence or implementation.
F492_mzzz_	F	Atari ST / PRIM ABI alias	ATARIST.H:241	include/derived_bitmap_cache_pc34_compat.h:12	UNCERTAIN_NUMBERED_EVIDENCE	Exact numeric token occurs in Firestaff source; this audit did not verify behavioral equivalence or implementation.
F0493_CACHE_AddDerivedBitmap	F	CACHE	ACTIDRAW.C:161	include/memory_cache_access_pc34_compat.h:27	UNCERTAIN_NUMBERED_EVIDENCE	Exact numeric token occurs in Firestaff source; this audit did not verify behavioral equivalence or implementation.
F493_hzzz_	F	Atari ST / PRIM ABI alias	ATARIST.H:242	include/memory_cache_access_pc34_compat.h:27	UNCERTAIN_NUMBERED_EVIDENCE	Exact numeric token occurs in Firestaff source; this audit did not verify behavioral equivalence or implementation.
F0494_MEMORY_GetGraphicDecompressedByteCount	F	MEMORY	ATARIST.H:243	include/memory_load_wrappers_pc34_compat.h:6	UNCERTAIN_NUMBERED_EVIDENCE	Exact numeric token occurs in Firestaff source; this audit did not verify behavioral equivalence or implementation.
F494_ozzz_	F	Atari ST / PRIM ABI alias	ATARIST.H:243	include/memory_load_wrappers_pc34_compat.h:6	UNCERTAIN_NUMBERED_EVIDENCE	Exact numeric token occurs in Firestaff source; this audit did not verify behavioral equivalence or implementation.
F0495_LZW_GetNextInputCode	F	LZW	DEFS.H:8886	src/csb/csb_v1_csbgraphics_dat_lzw_boundary.c:29	UNCERTAIN_NUMBERED_EVIDENCE	Exact numeric token occurs in Firestaff source; this audit did not verify behavioral equivalence or implementation.
F0496_LZW_OutputCharacter	F	LZW	DEFS.H:8887	include/csb_v1_f0496_lzw_output_character_pc34_compat.h	IMPLEMENTED_NARROW	Source LZW repeat-escape emitter; focused CTest.
F0497_LZW_Decompress	F	LZW	ATARIST.H:244	src/nexus/nexus_v1_audio_receipt.c:32	UNCERTAIN_NUMBERED_EVIDENCE	Exact numeric token occurs in Firestaff source; this audit did not verify behavioral equivalence or implementation.
F497_pzzz_	F	Atari ST / PRIM ABI alias	ATARIST.H:244	src/nexus/nexus_v1_audio_receipt.c:32	UNCERTAIN_NUMBERED_EVIDENCE	Exact numeric token occurs in Firestaff source; this audit did not verify behavioral equivalence or implementation.
F0501_SOUND_Deinitialize	F	SOUND	AMIGA.H:292	src/dm1/dm1_v1_sound_pc34_compat.c:406	UNCERTAIN_NUMBERED_EVIDENCE	Exact numeric token occurs in Firestaff source; this audit did not verify behavioral equivalence or implementation.
F0502_SOUND_CompareVolumes	F	SOUND	AMIGA.H:293	src/dm1/dm1_v1_sound_pc34_compat.c:407	UNCERTAIN_NUMBERED_EVIDENCE	Exact numeric token occurs in Firestaff source; this audit did not verify behavioral equivalence or implementation.
F0503_SOUND_LoadAll	F	SOUND	AMIGA.H:294	src/dm1/dm1_v1_sound_pc34_compat.c:408	UNCERTAIN_NUMBERED_EVIDENCE	Exact numeric token occurs in Firestaff source; this audit did not verify behavioral equivalence or implementation.
F0504_SOUND_ReadSecondSector_CPSD	F	SOUND	AMIGA.H:295	src/dm1/dm1_v1_sound_pc34_compat.c:409	UNCERTAIN_NUMBERED_EVIDENCE	Exact numeric token occurs in Firestaff source; this audit did not verify behavioral equivalence or implementation.
F0505_SOUND_GetVolume	F	SOUND	AMIGA.H:296	src/dm1/dm1_v1_sound_pc34_compat.c:7	UNCERTAIN_NUMBERED_EVIDENCE	Exact numeric token occurs in Firestaff source; this audit did not verify behavioral equivalence or implementation.
F0506_AMIGA_AllocateData	F	AMIGA	AMIGA.H:297	src/dm1/dm1_v1_mirror_candidate_c146_sleep_wakeup_repaint_gate_pc34_compat.c:118	UNCERTAIN_NUMBERED_EVIDENCE	Exact numeric token occurs in Firestaff source; this audit did not verify behavioral equivalence or implementation.
F0507_AMIGA_DeinitializeAndInfiniteLoop	F	AMIGA	AMIGA.H:298	src/dm1/dm1_v1_endgame_system_pc34_compat.c:498	UNCERTAIN_NUMBERED_EVIDENCE	Exact numeric token occurs in Firestaff source; this audit did not verify behavioral equivalence or implementation.
F0508_AMIGA_BuildPaletteChangeCopperList	F	AMIGA	AMIGA.H:299	src/dm1/dm1_v1_palette_font_pc34_compat.c:141	UNCERTAIN_NUMBERED_EVIDENCE	Exact numeric token occurs in Firestaff source; this audit did not verify behavioral equivalence or implementation.
F0509_AMIGA_FillScreen	F	AMIGA	AMIGA.H:300	src/dm1/dm1_v1_endgame_system_pc34_compat.c:499	UNCERTAIN_NUMBERED_EVIDENCE	Exact numeric token occurs in Firestaff source; this audit did not verify behavioral equivalence or implementation.
F0510_AMIGA_WaitBottomOfViewPort	F	AMIGA	AMIGA.H:301	src/dm1/dm1_v1_viewport_3d_pc34_compat.c:1952	UNCERTAIN_NUMBERED_EVIDENCE	Exact numeric token occurs in Firestaff source; this audit did not verify behavioral equivalence or implementation.
F0511_AMIGA_EmptyFunction	F	AMIGA	AMIGA.H:302	src/engine/m11_game_view.c:5832	UNCERTAIN_NUMBERED_EVIDENCE	Exact numeric token occurs in Firestaff source; this audit did not verify behavioral equivalence or implementation.
F0512_STARTUP1_IsAltKeyPressed	F	STARTUP1	AMIGA.H:303	src/engine/m11_game_view.c:5794	UNCERTAIN_NUMBERED_EVIDENCE	Exact numeric token occurs in Firestaff source; this audit did not verify behavioral equivalence or implementation.
F0513_DIALOG_DrawGameReadyToPlay_Unreferenced	F	DIALOG	AMIGA.H:304	-	MISSING	No exact numbered token found in Firestaff src/include; no implementation claim.
F0514_MOVE_GetSound	F	MOVE	MOVESENS.C:984-995	src/dm1/dm1_v1_creature_sound_pc34_compat.c; tests/test_dm1_v1_creature_sound_pc34_compat.c	VERIFIED_SOURCE_MAPPING	DM1 creature movement sound lookup follows F0514's resting gate and I34E AttackSoundOrdinal -> G2003 movement-sound table; attack sounds and Couatl idle aspect-update calls consume the same source table without fallback sounds.
F0515_CHAMPION_ConvertPortraitsToAtariSTPlanar	F	CHAMPION	AMIGA.H:306	src/dm1/dm1_v1_portrait_panel_pc34_compat.c; include/dm1_v1_portrait_panel_pc34_compat.h; tests/test_dm1_v1_portrait_planar_conversion_pc34_compat.c	IMPLEMENTED_NARROW	Models the bounded 32x29 champion portrait chunky-to-Atari-ST-planar conversion: four 1bpp planes, 464-byte native span, MSB-first pixel packing, 4bpp masking, guard rejection for null/short buffers, and roundtrip with the portrait loader. Focused CTest is registered and passing; file/save envelope integration remains caller-owned.
F0516_CHAMPION_ConvertPortraitsFromAtariSTPlanar	F	CHAMPION	AMIGA.H:307	src/dm1/dm1_v1_portrait_panel_pc34_compat.c; include/dm1_v1_portrait_panel_pc34_compat.h; tests/test_dm1_v1_portrait_planar_conversion_pc34_compat.c	IMPLEMENTED_NARROW	Models the bounded 32x29 champion portrait Atari-ST-planar-to-chunky conversion: four 1bpp planes, 464-byte native span, MSB-first bit extraction, colour-index reconstruction, guard rejection for null/short buffers, and roundtrip through the portrait struct. Focused CTest is registered and passing; save/load file transport remains caller-owned.
F0517_MENUS_AllocateSpellAreaBitmaps	F	MENUS	AMIGA.H:308	src/dm1/dm1_v1_menu_render_pc34_compat.c:155	UNCERTAIN_NUMBERED_EVIDENCE	Exact numeric token occurs in Firestaff source; this audit did not verify behavioral equivalence or implementation.
F0518_FLOPPY_Deinitialize_CPSX	F	FLOPPY	AMIGA.H:309	-	MISSING	No exact numbered token found in Firestaff src/include; no implementation claim.
F0519_FLOPPY_GetFormatResult	F	FLOPPY	AMIGA.H:310	-	MISSING	No exact numbered token found in Firestaff src/include; no implementation claim.
F0520_FLOPPY_GetSectorChecksum	F	FLOPPY	AMIGA.H:311	-	MISSING	No exact numbered token found in Firestaff src/include; no implementation claim.
F0521_FLOPPY_GetIOError	F	FLOPPY	AMIGA.H:312	-	MISSING	No exact numbered token found in Firestaff src/include; no implementation claim.
F0522_FLOPPY_SendDosPacket	F	FLOPPY	AMIGA.H:313	-	MISSING	No exact numbered token found in Firestaff src/include; no implementation claim.
F0523_FLOPPY_InhibitFileSystem	F	FLOPPY	AMIGA.H:314	-	MISSING	No exact numbered token found in Firestaff src/include; no implementation claim.
F0524_FLOPPY_OpenTrackdiskDevice	F	FLOPPY	AMIGA.H:315	-	MISSING	No exact numbered token found in Firestaff src/include; no implementation claim.
F0525_FLOPPY_GetWriteProtectionState	F	FLOPPY	AMIGA.H:316	-	MISSING	No exact numbered token found in Firestaff src/include; no implementation claim.
F0526_FLOPPY_DoTrackdiskDeviceIO	F	FLOPPY	AMIGA.H:318	-	MISSING	No exact numbered token found in Firestaff src/include; no implementation claim.
F0527_FLOPPY_ReadFuzzySector_CPSX	F	FLOPPY	AMIGA.H:323	src/dm1/dm1_v1_input_poll_pc34_compat.c:336	UNCERTAIN_NUMBERED_EVIDENCE	Exact numeric token occurs in Firestaff source; this audit did not verify behavioral equivalence or implementation.
F0528_FLOPPY_Eject	F	FLOPPY	AMIGA.H:324	src/dm2/dm2_v2_phase_gate.c:19	UNCERTAIN_NUMBERED_EVIDENCE	Exact numeric token occurs in Firestaff source; this audit did not verify behavioral equivalence or implementation.
F0529_FLOPPY_IsFloppyInDrive	F	FLOPPY	AMIGA.H:325	-	MISSING	No exact numbered token found in Firestaff src/include; no implementation claim.
F0530_FLOPPY_DirectoryExists	F	FLOPPY	AMIGA.H:326	-	MISSING	No exact numbered token found in Firestaff src/include; no implementation claim.
F0531_FLOPPY_CompareVolumeName	F	FLOPPY	AMIGA.H:327	-	MISSING	No exact numbered token found in Firestaff src/include; no implementation claim.
F0532_FLOPPY_GetVolumeInfoData	F	FLOPPY	AMIGA.H:329	-	MISSING	No exact numbered token found in Firestaff src/include; no implementation claim.
F0533_FLOPPY_WriteSavedGameInfoFiles	F	FLOPPY	AMIGA.H:334	src/dm1/dm1_v1_input_poll_pc34_compat.c:397	UNCERTAIN_NUMBERED_EVIDENCE	Exact numeric token occurs in Firestaff source; this audit did not verify behavioral equivalence or implementation.
F0534_FLOPPY_GetFileSize	F	FLOPPY	AMIGA.H:335	-	MISSING	No exact numbered token found in Firestaff src/include; no implementation claim.
F0535_MEMORY_GetGraphicsDatFileSize	F	MEMORY	AMIGA.H:336	-	MISSING	No exact numbered token found in Firestaff src/include; no implementation claim.
F0536_INPUT_Initialize	F	INPUT	AMIGA.H:337	src/dm1/dm1_v1_input_poll_pc34_compat.c:8	UNCERTAIN_NUMBERED_EVIDENCE	Exact numeric token occurs in Firestaff source; this audit did not verify behavioral equivalence or implementation.
F0537_INPUT_ReleaseResources	F	INPUT	AMIGA.H:338	-	MISSING	No exact numbered token found in Firestaff src/include; no implementation claim.
F0538_INPUT_Deinitialize	F	INPUT	AMIGA.H:339	src/dm1/dm1_v1_input_poll_pc34_compat.c:10	UNCERTAIN_NUMBERED_EVIDENCE	Exact numeric token occurs in Firestaff source; this audit did not verify behavioral equivalence or implementation.
F0539_INPUT_Cconis	F	INPUT	IO2.C:179-185	include/redmcsb_f0539_input_cconis_pc34_compat.h	IMPLEMENTED_NARROW	PC 3.4 IODRV_01 keyboard-presence callback is source-locked and covered by a focused strict C11 test.
F0540_INPUT_Crawcin	F	INPUT	IO2.C:27-61	include/redmcsb_f0540_input_crawcin_pc34_compat.h	IMPLEMENTED_NARROW	PC 3.4 raw-key read, exit shortcuts, and shifted-arrow normalization are source-locked and covered by a focused strict C11 test.
F0541_INPUT_WaitForMouseOrKeyboardActivity	F	INPUT	AMIGA.H:342	src/dm1/dm1_v1_input_poll_pc34_compat.c:280	UNCERTAIN_NUMBERED_EVIDENCE	Exact numeric token occurs in Firestaff source; this audit did not verify behavioral equivalence or implementation.
F0543_INPUT_DeviceInterruptHandler	F	INPUT	AMIGA.H:344	src/dm1/dm1_v1_input_poll_pc34_compat.c:17	UNCERTAIN_NUMBERED_EVIDENCE	Exact numeric token occurs in Firestaff source; this audit did not verify behavioral equivalence or implementation.
F0544_INPUT_ResetPressingEyeOrMouth	F	INPUT	AMIGA.H:345	-	MISSING	No exact numbered token found in Firestaff src/include; no implementation claim.
F0545_MOUSE_AllocateMemory	F	MOUSE	AMIGA.H:346	src/dm1/dm1_v1_input_poll_pc34_compat.c:337	UNCERTAIN_NUMBERED_EVIDENCE	Exact numeric token occurs in Firestaff source; this audit did not verify behavioral equivalence or implementation.
F0546_MOUSE_Deinitialize	F	MOUSE	AMIGA.H:347	src/dm1/dm1_v1_input_poll_pc34_compat.c:338	UNCERTAIN_NUMBERED_EVIDENCE	Exact numeric token occurs in Firestaff source; this audit did not verify behavioral equivalence or implementation.
F0547_MOUSE_SetPointerSprites	F	MOUSE	AMIGA.H:348	src/dm1/dm1_v1_input_poll_pc34_compat.c:339	UNCERTAIN_NUMBERED_EVIDENCE	Exact numeric token occurs in Firestaff source; this audit did not verify behavioral equivalence or implementation.
F0548_MOUSE_HidePointer	F	MOUSE	AMIGA.H:349	src/dm1/dm1_v1_input_poll_pc34_compat.c:340	UNCERTAIN_NUMBERED_EVIDENCE	Exact numeric token occurs in Firestaff source; this audit did not verify behavioral equivalence or implementation.
F0549_MOUSE_ShowPointer	F	MOUSE	AMIGA.H:350	src/dm1/dm1_v1_input_poll_pc34_compat.c:341	UNCERTAIN_NUMBERED_EVIDENCE	Exact numeric token occurs in Firestaff source; this audit did not verify behavioral equivalence or implementation.
F0550_VIDEO_FillScreenBox	F	VIDEO	AMIGA.H:351	-	MISSING	No exact numbered token found in Firestaff src/include; no implementation claim.
F0551_VIDEO_HatchBox_Unreferenced	F	VIDEO	AMIGA.H:352	-	MISSING	No exact numbered token found in Firestaff src/include; no implementation claim.
F0552_BASE_DisplayError	F	BASE	AMIGA.H:353	-	MISSING	No exact numbered token found in Firestaff src/include; no implementation claim.
F0553_TEXT_MESSAGEAREA_MoveCursorToTopLeft	F	TEXT	AMIGA.H:354	src/dm1/dm1_v1_text_message_pc34_compat.c:590	UNCERTAIN_NUMBERED_EVIDENCE	Exact numeric token occurs in Firestaff source; this audit did not verify behavioral equivalence or implementation.
F0554_TEXT_MESSAGEAREA_DeleteLastCharacter_Unreferenced	F	TEXT	AMIGA.H:355	src/dm1/dm1_v1_text_message_pc34_compat.c:591	UNCERTAIN_NUMBERED_EVIDENCE	Exact numeric token occurs in Firestaff source; this audit did not verify behavioral equivalence or implementation.
F0555_TEXT_AllocateMemory	F	TEXT	AMIGA.H:356	src/dm1/dm1_v1_text_message_pc34_compat.c:592	UNCERTAIN_NUMBERED_EVIDENCE	Exact numeric token occurs in Firestaff source; this audit did not verify behavioral equivalence or implementation.
F0556_TEXT_Deinitialize	F	TEXT	AMIGA.H:357	src/nexus/nexus_v1_rasterizer.c:52	UNCERTAIN_NUMBERED_EVIDENCE	Exact numeric token occurs in Firestaff source; this audit did not verify behavioral equivalence or implementation.
F0557_SCROLLER_Initialize	F	SCROLLER	AMIGA.H:358	-	MISSING	No exact numbered token found in Firestaff src/include; no implementation claim.
F0558_SCROLLER_CancelInitialize	F	SCROLLER	AMIGA.H:359	-	MISSING	No exact numbered token found in Firestaff src/include; no implementation claim.
F0559_SCROLLER_Deinitialize	F	SCROLLER	AMIGA.H:360	-	MISSING	No exact numbered token found in Firestaff src/include; no implementation claim.
F0560_SCROLLER_SetCommand	F	SCROLLER	AMIGA.H:361	src/dm1/dm1_v1_text_message_pc34_compat.c:594	UNCERTAIN_NUMBERED_EVIDENCE	Exact numeric token occurs in Firestaff source; this audit did not verify behavioral equivalence or implementation.
F0561_SCROLLER_IsTextScrolling	F	SCROLLER	AMIGA.H:362	src/dm1/dm1_v1_text_message_pc34_compat.c:595	UNCERTAIN_NUMBERED_EVIDENCE	Exact numeric token occurs in Firestaff source; this audit did not verify behavioral equivalence or implementation.
F0562_SCROLLER_Task	F	SCROLLER	AMIGA.H:363	-	MISSING	No exact numbered token found in Firestaff src/include; no implementation claim.
F0563_SCROLLER_UpdateMessageArea	F	SCROLLER	AMIGA.H:364	-	MISSING	No exact numbered token found in Firestaff src/include; no implementation claim.
F0564_VIEWPORT_InitializeBitPlanes	F	VIEWPORT	AMIGA.H:365	src/dm1/dm1_v1_viewport_3d_pc34_compat.c:5	UNCERTAIN_NUMBERED_EVIDENCE	Exact numeric token occurs in Firestaff source; this audit did not verify behavioral equivalence or implementation.
F0565_VIEWPORT_SetPalette	F	VIEWPORT	AMIGA.H:366	src/dm1/dm1_v1_palette_top_and_bottom_screen_pc34_compat.c:13	UNCERTAIN_NUMBERED_EVIDENCE	Exact numeric token occurs in Firestaff source; this audit did not verify behavioral equivalence or implementation.
F0566_VIEWPORT_BlitToScreen	F	VIEWPORT	AMIGA.H:367	src/dm1/dm1_v1_viewport_3d_pc34_compat.c:7	UNCERTAIN_NUMBERED_EVIDENCE	Exact numeric token occurs in Firestaff source; this audit did not verify behavioral equivalence or implementation.
F0567_COPYPROA_InitFloppyInterruptHandler_CPSX	F	COPYPROA	AMIGA.H:368	-	MISSING	No exact numbered token found in Firestaff src/include; no implementation claim.
F0568_COPYPROA_CleanupFloppyInterruptHandler_CPSX	F	COPYPROA	AMIGA.H:369	-	MISSING	No exact numbered token found in Firestaff src/include; no implementation claim.
F0569_COPYPROA_FloppyInterruptHandler_CPSX	F	COPYPROA	AMIGA.H:371	-	MISSING	No exact numbered token found in Firestaff src/include; no implementation claim.
F0571_COPYPROB_InitializeDiskChangeHandler_CPSX	F	COPYPROB	AMIGA.H:377	-	MISSING	No exact numbered token found in Firestaff src/include; no implementation claim.
F0572_COPYPROB_ReleaseDiskChangeHandler_CPSX	F	COPYPROB	AMIGA.H:378	-	MISSING	No exact numbered token found in Firestaff src/include; no implementation claim.
F0573_COPYPROB_DiskChangeHandler_CPSX	F	COPYPROB	AMIGA.H:379	-	MISSING	No exact numbered token found in Firestaff src/include; no implementation claim.
F0575_VerticalBlank_Initialize	F	VerticalBlank	AMIGA.H:381	src/dm1/dm1_v1_game_loop_pc34_compat.c:9	UNCERTAIN_NUMBERED_EVIDENCE	Exact numeric token occurs in Firestaff source; this audit did not verify behavioral equivalence or implementation.
F0576_VerticalBlank_Deinitialize	F	VerticalBlank	AMIGA.H:382	src/dm1/dm1_v1_game_loop_pc34_compat.c:258	UNCERTAIN_NUMBERED_EVIDENCE	Exact numeric token occurs in Firestaff source; this audit did not verify behavioral equivalence or implementation.
F0577_VerticalBlank_Handler_CPSDF	F	VerticalBlank	AMIGA.H:384	src/dm1/dm1_v1_vblank_timing.c:10	UNCERTAIN_NUMBERED_EVIDENCE	Exact numeric token occurs in Firestaff source; this audit did not verify behavioral equivalence or implementation.
F0579_ENTRANCE_InitializeBitPlanes	F	ENTRANCE	AMIGA.H:390	src/csb/csb_v1_runtime_pc34_compat.c:7	UNCERTAIN_NUMBERED_EVIDENCE	Exact numeric token occurs in Firestaff source; this audit did not verify behavioral equivalence or implementation.
F0580_ENTRANCE_DrawDoorAnimationStep	F	ENTRANCE	AMIGA.H:391	src/csb/csb_v1_startup_runtime_surfaces_pc34_compat.c; src/csb/csb_v1_startup_raster_present_pc34_compat.c	IMPLEMENTED_NARROW	Opening-door animation pages are receipt-bound to the CSB startup host-surface raster before packing/presentation; missing receipts, mismatched route hashes, and modified indexed pixels fail closed. Focused CSB startup raster and terminal tests pass.
F0581_ENTRANCE_BlitDoors	F	ENTRANCE	AMIGA.H:392	src/csb/csb_v1_startup_runtime_surfaces_pc34_compat.c; src/csb/csb_v1_startup_raster_present_pc34_compat.c	IMPLEMENTED_NARROW	Door blit presentation uses the same CSB startup host-surface receipt and recomputed pixel hash gate before F0692/F0693, preventing standalone C002/C003 wrapper pages from reaching the packed host page. Focused CSB startup raster and terminal tests pass.
F0600_DIALOG_subroutine	F	DIALOG	DIALOG.C:271	src/csb/csb_v1_runtime_pc34_compat.c:1886	UNCERTAIN_NUMBERED_EVIDENCE	Exact numeric token occurs in Firestaff source; this audit did not verify behavioral equivalence or implementation.
F0601_IsWallOrnamentAFountain	F	IsWallOrnamentAFountain	DEFS.H:9014	src/dm1/dm1_v1_fountain_interaction_pc34_compat.c:7	UNCERTAIN_NUMBERED_EVIDENCE	Exact numeric token occurs in Firestaff source; this audit did not verify behavioral equivalence or implementation.
F0602_GetMinimumOverheadMemoryChunk	F	GetMinimumOverheadMemoryChunk	MEMORY.C:222	include/memory_champion_state_pc34_compat.h:220	UNCERTAIN_NUMBERED_EVIDENCE	Exact numeric token occurs in Firestaff source; this audit did not verify behavioral equivalence or implementation.
F0603_AllocateFromTopMemoryChunk	F	AllocateFromTopMemoryChunk	MEMORY.C:255	include/memory_champion_state_pc34_compat.h:229	UNCERTAIN_NUMBERED_EVIDENCE	Exact numeric token occurs in Firestaff source; this audit did not verify behavioral equivalence or implementation.
F0604_BackupCurrentMemoryChunkInfo	F	BackupCurrentMemoryChunkInfo	MEMORY.C:263	include/memory_champion_state_pc34_compat.h:244	UNCERTAIN_NUMBERED_EVIDENCE	Exact numeric token occurs in Firestaff source; this audit did not verify behavioral equivalence or implementation.
F0605_RestoreMemoryChunkInfo	F	RestoreMemoryChunkInfo	MEMORY.C:283	include/memory_champion_state_pc34_compat.h:253	UNCERTAIN_NUMBERED_EVIDENCE	Exact numeric token occurs in Firestaff source; this audit did not verify behavioral equivalence or implementation.
F0606_AllocateMemForGraphic	F	AllocateMemForGraphic	ACTIDRAW.C:246	include/memory_champion_state_pc34_compat.h:265	UNCERTAIN_NUMBERED_EVIDENCE	Exact numeric token occurs in Firestaff source; this audit did not verify behavioral equivalence or implementation.
F0607_FreeMemForGraphic	F	FreeMemForGraphic	ACTIDRAW.C:298	src/nexus/nexus_v1_engine.c:80	UNCERTAIN_NUMBERED_EVIDENCE	Exact numeric token occurs in Firestaff source; this audit did not verify behavioral equivalence or implementation.
F0608_GetLanguageSpecificGraphicIndex	F	GetLanguageSpecificGraphicIndex	DEFS.H:8999	include/memory_champion_state_pc34_compat.h:277	UNCERTAIN_NUMBERED_EVIDENCE	Exact numeric token occurs in Firestaff source; this audit did not verify behavioral equivalence or implementation.
F0609_InitializeMemoryArea	F	InitializeMemoryArea	DEFS.H:9025	include/memory_champion_state_pc34_compat.h:280	UNCERTAIN_NUMBERED_EVIDENCE	Exact numeric token occurs in Firestaff source; this audit did not verify behavioral equivalence or implementation.
F0610_DefragmentMemoryArea	F	DefragmentMemoryArea	MEMORY.C:1735	include/csb_v1_reincarnation_penalty_pc34_compat.h:68	UNCERTAIN_NUMBERED_EVIDENCE	Exact numeric token occurs in Firestaff source; this audit did not verify behavioral equivalence or implementation.
F0611_MarkGraphicAsUnused	F	MarkGraphicAsUnused	MEMORY.C:1767	include/memory_champion_state_pc34_compat.h:289	UNCERTAIN_NUMBERED_EVIDENCE	Exact numeric token occurs in Firestaff source; this audit did not verify behavioral equivalence or implementation.
F0612_RemoveGraphic	F	RemoveGraphic	MEMORY.C:1778	include/memory_champion_state_pc34_compat.h:294	UNCERTAIN_NUMBERED_EVIDENCE	Exact numeric token occurs in Firestaff source; this audit did not verify behavioral equivalence or implementation.
F0613_AllocateGraphicInMemoryArea	F	AllocateGraphicInMemoryArea	MEMORY.C:1801	include/memory_champion_state_pc34_compat.h:300	UNCERTAIN_NUMBERED_EVIDENCE	Exact numeric token occurs in Firestaff source; this audit did not verify behavioral equivalence or implementation.
F0614_CopyToMemoryArea	F	CopyToMemoryArea	MEMORY.C:1809	include/memory_champion_state_pc34_compat.h:304	UNCERTAIN_NUMBERED_EVIDENCE	Exact numeric token occurs in Firestaff source; this audit did not verify behavioral equivalence or implementation.
F0615_CopyBitmapDimensions	F	CopyBitmapDimensions	BASE.C:1236	include/bitmap_copy_pc34_compat.h:4	UNCERTAIN_NUMBERED_EVIDENCE	Exact numeric token occurs in Firestaff source; this audit did not verify behavioral equivalence or implementation.
F0616_CopyBitmap	F	CopyBitmap	DEFS.H:9037	src/csb/csb_v1_viewport_d3l2_d3r2_f0111_door_pc34_compat.c:42	UNCERTAIN_NUMBERED_EVIDENCE	Exact numeric token occurs in Firestaff source; this audit did not verify behavioral equivalence or implementation.
F0617_PrintMemoryUsage	F	PrintMemoryUsage	COMMAND.C:1732	include/memory_champion_state_pc34_compat.h:317	UNCERTAIN_NUMBERED_EVIDENCE	Exact numeric token occurs in Firestaff source; this audit did not verify behavioral equivalence or implementation.
F0618_LoadZone	F	LoadZone	DEFS.H:9046	include/memory_champion_state_pc34_compat.h:321	UNCERTAIN_NUMBERED_EVIDENCE	Exact numeric token occurs in Firestaff source; this audit did not verify behavioral equivalence or implementation.
F0619_GetSlotBoxBorderCoordinates	F	GetSlotBoxBorderCoordinates	CHAMDRAW.C:562	src/dm1/dm1_v1_slot_boxes_pc34_compat.c:13	UNCERTAIN_NUMBERED_EVIDENCE	Exact numeric token occurs in Firestaff source; this audit did not verify behavioral equivalence or implementation.
F0620_LoadActionNames	F	LoadActionNames	DEFS.H:9058	include/memory_champion_state_pc34_compat.h:329	UNCERTAIN_NUMBERED_EVIDENCE	Exact numeric token occurs in Firestaff source; this audit did not verify behavioral equivalence or implementation.
F0621_ClearChampionIconBox	F	ClearChampionIconBox	CHAMDRAW.C:26	src/dm1/dm1_v1_mirror_candidate_resurrect_reincarnate_skills_pc34_compat.c:130	UNCERTAIN_NUMBERED_EVIDENCE	Exact numeric token occurs in Firestaff source; this audit did not verify behavioral equivalence or implementation.
F0622_PrepareChampionIconBitmap	F	PrepareChampionIconBitmap	CHAMDRAW.C:32-65; F0292:1019-1051	src/dm1/dm1_v1_champion_panel_hud_pc34_compat.c; src/engine/m11_game_view.c	IMPLEMENTED_NARROW	Live C028 champion-icon presentation accepts only graphic 28 with a loaded 76x14 indexed surface and source C12 transparency. Missing pixels, wrong dimensions, or another graphic are unavailable; M11 no longer emits the color-fill-only fallback. Focused HUD CTest covers acceptance and each rejection.
F0623_DrawDamageToChampion_F0320_sub	F	DrawDamageToChampion	CHAMDRAW.C:680-699; CHAMPION.C F0320:1744-1775	src/engine/m11_game_view.c; tests/test_m11_dm1_damage_indicator_source_gate.c	IMPLEMENTED_NARROW	Live normal-V1 F0623 accepts only the exact C015/C016 loaded indexed surface at source C167/C179 geometry and uses M653 F0053-style three-glyph text. Missing asset, font, or source geometry is no-draw; no host-font or default-coordinate fallback remains. Focused M11 gate covers unavailable no-draw and real C015/M653 presentation; original PC34/Mac pixel capture remains open.
F0625_GetZoneInitializedFromDimensions	F	GetZoneInitializedFromDimensions	COORD.C:1858	include/memory_champion_state_pc34_compat.h:349	UNCERTAIN_NUMBERED_EVIDENCE	Exact numeric token occurs in Firestaff source; this audit did not verify behavioral equivalence or implementation.
F0626_GetTemporaryZoneInitializedFromCoordinates	F	GetTemporaryZoneInitializedFromCoordinates	COORD.C:1873	src/nexus/nexus_v1_audio_receipt.c:37	UNCERTAIN_NUMBERED_EVIDENCE	Exact numeric token occurs in Firestaff source; this audit did not verify behavioral equivalence or implementation.
F0627_GetTemporaryZoneInitializedFromDimensions	F	GetTemporaryZoneInitializedFromDimensions	BASE.C:1241	include/memory_champion_state_pc34_compat.h:356	UNCERTAIN_NUMBERED_EVIDENCE	Exact numeric token occurs in Firestaff source; this audit did not verify behavioral equivalence or implementation.
F0628_AddZoneMargin	F	AddZoneMargin	COORD.C:1903	include/memory_champion_state_pc34_compat.h:360	UNCERTAIN_NUMBERED_EVIDENCE	Exact numeric token occurs in Firestaff source; this audit did not verify behavioral equivalence or implementation.
F0629_IsPointInZoneIndex	F	IsPointInZoneIndex	CLIKMENU.C:478	include/memory_champion_state_pc34_compat.h:365	UNCERTAIN_NUMBERED_EVIDENCE	Exact numeric token occurs in Firestaff source; this audit did not verify behavioral equivalence or implementation.
F0630_InitBitmapStruct2	F	InitBitmapStruct2	BASE.C:1329	src/dm1/dm1_v1_champion_panel_hud_pc34_compat.c:653	UNCERTAIN_NUMBERED_EVIDENCE	Exact numeric token occurs in Firestaff source; this audit did not verify behavioral equivalence or implementation.
F0631_GetBitmapPointer	F	GetBitmapPointer	COORD.C:1996	include/memory_champion_state_pc34_compat.h:373	UNCERTAIN_NUMBERED_EVIDENCE	Exact numeric token occurs in Firestaff source; this audit did not verify behavioral equivalence or implementation.
F0632_COORD_SetNegativeBitmapPointer	F	COORD	COORD.C:2005	include/memory_champion_state_pc34_compat.h:376	UNCERTAIN_NUMBERED_EVIDENCE	Exact numeric token occurs in Firestaff source; this audit did not verify behavioral equivalence or implementation.
F0633_COORD_SetNegativeBitmapIndex	F	COORD	COORD.C:2023	include/memory_champion_state_pc34_compat.h:379	UNCERTAIN_NUMBERED_EVIDENCE	Exact numeric token occurs in Firestaff source; this audit did not verify behavioral equivalence or implementation.
F0634_GetLayoutRecord	F	GetLayoutRecord	COORD.C:2036	include/memory_champion_state_pc34_compat.h:383	UNCERTAIN_NUMBERED_EVIDENCE	Exact numeric token occurs in Firestaff source; this audit did not verify behavioral equivalence or implementation.
F0636_GetZoneTopLeftCoordinatesWith1PixelMargin	F	GetZoneTopLeftCoordinatesWith1PixelMargin	COORD.C:2434	src/dm1/dm1_v1_layout_zones_pc34_compat.c:11	UNCERTAIN_NUMBERED_EVIDENCE	Exact numeric token occurs in Firestaff source; this audit did not verify behavioral equivalence or implementation.
F0637_GetProportionalZone	F	GetProportionalZone	COORD.C:2451	src/dm1/dm1_v1_champion_panel_food_water_status_box_pc34_compat.c:164	UNCERTAIN_NUMBERED_EVIDENCE	Exact numeric token occurs in Firestaff source; this audit did not verify behavioral equivalence or implementation.
F0638_GetZone	F	GetZone	BLITFILL.C:233	src/dm1/dm1_v1_champion_panel_hud_pc34_compat.c:69	UNCERTAIN_NUMBERED_EVIDENCE	Exact numeric token occurs in Firestaff source; this audit did not verify behavioral equivalence or implementation.
F0639_LoadLayoutRanges	F	LoadLayoutRanges	COORD.C:2498	include/memory_champion_state_pc34_compat.h:411	UNCERTAIN_NUMBERED_EVIDENCE	Exact numeric token occurs in Firestaff source; this audit did not verify behavioral equivalence or implementation.
F0640_LoadLayoutData	F	LoadLayoutData	COORD.C:2542	src/dm1/dm1_v1_mirror_candidate_keyboard_browse_pc34_compat.c:19	UNCERTAIN_NUMBERED_EVIDENCE	Exact numeric token occurs in Firestaff source; this audit did not verify behavioral equivalence or implementation.
F0641_InitializeLayout	F	InitializeLayout	COORD.C:2564	src/dm1/dm1_v1_mirror_candidate_keyboard_browse_pc34_compat.c:19	UNCERTAIN_NUMBERED_EVIDENCE	Exact numeric token occurs in Firestaff source; this audit did not verify behavioral equivalence or implementation.
F0642_AllocateFontMemory	F	AllocateFontMemory	DEFS.H:9154	include/memory_champion_state_pc34_compat.h:421	UNCERTAIN_NUMBERED_EVIDENCE	Exact numeric token occurs in Firestaff source; this audit did not verify behavioral equivalence or implementation.
F0643_BuildCustomColorsFont	F	BuildCustomColorsFont	CEDTFNT.C:22	src/engine/m11_game_view.c:15750	UNCERTAIN_NUMBERED_EVIDENCE	Exact numeric token occurs in Firestaff source; this audit did not verify behavioral equivalence or implementation.
F0644_PrintTextAlt	F	PrintTextAlt	DEFS.H:3182	src/engine/m11_game_view.c:37566	UNCERTAIN_NUMBERED_EVIDENCE	Exact numeric token occurs in Firestaff source; this audit did not verify behavioral equivalence or implementation.
F0645_GetStringPixelDimensions	F	GetStringPixelDimensions	DEFS.H:9174	src/nexus/nexus_v1_screen_text.c:114	UNCERTAIN_NUMBERED_EVIDENCE	Exact numeric token occurs in Firestaff source; this audit did not verify behavioral equivalence or implementation.
F0646_GetLargestPrintableSubString	F	GetLargestPrintableSubString	DEFS.H:9179	src/dm1/dm1_v1_text_message_pc34_compat.c:17	UNCERTAIN_NUMBERED_EVIDENCE	Exact numeric token occurs in Firestaff source; this audit did not verify behavioral equivalence or implementation.
F0647_PrintLongForDebugMemory	F	PrintLongForDebugMemory	DEFS.H:9202	include/memory_champion_state_pc34_compat.h:442	UNCERTAIN_NUMBERED_EVIDENCE	Exact numeric token occurs in Firestaff source; this audit did not verify behavioral equivalence or implementation.
F0648_PrintTextInViewportZone	F	PrintTextInViewportZone	CHAMDRAW.C:476	src/dm1/dm1_v1_layout_zones_pc34_compat.c:9	UNCERTAIN_NUMBERED_EVIDENCE	Exact numeric token occurs in Firestaff source; this audit did not verify behavioral equivalence or implementation.
F0649_PrintCenteredTextToViewportZone	F	PrintCenteredTextToViewportZone	COMMAND.C:2018	include/memory_champion_state_pc34_compat.h:451	UNCERTAIN_NUMBERED_EVIDENCE	Exact numeric token occurs in Firestaff source; this audit did not verify behavioral equivalence or implementation.
F0650_PrintCenteredTextToScreenZone	F	PrintCenteredTextToScreenZone	ACTIDRAW.C:110	src/dm1/dm1_v1_champion_panel_hud_pc34_compat.c:294	UNCERTAIN_NUMBERED_EVIDENCE	Exact numeric token occurs in Firestaff source; this audit did not verify behavioral equivalence or implementation.
F0651_TIMELINE_InitializeOptimizedManagement	F	TIMELINE	DEFS.H:9223	include/redmcsb_f0651_timeline_free_list_pc34_compat.h	IMPLEMENTED_NARROW	Source-order EVENT_NONE free-list rebuild with raw caller-admitted stride; C4 heap, event execution, DSA, and live runtime handoff remain unimplemented.
F0652_MergeEvent	F	MergeEvent	TIMELINE.C:423	include/redmcsb_f0652_merge_event_pc34_compat.h	IMPLEMENTED_NARROW	Source C05..C10/C01/C02 merge and F0237 deletion over the native EVENT/TIMELINE owner; allocation, event execution, DSA, and live save-route selection remain unimplemented.
F0653_GetBitmapByteCount	F	GetBitmapByteCount	BASE.C:1171	include/memory_champion_state_pc34_compat.h:467	UNCERTAIN_NUMBERED_EVIDENCE	Exact numeric token occurs in Firestaff source; this audit did not verify behavioral equivalence or implementation.
F0654_Call_F0132_VIDEO_Blit	F	Call	BASE.C:1181	src/csb/csb_v1_viewport_d2c_f0111_partly_open_door_pc34_compat.c:41	UNCERTAIN_NUMBERED_EVIDENCE	Exact numeric token occurs in Firestaff source; this audit did not verify behavioral equivalence or implementation.
F0655_CopyBitmapAndFlip	F	CopyBitmapAndFlip	BASE.C:1216	include/redmcsb_f0655_f0656_viewport_bitmap_pc34_compat.h	IMPLEMENTED_NARROW	PC34 F0615 four-byte dimensions-prefix copy plus F0132 source/destination/XYZ/no-transparency/flip forwarding. Caller owns admitted bitmap and renderer data.
F0656_BlitBitmapToViewportZoneIndexWithTransparency	F	BlitBitmapToViewportZoneIndexWithTransparency	BASE.C:1292	include/redmcsb_f0655_f0656_viewport_bitmap_pc34_compat.h	IMPLEMENTED_NARROW	PC34 F0635-resolved XYZ/X/Y followed by F0132 transparent viewport dispatch. No layout inference, graphic decode, event/DSA path, or live runtime selection.
F0657_BlitBitmapIndexToViewportZoneWithTransparency	F	BlitBitmapIndexToViewportZoneWithTransparency	BASE.C:1320	include/redmcsb_f0657_f0658_viewport_bitmap_index_pc34_compat.h	IMPLEMENTED_NARROW	PC34 F0630 bitmap/STRUCT2 origin plus F0132 transparent viewport dispatch. Bitmap and renderer remain caller-owned real data.
F0658_BlitBitmapIndexToZoneIndexWithTransparency	F	BlitBitmapIndexToZoneIndexWithTransparency	BASE.C:1341	include/redmcsb_f0657_f0658_viewport_bitmap_index_pc34_compat.h	IMPLEMENTED_NARROW	PC34 F0630 bitmap/STRUCT2 plus F0635 zone-relative offsets followed by F0132 transparent viewport dispatch. No layout/graphic inference or event/DSA runtime.
F0661_GetShrinkedBitmap	F	GetShrinkedBitmap	BASE.C:1526	include/redmcsb_f0661_get_shrinked_bitmap_pc34_compat.h	IMPLEMENTED_NARROW	PC34 source cache-hit return and cache-miss F0489/F0492/F0129/F0493 order with caller-owned bitmap/cache/palette data. No asset or runtime inference.
F0662_ApplyPaletteChanges	F	ApplyPaletteChanges	BASE.C:1548	include/redmcsb_f0662_f0663_palette_bitmap_pc34_compat.h	IMPLEMENTED_NARROW	In-place PC34 F0129 dispatch with caller-owned bitmap prefix and palette bytes. No palette or graphic interpretation.
F0663_CopyBitmapWithPaletteChanges	F	CopyBitmapWithPaletteChanges	BASE.C:1555	include/redmcsb_f0662_f0663_palette_bitmap_pc34_compat.h	IMPLEMENTED_NARROW	PC34 dimensions-prefix copy then F0129 dispatch with caller-owned bitmap and palette bytes. No derived-cache or runtime inference.
F0664_COMMAND_ProcessType80_ClickInDungeonView_KnockOnFrontWall	F	COMMAND	CLIKVIEW.C:30	include/redmcsb_f0664_knock_front_wall_pc34_compat.h	IMPLEMENTED_NARROW	PC34 no-party/closed-fake-wall mouse press gate and ordinary wall-thud transaction over caller-owned input/audio state. No dungeon/DSA inference.
F0665_F0362_sub	F	F0362	CLIKMENU.C:10	include/redmcsb_f0665_highlight_box_pc34_compat.h	IMPLEMENTED_NARROW	PC F0362/F0638 zone gate plus F0665 screen-update, copied zone, F0698 invert, enabled state, disable, and F0693 wait. Caller owns layout/video.
F0666_endgame	F	endgame	ENDGAME.C:984	include/redmcsb_f0666_endgame_pc34_compat.h	IMPLEMENTED_NARROW	PC I34E/I34M pointer-hide loop, two F0478 closes, F0750 restore and caller-owned longjmp boundary. No credits/media synthesis.
F0670_ReplaceCharacterByString	F	ReplaceCharacterByString	STRING.C:143	include/redmcsb_f0670_f0671_string_pc34_compat.h	IMPLEMENTED_NARROW	PC first-character replacement into caller-owned output; no allocation/capacity or localization policy.
F0671_ConvertLongToString	F	ConvertLongToString	STRING.C:164	include/redmcsb_f0670_f0671_string_pc34_compat.h	IMPLEMENTED_NARROW	PC signed 32-bit decimal formatter into caller-owned output; no UI or localization policy.
F0672_InitializeAllMouseInput	F	InitializeAllMouseInput	COMMAND.C:1098	include/redmcsb_f0672_f0673_mouse_input_pc34_compat.h	IMPLEMENTED_NARROW	PC ordered initialization of nine caller-owned MOUSE_INPUT tables through F0673; no input layout, zone, or runtime fallback.
F0673_SetMouseInputBoxFromZone	F	SetMouseInputBoxFromZone	COMMAND.C:1081	include/redmcsb_f0672_f0673_mouse_input_pc34_compat.h	IMPLEMENTED_NARROW	PC command-none terminated caller-owned MOUSE_INPUT zone resolution, including -2/-3 offsets and inclusive X2/Y2 endpoints; no inferred zone geometry.
F0674_F0128_sub	F	F0128	DUNVIEW.C:3006	include/redmcsb_f0674_viewport_bitmap_copy_pc34_compat.h	IMPLEMENTED_NARROW	PC F0631 caller-owned cached-bitmap lookup followed by F0653 byte-counted copy into caller-owned viewport storage; no graphic/cache fallback.
F0675_DUNGEONVIEW_GetScaledBitmap	F	DUNGEONVIEW	DUNVIEW.C:3308	include/redmcsb_f0675_get_scaled_bitmap_pc34_compat.h	IMPLEMENTED_NARROW	PC native/derived-cache/temporary selection and F0129 callback order are source-locked; focused C11 test.
F0676_DrawD3L2	F	DrawD3L2	DUNVIEW.C:6226	include/redmcsb_f0676_f0677_d3_side_pc34_compat.h	IMPLEMENTED_NARROW	PC D3L2 square dispatcher over caller-owned floor, thing, door, wall, pit, and field drawing callbacks.
F0677_DrawD3R2	F	DrawD3R2	DUNVIEW.C:6293	include/redmcsb_f0676_f0677_d3_side_pc34_compat.h	IMPLEMENTED_NARROW	PC D3R2 square dispatcher, including source cell orders and right-side flip calls, over caller-owned callbacks.
F0678_DrawD2L2	F	DrawD2L2	DUNVIEW.C:6837	include/redmcsb_f0678_f0679_d2_side_pc34_compat.h	IMPLEMENTED_NARROW	PC D2L2 normal/flipped wall panel or teleporter field only, over caller-owned callbacks.
F0679_DrawD2R2	F	DrawD2R2	DUNVIEW.C:6868	include/redmcsb_f0678_f0679_d2_side_pc34_compat.h	IMPLEMENTED_NARROW	PC D2R2 normal/flipped wall panel or teleporter field only, over caller-owned callbacks.
F0680_CopyPixelsToScreenWithoutTransparency	F	CopyPixelsToScreenWithoutTransparency	IMAGE5.C:936-1010	include/redmcsb_f0680_copy_pixels_to_screen_pc34_compat.h	IMPLEMENTED_NARROW	PC 3.4 C25 VGA packed-nibble expansion, colour offset, and odd-pixel boundaries are source-locked and covered by a focused strict C11 test.
F0681_CopyPixelLineToScreenWithoutTransparencyFlippedHorizontally	F	CopyPixelLineToScreenWithoutTransparencyFlippedHorizontally	IMAGE3.C:7-176	include/redmcsb_f0681_copy_pixel_line_flipped_pc34_compat.h	IMPLEMENTED_NARROW	PC 3.4 C25 VGA horizontal flip preserves packed-nibble order, opaque zero and aperture colour-offset semantics; focused strict C11 test.
F0682_CopyPixelLineToScreenWithTransparency	F	CopyPixelLineToScreenWithTransparency	VIDEODRV.C:2377-2460	include/redmcsb_f0682_copy_pixel_line_transparent_pc34_compat.h	IMPLEMENTED_NARROW	PC 3.4 C25 VGA transparent copy preserves source nibbles, untouched destination pixels and raw source colour-offset OR semantics; focused strict C11 test.
F0683_CopyPixelLineToScreenWithTransparencyFlippedHorizontally	F	CopyPixelLineToScreenWithTransparencyFlippedHorizontally	IMAGE3.C:612-829	include/redmcsb_f0683_c25_vga_flipped_transparent_copy_pc34_compat.h	IMPLEMENTED_NARROW	PC 3.4 C25 VGA horizontal transparent flip preserves reverse packed-nibble traversal, aperture writes and raw colour-offset OR semantics; focused strict C11 test.
F0684_Blit	F	Blit	IMAGE3.C:831	include/redmcsb_f0684_blit_c25_pc34_compat.h	IMPLEMENTED_NARROW	PC I34 caller-owned line dispatcher plus PC 3.4 C25 source-to-aperture bitmap blit with M104 round-up strides, opaque/transparent, and all flip routes.
F0685_IMG3_LineColorFilling	F	IMG3	IMAGE4.C:48-111	include/image_backend_pc34_compat.h	IMPLEMENTED_NARROW	PC I34 packed-nibble line fill preserves odd/even destination-nibble mutation and feeds F0689; focused strict-C11 CMake test passes.
F0686_IMG_CopyFromPreviousLine	F	IMG	IMAGE2.C:19-88	include/image_backend_pc34_compat.h	IMPLEMENTED_NARROW	PC I34 previous-line copy preserves source pixel order and odd destination-nibble replacement for F0689; focused strict-C11 CMake test passes.
F0687_IMG3_GetNibble	F	IMG3	IMAGE2.C:91-99	include/image_backend_pc34_compat.h	IMPLEMENTED_NARROW	PC I34 IMG3 source reader preserves high-then-low packed-nibble order and global source cursor advancement; focused strict-C11 CMake test passes.
F0688_IMG3_GetPixelCount	F	IMG3	IMAGE2.C:101-117	include/image_backend_pc34_compat.h	IMPLEMENTED_NARROW	PC I34 count decoder preserves short, extended, and signed 16-bit long forms through F0689; focused strict-C11 CMake test passes.
F0689_IMG_ExpandGraphicToBitmap	F	IMG	IMAGE2.C:339	include/redmcsb_f0689_img3_expand_pc34_compat.h	IMPLEMENTED_NARROW	PC I34 real IMG3 header/local-palette/command expansion for bounded even-stride images; no material fallback.
F0690_CopyPixelLineToScreenWithoutTransparency	F	CopyPixelLineToScreenWithoutTransparency	IMAGE3.C:932-937	include/redmcsb_f0690_copy_pixel_line_to_screen_pc34_compat.h	IMPLEMENTED_NARROW	PC 3.4 video-driver line forwarder preserves the exact VIDRV_00 argument ordering; focused strict C11 test.
F0691_IMG_ExpandGraphicToScreen	F	IMG	IMAGE3.C:1072-1163	include/redmcsb_f0691_draw_compressed_img3_pc34_compat.h	IMPLEMENTED_NARROW	PC 3.4 IMG3 local-palette/RLE row expansion through the F0690-style sink is source-locked and covered by a focused strict C11 test.
F0692_FillBox	F	FillBox	IMAGE3.C:1166-1203	include/redmcsb_f0692_fill_box_pc34_compat.h	IMPLEMENTED_NARROW	PC 3.4 packed-4bpp zone fill preserves even row-width arithmetic and neighbour nibbles; focused strict C11 test.
F0693_WaitVerticalBlank	F	WaitVerticalBlank	VBLANK.C:626	include/dm1_v1_f0693_f0699_video_material_pc34_compat.h	IMPLEMENTED_NARROW	DM1 raw-PC34 video receipt waits for a real host VBlank after accepted vector-255 initialization and inversion; missing provenance is no-draw.
F0694_SetMultipleColorsInPalette	F	SetMultipleColorsInPalette	IMAGE.C;VIDEODRV.C	include/redmcsb_f0694_set_multiple_colors_in_palette_pc34_compat.h	IMPLEMENTED_NARROW	PC 3.4 C25 VGA multi-colour palette update and curtain upload are source-locked; focused strict C11 test.
F0695_SetCreatureReplacementColors	F	SetCreatureReplacementColors	IMAGE.C:151-155;VIDEODRV.C:3543-3564	include/redmcsb_f0695_set_creature_replacement_colors_pc34_compat.h	IMPLEMENTED_NARROW	PC 3.4 six-palette creature colour replacement and cache invalidation are source-locked; focused strict C11 test.
F0696_UpdateMessageArea	F	UpdateMessageArea	DRAWMSGA.C:50-115	include/redmcsb_f0696_update_message_area_pc34_compat.h	IMPLEMENTED_NARROW	PC 3.4 message-area update sequencing is source-locked; focused strict C11 test.
F0697_HatchScreenBox	F	HatchScreenBox	IMAGE.C:160-178	include/redmcsb_f0697_hatch_screen_box_pc34_compat.h	IMPLEMENTED_NARROW	PC 3.4 zone coordinates forward through the source video-driver hatch callback; focused strict C11 test.
F0698_InvertBox	F	InvertBox	IMAGE.C:231-294	include/dm1_v1_f0693_f0699_video_material_pc34_compat.h	IMPLEMENTED_NARROW	DM1 raw-PC34 video receipt validates its inclusive 320x200 source zone before forwarding the host inversion.
F0699_InitVideoInterrupt	F	InitVideoInterrupt	IMAGE.C	include/dm1_v1_f0693_f0699_video_material_pc34_compat.h	IMPLEMENTED_NARROW	DM1 raw-PC34 video receipt performs source vector-255 initialization before the admitted F0698/F0693 sequence.
F0700_TriggerImmediateMouseEvent	F	TriggerImmediateMouseEvent	CHAMPION.C	include/redmcsb_f0700_trigger_immediate_mouse_event_pc34_compat.h	IMPLEMENTED_NARROW	PC 3.4 immediate mouse-event driver route; focused strict C11 test.
F0702_BuildObjectMousePointerIcon	F	BuildObjectMousePointerIcon	IO.C	include/redmcsb_f0702_build_object_mouse_pointer_icon_pc34_compat.h	IMPLEMENTED_NARROW	PC 3.4 object mouse-pointer icon construction is source-locked; focused strict C11 test.
F0703_ReleaseChampionIcon	F	ReleaseChampionIcon	IO.C:3298-3304	include/redmcsb_f0703_release_champion_icon_pc34_compat.h	IMPLEMENTED_NARROW	PC 3.4 champion-icon release dispatches F0070 only for a live icon; focused strict C11 test.
F0706_GetMouseState	F	GetMouseState	IO.C:3746	include/f0706_get_mouse_state_pc34_compat.h	IMPLEMENTED_NARROW	PC 3.4 IODRV_13 mouse-state dispatch preserves all output pointers and driver-owned values; focused strict C11 test.
F0707_ResetSoundBufferAddress	F	ResetSoundBufferAddress	IO.C:3771-3785	include/dm1_v1_f0707_reset_sound_buffer_pc34_compat.h	IMPLEMENTED_NARROW	PC 3.4 sound descriptor buffer reset rejects unavailable graphics and only clears a valid cached buffer; focused strict C11 test.
F0709_StartSound	F	StartSound	IO.C:3832-3843	include/redmcsb_f0709_start_sound_pc34_compat.h	IMPLEMENTED_NARROW	PC 3.4 descriptor route preserves the source guard, buffer, signed volume and F0060 period 6000; focused strict C11 test.
F0710_WaitSoundPlayComplete	F	WaitSoundPlayComplete	IO.C:3874-3879	include/redmcsb_f0710_wait_sound_play_complete_pc34_compat.h	IMPLEMENTED_NARROW	PC 3.4 delegates sound completion exactly once to IODRV_16 without local polling or timing policy; focused strict C11 test.
F0711_ConvertScanCodeToASCII	F	ConvertScanCodeToASCII	IO2.C:168-177;IBMIO.C:35-294;683-696	include/f0711_convert_scan_code_to_ascii_pc34_compat.h	IMPLEMENTED_NARROW	PC 3.4 literal 128-entry scan-code tables preserve the bit-9 uppercase selector and 0x7F index mask; focused strict C11 test.
F0712_AnyKeyboardOrMouseInput	F	AnyKeyboardOrMouseInput	IO2.C:262-274	include/redmcsb_f0712_any_keyboard_or_mouse_input_pc34_compat.h	IMPLEMENTED_NARROW	PC 3.4 reads IODRV_13 state before short-circuiting on mouse buttons or IODRV_01 keyboard input; focused strict C11 test.
F0713_InitIOInterrupt	F	InitIOInterrupt	IO.C:3883-3903	include/redmcsb_f0713_init_io_interrupt_pc34_compat.h	IMPLEMENTED_NARROW	PC 3.4 acquires vector 254, assigns both I/O-driver globals, installs F0782 through IODRV_14 and retains DS; focused strict C11 test.
F0714_GetReadFirstSectorResult	F	GetReadFirstSectorResult	IO.C:3907-3920	include/redmcsb_f0714_get_read_first_sector_result_pc34_compat.h	IMPLEMENTED_NARROW	PC 3.4 forwards the signed drive ordinal to IODRV_18 and returns its signed result unchanged; focused strict C11 test.
F0715_GetConvertedDeviceType	F	GetConvertedDeviceType	IO.C:3922-3926	include/redmcsb_f0715_get_converted_device_type_pc34_compat.h	IMPLEMENTED_NARROW	PC 3.4 forwards the signed drive ordinal to IODRV_20 and returns the signed result unchanged; focused strict C11 test.
F0716_CallRazAXInIBMIO	F	CallRazAXInIBMIO	IO.C:3928-3932;DEFS.H:4319	include/redmcsb_f0716_call_razax_in_ibmio_pc34_compat.h	IMPLEMENTED_NARROW	PC 3.4 forwards the signed argument once to void IODRV_17; source declaration is int16_t but its body has no return; focused strict C11 test.
F0717_GetVolumeName	F	GetVolumeName	IO.C:3934-3939	include/redmcsb_f0717_get_volume_name_pc34_compat.h	IMPLEMENTED_NARROW	PC 3.4 forwards signed drive ordinal and caller-owned name buffer unchanged to G2161 IODRV_19; focused strict C11 test.
F0718_GetTime	F	GetTime	IO.C:3941-3945	include/redmcsb_f0718_get_time_pc34_compat.h	IMPLEMENTED_NARROW	PC 3.4 returns the signed IODRV_21 time value unchanged; focused strict C11 test.
F0719_PlayMusicTrack	F	PlayMusicTrack	IO.C:3950-3959	include/redmcsb_f0719_play_music_track_pc34_compat.h	IMPLEMENTED_NARROW	PC 3.4 gates IODRV_23 audio-CD track dispatch exclusively on G2024 pending music; focused strict C11 test.
F0720_ShrinkBLT_Sub1	F	ShrinkBLT	BLTSHRNK.C:F0720	include/redmcsb_f0720_shrinkblt_sub1_pc34_compat.h	IMPLEMENTED_NARROW	PC 3.4 packed 4bpp shrink inner loop preserves 6-bit fixed-point sampling, nibble order and complete-byte writes; focused strict C11 byte test.
F0721_ShrinkBLT_Sub2	F	ShrinkBLT	BLTSHRNK.C:113-169	include/redmcsb_f0721_shrink_blt_sub2_pc34_compat.h	IMPLEMENTED_NARROW	PC 3.4 palette-change shrink inner loop preserves 6-bit fixed-point sampling, source nibble selection and palette remap order; focused strict C11 byte test.
F0731_InvertZone	F	InvertZone	INVRTZON.C:2-17	include/dm1_v1_f0731_f0734_inventory_zone_material_pc34_compat.h	IMPLEMENTED_NARROW	DM1 raw C009 raster receipt validates the original four caster-tab zone positions in each PC34 five-zone family before caller-owned inversion.
F0732_FillScreenArea	F	FillScreenArea	BLITFILL.C:199-209;FILLBOX.C:425-440	include/redmcsb_f0732_fill_screen_area_pc34_compat.h	IMPLEMENTED_NARROW	PC 3.4 converts ZONE to inclusive BOX and forwards NULL bitmap, untouched color bits and width 320; focused strict C11 test.
F0733_FillZoneByIndex	F	FillZoneByIndex	BLITFILL.C:225-238;COORD.C:2490-2495	include/redmcsb_f0733_fill_zone_by_index_pc34_compat.h	IMPLEMENTED_NARROW	PC 3.4 resolves F0638 zone then fills the 320x200 screen without invented zone coordinates; focused strict C11 test.
F0734_ClearZoneInInventory	F	ClearZoneInInventory	BLITFILL.C:242-251;478-487	include/dm1_v1_f0731_f0734_inventory_zone_material_pc34_compat.h	IMPLEMENTED_NARROW	DM1 raw C017 raster receipt admits C562/C564/C566/C568 only within the original 224x136 inventory viewport, then forwards C12 clear to the caller-owned surface.
F0735_FillViewportBox	F	FillViewportBox	BLITFILL.C:F0735	include/redmcsb_f0735_fill_viewport_box_pc34_compat.h	IMPLEMENTED_NARROW	PC 3.4 forwards unchanged XYZ/color to the viewport fill route with width 224 and no height argument; focused strict C11 test.
F0738_MUSIC_Continue	F	MUSIC	MUSIC.C:513-524	include/redmcsb_f0738_music_continue_pc34_compat.h	IMPLEMENTED_NARROW	PC 3.4/I34E is intentionally a no-op: MUSIC.C only has F31J-gated statements; focused strict C11 test and CTest registration.
F0739_MUSIC_Stop	F	MUSIC	DEFS.H:9446	src/csb/csb_v1_runtime_pc34_compat.c:2641	UNCERTAIN_NUMBERED_EVIDENCE	Exact numeric token occurs in Firestaff source; this audit did not verify behavioral equivalence or implementation.
F0740_MUSIC_Pause	F	MUSIC	ANIM.C:2329	include/memory_combat_pc34_compat.h:374	UNCERTAIN_NUMBERED_EVIDENCE	Exact numeric token occurs in Firestaff source; this audit did not verify behavioral equivalence or implementation.
F0741_MUSIC_PlayGameMusic	F	MUSIC	DEFS.H:9452	src/dm1/dm1_v1_endgame_system_pc34_compat.c:371	UNCERTAIN_NUMBERED_EVIDENCE	Exact numeric token occurs in Firestaff source; this audit did not verify behavioral equivalence or implementation.
F0742_MUSIC_SetTrack	F	MUSIC	FMTOWNS.H:399	src/nexus/nexus_v1_engine.c:89	UNCERTAIN_NUMBERED_EVIDENCE	Exact numeric token occurs in Firestaff source; this audit did not verify behavioral equivalence or implementation.
F0743_MUSIC_Update	F	MUSIC	FMTOWNS.H:400	src/dm1/dm1_v1_sound_pc34_compat.c:8	UNCERTAIN_NUMBERED_EVIDENCE	Exact numeric token occurs in Firestaff source; this audit did not verify behavioral equivalence or implementation.
F0744_ReplaceTildeInFileName	F	ReplaceTildeInFileName	FILENAME.C:60-81	include/redmcsb_f0744_replace_tilde_in_file_name_pc34_compat.h	IMPLEMENTED_NARROW	Source-locked PC 3.4 in-place tilde mutation: replace each '~' with the language character, or remove it by left-shifting when the character is zero. Focused strict C11 test covers replacement, adjacent removals and no-op input.
F0745_SetFileNamesAccordingToLanguage	F	SetFileNamesAccordingToLanguage	FILENAME.C:84-105	include/redmcsb_f0745_set_file_names_according_to_language_pc34_compat.h	IMPLEMENTED_NARROW	Source-locked PC 3.4 language mutation for dungeon, expansion, bonus, save and backup names: English removes markers; French and German replace them with F and G. Focused strict C11 test covers all supported variants.
F0746_IsEMSPresent	F	IsEMSPresent	STARTUP2.C:87-145	include/redmcsb_f0746_is_ems_present_pc34_compat.h	IMPLEMENTED_NARROW	Source-locked PC 3.4 EMMXXXX0 detection preserves the DotNotUseEMS bypass, IOCTL device/output-status gates, close behavior and raw SI return after post-open failures. Focused strict C11 and CTest coverage pass.
F0747_EMM_GetVersion	F	EMM	STARTUP2.C:148-158	include/redmcsb_f0747_emm_get_version_pc34_compat.h	IMPLEMENTED_NARROW	Source-locked PC 3.4 EMS AH=46h adapter returns the high nibble of AL. Focused strict C11 test covers boundary values and single dispatch.
F0748_Get_EMS_Memory	F	Get	STARTUP2.C:160-274	include/redmcsb_f0748_get_ems_memory_pc34_compat.h	IMPLEMENTED_NARROW	Source-locked PC 3.4 EMS 3/4 allocation routes preserve page-frame selection, 64-entry capacity, contiguous EMS 4 run selection, EMS 3 four-page cap, page mapping and byte-count result. Focused strict C11 test passes.
F0749_EMM_ReleaseHandle	F	EMM	STARTUP2.C:276-286	include/redmcsb_f0749_emm_release_handle_pc34_compat.h	IMPLEMENTED_NARROW	Source-locked PC 3.4 nonzero EMS-handle release dispatch preserves signed handle value, repeat behavior and the original non-clearing state. Focused strict C11 test passes.
F0750_CPSX	F	CPSX	STARTUP2.C:293-332;AMIGINIT.C:673-690;ENDGAME.C:1020	include/redmcsb_f0750_cpsx_compat.h	IMPLEMENTED_NARROW	Source-locked PC 3.4 CPSX shutdown dispatch covers startup/endgame paths and preserves source-specific cleanup order. Focused strict C11 test passes.
F0751_GetBitmapByteCount	F	GetBitmapByteCount	STARTUP2.C:465-472;DEFS.H:3466	include/redmcsb_f0751_get_bitmap_byte_count_pc34_compat.h	IMPLEMENTED_NARROW	Source-locked PC I34M two-pixels-per-byte bitmap-size formula. Focused strict C11 test passes.
F0752_AllocateAndSetNegativeBitmapPointer	F	AllocateAndSetNegativeBitmapPointer	STARTUP2.C:477-490	include/redmcsb_f0752_allocate_and_set_negative_bitmap_pointer_pc34_compat.h	IMPLEMENTED_NARROW	Source-locked PC 3.4 permanent graphic allocation followed by unconditional negative-pointer dispatch. Focused strict C11 test passes.
F0755_SetMemoryFlags	F	SetMemoryFlags	STARTUP2.C:1054-1079	include/redmcsb_f0755_set_memory_flags_pc34_compat.h	IMPLEMENTED_NARROW	Source-locked sound-memory profile parser preserves six-flag clear, FD KiB value, FE terminator/cursor advance and FF failure rules. Focused strict C11 test passes.
F0756_EvaluateMemoryRequirements	F	EvaluateMemoryRequirements	STARTUP2.C:1081-1120	include/redmcsb_f0756_evaluate_memory_requirements_pc34_compat.h	IMPLEMENTED_NARROW	Source-locked PC 3.4 memory-requirement evaluation preserves profile dispatch and result selection. Focused strict C11 test passes.
F0757_LoadTexts	F	LoadTexts	LANGUAGE.C:15-41;STARTUP2.C:1369-1371	include/redmcsb_f0757_load_texts_pc34_compat.h	IMPLEMENTED_NARROW	Source-locked PC 3.4 C700 text loader preserves original language-file selection and load route without synthetic text. Focused strict C11 test passes.
F0758_TranslateLanguage	F	TranslateLanguage	LANGUAGE.C:43-51	include/redmcsb_f0758_translate_language_pc34_compat.h	IMPLEMENTED_NARROW	Source-locked PC 3.4 language-table lookup preserves source index and string selection. Focused strict C11 test passes.
F0763_LoadEndgameBitmapExpanded	F	LoadEndgameBitmapExpanded	MEMORY.C:2764-2773	include/redmcsb_f0763_load_endgame_bitmap_expanded_pc34_compat.h	IMPLEMENTED_NARROW	Source-locked PC 3.4 endgame bitmap allocation and source-load dispatch preserve the original size and sentinel behavior without synthetic bitmap data. Focused strict C11 test passes.
F0765_DUNGEONVIEW_DrawBitmapWithoutTransparency	F	DUNGEONVIEW	DUNVIEW.C:3159-3185	include/redmcsb_f0765_draw_bitmap_without_transparency_pc34_compat.h	IMPLEMENTED_NARROW	Source-locked PC 3.4 opaque dungeon bitmap draw preserves original crop/dispatch behavior without synthetic graphics. Focused strict C11 test passes.
F0766_BlitToScreen	F	BlitToScreen	BASE.C:1374-1391	include/redmcsb_f0766_blit_to_screen_pc34_compat.h	IMPLEMENTED_NARROW	Source-locked PC 3.4 bitmap-to-screen F0132_VIDEO_Blit dispatch preserves XYZ, zero source origin, source/screen widths, transparency and no-flip flag. Focused strict C11 test passes.
F0768_TEXT_PrintToZoneWithTrailingSpaces	F	TEXT	TEXT.C:1272-1315	include/redmcsb_f0768_print_to_zone_with_trailing_spaces_pc34_compat.h	IMPLEMENTED_NARROW	Source-locked PC 3.4 local 80-byte text copy, trailing-space padding and F0040_TEXT_Print dispatch. Focused strict C11 test passes.
F0770_FILE_Open	F	FILE	FILE.C:470-489	include/redmcsb_f0770_file_open_pc34_compat.h	IMPLEMENTED_NARROW	Source-locked DOS AH=3Dh read/write open returns the signed handle or -1 on carry. Focused strict C11 test passes.
F0771_FILE_Close	F	FILE	FILE.C:490-497	include/redmcsb_f0771_file_close_pc34_compat.h	IMPLEMENTED_NARROW	Source-locked DOS AH=3Eh close dispatch preserves the source's ignored status. Focused strict C11 test passes.
F0772_FILE_Read	F	FILE	FILE.C:499-549	include/redmcsb_f0772_file_read_pc34_compat.h	IMPLEMENTED_NARROW	Source-locked DOS AH=3Fh read loop preserves 32 KiB chunking, exact byte-count success rule and buffer advance, with no non-source input guards. Focused strict C11 test passes.
F0773_FILE_Write	F	FILE	FILE.C:551-584	include/redmcsb_f0773_file_write_pc34_compat.h	IMPLEMENTED_NARROW	Source-locked DOS AH=40h write loop preserves 32 KiB chunking, carry failure and exact byte-count success rule. Focused strict C11 test passes.
F0774_FILE_Seek	F	FILE	FILE.C:606-621	include/redmcsb_f0774_file_seek_pc34_compat.h	IMPLEMENTED_NARROW	Source-locked DOS AH=42h beginning-relative seek preserves signed offset and carry-to-boolean result. Focused strict C11 test passes.
F0775_FILE_GetSize	F	FILE	FILE.C:647-680	include/redmcsb_f0775_file_get_size_pc34_compat.h	IMPLEMENTED_NARROW	Source-locked DOS EOF seek preserves current-mark save/restore and raw DX:AX result. Focused strict C11 test passes.
F0776_FILE_Create	F	FILE	FILE.C:683-701	include/redmcsb_f0776_file_create_pc34_compat.h	IMPLEMENTED_NARROW	Source-locked DOS AH=3Ch create returns signed handle or -1 on carry. Focused strict C11 test passes.
F0777_FILE_Delete	F	FILE	FILE.C:703-712	include/redmcsb_f0777_file_delete_pc34_compat.h	IMPLEMENTED_NARROW	Source-locked DOS AH=41h delete dispatch preserves original ignored-result behavior. Focused strict C11 test passes.
F0778_FILE_Rename	F	FILE	FILE.C:714-725	include/redmcsb_f0778_file_rename_pc34_compat.h	IMPLEMENTED_NARROW	Source-locked DOS AH=56h rename dispatch preserves original ignored-result behavior. Focused strict C11 test passes.
F0779_FILE_Tell	F	FILE	FILE.C:624-646	include/redmcsb_f0779_file_tell_pc34_compat.h	IMPLEMENTED_NARROW	Source-locked DOS AH=42h current-mark query preserves the signed 32-bit result with no host file I/O. Focused strict C11 test passes.
F0780_FILE_IsHandleInvalid	F	FILE	FILE.C:747-751	include/redmcsb_f0780_file_is_handle_invalid_pc34_compat.h	IMPLEMENTED_NARROW	Source-locked signed file-handle invalidity predicate. Focused strict C11 test passes.
F0781_MouseHandler	F	MouseHandler	IO.C:687-755	include/redmcsb_f0781_mouse_handler_pc34_compat.h	IMPLEMENTED_NARROW	Source-locked PC 3.4 click/region dispatch and hand/object/champion pointer selection. Focused strict C11 test covers event, region and pointer branches.
F0783_LockMouse	F	LockMouse	IO.C:1675-1683	include/redmcsb_f0783_lock_mouse_pc34_compat.h	IMPLEMENTED_NARROW	Source-locked direct IODRV_05 lock-mouse dispatch. Focused strict C11 test passes.
F0784_UnlockMouse	F	UnlockMouse	IO.C:1685-1692;CEDT026.C:171-175	include/redmcsb_f0784_unlock_mouse_pc34_compat.h	IMPLEMENTED_NARROW	Source-locked direct IODRV_06 unlock-mouse dispatch. Focused strict C11 test passes.
F0785_SetMousePointerCoordinates	F	SetMousePointerCoordinates	IO.C:3739-3744;CEDT026.C:201-204	include/redmcsb_f0785_set_mouse_pointer_coordinates_pc34_compat.h	IMPLEMENTED_NARROW	Source-locked direct IODRV_12 coordinate dispatch. Focused strict C11 test passes.
F0787_GetZoneInitializedFromCoordinates	F	GetZoneInitializedFromCoordinates	COORD.C:1840-1852	include/redmcsb_f0787_get_zone_initialized_from_coordinates_pc34_compat.h	IMPLEMENTED_NARROW	Source-locked four-word XYZ zone initialization. Focused strict C11 test passes.
F0789_AllocateLayoutRange	F	AllocateLayoutRange	COORD.C:2536-2539	include/redmcsb_f0789_allocate_layout_range_pc34_compat.h	IMPLEMENTED_NARROW	Source-locked permanent F0468_MEMORY_Allocate dispatch with MASK0x0400, without non-source allocator fallback. Focused strict C11 test passes.
F0791_DUNGEONVIEW_DrawBitmapXX	F	DUNGEONVIEW	DUNVIEW.C:3394-3473	include/redmcsb_f0791_dungeonview_draw_bitmap_xx_pc34_compat.h	IMPLEMENTED_NARROW	Source-locked PC 3.4 zone bitmap blit preserves DUNVIEW source crop, destination and transparency dispatch without synthetic pixels. Focused strict C11 test passes.
F0792_DUNGEONVIEW_DrawBitmapYYY	F	DUNGEONVIEW	DUNVIEW.C:3288-3301	include/redmcsb_f0792_dungeonview_draw_bitmap_yyy_pc34_compat.h	IMPLEMENTED_NARROW	Source-locked PC 3.4 dungeon-view bitmap draw preserves source crop, destination and transparency dispatch without synthetic graphics. Focused strict C11 test passes.
F0797_STARTEND_DrawEntranceMicroDungeon	F	STARTEND	ENTRANCE.C:58-81	include/redmcsb_f0797_startend_draw_entrance_micro_dungeon_pc34_compat.h	IMPLEMENTED_NARROW	Source-locked PC 3.4 C255 temporary 5x5 entrance map and F0128 south view from (2,0). Focused strict C11 test passes.
F0798_COMMAND_IsPointInZone	F	COMMAND	COORD.C:1915-1920;DEFS.H:171-176	include/redmcsb_f0798_command_is_point_in_zone_pc34_compat.h	IMPLEMENTED_NARROW	Source-locked inclusive point-in-zone predicate. Focused strict C11 test passes.
F0799_SOUND_DisableUnavailableSounds	F	SOUND	SOUND.C:1397-1419	include/redmcsb_f0799_sound_disable_unavailable_sounds_pc34_compat.h	IMPLEMENTED_NARROW	Source-locked PC 3.4 sound graphic-index masking by the three memory-availability flags. Focused strict C11 test passes without synthetic audio.
F0802_IsMagicMap	F	IsMagicMap	PANEL.C:519-531;MENU.C:1874;DEFS.H:9762	include/redmcsb_f0802_is_magic_map_pc34_compat.h	IMPLEMENTED_NARROW	Source-locked PC 3.4 scroll class, F0168 text decode flags and exact magic-map text match. Focused strict C11 test passes.
F0803_DrawMagicMapIcon	F	DrawMagicMapIcon	PANEL.C:534-543	include/redmcsb_f0803_draw_magic_map_icon_pc34_compat.h	IMPLEMENTED_NARROW	Source-locked PC 3.4 magic-map icon draw dispatch. Focused strict C11 test passes without synthetic graphics.
F0804_DrawMagicMap	F	DrawMagicMap	PANEL.C:545-752	include/redmcsb_f0804_draw_magic_map_pc34_compat.h	IMPLEMENTED_NARROW	Source-locked PC 3.4 magic-map route preserves map bounds, icon dispatch and source callbacks. Focused strict C11 test passes without synthetic graphics.
F0805_CreatureNameScroll	F	CreatureNameScroll	PANEL.C:802-843	include/redmcsb_f0805_creature_name_scroll_pc34_compat.h	IMPLEMENTED_NARROW	Source-locked PC 3.4 creature-name scroll state route. Focused strict C11 test passes without synthetic game data.
F0807_ENTRANCE_DrawAnimationStep	F	ENTRANCE	ENTRANCE.C:85-90	include/redmcsb_f0807_entrance_draw_animation_step_pc34_compat.h	IMPLEMENTED_NARROW	Source-locked entrance animation-step blit dispatch through F0766. Focused strict C11 test passes.
F0808_SeekToCylinder0_Unreferenced	F	SeekToCylinder0	IO.C:3980-3995	include/redmcsb_f0808_seek_to_cylinder0_pc34_compat.h	IMPLEMENTED_NARROW	Source-locked unreferenced disk recalibration IODRV dispatch. Focused strict C11 test passes with no synthetic floppy behavior.
F0809_CheckCopyProtectionSide0Track0_CPSX	F	CheckCopyProtectionSide0Track0	DEFS.H:9490	src/dm1/dm1_v1_input_poll_pc34_compat.c:357	UNCERTAIN_NUMBERED_EVIDENCE	Exact numeric token occurs in Firestaff source; this audit did not verify behavioral equivalence or implementation.
F0810_CheckCopyProtectionSide0Track2_CPSX	F	CheckCopyProtectionSide0Track2	DEFS.H:9489	src/dm2/dm2_v1_projectile_pc34_compat.c:6	UNCERTAIN_NUMBERED_EVIDENCE	Exact numeric token occurs in Firestaff source; this audit did not verify behavioral equivalence or implementation.
F0811_CheckCopyProtectionSide0Track0_Unreferenced	F	CheckCopyProtectionSide0Track0	IO.C:4122	src/dm2/dm2_v1_projectile_step_pc34_compat.c:179	UNCERTAIN_NUMBERED_EVIDENCE	Exact numeric token occurs in Firestaff source; this audit did not verify behavioral equivalence or implementation.
F0812_CheckCopyProtectionSide0Track1_CPSX	F	CheckCopyProtectionSide0Track1	IO.C:4153-4172	include/redmcsb_f0812_check_copy_protection_side0_track1_pc34_compat.h	IMPLEMENTED_NARROW	Source-locked PC-98 INT 1Bh sector-240 CRC-status gate through an explicit BIOS callback. Focused strict C11 test passes without synthetic disk behavior.
F0813_PlayMIDIMusic	F	PlayMIDIMusic	IO.C:4175-4179	include/redmcsb_f0813_play_midi_music_pc34_compat.h	IMPLEMENTED_NARROW	Source-locked IODRV_27 command-0 MIDI handoff. Focused strict C11 test passes without synthetic audio.
F0814_TRansition_MIDIMusic	F	TRansition	IO.C:4181-4186	include/redmcsb_f0814_transition_midi_music_pc34_compat.h	IMPLEMENTED_NARROW	Source-locked IODRV_27 command-2 MIDI transition dispatch. Focused strict C11 test passes.
F0815_StopMIDIMusic	F	StopMIDIMusic	IO.C:4188-4192	include/redmcsb_f0815_stop_midi_music_pc34_compat.h	IMPLEMENTED_NARROW	Source-locked IODRV_27 command-1 MIDI stop dispatch. Focused strict C11 test passes.
F0816_strstr	F	strstr	STRING.C:77-108;DEFS.H:9482-9487	include/redmcsb_f0816_strstr_pc34_compat.h	IMPLEMENTED_NARROW	Source-locked PC-98 substring routine preserves ReDMCSB's empty-needle NULL result. Focused strict C11 test passes.
F0817_SubstituteFirstCharactersByString	F	SubstituteFirstCharactersByString	STRING.C:106-139	include/redmcsb_f0817_substitute_first_characters_by_string_pc34_compat.h	IMPLEMENTED_NARROW	Source-locked first-character string substitution with a focused strict-C11 test.
F0818_IsJapaneseText	F	IsJapaneseText	CEDT030.C:1207-1220	include/redmcsb_f0818_is_japanese_text_pc34_compat.h	IMPLEMENTED_NARROW	Source-locked Japanese text detection with a focused strict-C11 test.
F0819_TEXT_MESSAGEAREA_PrintMessageAsJapanese	F	TEXT.C:1788-1798	TEXT.C:1788-1798	include/redmcsb_f0819_text_messagearea_print_message_as_japanese_pc34_compat.h	IMPLEMENTED_NARROW	Source-locked Japanese message-area printer boundary with a focused strict-C11 test.
F0902_DrawFTLLogo	F	DrawFTLLogo	SWSH.C:357	include/dm1_v1_f0902_draw_ftl_logo_presentation_plan_pc34_compat.h	IMPLEMENTED_NARROW	Original 320x200 packed frame and palette presentation gate; focused CTest.
F0903_DrawErrorMessage	F	DrawErrorMessage	SWSH.C:2208-2215	include/redmcsb_f0903_draw_error_message_pc34_compat.h	IMPLEMENTED_NARROW	Source-locked error-message plane renderer with a focused strict-C11 test.
F0904_PaletteAnimation	F	PaletteAnimation	SWSH.C:1104	include/f0904_palette_animation_pc34_compat.h	IMPLEMENTED_NARROW	SWSH.C 27-step palette mutation and VBlank loop; focused CTest.
F0906_CheckOriginalDisk	F	CheckOriginalDisk	SWSH.C:1106	-	MISSING	No exact numbered token found in Firestaff src/include; no implementation claim.
F0907_CheckBootSector	F	CheckBootSector	CNFG.C:169	-	MISSING	No exact numbered token found in Firestaff src/include; no implementation claim.
F0908_InitSound	F	InitSound	SWSHSND.C:10-23;134-143	include/redmcsb_f0908_init_sound_pc34_compat.h	IMPLEMENTED_NARROW	Source-locked sound initialization boundary with a focused strict-C11 test.
F0909_PlaySwooshSound	F	PlaySwooshSound	SWSHSND.C:26-48;207-227	include/redmcsb_f0909_f0910_swoosh_sound_pc34_compat.h	IMPLEMENTED_NARROW	Source-locked swoosh I/O request/command/wait boundary with a focused strict-C11 test.
F0910_ReleaseSwooshSound	F	ReleaseSwooshSound	SWSHSND.C:26-48;207-227	include/redmcsb_f0909_f0910_swoosh_sound_pc34_compat.h	IMPLEMENTED_NARROW	Source-locked swoosh release and memory-release boundary with a focused strict-C11 test.
F0913_DecompressPAK	F	DecompressPAK	DECOMPCO.C:11-109;APPA.C:39-41	include/redmcsb_f0913_decompress_pak_pc34_compat.h	IMPLEMENTED_NARROW	Source-locked PAK nibble decompressor and PRIM slot-25 hook boundary with a focused strict-C11 test.
F0914_Graphic21	F	Graphic21	GRAPH21.C:170-241	include/redmcsb_f0914_graphic21.h	IMPLEMENTED_NARROW	Source-locked A20E/A31E sector-word result adapter with a focused strict-C11 test.
F0915_Graphic538	F	Graphic538	GRAPH538.C:1-110	include/redmcsb_f0915_graphic538_pc34_compat.h	SOURCE_NONAPPLICABLE	Available source branches directly program Atari ST or Amiga hardware; no PC 3.4 branch or portable adapter is supplied. Focused strict-C11 boundary test documents the decision.
F0917_PRIM_15_Memory_Allocate	F	PRIM	PRIM1.C:10-25	include/redmcsb_f0917_prim_memory_allocate_x30j_compat.h	IMPLEMENTED_NARROW	Source-locked X30J allocation/error path with a focused strict-C11 test.
F0918_PRIM_16_Memory_Free	F	PRIM	PRIM1.C:27-38;PRIM2STB.C:19,338	include/redmcsb_f0918_prim_memory_free_pc34_compat.h	IMPLEMENTED_NARROW	Source-locked PC release callback/null gate with a focused strict-C11 test.
F0919_PRIM_19_File_Seek	F	PRIM	PRIM.H:281	-	MISSING	No exact numbered token found in Firestaff src/include; no implementation claim.
F0920_PRIM_20_File_Read	F	PRIM	PRIM2C.C:123-142;PRIM.H:324	include/redmcsb_f0920_prim_file_read_pc34_compat.h	IMPLEMENTED_NARROW	Source-locked exact-count file-read host boundary with a focused strict-C11 test.
F0922_Custom_strcpy	F	Custom	PRIM1.C:105	include/f0922_custom_strcpy_compat.h	IMPLEMENTED_NARROW	PRIM1.C NUL-terminated copy semantics with bounded destination gate; focused CTest.
F0924_SetCriticalErrorHandler	F	SetCriticalErrorHandler	CEDTINCI.C:306;PRIM1.C:253-269	include/redmcsb_f0924_set_critical_error_handler_pc34_compat.h	SOURCE_NONAPPLICABLE	Available source route installs an Atari ST critical-error vector; no PC 3.4 branch or portable host adapter is supplied. Focused strict-C11 boundary test documents the decision.
F0925_CheckUtilityDiskInDrive	F	CheckUtilityDiskInDrive	PRIM1.C:272-295	include/redmcsb_f0925_check_utility_disk_in_drive_pc34_compat.h	IMPLEMENTED_NARROW	Source-locked utility-disk sector-signature gate with a focused strict-C11 test.
F0926_FLOPPY_ForceMediaChangeDetection	F	FLOPPY	PRIM1.C:297-395	include/redmcsb_f0926_floppy_force_media_change_detection_pc34_compat.h	SOURCE_NONAPPLICABLE	Available source route directly installs Atari ST supervisor/vector media-change handlers; no PC 3.4 branch or portable adapter is supplied. Focused strict-C11 boundary test documents the decision.
F0927_PrintLoaderError	F	PrintLoaderError	PRIM1.C:398-416;PRIM.H:285	include/redmcsb_f0927_print_loader_error_pc34_compat.h	IMPLEMENTED_NARROW	Source-locked loader-error formatter boundary with a focused strict-C11 test.
F0928_PrintOSError	F	PrintOSError	PRIM1.C:423-445;PRIM.H:286	include/redmcsb_f0928_print_os_error_pc34_compat.h	IMPLEMENTED_NARROW	Source-locked OS-error formatter boundary with a focused strict-C11 test.
F0929_PRIM_05_FTL_Load	F	PRIM	PRIM2B.C:267-544;PRIM.H:273	include/redmcsb_f0929_prim_ftl_load_pc34_compat.h	SOURCE_NONAPPLICABLE	Available definitions are Atari ST/X68000/Amiga library loaders; no PC 3.4 guard or call path is supplied. The host adapter remains evidence-only and is not a PC 3.4 mapping.
F0930_GetHeaderChecksum	F	GetHeaderChecksum	PRIM1.C:649-670;PRIM2B.C:757-778	include/redmcsb_f0930_get_header_checksum.h	IMPLEMENTED_NARROW	Source-locked header checksum loops with a focused strict-C11 test.
F0931_ChecksumWords	F	ChecksumWords	PRIM.H:289	include/f0931_f0932_prim_checksums_pc34_compat.h	IMPLEMENTED_NARROW	PRIM1.C source 16-bit word checksum; focused CTest.
F0932_ChecksumBytes	F	ChecksumBytes	PRIM.H:290	include/f0931_f0932_prim_checksums_pc34_compat.h	IMPLEMENTED_NARROW	PRIM1.C source 16-bit byte checksum; focused CTest.
F0933_GetHexStringFromValue	F	GetHexStringFromValue	PRIM.H:291	include/redmcsb_f0933_get_hex_string_from_value.h	IMPLEMENTED_NARROW	PRIM1.C uppercase unprefixed hexadecimal formatter; focused CTest.
F0934_ConvertValueToHexDigits	F	ConvertValueToHexDigits	PRIM.H:274	include/redmcsb_f0934_convert_value_to_hex_digits.h	IMPLEMENTED_NARROW	PRIM1.C uppercase hexadecimal digits without terminator; focused CTest.
F0936_LaunchProcess	F	LaunchProcess	EXEC.C:66-82	include/redmcsb_f0936_launch_process_pc34_compat.h	SOURCE_NONAPPLICABLE	Available route is an AmigaDOS/Exec process launch; the callback adapter is evidence-only and not a PC 3.4 mapping.
F0937_InitAmigaData	F	InitAmigaData	EXEC.C:175-273	include/redmcsb_f0937_init_amiga_data_pc34_compat.h	SOURCE_NONAPPLICABLE	Available route initializes Amiga libraries, ports and resources; no PC 3.4 branch is supplied.
F0938_CallCloseWorkbench	F	CallCloseWorkbench	EXEC.C:275-292	include/redmcsb_f0938_call_close_workbench_pc34_compat.h	SOURCE_NONAPPLICABLE	Available route calls Amiga Intuition CloseWorkBench; no PC 3.4 branch is supplied.
F0939_ReleaseAmigaData	F	ReleaseAmigaData	EXEC.C:294-330	include/redmcsb_f0939_release_amiga_data_pc34_compat.h	SOURCE_NONAPPLICABLE	Available route tears down Amiga Exec/graphics resources and exits; no PC 3.4 branch is supplied.
F0940_CopyCopperInstructions	F	CopyCopperInstructions	EXEC.C:333-348	include/redmcsb_f0940_copy_copper_instructions_pc34_compat.h	SOURCE_NONAPPLICABLE	Available route compacts Amiga copper instructions; the CopyMem callback adapter is evidence-only and not a PC 3.4 mapping.
F0942_InitDiskResource	F	InitDiskResource	EXEC.C:379-395	include/redmcsb_f0942_init_disk_resource_pc34_compat.h	SOURCE_NONAPPLICABLE	Available route acquires Amiga disk.resource; no PC 3.4 branch is supplied.
F0943_ReleaseDiskResource	F	ReleaseDiskResource	EXEC.C:397-406	include/redmcsb_f0943_release_disk_resource_pc34_compat.h	SOURCE_NONAPPLICABLE	Available route releases Amiga disk.resource; no PC 3.4 branch is supplied.
F0945_InitAudioData	F	InitAudioData	SOUND.C:425-494;EXEC.C:433-501	include/redmcsb_f0945_init_audio_data_pc34_compat.h	SOURCE_NONAPPLICABLE	Available route opens Amiga audio.device and allocates native resources; no PC 3.4 branch is supplied.
F0946_ReleaseAudioData	F	ReleaseAudioData	SOUND.C:496-557	include/redmcsb_f0946_release_audio_data_pc34_compat.h	SOURCE_NONAPPLICABLE	Available route closes Amiga audio.device and frees native resources; no PC 3.4 branch is supplied.
F0947_InitDiskData	F	InitDiskData	EXEC.C:547-566	include/redmcsb_f0947_init_disk_data_pc34_compat.h	SOURCE_NONAPPLICABLE	Available route initializes Amiga disk data; no PC 3.4 branch is supplied.
F0948_ReleaseDiskData	F	ReleaseDiskData	EXEC.C:568-579	include/redmcsb_f0948_release_disk_data_pc34_compat.h	SOURCE_NONAPPLICABLE	Available route releases Amiga disk data; no PC 3.4 branch is supplied.
F0949_JAPANESE_	F	JAPANESE	JAPANESE.C:15-34	include/redmcsb_f0949_japanese_pc34_compat.h	IMPLEMENTED_NARROW	Source-locked Japanese character conversion with exhaustive 16-bit strict-C11 test coverage.
F0950_JAPANESE_	F	JAPANESE	JAPANESE.C:36-74	include/redmcsb_f0950_japanese_character_pattern_pc34_compat.h	IMPLEMENTED_NARROW	Source-locked PC-98 port character-pattern transaction sequence with a focused strict-C11 trace test.
F0951_JAPANESE_GetCharacterPattern	F	JAPANESE	JAPANESE.C:76-93	include/redmcsb_f0951_japanese_get_character_pattern.h	IMPLEMENTED_NARROW	Source-locked A100 16-byte character-pattern copy with a focused strict-C11 test.
F0952_JAPANESE_Print	F	JAPANESE	JAPANESE.C:270-381	include/redmcsb_f0952_japanese_print_pc34_compat.h	IMPLEMENTED_NARROW	Source-locked PC-98 Japanese controls, glyph retrieval and rasterization with a focused strict-C11 test.
F1001_JAPANESE_LoadANKCharacterPatterns	F	JAPANESE	JAPANESE.C:97-205	include/redmcsb_f1001_japanese_load_ank_character_patterns_pc34_compat.h	IMPLEMENTED_NARROW	Source-locked P20JA VBlank and P20JB interrupt-vector ANK loaders with focused strict-C11 tests.
F1002_Call_F0132_VIDEO_Blit	F	Call	BASE.C:1202-1212;DEFS.H:3444-3445	include/redmcsb_f1002_call_f0132_video_blit.h	IMPLEMENTED_NARROW	Source-locked F0132 blit argument forwarding with a focused strict-C11 test.
F1004_VIDEO_BlitShrinkWithPaletteChanges	F	VIDEO	BLTSHRNK.C:1556-1595	include/redmcsb_f1004_video_blit_shrink_with_palette_changes_pc34_compat.h	IMPLEMENTED_NARROW	Source-locked paired packed-nibble shrink and palette writes with a focused strict-C11 test.
F1007_AddMemoryChunk	F	AddMemoryChunk	MEMORY.C:177-188	include/redmcsb_f1007_add_memory_chunk_pc34_compat.h	IMPLEMENTED_NARROW	Source-locked memory-chunk initialization and prepend with a focused strict-C11 test.
F1008_GetLargestAvailableMemoryChunk	F	GetLargestAvailableMemoryChunk	MEMORY.C:191-218	include/redmcsb_f1008_get_largest_available_memory_chunk.h	IMPLEMENTED_NARROW	Source-locked largest-available chunk selection and in-use marking with a focused strict-C11 test.
F1010_LoadX68000BorderGraphics	F	LoadX68000BorderGraphics	IMAGE.C:58-138	include/redmcsb_f1010_load_x68000_border_graphics_pc34_compat.h	SOURCE_NONAPPLICABLE	Available route is gated to X68000 media and video memory; no PC 3.4 branch is supplied.
F1012_PALETTE_SetCurtain	F	PALETTE	ANIMTOWN.C:636	src/csb/csb_v1_dungeon_world_pc34_compat.c:464	UNCERTAIN_NUMBERED_EVIDENCE	Exact numeric token occurs in Firestaff source; this audit did not verify behavioral equivalence or implementation.
F1013_Blit_Amiga	F	Blit	BLIT.C:2105	src/dm1/dm1_v1_blit_fill_pc34_compat.c:148	UNCERTAIN_NUMBERED_EVIDENCE	Exact numeric token occurs in Firestaff source; this audit did not verify behavioral equivalence or implementation.
F1014_Unreferenced	F	Unreferenced	PALETTE.C:21	src/dm1/dm1_v1_palette_font_pc34_compat.c:142	UNCERTAIN_NUMBERED_EVIDENCE	Exact numeric token occurs in Firestaff source; this audit did not verify behavioral equivalence or implementation.
F1015_Unreferenced	F	Unreferenced	PALETTE.C:24	src/dm1/dm1_v1_palette_font_pc34_compat.c:143	UNCERTAIN_NUMBERED_EVIDENCE	Exact numeric token occurs in Firestaff source; this audit did not verify behavioral equivalence or implementation.
F1016_SetPalette	F	SetPalette	DEFS.H:9591	src/dm1/dm1_v1_palette_font_pc34_compat.c:144	UNCERTAIN_NUMBERED_EVIDENCE	Exact numeric token occurs in Firestaff source; this audit did not verify behavioral equivalence or implementation.
F1017_Malloc	F	Malloc	CEDT018.C:208	include/redmcsb_f1017_malloc_pc34_compat.h	SOURCE_NONAPPLICABLE	Available allocator route is non-PC; no PC 3.4 branch or portable allocator adapter is supplied.
F1018_Mfree	F	Mfree	CEDT018.C:216	include/redmcsb_f1018_mfree_pc34_compat.h	SOURCE_NONAPPLICABLE	Available native Mfree route is X68000-only; no PC 3.4 branch or portable adapter is supplied.
F1020_InitializeX68000	F	InitializeX68000	STARTUP2.C:1361-1374;1625-1671	include/redmcsb_f1020_initialize_x68000_pc34_compat.h	SOURCE_NONAPPLICABLE	Available startup route is gated to X68000 media and IOCS/VDEO services; no PC 3.4 branch is supplied.
F1022_PrintCharacter	F	PrintCharacter	BASE.C:1144-1147;IO2.C:239-248	include/redmcsb_f1022_print_character.h	IMPLEMENTED_NARROW	Source-locked character print dispatch with a focused strict-C11 test.
F1023_PrintString	F	PrintString	BASE.C:1144-1150;IO2.C:250-258	include/redmcsb_f1023_print_string.h	IMPLEMENTED_NARROW	Source-locked string print dispatch with a focused strict-C11 test.
F1024_SetTrap14VectorErrorProcessing	F	SetTrap14VectorErrorProcessing	FILE.C:806-836;1091-1126	include/redmcsb_f1024_set_trap14_vector_error_processing_pc34_compat.h	SOURCE_NONAPPLICABLE	Available route installs X68000 DOS TRAP 14 vector 46; no PC 3.4 branch or portable adapter is supplied.
F1025_GetFloppyDriveStatus	F	GetFloppyDriveStatus	FILE.C:1128-1151	include/redmcsb_f1025_get_floppy_drive_status_pc34_compat.h	SOURCE_NONAPPLICABLE	Available route invokes X68000 IOCS B_DRVCHK through TRAP 15; no PC 3.4 branch or portable adapter is supplied.
F1026_IdentifyDiskInDrive_CPSX	F	IdentifyDiskInDrive	FLOPPY.C:458-543	include/redmcsb_f1026_identify_disk_in_drive_pc34_compat.h	SOURCE_NONAPPLICABLE	Available route invokes X68000 IOCS sector reads and weak-byte detection; no PC 3.4 branch or portable adapter is supplied.
F1027_Supervisor	F	Supervisor	IMAGE.C:30-38;CEDT027.C:540-547	include/redmcsb_f1027_supervisor_pc34_compat.h	SOURCE_NONAPPLICABLE	Available route invokes X68000 DOS CALL SUPER; no PC 3.4 branch or portable adapter is supplied.
F1028_FillX68000LargeScreenBlack	F	FillX68000LargeScreenBlack	DEFS.H:3283	src/dm1/dm1_v1_endgame_system_pc34_compat.c:504	UNCERTAIN_NUMBERED_EVIDENCE	Exact numeric token occurs in Firestaff source; this audit did not verify behavioral equivalence or implementation.
F1029_InitializeMessageAreaData	F	InitializeMessageAreaData	TEXT.C:112	src/dm1/dm1_v1_text_message_pc34_compat.c:599	UNCERTAIN_NUMBERED_EVIDENCE	Exact numeric token occurs in Firestaff source; this audit did not verify behavioral equivalence or implementation.
F1031_IsOperationSuccessful	F	IsOperationSuccessful	FILE.C:763-792	include/redmcsb_f1031_is_operation_successful.h	IMPLEMENTED_NARROW	Source-locked error-counter operation-success transition with a focused strict-C11 test.
F1032_GRF1_12_HatchBox	F	GRF1	FILLBOX.C:624-718	include/redmcsb_f1032_hatch_box_pc34_compat.h	SOURCE_NONAPPLICABLE	Available hatch renderers are X68000 and Amiga-only; no PC 3.4 route or portable host adapter is supplied.
F1033_HatchBox_Unreferenced	F	HatchBox	BLITFILL.C:428-433;FILLBOX.C:625-640	include/redmcsb_f1033_hatch_box.h	IMPLEMENTED_NARROW	Source-locked hatch-box dispatch with a focused strict-C11 test.
F1035_Unreferenced	F	Unreferenced	IO2.C:219-236	include/redmcsb_f1035_unreferenced.h	SOURCE_NONAPPLICABLE	Available route is Amiga Exec output only; focused compatibility dispatch preserves its one-character gate without claiming a PC 3.4 route.
F1036_Mouse1	F	Mouse1	IO.C:1863-2019	include/redmcsb_f1036_mouse1.h	SOURCE_NONAPPLICABLE	Available X68000/Amiga mouse-sprite layouts have no PC 3.4 route; focused compatibility layout preserves source memory transforms without claiming platform behavior.
F1037_Mouse2	F	Mouse2	IO.C:2017-2090	include/redmcsb_f1037_mouse2_pc34_compat.h	SOURCE_NONAPPLICABLE	Available mouse-sprite paths are X68000/Amiga-only; the focused PC 3.4 boundary test records no portable route.
F1038_UpdateMousePointer	F	UpdateMousePointer	IO.C:785-1071	include/redmcsb_f1038_update_mouse_pointer.h	SOURCE_NONAPPLICABLE	Available X68000/Amiga mouse-pointer update paths have no PC 3.4 route; focused compatibility layout preserves source transforms without claiming platform behavior.
F1040_SetMouseBoundEvent	F	SetMouseBoundEvent	FMTOWNS.H:157	src/dm1/dm1_v1_input_poll_pc34_compat.c:369	UNCERTAIN_NUMBERED_EVIDENCE	Exact numeric token occurs in Firestaff source; this audit did not verify behavioral equivalence or implementation.
F1041_GetMousePointerType	F	GetMousePointerType	IO.C:3318-3394	include/redmcsb_f1041_get_mouse_pointer_type.h	SOURCE_NONAPPLICABLE	Available pointer resolver is X68000/Amiga-only; focused compatibility resolver preserves source semantics without claiming a PC 3.4 route.
F1046_OpenLibraries	F	OpenLibraries	MAINLIB.C:4-47;GAMELOOP.C:318-320	include/redmcsb_f1046_open_libraries_pc34_compat.h	SOURCE_NONAPPLICABLE	Available route opens Amiga FTL libraries only; focused PC 3.4 boundary records unavailable rather than synthesizing library loading.
F1047_CloseLibraries	F	CloseLibraries	MAINLIB.C:4-60;GAMELOOP.C:334-336	include/redmcsb_f1047_close_libraries_pc34_compat.h	SOURCE_NONAPPLICABLE	Available route closes Amiga FTL libraries only; focused PC 3.4 boundary records unavailable rather than synthesizing teardown.
F1048_setjmp	F	setjmp	DEFS.H:3208-3215	include/redmcsb_f1048_setjmp.h	SOURCE_NONAPPLICABLE	Numbered setjmp alias is commented out; focused portable alias preserves C call semantics without asserting a PC 3.4 route.
F1049_longjmp	F	longjmp	DEFS.H:3208-3215;3399-3408	include/redmcsb_f1049_longjmp_pc34_compat.h	SOURCE_NONAPPLICABLE	Numbered alias is commented out and jump-buffer declarations are non-PC-only; focused boundary does not synthesize longjmp behavior.
F1050_AlertCSBSystemError	F	AlertCSBSystemError	AMIGINIT.C:459-495	include/redmcsb_f1050_alert_csb_system_error_pc34_compat.h	SOURCE_NONAPPLICABLE	Available terminal-alert path depends on Amiga Intuition/DisplayAlert/ResetAmiga; focused PC boundary does not synthesize host alerts.
F1052_WaitForScanLine	F	WaitForScanLine	FILLBOX.C:5-33	include/redmcsb_f1052_wait_for_scan_line_pc34_compat.h	SOURCE_NONAPPLICABLE	Available implementation polls Amiga scan-line hardware; focused PC boundary is a no-op rather than hardware emulation.
F1053_Pre_F0380_COMMAND_ProcessQueue_CPSC	F	Pre	COMMAND.C:2028-2043;FAKE1.C:1-17;FAKE2.C:1-17;FAKE3.C:1-19	include/redmcsb_f1053_pre_f0380_command_process_queue_pc34_compat.h	SOURCE_NONAPPLICABLE	Available body only injects 68k code explicitly marked never executed; focused PC boundary is a no-op.
F1055_Post_F0380_COMMAND_ProcessQueue_CPSC	F	Post	COMMAND.C:2480-2498	include/redmcsb_f1055_post_f0380_command_process_queue_pc34_compat.h	SOURCE_NONAPPLICABLE	Available body selects Amiga FAKE1.C through FAKE4.C code only; focused PC boundary is a no-op.
F1057_Pre_F0433_STARTEND_ProcessCommand140_SaveGame_CPSCDF	F	Pre	LOADSAVE.C:532-547;FAKE1.C:1-17;FAKE2.C:1-17;FAKE3.C:1-19	include/redmcsb_f1057_pre_f0433_startend_process_command140_save_game_pc34_compat.h	SOURCE_NONAPPLICABLE	Available body injects Amiga fake-code only; focused PC boundary is a source-faithful no-op.
F1059_Post_F0433_STARTEND_ProcessCommand140_SaveGame_CPSCDF	F	Post	LOADSAVE.C:1783-1801;FAKE1.C:1-17;FAKE2.C:1-17;FAKE3.C:1-19;FAKE4.C:1-17	include/redmcsb_f1059_post_f0433_startend_process_command140_save_game_pc34_compat.h	SOURCE_NONAPPLICABLE	Available post-save-game body selects Amiga fake-code only; focused PC boundary is a source-faithful no-op.
F1061_Pre_Unreferenced	F	Pre	READWRIT.C:73-88;FAKE2.C:1-17;FAKE3.C:1-19;FAKE4.C:1-17	include/redmcsb_f1061_pre_unreferenced_pc34_compat.h	SOURCE_NONAPPLICABLE	Available pre-hook selects Amiga fake-code only; focused PC boundary is a source-faithful no-op.
F1063_ChecksumEor_CPSX	F	ChecksumEor	READWRIT.C:73-110;COMMAND.C:1537-1542	include/redmcsb_f1063_checksum_eor_cpsx_pc34_compat.h	SOURCE_NONAPPLICABLE	Available checksum is Amiga copy-protection code with no PC 3.4 route; focused boundary avoids synthesizing protection behavior.
F1065_SetExecBase	F	SetExecBase	AMIGALIB.C:837-844	include/redmcsb_f1065_set_exec_base_pc34_compat.h	SOURCE_NONAPPLICABLE	Available body reads Amiga Exec from address 4; focused PC boundary does not emulate ExecBase.
F1066_GetUsableChipMemoryByteCount	F	GetUsableChipMemoryByteCount	AMIGINIT.C:498-560	include/redmcsb_f1066_get_usable_chip_memory_byte_count.h	IMPLEMENTED_NARROW	Source-locked largest-block reserve calculation with a focused strict-C11 test; host supplies memory metrics rather than Amiga Exec calls.
F1067_InitAmigaStuff	F	InitAmigaStuff	AMIGINIT.C:539-628;HINT001.C:4,56-63	include/redmcsb_f1067_init_amiga_stuff_pc34_compat.h	SOURCE_NONAPPLICABLE	Available initialization is Amiga-specific; focused PC boundary is intentionally a source-evidenced no-op.
F1068_FreeAmigaStuff	F	FreeAmigaStuff	AMIGINIT.C:630-671;HINT001.C:4,65-72;HINTMAIN.C:235-239	include/redmcsb_f1068_free_amiga_stuff_pc34_compat.h	SOURCE_NONAPPLICABLE	Available teardown is Amiga-specific; focused PC boundary is a verified no-op.
F1069_OpenDosLibrary	F	OpenDosLibrary	AMIGINIT.C:4,67-77,343	include/redmcsb_f1069_open_dos_library_pc34_compat.h	SOURCE_NONAPPLICABLE	Available DOS-library open route is Amiga-only; focused PC boundary is intentionally a no-op.
F1070_CloseDosLibrary	F	CloseDosLibrary	AMIGINIT.C:79	include/redmcsb_f1070_close_dos_library_pc34_compat.h	SOURCE_NONAPPLICABLE	Available DOS-library teardown route is Amiga-only; focused PC boundary is intentionally a no-op.
F1071_OpenGraphicsLibrary	F	OpenGraphicsLibrary	AMIGINIT.C:4,88-99,333-361	include/redmcsb_f1071_open_graphics_library_pc34_compat.h	SOURCE_NONAPPLICABLE	Available graphics-library open route is Amiga-only; focused PC boundary is intentionally a no-op.
F1072_CloseGraphicsLibrary	F	CloseGraphicsLibrary	AMIGINIT.C:4,101-108,363-375	include/redmcsb_f1072_close_graphics_library_pc34_compat.h	SOURCE_NONAPPLICABLE	Available graphics-library teardown route is Amiga-only; focused PC boundary is intentionally a no-op.
F1073_OpenIntuitionLibrary	F	OpenIntuitionLibrary	AMIGINIT.C:4,88-130,333-361	include/redmcsb_f1073_open_intuition_library_pc34_compat.h	SOURCE_NONAPPLICABLE	Available Intuition-library open route is Amiga-only; focused PC boundary is intentionally a no-op.
F1074_CloseIntuitionLibrary	F	CloseIntuitionLibrary	AMIGINIT.C:4,122-129,363-385	include/redmcsb_f1074_close_intuition_library_pc34_compat.h	SOURCE_NONAPPLICABLE	Available Intuition-library teardown route is Amiga-only; focused PC boundary is intentionally a no-op.
F1075_OpenLayersLibrary	F	OpenLayersLibrary	AMIGINIT.C:132-143,333-361	include/redmcsb_f1075_open_layers_library_pc34_compat.h	SOURCE_NONAPPLICABLE	Available Layers-library open route is Amiga-only; focused PC boundary is intentionally a no-op.
F1076_CloseLayersLibrary	F	CloseLayersLibrary	AMIGINIT.C:4,145-152,363-378	include/redmcsb_f1076_close_layers_library_pc34_compat.h	SOURCE_NONAPPLICABLE	Available Layers-library teardown route is Amiga-only; focused PC boundary is intentionally a no-op.
F1077_OpenConsoleDevice	F	OpenConsoleDevice	AMIGINIT.C:4,132-180,333-361	include/redmcsb_f1077_open_console_device_pc34_compat.h	SOURCE_NONAPPLICABLE	Available console-device open route is Amiga-only; focused PC boundary is intentionally a no-op.
F1078_CloseConsoleDevice	F	CloseConsoleDevice	AMIGINIT.C:4,182-198,363-379	include/redmcsb_f1078_close_console_device_pc34_compat.h	SOURCE_NONAPPLICABLE	Available console-device teardown route is Amiga-only; focused PC boundary is intentionally a no-op.
F1079_OpenInputDevice	F	OpenInputDevice	AMIGINIT.C:4,31-35,200-215,333-361,363-389	include/redmcsb_f1079_open_input_device_pc34_compat.h	SOURCE_NONAPPLICABLE	Available input-device open route is Amiga-only; focused PC boundary is intentionally a no-op.
F1080_CloseInputDevice	F	CloseInputDevice	AMIGINIT.C:4,200-233,217-232,363-373	include/redmcsb_f1080_close_input_device_pc34_compat.h	SOURCE_NONAPPLICABLE	Available input-device teardown route is Amiga-only; focused PC boundary is intentionally a no-op.
F1081_OpenNIL	F	OpenNIL	AMIGINIT.C:4,235-257,333-361	include/redmcsb_f1081_open_nil_pc34_compat.h	SOURCE_NONAPPLICABLE	Available NIL: handle open route is Amiga DOS-only; focused PC boundary is intentionally unavailable.
F1082_CloseNIL	F	CloseNIL	AMIGINIT.C:4,248-257,363-373	include/redmcsb_f1082_close_nil_pc34_compat.h	SOURCE_NONAPPLICABLE	Available NIL: handle close route is Amiga DOS-only; focused PC boundary is intentionally unavailable.
F1083_Allocate724Bytes	F	Allocate724Bytes	AMIGINIT.C:4,260-266,333-361	include/redmcsb_f1083_allocate_724_bytes_pc34_compat.h	SOURCE_NONAPPLICABLE	Available 724-byte AMISTRUCT allocation is Amiga chip-memory-only; focused PC boundary is intentionally unavailable.
F1084_Free724Bytes	F	Free724Bytes	AMIGINIT.C:4,268-275,363-373	include/redmcsb_f1084_free_724_bytes_pc34_compat.h	SOURCE_NONAPPLICABLE	Available AMISTRUCT release is Amiga chip-memory-only; focused PC boundary is intentionally unavailable.
F1085_IntuitionVectorReplacement	F	IntuitionVectorReplacement	AMIGINIT.C:277	-	MISSING	No exact numbered token found in Firestaff src/include; no implementation claim.
F1086_ReplaceIntuitionVectors	F	ReplaceIntuitionVectors	AMIGINIT.C:283	-	MISSING	No exact numbered token found in Firestaff src/include; no implementation claim.
F1087_RestoreIntuitionVectors	F	RestoreIntuitionVectors	AMIGINIT.C:293	-	MISSING	No exact numbered token found in Firestaff src/include; no implementation claim.
F1088_OpenAmigaStuff	F	OpenAmigaStuff	AMIGINIT.C:333	src/dm1/dm1_v1_creature_render_pc34_compat.c:1050	UNCERTAIN_NUMBERED_EVIDENCE	Exact numeric token occurs in Firestaff source; this audit did not verify behavioral equivalence or implementation.
F1089_CloseAmigaStuff	F	CloseAmigaStuff	AMIGINIT.C:363	src/dm1/dm1_v1_creature_render_pc34_compat.c:1051	UNCERTAIN_NUMBERED_EVIDENCE	Exact numeric token occurs in Firestaff source; this audit did not verify behavioral equivalence or implementation.
F1090_GetCSBInternalErrorMessage	F	GetCSBInternalErrorMessage	AMIGINIT.C:392	-	MISSING	No exact numbered token found in Firestaff src/include; no implementation claim.
F1091_GetCSBSystemErrorMessage	F	GetCSBSystemErrorMessage	AMIGINIT.C:411	-	MISSING	No exact numbered token found in Firestaff src/include; no implementation claim.
F1092_GetHexadecimalDigits	F	GetHexadecimalDigits	AMIGINIT.C:430	-	MISSING	No exact numbered token found in Firestaff src/include; no implementation claim.
F1093_DisplayAlertCSBInternalError	F	DisplayAlertCSBInternalError	AMIGINIT.C:442	-	MISSING	No exact numbered token found in Firestaff src/include; no implementation claim.
F1094_DisplayAlertCSBSystemError	F	DisplayAlertCSBSystemError	AMIGINIT.C:459	-	MISSING	No exact numbered token found in Firestaff src/include; no implementation claim.
F1097_StoreKeyInBuffer	F	StoreKeyInBuffer	AMIGA.H:397	src/dm1/dm1_v1_input_poll_pc34_compat.c:24	UNCERTAIN_NUMBERED_EVIDENCE	Exact numeric token occurs in Firestaff source; this audit did not verify behavioral equivalence or implementation.
F1098_GetFirstKeyFromBuffer	F	GetFirstKeyFromBuffer	INPUT.C:836	src/dm1/dm1_v1_input_poll_pc34_compat.c:16	UNCERTAIN_NUMBERED_EVIDENCE	Exact numeric token occurs in Firestaff source; this audit did not verify behavioral equivalence or implementation.
F1099_IsKeyBufferNotEmpty	F	IsKeyBufferNotEmpty	INPUT.C:849	src/dm1/dm1_v1_input_poll_pc34_compat.c:13	UNCERTAIN_NUMBERED_EVIDENCE	Exact numeric token occurs in Firestaff source; this audit did not verify behavioral equivalence or implementation.
F1100_Unreferenced	F	Unreferenced	INPUT.C:861	-	MISSING	No exact numbered token found in Firestaff src/include; no implementation claim.
F1101_DetectDiskChange	F	DetectDiskChange	AMIGA.H:398	-	MISSING	No exact numbered token found in Firestaff src/include; no implementation claim.
F1102_Unreferenced	F	Unreferenced	INPUT.C:880	-	MISSING	No exact numbered token found in Firestaff src/include; no implementation claim.
F1106_IsTrackdiskDeviceOpened	F	IsTrackdiskDeviceOpened	FIO1.C:737	-	MISSING	No exact numbered token found in Firestaff src/include; no implementation claim.
F1107_GetDiskChangeCounter	F	GetDiskChangeCounter	FIO1.C:22	-	MISSING	No exact numbered token found in Firestaff src/include; no implementation claim.
F1108_GetDiskChangeCounter	F	GetDiskChangeCounter	AMIGA.H:405	-	MISSING	No exact numbered token found in Firestaff src/include; no implementation claim.
F1109_GetDiskState	F	GetDiskState	FIO1.C:970	-	MISSING	No exact numbered token found in Firestaff src/include; no implementation claim.
F1110_DrawFormatProgressBar	F	DrawFormatProgressBar	AMIGA.H:399	-	MISSING	No exact numbered token found in Firestaff src/include; no implementation claim.
F1111_CPSX	F	CPSX	AMIGINIT.C:551	-	MISSING	No exact numbered token found in Firestaff src/include; no implementation claim.
F1114_CloseTrackdiskDevice	F	CloseTrackdiskDevice	CNFG.C:10	-	MISSING	No exact numbered token found in Firestaff src/include; no implementation claim.
F1127_TransitionFromPaletteToPalette	F	TransitionFromPaletteToPalette	PALETTE.C:136	src/dm1/dm1_v1_palette_font_pc34_compat.c:145	UNCERTAIN_NUMBERED_EVIDENCE	Exact numeric token occurs in Firestaff source; this audit did not verify behavioral equivalence or implementation.
F1128_IsLeftMouseButtonDown	F	IsLeftMouseButtonDown	FILLBOX.C:6	-	MISSING	No exact numbered token found in Firestaff src/include; no implementation claim.
F1131_InvertBox	F	InvertBox	CEDTINCN.C:42	-	MISSING	No exact numbered token found in Firestaff src/include; no implementation claim.
F1132_ConvertBoxCoordinates	F	ConvertBoxCoordinates	BLIT.C:2036	src/dm1/dm1_v1_blit_fill_pc34_compat.c:149	UNCERTAIN_NUMBERED_EVIDENCE	Exact numeric token occurs in Firestaff source; this audit did not verify behavioral equivalence or implementation.
F1133_AddCopperInterrupt	F	AddCopperInterrupt	AMIGINIT.C:550	-	MISSING	No exact numbered token found in Firestaff src/include; no implementation claim.
F1134_RemoveCopperInterrupt	F	RemoveCopperInterrupt	AMIGINIT.C:668	-	MISSING	No exact numbered token found in Firestaff src/include; no implementation claim.
F1135_CopperInterrupt_CPSX	F	CopperInterrupt	COPERINT.C:9	-	MISSING	No exact numbered token found in Firestaff src/include; no implementation claim.
F1140_InitializeColorPaletteFullBlack	F	InitializeColorPaletteFullBlack	AMIGAVID.C:32	-	MISSING	No exact numbered token found in Firestaff src/include; no implementation claim.
F1141_EnablePlayfieldDisplayAndCopper	F	EnablePlayfieldDisplayAndCopper	AMIGAVID.C:50	-	MISSING	No exact numbered token found in Firestaff src/include; no implementation claim.
F1148_CustomExceptCode_CPSX	F	CustomExceptCode	COPYPROE.C:14	-	MISSING	No exact numbered token found in Firestaff src/include; no implementation claim.
F1149_Init_CPSX	F	Init	AMIGINIT.C:553	-	MISSING	No exact numbered token found in Firestaff src/include; no implementation claim.
F1150_Free_CPSX	F	Free	AMIGINIT.C:665	-	MISSING	No exact numbered token found in Firestaff src/include; no implementation claim.
F1156_CPSC_GetChecksum	F	CPSC	COMMAND.C:2229	src/dm1/dm1_v1_click_routing_pc34_compat.c:127	UNCERTAIN_NUMBERED_EVIDENCE	Exact numeric token occurs in Firestaff source; this audit did not verify behavioral equivalence or implementation.
F1157_BackupA5	F	BackupA5	AMIGINIT.C:48	-	MISSING	No exact numbered token found in Firestaff src/include; no implementation claim.
F1159_Empty	F	Empty	USIOMAIN.C:12	-	MISSING	No exact numbered token found in Firestaff src/include; no implementation claim.
F1160_USIO_04_Empty	F	USIO	USIO1.C:29	-	MISSING	No exact numbered token found in Firestaff src/include; no implementation claim.
F1161_USIO_05_Empty	F	USIO	USIO1.C:36	-	MISSING	No exact numbered token found in Firestaff src/include; no implementation claim.
F1162_USIO_06_HidePointer	F	USIO	USIO1.C:43	-	MISSING	No exact numbered token found in Firestaff src/include; no implementation claim.
F1163_USIO_07_ShowPointer	F	USIO	USIO1.C:61	-	MISSING	No exact numbered token found in Firestaff src/include; no implementation claim.
F1164_USIO_15_GetFirstQueuedUsioDataType	F	USIO	USIO2.C:41	-	MISSING	No exact numbered token found in Firestaff src/include; no implementation claim.
F1165_USIO_17_WaitUntilKeyboardOrMouseInput	F	USIO	USIO2.C:60	-	MISSING	No exact numbered token found in Firestaff src/include; no implementation claim.
F1166_USIO_16_ExtractFirstUsioDataFromQueue	F	USIO	USIO2.C:75	-	MISSING	No exact numbered token found in Firestaff src/include; no implementation claim.
F1167_USIO_14_GetMouseStatus	F	USIO	USIO2.C:89	-	MISSING	No exact numbered token found in Firestaff src/include; no implementation claim.
F1168_USIO_18_Empty	F	USIO	USIO2.C:116	-	MISSING	No exact numbered token found in Firestaff src/include; no implementation claim.
F1170_USIO_03_Expunge	F	USIO	USIO2.C:176	-	MISSING	No exact numbered token found in Firestaff src/include; no implementation claim.
F1171_USIO_19_LockDF0	F	USIO	USIO2.C:205	-	MISSING	No exact numbered token found in Firestaff src/include; no implementation claim.
F1172_QueueMouseAndKeyboardInput	F	QueueMouseAndKeyboardInput	USIO2.C:13	-	MISSING	No exact numbered token found in Firestaff src/include; no implementation claim.
F1173_AddUsioDataToInputQueue	F	AddUsioDataToInputQueue	USIO1.C:177	-	MISSING	No exact numbered token found in Firestaff src/include; no implementation claim.
F1174_AddPendingUsioDataToInputQueue	F	AddPendingUsioDataToInputQueue	USIO2.C:264	-	MISSING	No exact numbered token found in Firestaff src/include; no implementation claim.
F1175_GetFirstQueuedUsioDataIndex	F	GetFirstQueuedUsioDataIndex	USIO2.C:51	-	MISSING	No exact numbered token found in Firestaff src/include; no implementation claim.
F1176_ExtractFirstUsioDataFromQueue	F	ExtractFirstUsioDataFromQueue	USIO2.C:69	-	MISSING	No exact numbered token found in Firestaff src/include; no implementation claim.
F1179_Process_AN	F	Process	ANIM.C:586	src/dm1/dm1_v1_creature_render_pc34_compat.c:1052	UNCERTAIN_NUMBERED_EVIDENCE	Exact numeric token occurs in Firestaff source; this audit did not verify behavioral equivalence or implementation.
F1180_Process_BR	F	Process	ANIM.C:593	src/dm1/dm1_v1_creature_render_pc34_compat.c:1053	UNCERTAIN_NUMBERED_EVIDENCE	Exact numeric token occurs in Firestaff source; this audit did not verify behavioral equivalence or implementation.
F1181_Process_PL	F	Process	ANIM.C:601	src/dm1/dm1_v1_creature_render_pc34_compat.c:1054	UNCERTAIN_NUMBERED_EVIDENCE	Exact numeric token occurs in Firestaff source; this audit did not verify behavioral equivalence or implementation.
F1182_Process_EN	F	Process	ANIM.C:620	src/dm1/dm1_v1_creature_render_pc34_compat.c:1055	UNCERTAIN_NUMBERED_EVIDENCE	Exact numeric token occurs in Firestaff source; this audit did not verify behavioral equivalence or implementation.
F1183_Process_DL	F	Process	ANIM.C:628	src/dm1/dm1_v1_creature_render_pc34_compat.c:1056	UNCERTAIN_NUMBERED_EVIDENCE	Exact numeric token occurs in Firestaff source; this audit did not verify behavioral equivalence or implementation.
F1184_Process_SD	F	Process	ANIM.C:636	src/dm1/dm1_v1_creature_render_pc34_compat.c:1057	UNCERTAIN_NUMBERED_EVIDENCE	Exact numeric token occurs in Firestaff source; this audit did not verify behavioral equivalence or implementation.
F1185_Process_MD	F	Process	ANIM.C:644	src/dm1/dm1_v1_creature_render_pc34_compat.c:1058	UNCERTAIN_NUMBERED_EVIDENCE	Exact numeric token occurs in Firestaff source; this audit did not verify behavioral equivalence or implementation.
F1186_Process_SO	F	Process	ANIM.C:652	src/dm1/dm1_v1_creature_render_pc34_compat.c:1059	UNCERTAIN_NUMBERED_EVIDENCE	Exact numeric token occurs in Firestaff source; this audit did not verify behavioral equivalence or implementation.
F1187_Process_MI	F	Process	ANIM.C:664	src/dm1/dm1_v1_creature_render_pc34_compat.c:1060	UNCERTAIN_NUMBERED_EVIDENCE	Exact numeric token occurs in Firestaff source; this audit did not verify behavioral equivalence or implementation.
F1188_Process_SF	F	Process	ANIM.C:672	src/dm1/dm1_v1_creature_render_pc34_compat.c:1061	UNCERTAIN_NUMBERED_EVIDENCE	Exact numeric token occurs in Firestaff source; this audit did not verify behavioral equivalence or implementation.
F1189_Process_MF	F	Process	ANIM.C:705	src/dm1/dm1_v1_creature_render_pc34_compat.c:1062	UNCERTAIN_NUMBERED_EVIDENCE	Exact numeric token occurs in Firestaff source; this audit did not verify behavioral equivalence or implementation.
F1190_Process_FO	F	Process	ANIM.C:738	src/dm1/dm1_v1_creature_render_pc34_compat.c:1063	UNCERTAIN_NUMBERED_EVIDENCE	Exact numeric token occurs in Firestaff source; this audit did not verify behavioral equivalence or implementation.
F1191_Process_NE	F	Process	ANIM.C:747	src/dm1/dm1_v1_creature_render_pc34_compat.c:1064	UNCERTAIN_NUMBERED_EVIDENCE	Exact numeric token occurs in Firestaff source; this audit did not verify behavioral equivalence or implementation.
F1192_Process_BN	F	Process	ANIM.C:759	src/dm1/dm1_v1_creature_render_pc34_compat.c:1065	UNCERTAIN_NUMBERED_EVIDENCE	Exact numeric token occurs in Firestaff source; this audit did not verify behavioral equivalence or implementation.
F1193_Process_DO	F	Process	ANIM.C:766	src/dm1/dm1_v1_creature_render_pc34_compat.c:1066	UNCERTAIN_NUMBERED_EVIDENCE	Exact numeric token occurs in Firestaff source; this audit did not verify behavioral equivalence or implementation.
F1194_Process_WA	F	Process	ANIM.C:775	src/dm1/dm1_v1_creature_render_pc34_compat.c:1067	UNCERTAIN_NUMBERED_EVIDENCE	Exact numeric token occurs in Firestaff source; this audit did not verify behavioral equivalence or implementation.
F1195_Process_TR	F	Process	ANIM.C:783	src/dm1/dm1_v1_creature_render_pc34_compat.c:1068	UNCERTAIN_NUMBERED_EVIDENCE	Exact numeric token occurs in Firestaff source; this audit did not verify behavioral equivalence or implementation.
F1206_UpdateColorPalette	F	UpdateColorPalette	ANIM.C:480	src/dm1/dm1_v1_creature_render_pc34_compat.c:1069	UNCERTAIN_NUMBERED_EVIDENCE	Exact numeric token occurs in Firestaff source; this audit did not verify behavioral equivalence or implementation.
F1221_AllocMemForSD	F	AllocMemForSD	ANIM.C:494	src/dm1/dm1_v1_creature_render_pc34_compat.c:1070	UNCERTAIN_NUMBERED_EVIDENCE	Exact numeric token occurs in Firestaff source; this audit did not verify behavioral equivalence or implementation.
F1222_FreeMemForSD	F	FreeMemForSD	ANIM.C:495	src/dm1/dm1_v1_creature_render_pc34_compat.c:1071	UNCERTAIN_NUMBERED_EVIDENCE	Exact numeric token occurs in Firestaff source; this audit did not verify behavioral equivalence or implementation.
F1230_CleanupSound	F	CleanupSound	ANIM.C:1315	src/dm1/dm1_v1_creature_render_pc34_compat.c:1072	UNCERTAIN_NUMBERED_EVIDENCE	Exact numeric token occurs in Firestaff source; this audit did not verify behavioral equivalence or implementation.
F1253_FadeOutSound	F	FadeOutSound	ANIM.C:1379	src/dm1/dm1_v1_creature_render_pc34_compat.c:1073	UNCERTAIN_NUMBERED_EVIDENCE	Exact numeric token occurs in Firestaff source; this audit did not verify behavioral equivalence or implementation.
F1255_CheckMasterDisk	F	CheckMasterDisk	CNFG.C:144	-	MISSING	No exact numbered token found in Firestaff src/include; no implementation claim.
F1257_CheckMemory	F	CheckMemory	CNFG.C:201	-	MISSING	No exact numbered token found in Firestaff src/include; no implementation claim.
F1258_CheckPrerequisites	F	CheckPrerequisites	CNFG.C:212	-	MISSING	No exact numbered token found in Firestaff src/include; no implementation claim.
F1272_Initialize_CPSX	F	Initialize	SWSH.C:915	-	MISSING	No exact numbered token found in Firestaff src/include; no implementation claim.
F1273_Cleanup	F	Cleanup	SWSH.C:2870	-	MISSING	No exact numbered token found in Firestaff src/include; no implementation claim.
F1274_Unreferenced	F	Unreferenced	SWSH.C:2878	-	MISSING	No exact numbered token found in Firestaff src/include; no implementation claim.
F1282_WriteString	F	WriteString	AMIGINIT.C:308	-	MISSING	No exact numbered token found in Firestaff src/include; no implementation claim.
F1283_WriteCharacter_Unreferenced	F	WriteCharacter	AMIGINIT.C:312	-	MISSING	No exact numbered token found in Firestaff src/include; no implementation claim.
F1288_GetChosenOption	F	GetChosenOption	SWITCH.C:520	src/dm1/dm1_v1_game_state_pc34_compat.c:322	UNCERTAIN_NUMBERED_EVIDENCE	Exact numeric token occurs in Firestaff source; this audit did not verify behavioral equivalence or implementation.
F1289_GetFullFileName	F	GetFullFileName	APPBLANG.C:16	-	MISSING	No exact numbered token found in Firestaff src/include; no implementation claim.
F1290_GetVolumeState	F	GetVolumeState	APPBLANG.C:30	-	MISSING	No exact numbered token found in Firestaff src/include; no implementation claim.
F1291_GetLanguageIndexFromLanguageFileName	F	GetLanguageIndexFromLanguageFileName	APPBLANG.C:65	-	MISSING	No exact numbered token found in Firestaff src/include; no implementation claim.
F1292_DeleteLanguageFilesFromGameDisk	F	DeleteLanguageFilesFromGameDisk	APPBLANG.C:84	-	MISSING	No exact numbered token found in Firestaff src/include; no implementation claim.
F1293_CreateLanguageFile	F	CreateLanguageFile	APPBLANG.C:97	-	MISSING	No exact numbered token found in Firestaff src/include; no implementation claim.
F1294_GetKeyboardMatrix	F	GetKeyboardMatrix	APPBLANG.C:113	-	MISSING	No exact numbered token found in Firestaff src/include; no implementation claim.
F1295_IsAltKeyPressed	F	IsAltKeyPressed	APPBLANG.C:123	-	MISSING	No exact numbered token found in Firestaff src/include; no implementation claim.
F1298_GetAutomaticStartupLanguage	F	GetAutomaticStartupLanguage	APPBLANG.C:162	src/dm1/dm1_v1_game_state_pc34_compat.c:323	UNCERTAIN_NUMBERED_EVIDENCE	Exact numeric token occurs in Firestaff source; this audit did not verify behavioral equivalence or implementation.
F1299_SaveLanguageChoice	F	SaveLanguageChoice	APPBLANG.C:175	src/dm1/dm1_v1_game_state_pc34_compat.c:324	UNCERTAIN_NUMBERED_EVIDENCE	Exact numeric token occurs in Firestaff source; this audit did not verify behavioral equivalence or implementation.
F1300_Initialize	F	Initialize	APPBLANG.C:185	src/dm1/dm1_v1_game_state_pc34_compat.c:325	UNCERTAIN_NUMBERED_EVIDENCE	Exact numeric token occurs in Firestaff source; this audit did not verify behavioral equivalence or implementation.
F1301_Cleanup	F	Cleanup	APPBLANG.C:192	src/dm1/dm1_v1_game_state_pc34_compat.c:326	UNCERTAIN_NUMBERED_EVIDENCE	Exact numeric token occurs in Firestaff source; this audit did not verify behavioral equivalence or implementation.
F1302_strncmp	F	strncmp	CNFG.C:158	-	MISSING	No exact numbered token found in Firestaff src/include; no implementation claim.
F1303_OpenFIO1	F	OpenFIO1	CEDT019.C:7	-	MISSING	No exact numbered token found in Firestaff src/include; no implementation claim.
F1304_CloseFIO1	F	CloseFIO1	CEDT019.C:155	-	MISSING	No exact numbered token found in Firestaff src/include; no implementation claim.
F1305_OpenFTLLibrary	F	OpenFTLLibrary	FIO1MAIN.C:34	-	MISSING	No exact numbered token found in Firestaff src/include; no implementation claim.
F1306_Unreferenced	F	Unreferenced	FIO1MAIN.C:75	-	MISSING	No exact numbered token found in Firestaff src/include; no implementation claim.
F1307_FIO1_03_Expunge	F	FIO1	FIO1MAIN.C:31	-	MISSING	No exact numbered token found in Firestaff src/include; no implementation claim.
F1316_InitializeLibrary	F	InitializeLibrary	FIO1.C:54	-	MISSING	No exact numbered token found in Firestaff src/include; no implementation claim.
F1317_UninitializeLibrary	F	UninitializeLibrary	FIO1.C:61	-	MISSING	No exact numbered token found in Firestaff src/include; no implementation claim.
F1318_FIO1_29_	F	FIO1	FIO1.C:69	-	MISSING	No exact numbered token found in Firestaff src/include; no implementation claim.
F1319_FIO1_28_	F	FIO1	FIO1.C:95	-	MISSING	No exact numbered token found in Firestaff src/include; no implementation claim.
F1320_FIO1_27_	F	FIO1	FIO1.C:113	-	MISSING	No exact numbered token found in Firestaff src/include; no implementation claim.
F1321_FIO1_07_SubstituteStringInFileName	F	FIO1	FIO1.C:125	-	MISSING	No exact numbered token found in Firestaff src/include; no implementation claim.
F1322_FIO1_26_	F	FIO1	FIO1.C:145	-	MISSING	No exact numbered token found in Firestaff src/include; no implementation claim.
F1323_FIO1_25_	F	FIO1	FIO1.C:166	src/nexus/nexus_v1_game.c:18	UNCERTAIN_NUMBERED_EVIDENCE	Exact numeric token occurs in Firestaff source; this audit did not verify behavioral equivalence or implementation.
F1324_FIO1_24_	F	FIO1	FIO1.C:247	-	MISSING	No exact numbered token found in Firestaff src/include; no implementation claim.
F1325_FIO1_04_IsDiskWriteable	F	FIO1	FIO1.C:267	-	MISSING	No exact numbered token found in Firestaff src/include; no implementation claim.
F1326_FIO1_05_FormatSaveDisk	F	FIO1	FIO1.C:285	-	MISSING	No exact numbered token found in Firestaff src/include; no implementation claim.
F1327_FIO1_23_	F	FIO1	FIO1.C:50	-	MISSING	No exact numbered token found in Firestaff src/include; no implementation claim.
F1328_FIO1_22_	F	FIO1	FIO1.C:362	-	MISSING	No exact numbered token found in Firestaff src/include; no implementation claim.
F1329_FIO1_21_Open	F	FIO1	FIO1.C:384	-	MISSING	No exact numbered token found in Firestaff src/include; no implementation claim.
F1330_FIO1_20_Create	F	FIO1	FIO1.C:417	src/nexus/nexus_v1_audio_receipt.c:36	UNCERTAIN_NUMBERED_EVIDENCE	Exact numeric token occurs in Firestaff source; this audit did not verify behavioral equivalence or implementation.
F1331_FIO1_19_Close	F	FIO1	FIO1.C:453	-	MISSING	No exact numbered token found in Firestaff src/include; no implementation claim.
F1332_FIO1_18_GetSize	F	FIO1	FIO1.C:479	-	MISSING	No exact numbered token found in Firestaff src/include; no implementation claim.
F1333_FIO1_17_Tell	F	FIO1	FIO1.C:506	-	MISSING	No exact numbered token found in Firestaff src/include; no implementation claim.
F1334_FIO1_16_Seek	F	FIO1	FIO1.C:531	-	MISSING	No exact numbered token found in Firestaff src/include; no implementation claim.
F1335_FIO1_15_Read	F	FIO1	FIO1.C:560	-	MISSING	No exact numbered token found in Firestaff src/include; no implementation claim.
F1336_FIO1_14_Write	F	FIO1	FIO1.C:592	-	MISSING	No exact numbered token found in Firestaff src/include; no implementation claim.
F1337_FIO1_13_Lock	F	FIO1	FIO1.C:634	-	MISSING	No exact numbered token found in Firestaff src/include; no implementation claim.
F1338_FIO1_12_Delete	F	FIO1	FIO1.C:668	-	MISSING	No exact numbered token found in Firestaff src/include; no implementation claim.
F1339_FIO1_11_Rename	F	FIO1	FIO1.C:697	-	MISSING	No exact numbered token found in Firestaff src/include; no implementation claim.
F1340_FIO1_09_	F	FIO1	FIO1.C:728	-	MISSING	No exact numbered token found in Firestaff src/include; no implementation claim.
F1341_FIO1_10_	F	FIO1	FIO1.C:745	-	MISSING	No exact numbered token found in Firestaff src/include; no implementation claim.
F1342_FIO1_08_	F	FIO1	FIO1.C:762	-	MISSING	No exact numbered token found in Firestaff src/include; no implementation claim.
F1343_FIO1_06_	F	FIO1	FIO1.C:791	-	MISSING	No exact numbered token found in Firestaff src/include; no implementation claim.
F1344_UninitializeData	F	UninitializeData	FIO1.C:26	-	MISSING	No exact numbered token found in Firestaff src/include; no implementation claim.
F1345_InitializeData	F	InitializeData	FIO1.C:27	-	MISSING	No exact numbered token found in Firestaff src/include; no implementation claim.
F1348_IsFloppyDiskInDrive	F	IsFloppyDiskInDrive	FIO1.C:329	-	MISSING	No exact numbered token found in Firestaff src/include; no implementation claim.
F1349_IsDiskWriteProtected	F	IsDiskWriteProtected	FIO1.C:278	-	MISSING	No exact numbered token found in Firestaff src/include; no implementation claim.
F1362_IsFloppyDriveEmpty	F	IsFloppyDriveEmpty	FIO1.C:21	-	MISSING	No exact numbered token found in Firestaff src/include; no implementation claim.
F1363_IsFloppyDiskWriteProtected	F	IsFloppyDiskWriteProtected	FIO1.C:24	-	MISSING	No exact numbered token found in Firestaff src/include; no implementation claim.
F1368_Graphic_FTLLogo	F	Graphic	SWSH.C:2407	-	MISSING	No exact numbered token found in Firestaff src/include; no implementation claim.
F1372_SetVerticalBlankInterrupt	F	SetVerticalBlankInterrupt	ANIM.C:105	src/dm1/dm1_v1_game_loop_pc34_compat.c:271	UNCERTAIN_NUMBERED_EVIDENCE	Exact numeric token occurs in Firestaff source; this audit did not verify behavioral equivalence or implementation.
F1374_ApplyPaletteAndWaitForDelay	F	ApplyPaletteAndWaitForDelay	FMTOWNS.H:392	-	MISSING	No exact numbered token found in Firestaff src/include; no implementation claim.
F1377_PlaySilentSound	F	PlaySilentSound	SWSH.C:2717	-	MISSING	No exact numbered token found in Firestaff src/include; no implementation claim.
F1501_GetSwitchOptionBitmapByteCount	F	GetSwitchOptionBitmapByteCount	SWITCH.C:53	src/dm1/dm1_v1_game_state_pc34_compat.c:327	UNCERTAIN_NUMBERED_EVIDENCE	Exact numeric token occurs in Firestaff source; this audit did not verify behavioral equivalence or implementation.
F1503_ReadFTLHeaders	F	ReadFTLHeaders	SWITCH.C:78	src/dm1/dm1_v1_game_state_pc34_compat.c:328	UNCERTAIN_NUMBERED_EVIDENCE	Exact numeric token occurs in Firestaff source; this audit did not verify behavioral equivalence or implementation.
F1504_LoadSegment	F	LoadSegment	SWITCH.C:151	src/dm1/dm1_v1_game_state_pc34_compat.c:329	UNCERTAIN_NUMBERED_EVIDENCE	Exact numeric token occurs in Firestaff source; this audit did not verify behavioral equivalence or implementation.
F1506_SetMouseInputFromSwitchOptions	F	SetMouseInputFromSwitchOptions	SWITCH.C:230	src/dm1/dm1_v1_game_state_pc34_compat.c:330	UNCERTAIN_NUMBERED_EVIDENCE	Exact numeric token occurs in Firestaff source; this audit did not verify behavioral equivalence or implementation.
F1507_DrawSwitchOptionBitmap	F	DrawSwitchOptionBitmap	SWITCH.C:256	src/dm1/dm1_v1_game_state_pc34_compat.c:331	UNCERTAIN_NUMBERED_EVIDENCE	Exact numeric token occurs in Firestaff source; this audit did not verify behavioral equivalence or implementation.
F1508_FreeMemoryOfAllSwitchOptionGraphics	F	FreeMemoryOfAllSwitchOptionGraphics	SWITCH.C:298	src/dm1/dm1_v1_game_state_pc34_compat.c:332	UNCERTAIN_NUMBERED_EVIDENCE	Exact numeric token occurs in Firestaff source; this audit did not verify behavioral equivalence or implementation.
F1509_Initialization	F	Initialization	SWITCH.C:310	src/dm1/dm1_v1_game_state_pc34_compat.c:333	UNCERTAIN_NUMBERED_EVIDENCE	Exact numeric token occurs in Firestaff source; this audit did not verify behavioral equivalence or implementation.
F1510_LoadDataFile	F	LoadDataFile	SWITCH.C:329	src/dm1/dm1_v1_game_state_pc34_compat.c:334	UNCERTAIN_NUMBERED_EVIDENCE	Exact numeric token occurs in Firestaff source; this audit did not verify behavioral equivalence or implementation.
F1511_Unreferenced	F	Unreferenced	SWITCH.C:404	src/dm1/dm1_v1_game_state_pc34_compat.c:335	UNCERTAIN_NUMBERED_EVIDENCE	Exact numeric token occurs in Firestaff source; this audit did not verify behavioral equivalence or implementation.
F1513_MainLoop	F	MainLoop	SWITCH.C:412	src/dm1/dm1_v1_game_state_pc34_compat.c:336	UNCERTAIN_NUMBERED_EVIDENCE	Exact numeric token occurs in Firestaff source; this audit did not verify behavioral equivalence or implementation.
F1524_VerticalBlankClearPalette	F	VerticalBlankClearPalette	UTSTWKS.C:18	-	MISSING	No exact numbered token found in Firestaff src/include; no implementation claim.
F1525_OpenVDIWorkstation	F	OpenVDIWorkstation	ANIM.C:98	src/dm1/dm1_v1_creature_render_pc34_compat.c:1074	UNCERTAIN_NUMBERED_EVIDENCE	Exact numeric token occurs in Firestaff source; this audit did not verify behavioral equivalence or implementation.
F1526_CloseWorkstationAndExitApplication	F	CloseWorkstationAndExitApplication	ANIM.C:110	src/dm1/dm1_v1_creature_render_pc34_compat.c:1075	UNCERTAIN_NUMBERED_EVIDENCE	Exact numeric token occurs in Firestaff source; this audit did not verify behavioral equivalence or implementation.
F1527_MOUSE_EnableScreenUpdate_CPSE	F	MOUSE	HINT001.C:50	-	MISSING	No exact numbered token found in Firestaff src/include; no implementation claim.
F1528_MOUSE_DisableScreenUpdate	F	MOUSE	HINT001.C:44	-	MISSING	No exact numbered token found in Firestaff src/include; no implementation claim.
F1530_ShowMousePointerAsArrow	F	ShowMousePointerAsArrow	CEDTINCI.C:304	src/dm1/dm1_v1_input_poll_pc34_compat.c:372	UNCERTAIN_NUMBERED_EVIDENCE	Exact numeric token occurs in Firestaff source; this audit did not verify behavioral equivalence or implementation.
F1531_MouseHandler	F	MouseHandler	CEDTINCI.C:303	src/dm1/dm1_v1_input_poll_pc34_compat.c:373	UNCERTAIN_NUMBERED_EVIDENCE	Exact numeric token occurs in Firestaff source; this audit did not verify behavioral equivalence or implementation.
F1534_CallAES	F	CallAES	ATARIST.H:376	-	MISSING	No exact numbered token found in Firestaff src/include; no implementation claim.
F1535_AES_appl_init	F	AES	UTSTAES.C:169	-	MISSING	No exact numbered token found in Firestaff src/include; no implementation claim.
F1536_AES_appl_exit	F	AES	UTSTAES.C:187	-	MISSING	No exact numbered token found in Firestaff src/include; no implementation claim.
F1537_AES_appl_write	F	AES	UTSTAES.C:194	-	MISSING	No exact numbered token found in Firestaff src/include; no implementation claim.
F1538_AES_appl_read	F	AES	UTSTAES.C:201	-	MISSING	No exact numbered token found in Firestaff src/include; no implementation claim.
F1539_AES_appl_find	F	AES	UTSTAES.C:208	-	MISSING	No exact numbered token found in Firestaff src/include; no implementation claim.
F1540_AES_appl_tplay	F	AES	UTSTAES.C:213	-	MISSING	No exact numbered token found in Firestaff src/include; no implementation claim.
F1541_AES_appl_trecord	F	AES	UTSTAES.C:220	-	MISSING	No exact numbered token found in Firestaff src/include; no implementation claim.
F1542_AES_evnt_keybd	F	AES	UTSTAES.C:226	-	MISSING	No exact numbered token found in Firestaff src/include; no implementation claim.
F1543_AES_evnt_button	F	AES	UTSTAES.C:232	-	MISSING	No exact numbered token found in Firestaff src/include; no implementation claim.
F1544_AES_evnt_mouse	F	AES	UTSTAES.C:244	-	MISSING	No exact numbered token found in Firestaff src/include; no implementation claim.
F1545_AES_evnt_mesag	F	AES	UTSTAES.C:258	-	MISSING	No exact numbered token found in Firestaff src/include; no implementation claim.
F1546_AES_evnt_timer	F	AES	UTSTAES.C:263	-	MISSING	No exact numbered token found in Firestaff src/include; no implementation claim.
F1547_AES_evnt_multi	F	AES	UTSTAES.C:269	-	MISSING	No exact numbered token found in Firestaff src/include; no implementation claim.
F1548_AES_evnt_dclick	F	AES	UTSTAES.C:297	-	MISSING	No exact numbered token found in Firestaff src/include; no implementation claim.
F1549_AES_menu_bar	F	AES	UTSTAES.C:303	-	MISSING	No exact numbered token found in Firestaff src/include; no implementation claim.
F1550_AES_menu_icheck	F	AES	UTSTAES.C:309	-	MISSING	No exact numbered token found in Firestaff src/include; no implementation claim.
F1551_AES_menu_ienable	F	AES	UTSTAES.C:316	-	MISSING	No exact numbered token found in Firestaff src/include; no implementation claim.
F1552_AES_menu_tnormal	F	AES	UTSTAES.C:323	-	MISSING	No exact numbered token found in Firestaff src/include; no implementation claim.
F1553_AES_menu_text	F	AES	UTSTAES.C:330	-	MISSING	No exact numbered token found in Firestaff src/include; no implementation claim.
F1554_AES_menu_register	F	AES	UTSTAES.C:337	-	MISSING	No exact numbered token found in Firestaff src/include; no implementation claim.
F1555_AES_objc_add	F	AES	UTSTAES.C:343	-	MISSING	No exact numbered token found in Firestaff src/include; no implementation claim.
F1556_AES_objc_delete	F	AES	UTSTAES.C:350	-	MISSING	No exact numbered token found in Firestaff src/include; no implementation claim.
F1557_AES_objc_draw	F	AES	UTSTAES.C:356	-	MISSING	No exact numbered token found in Firestaff src/include; no implementation claim.
F1558_AES_objc_find	F	AES	UTSTAES.C:367	-	MISSING	No exact numbered token found in Firestaff src/include; no implementation claim.
F1559_AES_objc_order	F	AES	UTSTAES.C:376	-	MISSING	No exact numbered token found in Firestaff src/include; no implementation claim.
F1560_AES_objc_offset	F	AES	UTSTAES.C:383	-	MISSING	No exact numbered token found in Firestaff src/include; no implementation claim.
F1561_AES_objc_edit	F	AES	UTSTAES.C:392	-	MISSING	No exact numbered token found in Firestaff src/include; no implementation claim.
F1562_AES_objc_change	F	AES	UTSTAES.C:403	-	MISSING	No exact numbered token found in Firestaff src/include; no implementation claim.
F1563_AES_form_do	F	AES	UTSTAES.C:416	-	MISSING	No exact numbered token found in Firestaff src/include; no implementation claim.
F1564_AES_form_button	F	AES	UTSTAES.C:422	-	MISSING	No exact numbered token found in Firestaff src/include; no implementation claim.
F1565_AES_form_keybd	F	AES	UTSTAES.C:431	-	MISSING	No exact numbered token found in Firestaff src/include; no implementation claim.
F1566_AES_form_dial	F	AES	UTSTAES.C:442	-	MISSING	No exact numbered token found in Firestaff src/include; no implementation claim.
F1567_AES_form_alert	F	AES	UTSTAES.C:455	-	MISSING	No exact numbered token found in Firestaff src/include; no implementation claim.
F1568_AES_form_error	F	AES	UTSTAES.C:461	-	MISSING	No exact numbered token found in Firestaff src/include; no implementation claim.
F1569_AES_form_center	F	AES	UTSTAES.C:466	-	MISSING	No exact numbered token found in Firestaff src/include; no implementation claim.
F1570_AES_graf_rubberbox	F	AES	UTSTAES.C:476	-	MISSING	No exact numbered token found in Firestaff src/include; no implementation claim.
F1571_AES_graf_dragbox	F	AES	UTSTAES.C:487	-	MISSING	No exact numbered token found in Firestaff src/include; no implementation claim.
F1572_AES_graf_movebox	F	AES	UTSTAES.C:502	-	MISSING	No exact numbered token found in Firestaff src/include; no implementation claim.
F1573_AES_graf_growbox	F	AES	UTSTAES.C:512	-	MISSING	No exact numbered token found in Firestaff src/include; no implementation claim.
F1574_AES_graf_shrinkbox	F	AES	UTSTAES.C:524	-	MISSING	No exact numbered token found in Firestaff src/include; no implementation claim.
F1575_AES_graf_watchbox	F	AES	UTSTAES.C:536	-	MISSING	No exact numbered token found in Firestaff src/include; no implementation claim.
F1576_AES_graf_slidebox	F	AES	UTSTAES.C:544	-	MISSING	No exact numbered token found in Firestaff src/include; no implementation claim.
F1577_AES_graf_handle	F	AES	UTSTAES.C:552	-	MISSING	No exact numbered token found in Firestaff src/include; no implementation claim.
F1578_AES_graf_mouse	F	AES	IO.C:4234	src/dm1/dm1_v1_input_poll_pc34_compat.c:374	UNCERTAIN_NUMBERED_EVIDENCE	Exact numeric token occurs in Firestaff source; this audit did not verify behavioral equivalence or implementation.
F1579_AES_graf_mkstate	F	AES	UTSTAES.C:567	-	MISSING	No exact numbered token found in Firestaff src/include; no implementation claim.
F1580_AES_scrp_read	F	AES	UTSTAES.C:575	-	MISSING	No exact numbered token found in Firestaff src/include; no implementation claim.
F1581_AES_scrp_write	F	AES	UTSTAES.C:580	-	MISSING	No exact numbered token found in Firestaff src/include; no implementation claim.
F1582_AES_fsel_input	F	AES	UTSTAES.C:585	-	MISSING	No exact numbered token found in Firestaff src/include; no implementation claim.
F1583_AES_wind_create	F	AES	UTSTAES.C:593	-	MISSING	No exact numbered token found in Firestaff src/include; no implementation claim.
F1584_AES_wind_open	F	AES	UTSTAES.C:602	-	MISSING	No exact numbered token found in Firestaff src/include; no implementation claim.
F1585_AES_wind_close	F	AES	UTSTAES.C:611	-	MISSING	No exact numbered token found in Firestaff src/include; no implementation claim.
F1586_AES_wind_delete	F	AES	UTSTAES.C:616	-	MISSING	No exact numbered token found in Firestaff src/include; no implementation claim.
F1587_AES_wind_get	F	AES	UTSTAES.C:621	-	MISSING	No exact numbered token found in Firestaff src/include; no implementation claim.
F1588_AES_wind_set	F	AES	UTSTAES.C:632	-	MISSING	No exact numbered token found in Firestaff src/include; no implementation claim.
F1589_AES_wind_find	F	AES	UTSTAES.C:642	-	MISSING	No exact numbered token found in Firestaff src/include; no implementation claim.
F1590_AES_wind_update	F	AES	UTSTAES.C:648	-	MISSING	No exact numbered token found in Firestaff src/include; no implementation claim.
F1591_AES_wind_calc	F	AES	UTSTAES.C:653	-	MISSING	No exact numbered token found in Firestaff src/include; no implementation claim.
F1592_AES_rsrc_load	F	AES	UTSTAES.C:668	-	MISSING	No exact numbered token found in Firestaff src/include; no implementation claim.
F1593_AES_rsrc_free	F	AES	UTSTAES.C:673	-	MISSING	No exact numbered token found in Firestaff src/include; no implementation claim.
F1594_AES_rsrc_gaddr	F	AES	UTSTAES.C:679	-	MISSING	No exact numbered token found in Firestaff src/include; no implementation claim.
F1595_AES_rsrc_saddr	F	AES	UTSTAES.C:689	-	MISSING	No exact numbered token found in Firestaff src/include; no implementation claim.
F1596_AES_rsrc_obfix	F	AES	UTSTAES.C:696	-	MISSING	No exact numbered token found in Firestaff src/include; no implementation claim.
F1597_AES_shel_read	F	AES	UTSTAES.C:702	-	MISSING	No exact numbered token found in Firestaff src/include; no implementation claim.
F1598_AES_shel_write	F	AES	UTSTAES.C:708	-	MISSING	No exact numbered token found in Firestaff src/include; no implementation claim.
F1599_AES_shel_get	F	AES	UTSTAES.C:717	-	MISSING	No exact numbered token found in Firestaff src/include; no implementation claim.
F1600_AES_shel_put	F	AES	UTSTAES.C:723	-	MISSING	No exact numbered token found in Firestaff src/include; no implementation claim.
F1601_AES_shel_find	F	AES	UTSTAES.C:729	-	MISSING	No exact numbered token found in Firestaff src/include; no implementation claim.
F1602_AES_shel_envrn	F	AES	UTSTAES.C:734	-	MISSING	No exact numbered token found in Firestaff src/include; no implementation claim.
F1603_TerminateTOSProgram	F	TerminateTOSProgram	CEDTINCI.C:296	-	MISSING	No exact numbered token found in Firestaff src/include; no implementation claim.
F1607_CallVDI	F	CallVDI	HINTTEXT.C:8	-	MISSING	No exact numbered token found in Firestaff src/include; no implementation claim.
F1608_VDI_v_opnwk	F	VDI	UTSTVDI2.C:5	-	MISSING	No exact numbered token found in Firestaff src/include; no implementation claim.
F1609_VDI_v_clswk	F	VDI	UTSTVDI2.C:20	-	MISSING	No exact numbered token found in Firestaff src/include; no implementation claim.
F1610_VDI_v_opnvwk	F	VDI	UTSTVDI2.C:28	-	MISSING	No exact numbered token found in Firestaff src/include; no implementation claim.
F1611_VDI_v_clsvwk	F	VDI	UTSTVDI2.C:44	-	MISSING	No exact numbered token found in Firestaff src/include; no implementation claim.
F1612_VDI_v_clrwk	F	VDI	UTSTVDI2.C:52	-	MISSING	No exact numbered token found in Firestaff src/include; no implementation claim.
F1613_VDI_v_updwk	F	VDI	UTSTVDI2.C:60	-	MISSING	No exact numbered token found in Firestaff src/include; no implementation claim.
F1614_VDI_vst_load_fonts	F	VDI	UTSTVDI2.C:68	-	MISSING	No exact numbered token found in Firestaff src/include; no implementation claim.
F1615_VDI_vst_unload_fonts	F	VDI	UTSTVDI2.C:77	-	MISSING	No exact numbered token found in Firestaff src/include; no implementation claim.
F1616_VDI_vs_clip	F	VDI	UTSTVDI2.C:85	-	MISSING	No exact numbered token found in Firestaff src/include; no implementation claim.
F1617_VDI_vsin_mode	F	VDI	HINTTEXT.C:8	-	MISSING	No exact numbered token found in Firestaff src/include; no implementation claim.
F1618_VDI_vrq_locator	F	VDI	UTSTVDI3.C:15	-	MISSING	No exact numbered token found in Firestaff src/include; no implementation claim.
F1619_VDI_vrq_locator	F	VDI	UTSTVDI3.C:28	-	MISSING	No exact numbered token found in Firestaff src/include; no implementation claim.
F1620_VDI_vrq_valuator	F	VDI	UTSTVDI3.C:42	-	MISSING	No exact numbered token found in Firestaff src/include; no implementation claim.
F1621_VDI_vrq_valuator	F	VDI	UTSTVDI3.C:53	-	MISSING	No exact numbered token found in Firestaff src/include; no implementation claim.
F1622_VDI_vrq_choice	F	VDI	UTSTVDI3.C:65	-	MISSING	No exact numbered token found in Firestaff src/include; no implementation claim.
F1623_VDI_vrq_choice	F	VDI	UTSTVDI3.C:75	-	MISSING	No exact numbered token found in Firestaff src/include; no implementation claim.
F1624_VDI_vrq_string	F	VDI	UTSTVDI3.C:85	-	MISSING	No exact numbered token found in Firestaff src/include; no implementation claim.
F1625_VDI_vrq_string	F	VDI	UTSTVDI3.C:104	-	MISSING	No exact numbered token found in Firestaff src/include; no implementation claim.
F1626_VDI_vsc_form	F	VDI	UTSTVDI3.C:124	-	MISSING	No exact numbered token found in Firestaff src/include; no implementation claim.
F1627_VDI_vex_timv	F	VDI	UTSTVDI3.C:135	-	MISSING	No exact numbered token found in Firestaff src/include; no implementation claim.
F1628_VDI_v_show_c	F	VDI	IO.C:4222	src/dm1/dm1_v1_input_poll_pc34_compat.c:375	UNCERTAIN_NUMBERED_EVIDENCE	Exact numeric token occurs in Firestaff source; this audit did not verify behavioral equivalence or implementation.
F1629_VDI_v_hide_c	F	VDI	IO.C:4214	src/dm1/dm1_v1_input_poll_pc34_compat.c:376	UNCERTAIN_NUMBERED_EVIDENCE	Exact numeric token occurs in Firestaff source; this audit did not verify behavioral equivalence or implementation.
F1630_VDI_vq_mouse	F	VDI	IO.C:4250	src/dm1/dm1_v1_input_poll_pc34_compat.c:377	UNCERTAIN_NUMBERED_EVIDENCE	Exact numeric token occurs in Firestaff source; this audit did not verify behavioral equivalence or implementation.
F1631_VDI_vex_butv	F	VDI	IO.C:4258	src/dm1/dm1_v1_input_poll_pc34_compat.c:378	UNCERTAIN_NUMBERED_EVIDENCE	Exact numeric token occurs in Firestaff source; this audit did not verify behavioral equivalence or implementation.
F1632_VDI_vex_motv	F	VDI	IO.C:4254	src/dm1/dm1_v1_input_poll_pc34_compat.c:379	UNCERTAIN_NUMBERED_EVIDENCE	Exact numeric token occurs in Firestaff source; this audit did not verify behavioral equivalence or implementation.
F1633_VDI_vex_curv	F	VDI	UTSTVDI3.C:194	-	MISSING	No exact numbered token found in Firestaff src/include; no implementation claim.
F1634_VDI_vq_key_s	F	VDI	UTSTVDI3.C:204	-	MISSING	No exact numbered token found in Firestaff src/include; no implementation claim.
F1635_VDI_v_curhome	F	VDI	UTSTVDI3.C:213	-	MISSING	No exact numbered token found in Firestaff src/include; no implementation claim.
F1650_AllocateMemory	F	AllocateMemory	SWITCH.C:5	src/dm1/dm1_v1_game_state_pc34_compat.c:337	UNCERTAIN_NUMBERED_EVIDENCE	Exact numeric token occurs in Firestaff source; this audit did not verify behavioral equivalence or implementation.
F1651_FreeMemory	F	FreeMemory	SWITCH.C:13	src/dm1/dm1_v1_game_state_pc34_compat.c:338	UNCERTAIN_NUMBERED_EVIDENCE	Exact numeric token occurs in Firestaff source; this audit did not verify behavioral equivalence or implementation.
F1652_GetAllocatedMemoryBlockCount	F	GetAllocatedMemoryBlockCount	SWITCHMM.C:23	-	MISSING	No exact numbered token found in Firestaff src/include; no implementation claim.
F1653_ConvertCoordinates	F	ConvertCoordinates	CEDT017.C:115	src/dm1/dm1_v1_game_state_pc34_compat.c:339	UNCERTAIN_NUMBERED_EVIDENCE	Exact numeric token occurs in Firestaff source; this audit did not verify behavioral equivalence or implementation.
F1654_Unreferenced	F	Unreferenced	SWITCHMM.C:36	-	MISSING	No exact numbered token found in Firestaff src/include; no implementation claim.
F1658_IsShiftKeyPressed_Unrerefenced	F	IsShiftKeyPressed	VDEO2.C:137	-	MISSING	No exact numbered token found in Firestaff src/include; no implementation claim.
F1662_InstallVerticalBlankInterruptHandler	F	InstallVerticalBlankInterruptHandler	VDEO1.C:1251	-	MISSING	No exact numbered token found in Firestaff src/include; no implementation claim.
F1663_UninstallVerticalBlankInterruptHandler	F	UninstallVerticalBlankInterruptHandler	VDEO1.C:1284	-	MISSING	No exact numbered token found in Firestaff src/include; no implementation claim.
F1665_InstallVerticalBlankHandlerManager	F	InstallVerticalBlankHandlerManager	INT1.C:50	-	MISSING	No exact numbered token found in Firestaff src/include; no implementation claim.
F1666_UninstallVerticalBlankHandlerManager	F	UninstallVerticalBlankHandlerManager	INT1.C:88	-	MISSING	No exact numbered token found in Firestaff src/include; no implementation claim.
F1667_ExecuteVerticalBlankHandlers	F	ExecuteVerticalBlankHandlers	INT1.C:12	-	MISSING	No exact numbered token found in Firestaff src/include; no implementation claim.
F1668_InstallTimerDHandlerManager	F	InstallTimerDHandlerManager	INT1.C:125	-	MISSING	No exact numbered token found in Firestaff src/include; no implementation claim.
F1669_UninstallTimerDHandlerManager	F	UninstallTimerDHandlerManager	INT1.C:162	-	MISSING	No exact numbered token found in Firestaff src/include; no implementation claim.
F1670_ExecuteTimerDHandlers	F	ExecuteTimerDHandlers	INT1.C:13	-	MISSING	No exact numbered token found in Firestaff src/include; no implementation claim.
F1671_InstallSampleHandlerManager	F	InstallSampleHandlerManager	INT1.C:195	-	MISSING	No exact numbered token found in Firestaff src/include; no implementation claim.
F1672_UninstallSampleHandlerManager	F	UninstallSampleHandlerManager	INT1.C:205	-	MISSING	No exact numbered token found in Firestaff src/include; no implementation claim.
F1673_ExecuteSampleHandlers_Unreferenced	F	ExecuteSampleHandlers	INT1.C:215	-	MISSING	No exact numbered token found in Firestaff src/include; no implementation claim.
F1674_AddInterruptHandler	F	AddInterruptHandler	INT1.C:226	-	MISSING	No exact numbered token found in Firestaff src/include; no implementation claim.
F1675_InstallInterruptHandler	F	InstallInterruptHandler	INT1.C:272	-	MISSING	No exact numbered token found in Firestaff src/include; no implementation claim.
F1676_UninstallInterruptHandler	F	UninstallInterruptHandler	INT1.C:294	-	MISSING	No exact numbered token found in Firestaff src/include; no implementation claim.
F1677_UninstallInterruptHandler	F	UninstallInterruptHandler	INT1.C:334	-	MISSING	No exact numbered token found in Firestaff src/include; no implementation claim.
F1678_UninstallAllHandlerManagers	F	UninstallAllHandlerManagers	INT1.C:353	-	MISSING	No exact numbered token found in Firestaff src/include; no implementation claim.
F1679_INT1_04_InstallInterruptHandler	F	INT1	INT1.C:9	-	MISSING	No exact numbered token found in Firestaff src/include; no implementation claim.
F1680_INT1_05_UninstallInterruptHandler	F	INT1	INT1.C:8	-	MISSING	No exact numbered token found in Firestaff src/include; no implementation claim.
F1681_INT1_06_	F	INT1	INT1.C:7	-	MISSING	No exact numbered token found in Firestaff src/include; no implementation claim.
F1683_INT1_03_Expunge	F	INT1	INT1.C:10	-	MISSING	No exact numbered token found in Firestaff src/include; no implementation claim.
F1684_GetMouseStatus	F	GetMouseStatus	USIO1.C:80	-	MISSING	No exact numbered token found in Firestaff src/include; no implementation claim.
F1685_InstallMouseInterruptHandler	F	InstallMouseInterruptHandler	USIO1.C:180	-	MISSING	No exact numbered token found in Firestaff src/include; no implementation claim.
F1687_UninstallMouseInterruptHandler	F	UninstallMouseInterruptHandler	USIO1.C:388	-	MISSING	No exact numbered token found in Firestaff src/include; no implementation claim.
F1690_GetASCIICode	F	GetASCIICode	USIO2.C:287	-	MISSING	No exact numbered token found in Firestaff src/include; no implementation claim.
F1691_Cconis	F	Cconis	USIO2.C:282	-	MISSING	No exact numbered token found in Firestaff src/include; no implementation claim.
F1692_Crawcin	F	Crawcin	USIO2.C:15	-	MISSING	No exact numbered token found in Firestaff src/include; no implementation claim.
F1694_AddMouseInputToQueue	F	AddMouseInputToQueue	USIO1.C:164	-	MISSING	No exact numbered token found in Firestaff src/include; no implementation claim.
F1715_MUSC_07_	F	MUSC	MUSCMAIN.C:5	-	MISSING	No exact numbered token found in Firestaff src/include; no implementation claim.
F1716_MUSC_05_StopMIDIMusic	F	MUSC	MUSCMAIN.C:7	-	MISSING	No exact numbered token found in Firestaff src/include; no implementation claim.
F1717_MUSC_04_PlayMIDIMusic	F	MUSC	MUSCMAIN.C:8	-	MISSING	No exact numbered token found in Firestaff src/include; no implementation claim.
F1718_MUSC_03_Expunge	F	MUSC	MUSCMAIN.C:9	-	MISSING	No exact numbered token found in Firestaff src/include; no implementation claim.
F1721_MUSC_06_	F	MUSC	MUSCMAIN.C:6	-	MISSING	No exact numbered token found in Firestaff src/include; no implementation claim.
F1756_HatchBox_Unreferenced	F	HatchBox	UTSTGRAP.C:278	-	MISSING	No exact numbered token found in Firestaff src/include; no implementation claim.
F1757_PrintString_Unreferenced	F	PrintString	UTDEBUG.C:37	-	MISSING	No exact numbered token found in Firestaff src/include; no implementation claim.
F1758_Unreferenced	F	Unreferenced	UTDEBUG.C:59	-	MISSING	No exact numbered token found in Firestaff src/include; no implementation claim.
F1760_Unreferenced	F	Unreferenced	UTDEBUG.C:100	-	MISSING	No exact numbered token found in Firestaff src/include; no implementation claim.
F1761_Delay_Unreferenced	F	Delay	UTDEBUG.C:117	-	MISSING	No exact numbered token found in Firestaff src/include; no implementation claim.
F1763_Unreferenced	F	Unreferenced	UTDEBUG.C:138	-	MISSING	No exact numbered token found in Firestaff src/include; no implementation claim.
F1764_Unreferenced	F	Unreferenced	UTDEBUG.C:164	-	MISSING	No exact numbered token found in Firestaff src/include; no implementation claim.
F1765_Unreferenced	F	Unreferenced	UTDEBUG.C:189	src/dm2/dm2_v1_weather.c:15	UNCERTAIN_NUMBERED_EVIDENCE	Exact numeric token occurs in Firestaff source; this audit did not verify behavioral equivalence or implementation.
F1766_Unreferenced	F	Unreferenced	UTDEBUG.C:215	-	MISSING	No exact numbered token found in Firestaff src/include; no implementation claim.
F1769_GetLastErrorCode	F	GetLastErrorCode	DEFS.H:9635	-	MISSING	No exact numbered token found in Firestaff src/include; no implementation claim.
F1779_SwapPalette	F	SwapPalette	PALETTE.C:428	src/dm1/dm1_v1_palette_font_pc34_compat.c:146	UNCERTAIN_NUMBERED_EVIDENCE	Exact numeric token occurs in Firestaff source; this audit did not verify behavioral equivalence or implementation.
F1785_SOUND_RestoreKeyClick	F	SOUND	SOUND.C:6	src/dm1/dm1_v1_sound_pc34_compat.c:413	UNCERTAIN_NUMBERED_EVIDENCE	Exact numeric token occurs in Firestaff source; this audit did not verify behavioral equivalence or implementation.
F1788_PlaySound	F	PlaySound	SOUND.C:1383	src/dm1/dm1_v1_sound_pc34_compat.c:414	UNCERTAIN_NUMBERED_EVIDENCE	Exact numeric token occurs in Firestaff source; this audit did not verify behavioral equivalence or implementation.
F1789_Unreferenced	F	Unreferenced	SOUND.C:1388	src/dm1/dm1_v1_sound_pc34_compat.c:415	UNCERTAIN_NUMBERED_EVIDENCE	Exact numeric token occurs in Firestaff source; this audit did not verify behavioral equivalence or implementation.
F1790_Unreferenced	F	Unreferenced	SOUND.C:1392	src/dm1/dm1_v1_sound_pc34_compat.c:416	UNCERTAIN_NUMBERED_EVIDENCE	Exact numeric token occurs in Firestaff source; this audit did not verify behavioral equivalence or implementation.
F1792_LoadAnimationScript	F	LoadAnimationScript	ANIM.C:24	src/dm1/dm1_v1_creature_render_pc34_compat.c:1076	UNCERTAIN_NUMBERED_EVIDENCE	Exact numeric token occurs in Firestaff source; this audit did not verify behavioral equivalence or implementation.
F1795_Prepare	F	Prepare	ANIM.C:118	src/dm1/dm1_v1_creature_render_pc34_compat.c:1077	UNCERTAIN_NUMBERED_EVIDENCE	Exact numeric token occurs in Firestaff source; this audit did not verify behavioral equivalence or implementation.
F1796_Clean	F	Clean	ANIM.C:159	src/dm1/dm1_v1_creature_render_pc34_compat.c:1078	UNCERTAIN_NUMBERED_EVIDENCE	Exact numeric token occurs in Firestaff source; this audit did not verify behavioral equivalence or implementation.
F1797_ReadInstructionAndParameters	F	ReadInstructionAndParameters	ANIM.C:171	src/dm1/dm1_v1_creature_render_pc34_compat.c:1079	UNCERTAIN_NUMBERED_EVIDENCE	Exact numeric token occurs in Firestaff source; this audit did not verify behavioral equivalence or implementation.
F1799_LoadAnimationData	F	LoadAnimationData	ANIM.C:67	src/dm1/dm1_v1_creature_render_pc34_compat.c:1080	UNCERTAIN_NUMBERED_EVIDENCE	Exact numeric token occurs in Firestaff source; this audit did not verify behavioral equivalence or implementation.
F1803_Unreferenced	F	Unreferenced	ANIMLOAD.C:164	-	MISSING	No exact numbered token found in Firestaff src/include; no implementation claim.
F1824_AllocateMemoryHeap	F	AllocateMemoryHeap	ANIM.C:106	src/dm1/dm1_v1_creature_render_pc34_compat.c:1081	UNCERTAIN_NUMBERED_EVIDENCE	Exact numeric token occurs in Firestaff source; this audit did not verify behavioral equivalence or implementation.
F1825_FreeMemoryHeap	F	FreeMemoryHeap	ANIM.C:8	src/dm1/dm1_v1_creature_render_pc34_compat.c:1082	UNCERTAIN_NUMBERED_EVIDENCE	Exact numeric token occurs in Firestaff source; this audit did not verify behavioral equivalence or implementation.
F1836_GetIORequest	F	GetIORequest	HINTIORQ.C:38	-	MISSING	No exact numbered token found in Firestaff src/include; no implementation claim.
F1843_GetFixedDrvmap	F	GetFixedDrvmap	HINTIORQ.C:170	-	MISSING	No exact numbered token found in Firestaff src/include; no implementation claim.
F1848_OpenOrCreateFile	F	OpenOrCreateFile	HINTIORQ.C:481	-	MISSING	No exact numbered token found in Firestaff src/include; no implementation claim.
F1849_DeleteFile	F	DeleteFile	HINTIORQ.C:517	-	MISSING	No exact numbered token found in Firestaff src/include; no implementation claim.
F1850_RenameFile	F	RenameFile	HINTIORQ.C:536	-	MISSING	No exact numbered token found in Firestaff src/include; no implementation claim.
F1851_GetDirectoryFileList	F	GetDirectoryFileList	HINTIORQ.C:557	-	MISSING	No exact numbered token found in Firestaff src/include; no implementation claim.
F1855_GetAvailableIORequestIndex	F	GetAvailableIORequestIndex	HINTFLOP.C:169	-	MISSING	No exact numbered token found in Firestaff src/include; no implementation claim.
F1856_CloseFile	F	CloseFile	HINTFLOP.C:179	-	MISSING	No exact numbered token found in Firestaff src/include; no implementation claim.
F1857_PerformIORequestOperation	F	PerformIORequestOperation	DEFS.H:4597	-	MISSING	No exact numbered token found in Firestaff src/include; no implementation claim.
F1858_GetIORequestValue	F	GetIORequestValue	HINTIORQ.C:1001	-	MISSING	No exact numbered token found in Firestaff src/include; no implementation claim.
F1859_SetIORequestValue	F	SetIORequestValue	HINTFLOP.C:159	-	MISSING	No exact numbered token found in Firestaff src/include; no implementation claim.
F1861_GetIORequestOutputValue	F	GetIORequestOutputValue	HINTFLOP.C:206	-	MISSING	No exact numbered token found in Firestaff src/include; no implementation claim.
F1870_AddVerticalBlankClearPalette	F	AddVerticalBlankClearPalette	UTSTWKS.C:68	-	MISSING	No exact numbered token found in Firestaff src/include; no implementation claim.
F1871_RemoveVerticalBlankClearPalette	F	RemoveVerticalBlankClearPalette	UTSTWKS.C:94	-	MISSING	No exact numbered token found in Firestaff src/include; no implementation claim.
F1872_LoadGraphics	F	LoadGraphics	HINT001.C:125	-	MISSING	No exact numbered token found in Firestaff src/include; no implementation claim.
F1873_Pre_F1875_FreeHintGraphics_CPSX	F	Pre	HINT008.C:7	-	MISSING	No exact numbered token found in Firestaff src/include; no implementation claim.
F1875_FreeHintGraphics_CPSX	F	FreeHintGraphics	HINT001.C:160	-	MISSING	No exact numbered token found in Firestaff src/include; no implementation claim.
F1876_Post_F1875_FreeHintGraphics_CPSX	F	Post	HINT008.C:8	-	MISSING	No exact numbered token found in Firestaff src/include; no implementation claim.
F1878_LoadGraphic	F	LoadGraphic	HINT001.C:128	-	MISSING	No exact numbered token found in Firestaff src/include; no implementation claim.
F1879_BlitBitmapFromGraphic	F	BlitBitmapFromGraphic	HINTGRAP.C:234	-	MISSING	No exact numbered token found in Firestaff src/include; no implementation claim.
F1880_LoadBitmapFromGraphic	F	LoadBitmapFromGraphic	HINT001.C:133	-	MISSING	No exact numbered token found in Firestaff src/include; no implementation claim.
F1882_PrintTextString	F	PrintTextString	HINTTEXT.C:7	-	MISSING	No exact numbered token found in Firestaff src/include; no implementation claim.
F1884_Text	F	Text	DEFS.H:4533	-	MISSING	No exact numbered token found in Firestaff src/include; no implementation claim.
F1886_Memory	F	Memory	DEFS.H:4538	-	MISSING	No exact numbered token found in Firestaff src/include; no implementation claim.
F1887_Pre_F1889_Screen_CPSX	F	Pre	HINTSCR.C:35	-	MISSING	No exact numbered token found in Firestaff src/include; no implementation claim.
F1889_Screen_CPSX	F	Screen	HINT001.C:186	-	MISSING	No exact numbered token found in Firestaff src/include; no implementation claim.
F1890_Post_F1889_Screen_CPSX	F	Post	HINTSCR.C:342	-	MISSING	No exact numbered token found in Firestaff src/include; no implementation claim.
F1893_ColorPalette	F	ColorPalette	DEFS.H:4538	-	MISSING	No exact numbered token found in Firestaff src/include; no implementation claim.
F1894_ExitHintOracle	F	ExitHintOracle	HINT002.C:5	-	MISSING	No exact numbered token found in Firestaff src/include; no implementation claim.
F1897_FadeToPalette	F	FadeToPalette	HINT003.C:6	-	MISSING	No exact numbered token found in Firestaff src/include; no implementation claim.
F1899_Pre_F1901_CopyProtectionRoutine_CPSX	F	Pre	HINT004.C:7	-	MISSING	No exact numbered token found in Firestaff src/include; no implementation claim.
F1901_CopyProtectionRoutine_CPSX	F	CopyProtectionRoutine	HINT004.C:13	-	MISSING	No exact numbered token found in Firestaff src/include; no implementation claim.
F1902_Post_F1901_CopyProtectionRoutine_CPSX	F	Post	HINT004.C:177	-	MISSING	No exact numbered token found in Firestaff src/include; no implementation claim.
F1904_ApplyPaletteChangesToScreenArea	F	ApplyPaletteChangesToScreenArea	HINT004.C:185	-	MISSING	No exact numbered token found in Firestaff src/include; no implementation claim.
F1908_Checksum_CPSX	F	Checksum	HINTHINT.C:304	-	MISSING	No exact numbered token found in Firestaff src/include; no implementation claim.
F1909_CopyStringUntilCharacter	F	CopyStringUntilCharacter	HINTHINT.C:179	-	MISSING	No exact numbered token found in Firestaff src/include; no implementation claim.
F1910_LoadSavedGamePart	F	LoadSavedGamePart	HINTLOAD.C:135	src/csb/csb_v1_save_load_pc34_compat.c	PC34_SOURCE_IMPLEMENTED	CSB-owned exact byte part reader sits on the native save load path and is covered by the focused save export/import unit.
F1913_LoadAndDeobfuscateSavedGamePart	F	LoadAndDeobfuscateSavedGamePart	HINTLOAD.C:184	src/csb/csb_v1_save_load_pc34_compat.c	PC34_SOURCE_IMPLEMENTED	CSB-owned word-sized part reader uses the SAVEHEAD key table to deobfuscate after F1910 and is covered by the focused save export/import unit.
F1914_LoadAndDeobfuscateSavedGameHeader	F	LoadAndDeobfuscateSavedGameHeader	HINTLOAD.C:189	src/csb/csb_v1_save_load_pc34_compat.c	PC34_SOURCE_IMPLEMENTED	CSB-owned 512-byte header loader validates through the SAVEHEAD checksum relation before production load reads any state part.
F1915_UnloadGame	F	UnloadGame	HINTHTC.C:468	-	MISSING	No exact numbered token found in Firestaff src/include; no implementation claim.
F1916_Pre_F1918_LoadGame_CPSX	F	Pre	HINTHTC.C:12	include/title_dat_loader_v1.h:11	UNCERTAIN_NUMBERED_EVIDENCE	Exact numeric token occurs in Firestaff source; this audit did not verify behavioral equivalence or implementation.
F1918_LoadGame_CPSX	F	LoadGame	HINTHTC.C:149	src/csb/csb_v1_f1918_hintload_initial_load_pc34_compat.c	PC34_SOURCE_IMPLEMENTED	CSB-owned wrapper drives the ReDMCSB HINTLOAD F1914 header read plus GLOBAL_DATA, ACTIVE_GROUPS, and PARTY F1913 part reads in source order; focused CSB test covers exact stream consumption and source failure slots.
F1919_Post_F1918_LoadGame_CPSX	F	Post	HINTHTC.C:11	src/csb/csb_v1_f1918_hintload_initial_load_pc34_compat.c	PC34_SOURCE_IMPLEMENTED	CSB-owned post boundary admits only a completed F1918 receipt with a valid header and all three caller-owned even-sized part spans before later save-tail handoff; focused CSB test covers NULL/failed/partial rejection.
F1920_AllocateMemory	F	AllocateMemory	HINTHTC.C:39	-	MISSING	No exact numbered token found in Firestaff src/include; no implementation claim.
F1921_FreeMemory	F	FreeMemory	HINTHTC.C:56	-	MISSING	No exact numbered token found in Firestaff src/include; no implementation claim.
F1922_ReadFromHTCFile	F	ReadFromHTCFile	HINTHTC.C:68	-	MISSING	No exact numbered token found in Firestaff src/include; no implementation claim.
F1923_Pre_F1925_CPSX	F	Pre	HINTHTC.C:19	-	MISSING	No exact numbered token found in Firestaff src/include; no implementation claim.
F1925_CPSX	F	CPSX	HINTHINT.C:131	-	MISSING	No exact numbered token found in Firestaff src/include; no implementation claim.
F1926_Post_F1925_CPSX	F	Post	HINTHTC.C:20	-	MISSING	No exact numbered token found in Firestaff src/include; no implementation claim.
F1928_ForceMediaChangeDetection	F	ForceMediaChangeDetection	CEDTINCF.C:57	-	MISSING	No exact numbered token found in Firestaff src/include; no implementation claim.
F1934_Checksum_CPSX	F	Checksum	HINTHINT.C:34	-	MISSING	No exact numbered token found in Firestaff src/include; no implementation claim.
F1935_Pre_F1937_Hints_CPSX	F	Pre	HINTHINT.C:46	-	MISSING	No exact numbered token found in Firestaff src/include; no implementation claim.
F1937_Hints_CPSX	F	Hints	HINTHINT.C:54	-	MISSING	No exact numbered token found in Firestaff src/include; no implementation claim.
F1938_Post_F1937_Hints_CPSX	F	Post	HINTHINT.C:283	-	MISSING	No exact numbered token found in Firestaff src/include; no implementation claim.
F1940_CPSX	F	CPSX	HINTHINT.C:291	-	MISSING	No exact numbered token found in Firestaff src/include; no implementation claim.
F1942_Pre_F1944_ChecksumAdd_main	F	Pre	HINT007.C:7	-	MISSING	No exact numbered token found in Firestaff src/include; no implementation claim.
F1944_ChecksumAdd	F	ChecksumAdd	HINTINPT.C:314	-	MISSING	No exact numbered token found in Firestaff src/include; no implementation claim.
F1945_Pre_F1944_ChecksumAdd_main	F	Pre	HINT007.C:6	-	MISSING	No exact numbered token found in Firestaff src/include; no implementation claim.
F1947_BlitBitmapToOrFromScreen	F	BlitBitmapToOrFromScreen	HINT004.C:199	-	MISSING	No exact numbered token found in Firestaff src/include; no implementation claim.
F1950_Pre_F1952_CheckCopyProtectionSector_CPSX	F	Pre	HINT006.C:32	-	MISSING	No exact numbered token found in Firestaff src/include; no implementation claim.
F1952_CheckCopyProtectionSector_CPSX	F	CheckCopyProtectionSector	HINT006.C:38	-	MISSING	No exact numbered token found in Firestaff src/include; no implementation claim.
F1953_Post_F1952_CheckCopyProtectionSector_CPSX	F	Post	HINT006.C:201	-	MISSING	No exact numbered token found in Firestaff src/include; no implementation claim.
F1955_Input_CPSX	F	Input	DEFS.H:4538	-	MISSING	No exact numbered token found in Firestaff src/include; no implementation claim.
F1956_EndProgram	F	EndProgram	HINT001.C:100	-	MISSING	No exact numbered token found in Firestaff src/include; no implementation claim.
F1966_DebugEnter	F	DebugEnter	HINT002.C:10	-	MISSING	No exact numbered token found in Firestaff src/include; no implementation claim.
F1967_DebugExit	F	DebugExit	HINT002.C:29	-	MISSING	No exact numbered token found in Firestaff src/include; no implementation claim.
F1968_Debug_Unreferenced	F	Debug	HINTDBG.C:91	-	MISSING	No exact numbered token found in Firestaff src/include; no implementation claim.
F1969_DebugInitialize	F	DebugInitialize	HINT007.C:20	-	MISSING	No exact numbered token found in Firestaff src/include; no implementation claim.
F1970_Debug_Unreferenced	F	Debug	HINTDBG.C:101	-	MISSING	No exact numbered token found in Firestaff src/include; no implementation claim.
F1982_Unreferenced	F	Unreferenced	HINTCASE.C:5	-	MISSING	No exact numbered token found in Firestaff src/include; no implementation claim.
F1983_Unreferenced	F	Unreferenced	HINTCASE.C:9	-	MISSING	No exact numbered token found in Firestaff src/include; no implementation claim.
F1984_ConvertCharacterToLowerCase	F	ConvertCharacterToLowerCase	HINTCASE.C:13	-	MISSING	No exact numbered token found in Firestaff src/include; no implementation claim.
F1985_CPSX	F	CPSX	HINT008.C:25	-	MISSING	No exact numbered token found in Firestaff src/include; no implementation claim.
F1987_Checksum	F	Checksum	CEDTINCI.C:225	-	MISSING	No exact numbered token found in Firestaff src/include; no implementation claim.
F1988_Checksum	F	Checksum	CEDTINCI.C:243	-	MISSING	No exact numbered token found in Firestaff src/include; no implementation claim.
F1989_InitializeRandomNumber	F	InitializeRandomNumber	CEDT002.C:174	-	MISSING	No exact numbered token found in Firestaff src/include; no implementation claim.
F1992_RequestUtilityDiskInDrive	F	RequestUtilityDiskInDrive	CEDTINC8.C:353	-	MISSING	No exact numbered token found in Firestaff src/include; no implementation claim.
F1998_PrintSpacePaddedText_Unreferenced	F	PrintSpacePaddedText	CEDTINCK.C:5	-	MISSING	No exact numbered token found in Firestaff src/include; no implementation claim.
F1999_FILE_Read	F	FILE	CEDTINC6.C:6	-	MISSING	No exact numbered token found in Firestaff src/include; no implementation claim.
F2000_FILE_Write	F	FILE	CEDTINC6.C:23	-	MISSING	No exact numbered token found in Firestaff src/include; no implementation claim.
F2007_SetFloppyDriveIndex	F	SetFloppyDriveIndex	UTIO.C:171	-	MISSING	No exact numbered token found in Firestaff src/include; no implementation claim.
F2008_IsLeftMouseButtonDown	F	IsLeftMouseButtonDown	CEDT006.C:1323	-	MISSING	No exact numbered token found in Firestaff src/include; no implementation claim.
F2009_GetMouseX	F	GetMouseX	CEDT006.C:1324	-	MISSING	No exact numbered token found in Firestaff src/include; no implementation claim.
F2010_GetMouseY	F	GetMouseY	CEDT006.C:1324	-	MISSING	No exact numbered token found in Firestaff src/include; no implementation claim.
F2011_ProcessClicksAndKeyPresses	F	ProcessClicksAndKeyPresses	COMMAND.C:3112	src/dm1/dm1_v1_click_routing_pc34_compat.c:128	UNCERTAIN_NUMBERED_EVIDENCE	Exact numeric token occurs in Firestaff source; this audit did not verify behavioral equivalence or implementation.
F2014_ConvertStringToLowerCase	F	ConvertStringToLowerCase	HINT001.C:8	-	MISSING	No exact numbered token found in Firestaff src/include; no implementation claim.
F2022_F1889_SubForInit	F	F1889	HINT001.C:74	-	MISSING	No exact numbered token found in Firestaff src/include; no implementation claim.
F2023_F1889_SubForUninit	F	F1889	HINT001.C:197	-	MISSING	No exact numbered token found in Firestaff src/include; no implementation claim.
F2024_IsLeftMouseButtonDown	F	IsLeftMouseButtonDown	HINT001.C:219	-	MISSING	No exact numbered token found in Firestaff src/include; no implementation claim.
F2026_GetGraphicByteCount	F	GetGraphicByteCount	HINTGRAP.C:266	-	MISSING	No exact numbered token found in Firestaff src/include; no implementation claim.
F2028_LoadHintOracleTexts	F	LoadHintOracleTexts	HINT001.C:158	-	MISSING	No exact numbered token found in Firestaff src/include; no implementation claim.
F2029_GetHintOracleText_Unreferenced	F	GetHintOracleText	HINTGTXT.C:79	-	MISSING	No exact numbered token found in Firestaff src/include; no implementation claim.
F2030_FreeHintOracleTexts	F	FreeHintOracleTexts	HINT001.C:204	-	MISSING	No exact numbered token found in Firestaff src/include; no implementation claim.
F2042_InitializeScreen	F	InitializeScreen	HINT001.C:60	-	MISSING	No exact numbered token found in Firestaff src/include; no implementation claim.
F2043_UninitializeScreen	F	UninitializeScreen	HINT001.C:70	-	MISSING	No exact numbered token found in Firestaff src/include; no implementation claim.
F2045_FadeToPalette	F	FadeToPalette	CEDTINCI.C:315	-	MISSING	No exact numbered token found in Firestaff src/include; no implementation claim.
F2047_GetMouseX	F	GetMouseX	FILLBOX.C:837	-	MISSING	No exact numbered token found in Firestaff src/include; no implementation claim.
F2048_GetMouseY	F	GetMouseY	FILLBOX.C:843	-	MISSING	No exact numbered token found in Firestaff src/include; no implementation claim.
F2060_ShowPointer	F	ShowPointer	CEDT018.C:822	-	MISSING	No exact numbered token found in Firestaff src/include; no implementation claim.
F2065_Checksum	F	Checksum	CEDT018.C:6	-	MISSING	No exact numbered token found in Firestaff src/include; no implementation claim.
F2072_HidePointer	F	HidePointer	CEDT018.C:955	-	MISSING	No exact numbered token found in Firestaff src/include; no implementation claim.
F2078_ReadSector_Unreferenced	F	ReadSector	CEDT023.C:1261	-	MISSING	No exact numbered token found in Firestaff src/include; no implementation claim.
F2079_FormatFloppyDisk	F	FormatFloppyDisk	CEDT023.C:485	-	MISSING	No exact numbered token found in Firestaff src/include; no implementation claim.
F2084_CheckX68000OriginalDisk_CPSX	F	CheckX68000OriginalDisk	CEDT023.C:541	-	MISSING	No exact numbered token found in Firestaff src/include; no implementation claim.
F2085_EjectFloppyDisk	F	EjectFloppyDisk	CEDT023.C:12	-	MISSING	No exact numbered token found in Firestaff src/include; no implementation claim.
F2091_GetDriveAddress	F	GetDriveAddress	CEDT023.C:422	-	MISSING	No exact numbered token found in Firestaff src/include; no implementation claim.
F2093_GetVerticalBlankCount	F	GetVerticalBlankCount	CEDT002.C:151	-	MISSING	No exact numbered token found in Firestaff src/include; no implementation claim.
F2094_Call_DOS_FFLUSH	F	Call	CEDT023.C:11	-	MISSING	No exact numbered token found in Firestaff src/include; no implementation claim.
F2095_AllocateMemory	F	AllocateMemory	CEDT005.C:399	src/dm1/dm1_v1_portrait_panel_pc34_compat.c:128	UNCERTAIN_NUMBERED_EVIDENCE	Exact numeric token occurs in Firestaff source; this audit did not verify behavioral equivalence or implementation.
F2100_GetChildFiles	F	GetChildFiles	CEDTINCF.C:80	-	MISSING	No exact numbered token found in Firestaff src/include; no implementation claim.
F2104_CHAMPION_ConvertBitmapToAtariSTPlanar	F	CHAMPION	CEDT006.C:1575	src/dm1/dm1_v1_portrait_panel_pc34_compat.c; include/dm1_v1_portrait_panel_pc34_compat.h; tests/test_dm1_v1_portrait_planar_conversion_pc34_compat.c	IMPLEMENTED_NARROW	Models the same bounded 4bpp chunky-to-Atari-ST-planar bitmap packing used by the DM1 portrait converter for the fixed 32x29 champion bitmap span. Focused CTest is registered and passing; arbitrary editor bitmap dimensions and file IO remain outside this DM1 helper.
F2105_CHAMPION_ConvertBitmapFromAtariSTPlanar	F	CHAMPION	CEDTINC8.C:93	src/dm1/dm1_v1_portrait_panel_pc34_compat.c; include/dm1_v1_portrait_panel_pc34_compat.h; tests/test_dm1_v1_portrait_planar_conversion_pc34_compat.c	IMPLEMENTED_NARROW	Models the same bounded Atari-ST-planar-to-4bpp chunky bitmap unpacking used by the DM1 portrait converter for the fixed 32x29 champion bitmap span. Focused CTest is registered and passing; arbitrary editor bitmap dimensions and file IO remain outside this DM1 helper.
F2106_InitializeUsioDataFilteredQueue	F	InitializeUsioDataFilteredQueue	CEDTINCI.C:421	src/dm1/dm1_v1_click_routing_pc34_compat.c:129	UNCERTAIN_NUMBERED_EVIDENCE	Exact numeric token occurs in Firestaff source; this audit did not verify behavioral equivalence or implementation.
F2107_UninitializeUsioDataFilteredQueue	F	UninitializeUsioDataFilteredQueue	CEDTINCI.C:441	src/dm1/dm1_v1_click_routing_pc34_compat.c:130	UNCERTAIN_NUMBERED_EVIDENCE	Exact numeric token occurs in Firestaff source; this audit did not verify behavioral equivalence or implementation.
F2108_AddUsioDataToFilteredQueue	F	AddUsioDataToFilteredQueue	COMMAND.C:2607	src/dm1/dm1_v1_click_routing_pc34_compat.c:131	UNCERTAIN_NUMBERED_EVIDENCE	Exact numeric token occurs in Firestaff source; this audit did not verify behavioral equivalence or implementation.
F2109_BuildUsioDataFilteredQueue	F	BuildUsioDataFilteredQueue	COMMAND.C:2623	src/dm1/dm1_v1_click_routing_pc34_compat.c:132	UNCERTAIN_NUMBERED_EVIDENCE	Exact numeric token occurs in Firestaff source; this audit did not verify behavioral equivalence or implementation.
F2110_GetFirstUsioDataInFilteredQueueOfSpecifiedTypeIndex	F	GetFirstUsioDataInFilteredQueueOfSpecifiedTypeIndex	COMMAND.C:2650	src/dm1/dm1_v1_click_routing_pc34_compat.c:133	UNCERTAIN_NUMBERED_EVIDENCE	Exact numeric token occurs in Firestaff source; this audit did not verify behavioral equivalence or implementation.
F2110_GetFirstUsioDataInFilteredQueueOfSpecifiedTypeIndex_RemoveFromQueue	F	GetFirstUsioDataInFilteredQueueOfSpecifiedTypeIndex	CEDT025.C:181	src/dm1/dm1_v1_click_routing_pc34_compat.c:133	UNCERTAIN_NUMBERED_EVIDENCE	Exact numeric token occurs in Firestaff source; this audit did not verify behavioral equivalence or implementation.
F2111_RemoveUsioDataFromFilteredQueue	F	RemoveUsioDataFromFilteredQueue	COMMAND.C:2667	src/dm1/dm1_v1_click_routing_pc34_compat.c:134	UNCERTAIN_NUMBERED_EVIDENCE	Exact numeric token occurs in Firestaff source; this audit did not verify behavioral equivalence or implementation.
F2113_GetFirstUsioDataInFilteredQueueOfSpecifiedTypeIndex_KeepInQueue	F	GetFirstUsioDataInFilteredQueueOfSpecifiedTypeIndex	CEDT025.C:117	src/dm1/dm1_v1_click_routing_pc34_compat.c:135	UNCERTAIN_NUMBERED_EVIDENCE	Exact numeric token occurs in Firestaff source; this audit did not verify behavioral equivalence or implementation.
F2114_EmptyUsioDataFilteredQueue	F	EmptyUsioDataFilteredQueue	COMMAND.C:2508	src/dm1/dm1_v1_click_routing_pc34_compat.c:136	UNCERTAIN_NUMBERED_EVIDENCE	Exact numeric token occurs in Firestaff source; this audit did not verify behavioral equivalence or implementation.
F2122_DecodeAllPortraitsWhileLoading	F	DecodeAllPortraitsWhileLoading	CEDT019.C:41	-	MISSING	No exact numbered token found in Firestaff src/include; no implementation claim.
F2123_EncodeAllPortraitsBeforeSaving	F	EncodeAllPortraitsBeforeSaving	CEDT019.C:58	-	MISSING	No exact numbered token found in Firestaff src/include; no implementation claim.
F2124_DecodeAllPortraitsAfterSaving	F	DecodeAllPortraitsAfterSaving	CEDT019.C:85	-	MISSING	No exact numbered token found in Firestaff src/include; no implementation claim.
F2136_GetAsciiCode	F	GetAsciiCode	CEDT025.C:161	src/dm1/dm1_v1_click_routing_pc34_compat.c:137	UNCERTAIN_NUMBERED_EVIDENCE	Exact numeric token occurs in Firestaff source; this audit did not verify behavioral equivalence or implementation.
F2143_Initialize	F	Initialize	CEDT102.C:149	-	MISSING	No exact numbered token found in Firestaff src/include; no implementation claim.
F2144_Free	F	Free	CEDT102.C:167	-	MISSING	No exact numbered token found in Firestaff src/include; no implementation claim.
F2145_sub_F0007_1	F	sub	COPYBYTE.C:196	-	MISSING	No exact numbered token found in Firestaff src/include; no implementation claim.
F2146_sub_F0007_2	F	sub	COPYBYTE.C:231	-	MISSING	No exact numbered token found in Firestaff src/include; no implementation claim.
F2147_EnableSuperHiResGraphics	F	EnableSuperHiResGraphics	BASE.C:699	-	MISSING	No exact numbered token found in Firestaff src/include; no implementation claim.
F2148_DisableSuperHiResGraphics	F	DisableSuperHiResGraphics	BASE.C:709	-	MISSING	No exact numbered token found in Firestaff src/include; no implementation claim.
F2150_CPSX	F	CPSX	COMMAND.C:2212	src/dm1/dm1_v1_click_routing_pc34_compat.c:138	UNCERTAIN_NUMBERED_EVIDENCE	Exact numeric token occurs in Firestaff source; this audit did not verify behavioral equivalence or implementation.
F2151_CPSX	F	CPSX	COMMAND.C:2208	src/dm1/dm1_v1_click_routing_pc34_compat.c:139	UNCERTAIN_NUMBERED_EVIDENCE	Exact numeric token occurs in Firestaff source; this audit did not verify behavioral equivalence or implementation.
F2152_CPSX	F	CPSX	COMMAND.C:2200	src/dm1/dm1_v1_click_routing_pc34_compat.c:140	UNCERTAIN_NUMBERED_EVIDENCE	Exact numeric token occurs in Firestaff source; this audit did not verify behavioral equivalence or implementation.
F2153_subF0136_	F	subF0136	BLITFILL.C:268	-	MISSING	No exact numbered token found in Firestaff src/include; no implementation claim.
F2158_GetMouseButtonsStatus	F	GetMouseButtonsStatus	ENTRANCE.C:1074	src/dm1/dm1_v1_input_poll_pc34_compat.c:380	UNCERTAIN_NUMBERED_EVIDENCE	Exact numeric token occurs in Firestaff source; this audit did not verify behavioral equivalence or implementation.
F2159_ClampMousePointerOnASinglePixel	F	ClampMousePointerOnASinglePixel	IIGS.H:1702	src/dm1/dm1_v1_input_poll_pc34_compat.c:381	UNCERTAIN_NUMBERED_EVIDENCE	Exact numeric token occurs in Firestaff source; this audit did not verify behavioral equivalence or implementation.
F2160_GetMousePointerHotspotX	F	GetMousePointerHotspotX	IIGS.H:1703	src/dm1/dm1_v1_input_poll_pc34_compat.c:382	UNCERTAIN_NUMBERED_EVIDENCE	Exact numeric token occurs in Firestaff source; this audit did not verify behavioral equivalence or implementation.
F2161_GetMousePointerHotspotY	F	GetMousePointerHotspotY	IIGS.H:1704	src/dm1/dm1_v1_input_poll_pc34_compat.c:383	UNCERTAIN_NUMBERED_EVIDENCE	Exact numeric token occurs in Firestaff source; this audit did not verify behavioral equivalence or implementation.
F2162_ShutDown	F	ShutDown	ENDGAME.C:705	src/dm1/dm1_v1_endgame_system_pc34_compat.c:505	UNCERTAIN_NUMBERED_EVIDENCE	Exact numeric token occurs in Firestaff source; this audit did not verify behavioral equivalence or implementation.
F2163_SetBorderColor	F	SetBorderColor	ENDGAME.C:470	src/dm1/dm1_v1_endgame_system_pc34_compat.c:506	UNCERTAIN_NUMBERED_EVIDENCE	Exact numeric token occurs in Firestaff source; this audit did not verify behavioral equivalence or implementation.
F2164_PatchAddresses	F	PatchAddresses	DRAWMSGA.C:195	src/dm1/dm1_v1_viewport_3d_pc34_compat.c:3570	UNCERTAIN_NUMBERED_EVIDENCE	Exact numeric token occurs in Firestaff source; this audit did not verify behavioral equivalence or implementation.
F2165_PrintErrorMessage	F	PrintErrorMessage	BASE.C:1129	-	MISSING	No exact numbered token found in Firestaff src/include; no implementation claim.
F2167_BuildAppleIIGSMouseCursor	F	BuildAppleIIGSMouseCursor	DEFS.H:9715	src/dm1/dm1_v1_input_poll_pc34_compat.c:384	UNCERTAIN_NUMBERED_EVIDENCE	Exact numeric token occurs in Firestaff source; this audit did not verify behavioral equivalence or implementation.
F2179_InitializeGraphicData	F	InitializeGraphicData	GSTHINGS.C:143	-	MISSING	No exact numbered token found in Firestaff src/include; no implementation claim.
F2191_CPSX	F	CPSX	COMMAND.C:2196	src/dm1/dm1_v1_click_routing_pc34_compat.c:141	UNCERTAIN_NUMBERED_EVIDENCE	Exact numeric token occurs in Firestaff source; this audit did not verify behavioral equivalence or implementation.
F2192_CPSX	F	CPSX	COMMAND.C:2200	src/dm1/dm1_v1_click_routing_pc34_compat.c:142	UNCERTAIN_NUMBERED_EVIDENCE	Exact numeric token occurs in Firestaff source; this audit did not verify behavioral equivalence or implementation.
F2193_CPSX	F	CPSX	COMMAND.C:2204	src/dm1/dm1_v1_click_routing_pc34_compat.c:143	UNCERTAIN_NUMBERED_EVIDENCE	Exact numeric token occurs in Firestaff source; this audit did not verify behavioral equivalence or implementation.
F2194_CPSX	F	CPSX	COMMAND.C:2208	src/dm1/dm1_v1_click_routing_pc34_compat.c:144	UNCERTAIN_NUMBERED_EVIDENCE	Exact numeric token occurs in Firestaff source; this audit did not verify behavioral equivalence or implementation.
F2195_CPSX	F	CPSX	COMMAND.C:2212	src/dm1/dm1_v1_click_routing_pc34_compat.c:145	UNCERTAIN_NUMBERED_EVIDENCE	Exact numeric token occurs in Firestaff source; this audit did not verify behavioral equivalence or implementation.
F2196_CPSX	F	CPSX	COMMAND.C:2216	src/dm1/dm1_v1_click_routing_pc34_compat.c:146	UNCERTAIN_NUMBERED_EVIDENCE	Exact numeric token occurs in Firestaff source; this audit did not verify behavioral equivalence or implementation.
F2197_CPSX	F	CPSX	COMMAND.C:2220	src/dm1/dm1_v1_click_routing_pc34_compat.c:147	UNCERTAIN_NUMBERED_EVIDENCE	Exact numeric token occurs in Firestaff source; this audit did not verify behavioral equivalence or implementation.
F2198_CPSX	F	CPSX	DEFS.H:9736	src/dm1/dm1_v1_sound_pc34_compat.c:417	UNCERTAIN_NUMBERED_EVIDENCE	Exact numeric token occurs in Firestaff source; this audit did not verify behavioral equivalence or implementation.
F2199_CPSX	F	CPSX	DEFS.H:9737	src/dm1/dm1_v1_sound_pc34_compat.c:418	UNCERTAIN_NUMBERED_EVIDENCE	Exact numeric token occurs in Firestaff source; this audit did not verify behavioral equivalence or implementation.
F2200_CPSX	F	CPSX	DEFS.H:9738	src/dm1/dm1_v1_sound_pc34_compat.c:419	UNCERTAIN_NUMBERED_EVIDENCE	Exact numeric token occurs in Firestaff source; this audit did not verify behavioral equivalence or implementation.
F2201_CPSX	F	CPSX	DEFS.H:9739	src/dm1/dm1_v1_sound_pc34_compat.c:420	UNCERTAIN_NUMBERED_EVIDENCE	Exact numeric token occurs in Firestaff source; this audit did not verify behavioral equivalence or implementation.
F2202_CPSX	F	CPSX	DEFS.H:9740	src/dm1/dm1_v1_sound_pc34_compat.c:421	UNCERTAIN_NUMBERED_EVIDENCE	Exact numeric token occurs in Firestaff source; this audit did not verify behavioral equivalence or implementation.
F2203_CPSX	F	CPSX	DEFS.H:9732	-	MISSING	No exact numbered token found in Firestaff src/include; no implementation claim.
F2204_CPSX	F	CPSX	DEFS.H:9733	-	MISSING	No exact numbered token found in Firestaff src/include; no implementation claim.
F2205_CPSX	F	CPSX	DEFS.H:9734	-	MISSING	No exact numbered token found in Firestaff src/include; no implementation claim.
F2206_CPSX	F	CPSX	COMMAND.C:2204	src/dm1/dm1_v1_click_routing_pc34_compat.c:148	UNCERTAIN_NUMBERED_EVIDENCE	Exact numeric token occurs in Firestaff source; this audit did not verify behavioral equivalence or implementation.
F2207_CPSX	F	CPSX	DEFS.H:9735	src/dm1/dm1_v1_sound_pc34_compat.c:422	UNCERTAIN_NUMBERED_EVIDENCE	Exact numeric token occurs in Firestaff source; this audit did not verify behavioral equivalence or implementation.
F2210_InitEventManager	F	InitEventManager	SWSH.C:806	-	MISSING	No exact numbered token found in Firestaff src/include; no implementation claim.
F2211_InitQuickDraw	F	InitQuickDraw	SWSH.C:828	-	MISSING	No exact numbered token found in Firestaff src/include; no implementation claim.
F2214_CallProDOS_CREATE	F	CallProDOS	FILE.C:41	-	MISSING	No exact numbered token found in Firestaff src/include; no implementation claim.
F2215_CallProDOS_DESTROY	F	CallProDOS	FILE.C:51	-	MISSING	No exact numbered token found in Firestaff src/include; no implementation claim.
F2216_CallProDOS_CHANGE_PATH	F	CallProDOS	FILE.C:61	-	MISSING	No exact numbered token found in Firestaff src/include; no implementation claim.
F2217_CallProDOS_VOLUME	F	CallProDOS	FILE.C:73	-	MISSING	No exact numbered token found in Firestaff src/include; no implementation claim.
F2218_CallProDOS_OPEN	F	CallProDOS	FILE.C:87	-	MISSING	No exact numbered token found in Firestaff src/include; no implementation claim.
F2219_CallProDOS_READ	F	CallProDOS	FILE.C:98	-	MISSING	No exact numbered token found in Firestaff src/include; no implementation claim.
F2220_CallProDOS_WRITE	F	CallProDOS	FILE.C:107	-	MISSING	No exact numbered token found in Firestaff src/include; no implementation claim.
F2221_CallProDOS_CLOSE	F	CallProDOS	FILE.C:116	-	MISSING	No exact numbered token found in Firestaff src/include; no implementation claim.
F2222_CallProDOS_SET_MARK	F	CallProDOS	FILE.C:124	-	MISSING	No exact numbered token found in Firestaff src/include; no implementation claim.
F2223_CallProDOS_GET_DEV_NUM	F	CallProDOS	FILE.C:132	-	MISSING	No exact numbered token found in Firestaff src/include; no implementation claim.
F2224_CallProDOS_GET_BOOT_VOL	F	CallProDOS	FILE.C:143	-	MISSING	No exact numbered token found in Firestaff src/include; no implementation claim.
F2225_CallProDOS_QUIT	F	CallProDOS	FILE.C:154	-	MISSING	No exact numbered token found in Firestaff src/include; no implementation claim.
F2226_F2173_sub	F	F2173	STARTUP1.C:221	src/dm1/dm1_v1_game_loop_pc34_compat.c:272	UNCERTAIN_NUMBERED_EVIDENCE	Exact numeric token occurs in Firestaff source; this audit did not verify behavioral equivalence or implementation.
F2227_F2174_sub	F	F2174	FILE.C:15	src/dm1/dm1_v1_game_loop_pc34_compat.c:273	UNCERTAIN_NUMBERED_EVIDENCE	Exact numeric token occurs in Firestaff source; this audit did not verify behavioral equivalence or implementation.
F2228_CallProDOS_FORMAT	F	CallProDOS	FILE.C:29	-	MISSING	No exact numbered token found in Firestaff src/include; no implementation claim.
F2232_DisplayErrorAndStop	F	DisplayErrorAndStop	IIGS.H:1710	-	MISSING	No exact numbered token found in Firestaff src/include; no implementation claim.
F2234_ClearBothScreenBuffers	F	ClearBothScreenBuffers	ANIMTOWN.C:659	src/dm1/dm1_v1_game_state_pc34_compat.c:340	UNCERTAIN_NUMBERED_EVIDENCE	Exact numeric token occurs in Firestaff source; this audit did not verify behavioral equivalence or implementation.
F2235_MUSIC_StopCD	F	MUSIC	DEFS.H:9806	src/dm1/dm1_v1_save_load_system_pc34_compat.c:201	UNCERTAIN_NUMBERED_EVIDENCE	Exact numeric token occurs in Firestaff source; this audit did not verify behavioral equivalence or implementation.
F2236_IODRV_9_SetMousePointerBitmap	F	IODRV	CEDT026.C:325	src/dm1/dm1_v1_input_poll_pc34_compat.c:385	UNCERTAIN_NUMBERED_EVIDENCE	Exact numeric token occurs in Firestaff source; this audit did not verify behavioral equivalence or implementation.
F2237_IODRV_10_SetMousePointer	F	IODRV	CEDT026.C:379	src/dm1/dm1_v1_input_poll_pc34_compat.c:386	UNCERTAIN_NUMBERED_EVIDENCE	Exact numeric token occurs in Firestaff source; this audit did not verify behavioral equivalence or implementation.
F2239_TownsMouseHandler	F	TownsMouseHandler	CEDT026.C:295	src/dm1/dm1_v1_input_poll_pc34_compat.c:387	UNCERTAIN_NUMBERED_EVIDENCE	Exact numeric token occurs in Firestaff source; this audit did not verify behavioral equivalence or implementation.
F2240_INIT_TOWNS_MOUSE	F	INIT	CEDT026.C:398	src/dm1/dm1_v1_input_poll_pc34_compat.c:388	UNCERTAIN_NUMBERED_EVIDENCE	Exact numeric token occurs in Firestaff source; this audit did not verify behavioral equivalence or implementation.
F2241_RESTORE_TOWNS_MOUSE	F	RESTORE	CEDT026.C:412	src/dm1/dm1_v1_input_poll_pc34_compat.c:389	UNCERTAIN_NUMBERED_EVIDENCE	Exact numeric token occurs in Firestaff source; this audit did not verify behavioral equivalence or implementation.
F2242_MEM_AVAIL	F	MEM	CEDT028.C:10	-	MISSING	No exact numbered token found in Firestaff src/include; no implementation claim.
F2243_CallMalloc	F	CallMalloc	CEDT028.C:32	-	MISSING	No exact numbered token found in Firestaff src/include; no implementation claim.
F2244_CallFree	F	CallFree	CEDT028.C:38	-	MISSING	No exact numbered token found in Firestaff src/include; no implementation claim.
F2245_INIT_TOWNS	F	INIT	CEDT027.C:1549	-	MISSING	No exact numbered token found in Firestaff src/include; no implementation claim.
F2247_RESTORE_TOWNS	F	RESTORE	CEDT027.C:1558	-	MISSING	No exact numbered token found in Firestaff src/include; no implementation claim.
F2248_PlayAnimation	F	PlayAnimation	ANIM.C:2332	src/dm1/dm1_v1_creature_render_pc34_compat.c:1083	UNCERTAIN_NUMBERED_EVIDENCE	Exact numeric token occurs in Firestaff source; this audit did not verify behavioral equivalence or implementation.
F2249_CLEAR_FRONT_SCREEN	F	CLEAR	CEDT027.C:1463	-	MISSING	No exact numbered token found in Firestaff src/include; no implementation claim.
F2251_INSTALL_CRITICAL_HANDLER	F	INSTALL	CEDT029.C:50	-	MISSING	No exact numbered token found in Firestaff src/include; no implementation claim.
F2253_KEYREAD	F	KEYREAD	ANIMTOWN.C:720	src/dm1/dm1_v1_input_poll_pc34_compat.c:403	UNCERTAIN_NUMBERED_EVIDENCE	Exact numeric token occurs in Firestaff source; this audit did not verify behavioral equivalence or implementation.
F2254_KEYAVAIL	F	KEYAVAIL	ANIMTOWN.C:736	src/dm1/dm1_v1_input_poll_pc34_compat.c:404	UNCERTAIN_NUMBERED_EVIDENCE	Exact numeric token occurs in Firestaff source; this audit did not verify behavioral equivalence or implementation.
F2255_SWOOSH_main	F	SWOOSH	ANIMTOWN.C:751	-	MISSING	No exact numbered token found in Firestaff src/include; no implementation claim.
F2256_CD_INIT_CPSX	F	CD	ANIMTOWN.C:757	-	MISSING	No exact numbered token found in Firestaff src/include; no implementation claim.
F2257_IsCDPlaying	F	IsCDPlaying	ANIM.C:2237	src/dm1/dm1_v1_creature_render_pc34_compat.c:1084	UNCERTAIN_NUMBERED_EVIDENCE	Exact numeric token occurs in Firestaff source; this audit did not verify behavioral equivalence or implementation.
F2258_SetVolume	F	SetVolume	ANIMSND.C:601	-	MISSING	No exact numbered token found in Firestaff src/include; no implementation claim.
F2259_INIT_TOWNS_SCREEN	F	INIT	ANIMTOWN.C:747	src/dm1/dm1_v1_game_state_pc34_compat.c:341	UNCERTAIN_NUMBERED_EVIDENCE	Exact numeric token occurs in Firestaff source; this audit did not verify behavioral equivalence or implementation.
F2260_RESTORE_TOWNS_SCREEN	F	RESTORE	CEDT027.C:1563	-	MISSING	No exact numbered token found in Firestaff src/include; no implementation claim.
F2261_Palette	F	Palette	ANIMTOWN.C:533	src/dm1/dm1_v1_viewport_3d_pc34_compat.c:3571	UNCERTAIN_NUMBERED_EVIDENCE	Exact numeric token occurs in Firestaff source; this audit did not verify behavioral equivalence or implementation.
F2262_TIMER_A_EVENT	F	TIMER	ANIMTOWN.C:687	src/csb/csb_v1_f2262_timer_a_event_pc34_compat.c; include/csb_v1_f2262_timer_a_event_pc34_compat.h; tests/test_csb_v1_f2262_timer_a_event_pc34_compat.c	IMPLEMENTED_NARROW	CSB owns the PC34 input-wait Timer A event boundary: it increments the wait-for-input vertical-blank counter, sets stop-waiting at the source maximum, records FM-Towns sound counter/fade as optional platform state, and marks that branch unavailable for PC34 rather than fabricating FM-Towns runtime state.
F2263_INIT_TIMER	F	INIT	ANIMTOWN.C:707	src/dm1/dm1_v1_game_state_pc34_compat.c:343	UNCERTAIN_NUMBERED_EVIDENCE	Exact numeric token occurs in Firestaff source; this audit did not verify behavioral equivalence or implementation.
F2264_INIT_PCM_SOUND	F	INIT	ANIMSND.C:534	src/dm1/dm1_v1_game_state_pc34_compat.c:344	UNCERTAIN_NUMBERED_EVIDENCE	Exact numeric token occurs in Firestaff source; this audit did not verify behavioral equivalence or implementation.
F2277_KEYREAD	F	KEYREAD	CEDT029.C:35	-	MISSING	No exact numbered token found in Firestaff src/include; no implementation claim.
F2281_MEM1_05_ClearBytes	F	MEM1	COMPILE.H:3	-	MISSING	No exact numbered token found in Firestaff src/include; no implementation claim.
F6000_PRIM_17_File_Open	F	PRIM	PRIM.H:366	-	MISSING	No exact numbered token found in Firestaff src/include; no implementation claim.
F6001_PRIM_18_File_Close	F	PRIM	PRIM.H:367	-	MISSING	No exact numbered token found in Firestaff src/include; no implementation claim.
F6002_PRIM_22_Console_PrintMessage	F	PRIM	PRIM.H:370	-	MISSING	No exact numbered token found in Firestaff src/include; no implementation claim.
F6003_PRIM_23_Input_WaitForChar	F	PRIM	PRIM.H:371	-	MISSING	No exact numbered token found in Firestaff src/include; no implementation claim.
F6004_PRIM_24_Input_Read	F	PRIM	PRIM.H:372	-	MISSING	No exact numbered token found in Firestaff src/include; no implementation claim.
F6005_PRIM_21_FTL_FatalLoaderError	F	PRIM	PRIM.H:373	-	MISSING	No exact numbered token found in Firestaff src/include; no implementation claim.
F6006_PRIM_07_FTL_Execute	F	PRIM	PRIM.H:374	-	MISSING	No exact numbered token found in Firestaff src/include; no implementation claim.
F6007_CallFTLProgram	F	CallFTLProgram	PRIM.H:378	-	MISSING	No exact numbered token found in Firestaff src/include; no implementation claim.
F6008_PRIM_29_Empty	F	PRIM	PRIM.H:375	-	MISSING	No exact numbered token found in Firestaff src/include; no implementation claim.
F6009_GetInitialA5World	F	GetInitialA5World	PRIM.H:376	-	MISSING	No exact numbered token found in Firestaff src/include; no implementation claim.
F6010_ExecuteLibraryFunction	F	ExecuteLibraryFunction	PRIM.H:377	-	MISSING	No exact numbered token found in Firestaff src/include; no implementation claim.
F6011_BeginLibraryFunction	F	BeginLibraryFunction	PRIM2B.C:60	-	MISSING	No exact numbered token found in Firestaff src/include; no implementation claim.
F6012_EndLibraryFunction	F	EndLibraryFunction	PRIM2B.C:77	-	MISSING	No exact numbered token found in Firestaff src/include; no implementation claim.
F6013_F0917_PRIM_15_Memory_Allocate	F	F0917	PRIM.H:319	-	MISSING	No exact numbered token found in Firestaff src/include; no implementation claim.
F6014_F0918_PRIM_16_Memory_Free	F	F0918	PRIM.H:320	-	MISSING	No exact numbered token found in Firestaff src/include; no implementation claim.
F6015_F6000_PRIM_17_File_Open	F	F6000	PRIM.H:321	-	MISSING	No exact numbered token found in Firestaff src/include; no implementation claim.
F6016_F6001_PRIM_18_File_Close	F	F6001	PRIM.H:322	-	MISSING	No exact numbered token found in Firestaff src/include; no implementation claim.
F6017_F0919_PRIM_19_File_Seek	F	F0919	PRIM.H:323	-	MISSING	No exact numbered token found in Firestaff src/include; no implementation claim.
F6018_F0920_PRIM_20_File_Read	F	F0920	PRIM.H:324	-	MISSING	No exact numbered token found in Firestaff src/include; no implementation claim.
F6019_F6002_PRIM_22_Console_PrintMessage	F	F6002	PRIM.H:326	-	MISSING	No exact numbered token found in Firestaff src/include; no implementation claim.
F6020_F6003_PRIM_23_Input_WaitForChar	F	F6003	PRIM.H:327	-	MISSING	No exact numbered token found in Firestaff src/include; no implementation claim.
F6021_F6004_PRIM_24_Input_Read	F	F6004	PRIM.H:328	-	MISSING	No exact numbered token found in Firestaff src/include; no implementation claim.
F6022_F6005_PRIM_21_FTL_FatalLoaderError	F	F6005	PRIM.H:325	-	MISSING	No exact numbered token found in Firestaff src/include; no implementation claim.
F6023_F6037_PRIM_04_Library_HookFunction	F	F6037	PRIM.H:308	-	MISSING	No exact numbered token found in Firestaff src/include; no implementation claim.
F6024_F6044_PRIM_06_FTL_FreeMemory	F	F6044	PRIM.H:310	-	MISSING	No exact numbered token found in Firestaff src/include; no implementation claim.
F6025_F6006_PRIM_07_FTL_Execute	F	F6006	PRIM.H:311	-	MISSING	No exact numbered token found in Firestaff src/include; no implementation claim.
F6026_F0929_PRIM_05_FTL_Load	F	F0929	PRIM.H:309	-	MISSING	No exact numbered token found in Firestaff src/include; no implementation claim.
F6027_F6047_PRIM_11_Library_AddToList	F	F6047	PRIM.H:315	-	MISSING	No exact numbered token found in Firestaff src/include; no implementation claim.
F6028_F6048_PRIM_12_Library_RemoveFromList	F	F6048	PRIM.H:316	-	MISSING	No exact numbered token found in Firestaff src/include; no implementation claim.
F6028_F6048_RemoveLibraryFromLi	F	F6048	PRIM.H:440	-	MISSING	No exact numbered token found in Firestaff src/include; no implementation claim.
F6029_F6045_PRIM_13_Library_InitializeList	F	F6045	PRIM.H:317	-	MISSING	No exact numbered token found in Firestaff src/include; no implementation claim.
F6030_F6046_PRIM_14_Library_FindInList	F	F6046	PRIM.H:318	-	MISSING	No exact numbered token found in Firestaff src/include; no implementation claim.
F6031_F6040_PRIM_08_Library_Open	F	F6040	PRIM.H:312	-	MISSING	No exact numbered token found in Firestaff src/include; no implementation claim.
F6032_F6041_PRIM_09_Library_Close	F	F6041	PRIM.H:313	-	MISSING	No exact numbered token found in Firestaff src/include; no implementation claim.
F6033_F6042_PRIM_10_Library_FlagAsCanBeExpunged	F	F6042	PRIM.H:314	-	MISSING	No exact numbered token found in Firestaff src/include; no implementation claim.
F6034_F6049_PRIM_25_FTL_DecompressCODESegment	F	F6049	PRIM.H:329	-	MISSING	No exact numbered token found in Firestaff src/include; no implementation claim.
F6035_F6043_PRIM_26_FTL_LoadAndExecute	F	F6043	PRIM.H:330	-	MISSING	No exact numbered token found in Firestaff src/include; no implementation claim.
F6036_F6039_PRIM_27_File_IsOpenable	F	F6039	PRIM.H:331	-	MISSING	No exact numbered token found in Firestaff src/include; no implementation claim.
F6037_PRIM_04_Library_HookFunction	F	PRIM	PRIM.H:339	-	MISSING	No exact numbered token found in Firestaff src/include; no implementation claim.
F6038_PRIM_28_Library_UnhookFunction	F	PRIM	PRIM.H:340	-	MISSING	No exact numbered token found in Firestaff src/include; no implementation claim.
F6039_PRIM_27_File_IsOpenable	F	PRIM	PRIM.H:341	-	MISSING	No exact numbered token found in Firestaff src/include; no implementation claim.
F6040_PRIM_08_Library_Open	F	PRIM	PRIM.H:342	-	MISSING	No exact numbered token found in Firestaff src/include; no implementation claim.
F6041_PRIM_09_Library_Close	F	PRIM	PRIM.H:343	-	MISSING	No exact numbered token found in Firestaff src/include; no implementation claim.
F6042_PRIM_10_Library_FlagAsCanBeExpunged	F	PRIM	PRIM.H:344	-	MISSING	No exact numbered token found in Firestaff src/include; no implementation claim.
F6043_PRIM_26_FTL_LoadAndExecute	F	PRIM	PRIM.H:345	-	MISSING	No exact numbered token found in Firestaff src/include; no implementation claim.
F6044_PRIM_06_FTL_FreeMemory	F	PRIM	PRIM.H:347	-	MISSING	No exact numbered token found in Firestaff src/include; no implementation claim.
F6045_PRIM_13_Library_InitializeList	F	PRIM	PRIM.H:348	-	MISSING	No exact numbered token found in Firestaff src/include; no implementation claim.
F6046_PRIM_14_Library_FindInList	F	PRIM	PRIM.H:349	-	MISSING	No exact numbered token found in Firestaff src/include; no implementation claim.
F6047_PRIM_11_Library_AddToList	F	PRIM	PRIM.H:350	-	MISSING	No exact numbered token found in Firestaff src/include; no implementation claim.
F6048_PRIM_12_Library_RemoveFromList	F	PRIM	PRIM.H:351	-	MISSING	No exact numbered token found in Firestaff src/include; no implementation claim.
F6049_PRIM_25_FTL_DecompressCODESegment	F	PRIM	APPA.C:40	-	MISSING	No exact numbered token found in Firestaff src/include; no implementation claim.
F6050_InitializeFTLLibraryManagement	F	InitializeFTLLibraryManagement	PRIM.H:353	-	MISSING	No exact numbered token found in Firestaff src/include; no implementation claim.
F6051_UnLoadFTLLibrary	F	UnLoadFTLLibrary	PRIM.H:354	-	MISSING	No exact numbered token found in Firestaff src/include; no implementation claim.
F6052_FTL_UnloadAll	F	FTL	PRIM.H:355	-	MISSING	No exact numbered token found in Firestaff src/include; no implementation claim.
F6053_IsFunctionHooked	F	IsFunctionHooked	PRIM.H:356	-	MISSING	No exact numbered token found in Firestaff src/include; no implementation claim.
F7000_SavePortrait	F	SavePortrait	CEDT001.C:46	-	MISSING	No exact numbered token found in Firestaff src/include; no implementation claim.
F7001_SaveChampions	F	SaveChampions	CEDT001.C:132	-	MISSING	No exact numbered token found in Firestaff src/include; no implementation claim.
F7002_ReadCMP	F	ReadCMP	CEDT001.C:182	-	MISSING	No exact numbered token found in Firestaff src/include; no implementation claim.
F7003_LoadPortrait	F	LoadPortrait	CEDT001.C:237	-	MISSING	No exact numbered token found in Firestaff src/include; no implementation claim.
F7004_LoadChampions	F	LoadChampions	CEDT001.C:292	-	MISSING	No exact numbered token found in Firestaff src/include; no implementation claim.
F7005_Quit	F	Quit	CEDT001.C:321	-	MISSING	No exact numbered token found in Firestaff src/include; no implementation claim.
F7006_IsPointInBox	F	IsPointInBox	CEDT002.C:182	src/dm1/dm1_v1_click_routing_pc34_compat.c:149	UNCERTAIN_NUMBERED_EVIDENCE	Exact numeric token occurs in Firestaff source; this audit did not verify behavioral equivalence or implementation.
F7012_AddToInputInfoList	F	AddToInputInfoList	CEDT006.C:1303	src/dm1/dm1_v1_click_routing_pc34_compat.c:150	UNCERTAIN_NUMBERED_EVIDENCE	Exact numeric token occurs in Firestaff source; this audit did not verify behavioral equivalence or implementation.
F7013_RemoveFromInputInfoList_Unreferenced	F	RemoveFromInputInfoList	COMMAND.C:3092	src/dm1/dm1_v1_click_routing_pc34_compat.c:151	UNCERTAIN_NUMBERED_EVIDENCE	Exact numeric token occurs in Firestaff source; this audit did not verify behavioral equivalence or implementation.
F7014_SetCurrentInputInfoList	F	SetCurrentInputInfoList	CEDT008.C:247	src/dm1/dm1_v1_click_routing_pc34_compat.c:152	UNCERTAIN_NUMBERED_EVIDENCE	Exact numeric token occurs in Firestaff source; this audit did not verify behavioral equivalence or implementation.
F7015_ProcessNextUDCommand	F	ProcessNextUDCommand	CEDT006.C:1306	src/dm1/dm1_v1_click_routing_pc34_compat.c:153	UNCERTAIN_NUMBERED_EVIDENCE	Exact numeric token occurs in Firestaff source; this audit did not verify behavioral equivalence or implementation.
F7016_GetKeyFromCommand	F	GetKeyFromCommand	CEDT006.C:1519	src/dm1/dm1_v1_click_routing_pc34_compat.c:154	UNCERTAIN_NUMBERED_EVIDENCE	Exact numeric token occurs in Firestaff source; this audit did not verify behavioral equivalence or implementation.
F7017_GetIconIndex	F	GetIconIndex	CEDT004.C:188	-	MISSING	No exact numbered token found in Firestaff src/include; no implementation claim.
F7018_GetThingData	F	GetThingData	CEDT004.C:203	-	MISSING	No exact numbered token found in Firestaff src/include; no implementation claim.
F7019_GetObjectInfoIndex	F	GetObjectInfoIndex	CEDT004.C:196	-	MISSING	No exact numbered token found in Firestaff src/include; no implementation claim.
F7020_RemoveObjectModifiersFromStatistics	F	RemoveObjectModifiersFromStatistics	CEDT004.C:253	src/csb/csb_v1_character_pc34_compat.c:570	UNCERTAIN_NUMBERED_EVIDENCE	Exact numeric token occurs in Firestaff source; this audit did not verify behavioral equivalence or implementation.
F7021_InitAllocatedMemoryBlocks	F	InitAllocatedMemoryBlocks	CEDT005.C:285	-	MISSING	No exact numbered token found in Firestaff src/include; no implementation claim.
F7022_FreeAllAllocatedBlocks	F	FreeAllAllocatedBlocks	CEDT005.C:322	-	MISSING	No exact numbered token found in Firestaff src/include; no implementation claim.
F7023_Alloc	F	Alloc	CEDT005.C:341	-	MISSING	No exact numbered token found in Firestaff src/include; no implementation claim.
F7024_Free	F	Free	CEDT005.C:334	src/dm1/dm1_v1_portrait_panel_pc34_compat.c:131	UNCERTAIN_NUMBERED_EVIDENCE	Exact numeric token occurs in Firestaff source; this audit did not verify behavioral equivalence or implementation.
F7025_GetAllocatedBlockCount	F	GetAllocatedBlockCount	CEDT005.C:453	-	MISSING	No exact numbered token found in Firestaff src/include; no implementation claim.
F7026_EmptyFunction	F	EmptyFunction	CEDT005.C:459	-	MISSING	No exact numbered token found in Firestaff src/include; no implementation claim.
F7027_DrawTextCursor	F	DrawTextCursor	CEDT006.C:193	-	MISSING	No exact numbered token found in Firestaff src/include; no implementation claim.
F7028_EditChampionNameOrTitle	F	EditChampionNameOrTitle	CEDT006.C:224	-	MISSING	No exact numbered token found in Firestaff src/include; no implementation claim.
F7030_DrawFilledBox	F	DrawFilledBox	CEDT006.C:261	-	MISSING	No exact numbered token found in Firestaff src/include; no implementation claim.
F7031_DrawZoomedPortrait	F	DrawZoomedPortrait	CEDT006.C:299	-	MISSING	No exact numbered token found in Firestaff src/include; no implementation claim.
F7032_DrawChampionNameOnTopOfScreen	F	DrawChampionNameOnTopOfScreen	CEDT006.C:351	-	MISSING	No exact numbered token found in Firestaff src/include; no implementation claim.
F7033_DrawPortraitsAndNamesOnTopOfScreen	F	DrawPortraitsAndNamesOnTopOfScreen	CEDT006.C:372	-	MISSING	No exact numbered token found in Firestaff src/include; no implementation claim.
F7034_DrawButton	F	DrawButton	CEDT006.C:398	-	MISSING	No exact numbered token found in Firestaff src/include; no implementation claim.
F7035_SetSelectedColorBox	F	SetSelectedColorBox	CEDT006.C:423	-	MISSING	No exact numbered token found in Firestaff src/include; no implementation claim.
F7036_SetSelectedColorIndex	F	SetSelectedColorIndex	CEDT006.C:442	-	MISSING	No exact numbered token found in Firestaff src/include; no implementation claim.
F7037_UpdateUndoBitmap	F	UpdateUndoBitmap	CEDT006.C:460	-	MISSING	No exact numbered token found in Firestaff src/include; no implementation claim.
F7038_PrintChampionNameOrTitleForEdition	F	PrintChampionNameOrTitleForEdition	CEDT006.C:472	-	MISSING	No exact numbered token found in Firestaff src/include; no implementation claim.
F7039_DrawHealthOrStaminaOrMana	F	DrawHealthOrStaminaOrMana	CEDT006.C:493	-	MISSING	No exact numbered token found in Firestaff src/include; no implementation claim.
F7040_SelectChampion	F	SelectChampion	CEDT006.C:512	-	MISSING	No exact numbered token found in Firestaff src/include; no implementation claim.
F7041_ProcessKeyboardInput	F	ProcessKeyboardInput	CEDT006.C:662	-	MISSING	No exact numbered token found in Firestaff src/include; no implementation claim.
F7042_DrawChampionEditorScreen	F	DrawChampionEditorScreen	CEDT006.C:897	-	MISSING	No exact numbered token found in Firestaff src/include; no implementation claim.
F7043_IsClickOnColorPaletteProcessed	F	IsClickOnColorPaletteProcessed	CEDT006.C:942	-	MISSING	No exact numbered token found in Firestaff src/include; no implementation claim.
F7044_DrawPortraitPixel	F	DrawPortraitPixel	CEDT006.C:962	-	MISSING	No exact numbered token found in Firestaff src/include; no implementation claim.
F7045_IsPortraitPixelDrawn	F	IsPortraitPixelDrawn	CEDT006.C:1010	-	MISSING	No exact numbered token found in Firestaff src/include; no implementation claim.
F7046_FloodFillBitmapArea	F	FloodFillBitmapArea	CEDT006.C:1040	-	MISSING	No exact numbered token found in Firestaff src/include; no implementation claim.
F7047_SwapOnDiskAndOnScreenPortraits	F	SwapOnDiskAndOnScreenPortraits	CEDT006.C:1203	-	MISSING	No exact numbered token found in Firestaff src/include; no implementation claim.
F7048_CopyPortraitsAfterGameLoaded	F	CopyPortraitsAfterGameLoaded	CEDT006.C:1223	src/csb/csb_v1_runtime_pc34_compat.c:220	UNCERTAIN_NUMBERED_EVIDENCE	Exact numeric token occurs in Firestaff source; this audit did not verify behavioral equivalence or implementation.
F7049_CopyBackupPortrait	F	CopyBackupPortrait	CEDT006.C:1274	-	MISSING	No exact numbered token found in Firestaff src/include; no implementation claim.
F7050_MainLoop	F	MainLoop	CEDT006.C:1281	-	MISSING	No exact numbered token found in Firestaff src/include; no implementation claim.
F7051_LoadGame	F	LoadGame	CEDT001.C:311	src/dm1/dm1_v1_original_save_classifier.c:332	UNCERTAIN_NUMBERED_EVIDENCE	Exact numeric token occurs in Firestaff source; this audit did not verify behavioral equivalence or implementation.
F7052_SaveGame	F	SaveGame	CEDT001.C:153	-	MISSING	No exact numbered token found in Firestaff src/include; no implementation claim.
F7053_FreeGame	F	FreeGame	CEDTINCB.C:6	-	MISSING	No exact numbered token found in Firestaff src/include; no implementation claim.
F7054_DetermineGameFormats	F	DetermineGameFormats	CEDT007.C:8	-	MISSING	No exact numbered token found in Firestaff src/include; no implementation claim.
F7055_F0417_SAVEUTIL_GetChecksumAndObfuscate	F	F0417	CEDTINC6.C:42	src/csb/redmcsb_f7055_saveutil_pc34_compat.c; include/redmcsb_f7055_saveutil_pc34_compat.h; tests/test_redmcsb_f7055_saveutil_pc34_compat.c	IMPLEMENTED_NARROW	CSB owns the PC34 save-part checksum/XOR word transaction for even byte spans; odd, empty, or null sections fail closed without byte-wise fallback. Focused CTest is registered.
F7056_F0418_SAVEUTIL_GetChecksum	F	F0418	CEDT007.C:9	src/csb/redmcsb_f7055_saveutil_pc34_compat.c; include/redmcsb_f7055_saveutil_pc34_compat.h; tests/test_redmcsb_f7055_saveutil_pc34_compat.c	IMPLEMENTED_NARROW	CSB validates the same PC34 save-part checksum/XOR stream without mutating caller bytes; broader file transport and save-layout decode remain caller-owned. Focused CTest is registered.
F7057_ReadSaveGamePartWithChecksum	F	ReadSaveGamePartWithChecksum	CEDT007.C:25	src/csb/redmcsb_f7055_saveutil_pc34_compat.c; include/redmcsb_f7055_saveutil_pc34_compat.h; tests/test_redmcsb_f7055_saveutil_pc34_compat.c	IMPLEMENTED_NARROW	CSB decrypts an authenticated even-length save part only when the supplied checksum matches the source checksum; malformed or foreign checksum parts reject without a substitute save part. Focused CTest is registered.
F7058_WriteSavePartWithChecksum	F	WriteSavePartWithChecksum	CEDT007.C:26	src/csb/redmcsb_f7055_saveutil_pc34_compat.c; include/redmcsb_f7055_saveutil_pc34_compat.h; tests/test_redmcsb_f7055_saveutil_pc34_compat.c	IMPLEMENTED_NARROW	CSB reports the F7055 checksum for a plaintext part, emits only through the source word transaction, and restores caller plaintext after the write-preparation step. Focused CTest is registered.
F7059_ReadDungeonPartWithChecksum	F	ReadDungeonPartWithChecksum	CEDTINC6.C:129	src/csb/redmcsb_f7059_dungeon_part_checksum_pc34_compat.c; include/redmcsb_f7059_dungeon_part_checksum_pc34_compat.h; tests/test_redmcsb_f7059_dungeon_part_checksum_pc34_compat.c	IMPLEMENTED_NARROW	CSB owns the PC34 modular 16-bit byte accumulator for already-read dungeon-part bytes; it does not infer file transport, dungeon layout, CSBWin extension, DSA, timer, or runtime state. Focused CTest is registered.
F7060_WriteDungeonPartWithChecksum	F	WriteDungeonPartWithChecksum	CEDT007.C:34	src/csb/redmcsb_f7059_dungeon_part_checksum_pc34_compat.c; include/redmcsb_f7059_dungeon_part_checksum_pc34_compat.h; tests/test_redmcsb_f7059_dungeon_part_checksum_pc34_compat.c	IMPLEMENTED_NARROW	CSB owns the same PC34 modular 16-bit byte accumulator before dungeon-part write; caller-owned bytes stay opaque and no write transport or layout is synthesized. Focused CTest is registered.
F7061_F0429_STARTEND_IsReadSaveHeaderSuccessful	F	F0429	CEDT007.C:27	src/csb/redmcsb_f7061_save_header_pc34_compat.c; include/redmcsb_f7061_save_header_pc34_compat.h; tests/test_redmcsb_f7061_save_header_pc34_compat.c	IMPLEMENTED_NARROW	CSB validates exactly one 512-byte PC34 save header, deobfuscating bytes 256..511 before returning the source checksum verdict, including failed headers. Focused CTest is registered.
F7062_F0430_STARTEND_IsWriteObfuscatedSaveHeaderSuccessful	F	F0430	CEDT007.C:28	src/csb/redmcsb_f7062_save_header_pc34_compat.c; include/redmcsb_f7062_save_header_pc34_compat.h; tests/test_redmcsb_f7062_save_header_pc34_compat.c	IMPLEMENTED_NARROW	CSB prepares the exact obfuscated 512-byte PC34 save-header image from caller-supplied source RNG words, restores caller plaintext, and proves the output through F7061. Focused CTest is registered.
F7063_LoadDungeon	F	LoadDungeon	CEDT007.C:32	src/csb/redmcsb_f7063_dungeon_stream_pc34_compat.c; include/redmcsb_f7063_dungeon_stream_pc34_compat.h; tests/test_redmcsb_f7063_dungeon_stream_pc34_compat.c	IMPLEMENTED_NARROW	CSB validates F7063's fixed 22-part opaque dungeon byte stream and trailing 16-bit checksum; it does not parse maps, ThingData, DSA, timers, or runtime layout. Focused CTest is registered.
F7064_PadChampionNameAndTitle	F	PadChampionNameAndTitle	CEDT007.C:7	src/csb/redmcsb_f7064_champion_text_pc34_compat.c; include/redmcsb_f7064_champion_text_pc34_compat.h; tests/test_redmcsb_f7064_champion_text_pc34_compat.c	IMPLEMENTED_NARROW	CSB applies the PC34 fixed-field NUL padding for 8-byte champion names and 20-byte titles after the first NUL without inventing character conversion. Focused CTest is registered.
F7065_ClearChampionPortraitPointersBeforeSavingGame	F	ClearChampionPortraitPointersBeforeSavingGame	CEDT007.C:6	src/csb/redmcsb_f7065_portrait_slots_pc34_compat.c; include/redmcsb_f7065_portrait_slots_pc34_compat.h; tests/test_redmcsb_f7065_portrait_slots_pc34_compat.c	IMPLEMENTED_NARROW	CSB clears portrait pointer slots before save only for PORTRAITS_EXCLUDED and leaves included-format slots untouched. Focused CTest is registered.
F7066_LoadPortraits	F	LoadPortraits	CEDTINC8.C:334	src/csb/redmcsb_f7065_portrait_slots_pc34_compat.c; include/redmcsb_f7065_portrait_slots_pc34_compat.h; tests/test_redmcsb_f7065_portrait_slots_pc34_compat.c	IMPLEMENTED_NARROW	CSB rebinds excluded-format portrait slots to a complete source sequential portrait byte buffer and rejects undersized storage without partial mutation. Focused CTest is registered.
F7067_GetChampionInfo	F	GetChampionInfo	CEDT004.C:396	src/csb/redmcsb_f7067_portrait_info_pc34_compat.c; include/redmcsb_f7067_portrait_info_pc34_compat.h; tests/test_redmcsb_f7067_portrait_info_pc34_compat.c	IMPLEMENTED_NARROW	CSB owns the C31_CHAMPION_INFO_PORTRAIT get path for supported source champion formats; other champion-info indices remain unimplemented. Focused CTest is registered.
F7068_SetChampionInfo	F	SetChampionInfo	CEDT004.C:398	src/csb/redmcsb_f7067_portrait_info_pc34_compat.c; include/redmcsb_f7067_portrait_info_pc34_compat.h; tests/test_redmcsb_f7067_portrait_info_pc34_compat.c	IMPLEMENTED_NARROW	CSB owns the C31_CHAMPION_INFO_PORTRAIT set path for supported source champion formats and rejects unknown formats or out-of-range champions without mutation. Focused CTest is registered.
F7069_CopyStringFirstLine	F	CopyStringFirstLine	CEDTINC4.C:5	-	MISSING	No exact numbered token found in Firestaff src/include; no implementation claim.
F7070_DrawDialogTitle	F	DrawDialogTitle	CEDTINC4.C:62	-	MISSING	No exact numbered token found in Firestaff src/include; no implementation claim.
F7072_GetDialogChoiceOrdinal	F	GetDialogChoiceOrdinal	CEDT001.C:102	-	MISSING	No exact numbered token found in Firestaff src/include; no implementation claim.
F7074_DrawDialogErrorMessage	F	DrawDialogErrorMessage	CEDT001.C:81	-	MISSING	No exact numbered token found in Firestaff src/include; no implementation claim.
F7076_AreAllChampionNamesUnique	F	AreAllChampionNamesUnique	CEDTINC7.C:11	-	MISSING	No exact numbered token found in Firestaff src/include; no implementation claim.
F7077_InitCMPStructure	F	InitCMPStructure	CEDTINC9.C:5	-	MISSING	No exact numbered token found in Firestaff src/include; no implementation claim.
F7078_SortFileNames	F	SortFileNames	CEDTINCF.C:5	-	MISSING	No exact numbered token found in Firestaff src/include; no implementation claim.
F7079_ConvertFileNameToUpperCase	F	ConvertFileNameToUpperCase	CEDTINCF.C:116	-	MISSING	No exact numbered token found in Firestaff src/include; no implementation claim.
F7080_DrawFilePickerFileList	F	DrawFilePickerFileList	CEDT008.C:132	-	MISSING	No exact numbered token found in Firestaff src/include; no implementation claim.
F7081_SortFileNamesIfPossible	F	SortFileNamesIfPossible	CEDT008.C:131	-	MISSING	No exact numbered token found in Firestaff src/include; no implementation claim.
F7082_DrawFilePickerDialog	F	DrawFilePickerDialog	CEDT014.C:276	-	MISSING	No exact numbered token found in Firestaff src/include; no implementation claim.
F7083_DrawInitialFilePickerFileList	F	DrawInitialFilePickerFileList	CEDT008.C:120	-	MISSING	No exact numbered token found in Firestaff src/include; no implementation claim.
F7084_ProcessFilePickerInput	F	ProcessFilePickerInput	CEDT008.C:143	-	MISSING	No exact numbered token found in Firestaff src/include; no implementation claim.
F7086_IsReadyToMakeNewAdventure	F	IsReadyToMakeNewAdventure	CEDT006.C:1478	-	MISSING	No exact numbered token found in Firestaff src/include; no implementation claim.
F7087_CopyChampionProperty	F	CopyChampionProperty	CEDTINCR.C:5	-	MISSING	No exact numbered token found in Firestaff src/include; no implementation claim.
F7088_CopyChampionPortraits	F	CopyChampionPortraits	CEDTINCI.C:157	src/csb/redmcsb_f7088_portrait_transfer_pc34_compat.c; include/redmcsb_f7088_portrait_transfer_pc34_compat.h; tests/test_redmcsb_f7088_portrait_transfer_pc34_compat.c	IMPLEMENTED_NARROW	PC34 included-to-excluded four-portrait transfer is source-linked and fail-closed; it copies only four 464-byte source portraits and rebinds through the F7066 excluded-format path. Focused CTest is registered.
F7089_GetFirstCellWithNoChampion	F	GetFirstCellWithNoChampion	CEDT008.C:273	src/csb/redmcsb_f7090_make_new_adventure_pc34_compat.c; include/redmcsb_f7090_make_new_adventure_pc34_compat.h; tests/test_redmcsb_f7090_make_new_adventure_pc34_compat.c	IMPLEMENTED_NARROW	Four-cell source scan order is ported for the PC34 imported-party boundary and tested with collision normalization; no party layout is inferred outside the caller-owned CSB state.
F7090_MakeNewAdventure	F	MakeNewAdventure	CEDT006.C:1489	src/csb/redmcsb_f7090_make_new_adventure_pc34_compat.c; include/redmcsb_f7090_make_new_adventure_pc34_compat.h; tests/test_redmcsb_f7090_make_new_adventure_pc34_compat.c	IMPLEMENTED_NARROW	PC34 imported-party normalization covers header tails, rotation, reset fields, modifier callback, and F7089 collision repair; original media/save corpus remains required for full interop. Focused CTest is registered.
F7091_RunChampionEditor	F	RunChampionEditor	CEDT019.C:129	-	MISSING	No exact numbered token found in Firestaff src/include; no implementation claim.
F7092_Unreferenced	F	Unreferenced	CEDTINCI.C:479	-	MISSING	No exact numbered token found in Firestaff src/include; no implementation claim.
F7093_GetPointerToLastCharacter	F	GetPointerToLastCharacter	STRING.C:200	-	MISSING	No exact numbered token found in Firestaff src/include; no implementation claim.
F7094_ConvertLongToString	F	ConvertLongToString	PRIM.H:362	-	MISSING	No exact numbered token found in Firestaff src/include; no implementation claim.
F7097_strstr	F	strstr	CEDT016.C:264	-	MISSING	No exact numbered token found in Firestaff src/include; no implementation claim.
F7098_SubstituteString	F	SubstituteString	CEDT016.C:267	-	MISSING	No exact numbered token found in Firestaff src/include; no implementation claim.
F7101_sprintf	F	sprintf	CEDT006.C:503	-	MISSING	No exact numbered token found in Firestaff src/include; no implementation claim.
F7102_DoesFileNameMatchPattern	F	DoesFileNameMatchPattern	CEDTINC1.C:159	-	MISSING	No exact numbered token found in Firestaff src/include; no implementation claim.
F7103_InitUnusedVariables	F	InitUnusedVariables	CEDT010.C:23	-	MISSING	No exact numbered token found in Firestaff src/include; no implementation claim.
F7104_EmptyFunction	F	EmptyFunction	CEDT010.C:43	-	MISSING	No exact numbered token found in Firestaff src/include; no implementation claim.
F7105_HangIfThirdParameterNot0	F	HangIfThirdParameterNot0	CEDT011.C:23	-	MISSING	No exact numbered token found in Firestaff src/include; no implementation claim.
F7106_InitExceptionManagement	F	InitExceptionManagement	CEDT011.C:34	-	MISSING	No exact numbered token found in Firestaff src/include; no implementation claim.
F7107_EmptyFunction	F	EmptyFunction	CEDT011.C:44	-	MISSING	No exact numbered token found in Firestaff src/include; no implementation claim.
F7108_GetG7126_	F	GetG7126	CEDT011.C:49	-	MISSING	No exact numbered token found in Firestaff src/include; no implementation claim.
F7109_AddCleanupHandler	F	AddCleanupHandler	CEDT011.C:55	-	MISSING	No exact numbered token found in Firestaff src/include; no implementation claim.
F7110_RemoveCleanupHandlerByID	F	RemoveCleanupHandlerByID	CEDT011.C:62	-	MISSING	No exact numbered token found in Firestaff src/include; no implementation claim.
F7111_RestorePreviousProgramState	F	RestorePreviousProgramState	CEDT001.C:129	-	MISSING	No exact numbered token found in Firestaff src/include; no implementation claim.
F7112_FallbackToLastProgramState	F	FallbackToLastProgramState	CEDT001.C:197	-	MISSING	No exact numbered token found in Firestaff src/include; no implementation claim.
F7122_GetDrivePath	F	GetDrivePath	CEDT012.C:390	-	MISSING	No exact numbered token found in Firestaff src/include; no implementation claim.
F7123_GetFileDestinationUsage	F	GetFileDestinationUsage	CEDT012.C:400	-	MISSING	No exact numbered token found in Firestaff src/include; no implementation claim.
F7124_GetFileSourceUsage	F	GetFileSourceUsage	CEDT012.C:410	-	MISSING	No exact numbered token found in Firestaff src/include; no implementation claim.
F7128_Unreferenced	F	Unreferenced	CEDT012.C:586	-	MISSING	No exact numbered token found in Firestaff src/include; no implementation claim.
F7129_GetEncodedDate_Unreferenced	F	GetEncodedDate	CEDT012.C:629	-	MISSING	No exact numbered token found in Firestaff src/include; no implementation claim.
F7130_DecodeDate_Unreferenced	F	DecodeDate	CEDT012.C:637	-	MISSING	No exact numbered token found in Firestaff src/include; no implementation claim.
F7131_Unreferenced	F	Unreferenced	CEDT012.C:648	-	MISSING	No exact numbered token found in Firestaff src/include; no implementation claim.
F7133_Unreferenced	F	Unreferenced	CEDT012.C:705	-	MISSING	No exact numbered token found in Firestaff src/include; no implementation claim.
F7134_Unreferenced	F	Unreferenced	CEDT012.C:730	-	MISSING	No exact numbered token found in Firestaff src/include; no implementation claim.
F7137_FileOperation	F	FileOperation	CEDT001.C:100	-	MISSING	No exact numbered token found in Firestaff src/include; no implementation claim.
F7140_InitializeUDSTRUCT8	F	InitializeUDSTRUCT8	CEDT012.C:5	-	MISSING	No exact numbered token found in Firestaff src/include; no implementation claim.
F7141_UninitializeUDSTRUCT8	F	UninitializeUDSTRUCT8	CEDT012.C:6	-	MISSING	No exact numbered token found in Firestaff src/include; no implementation claim.
F7144_GetFileDescriptor	F	GetFileDescriptor	CEDT012.C:69	-	MISSING	No exact numbered token found in Firestaff src/include; no implementation claim.
F7149_GetItemInUDSTRUCT55	F	GetItemInUDSTRUCT55	CEDT012.C:655	-	MISSING	No exact numbered token found in Firestaff src/include; no implementation claim.
F7151_GetItemIndexInUDSTRUCT5	F	GetItemIndexInUDSTRUCT5	CEDT012.C:677	-	MISSING	No exact numbered token found in Firestaff src/include; no implementation claim.
F7153_SetItemInUDSTRUCT55	F	SetItemInUDSTRUCT55	CEDT012.C:445	-	MISSING	No exact numbered token found in Firestaff src/include; no implementation claim.
F7162_GetFTLHeaderChecksum	F	GetFTLHeaderChecksum	CEDT013.C:412	-	MISSING	No exact numbered token found in Firestaff src/include; no implementation claim.
F7174_GetInitializedFTLHeader	F	GetInitializedFTLHeader	CEDT013.C:842	-	MISSING	No exact numbered token found in Firestaff src/include; no implementation claim.
F7189_ReturnUdStruct77ByteCount	F	ReturnUdStruct77ByteCount	CEDT013.C:64	-	MISSING	No exact numbered token found in Firestaff src/include; no implementation claim.
F7190_InitUdStruct77	F	InitUdStruct77	CEDT013.C:66	-	MISSING	No exact numbered token found in Firestaff src/include; no implementation claim.
F7192_GetDataFileInfo	F	GetDataFileInfo	CEDT012.C:406	-	MISSING	No exact numbered token found in Firestaff src/include; no implementation claim.
F7193_RemoveExtensionsFromFileNames	F	RemoveExtensionsFromFileNames	CEDT014.C:175	-	MISSING	No exact numbered token found in Firestaff src/include; no implementation claim.
F7194_RestoreExtensionsInFileNames	F	RestoreExtensionsInFileNames	CEDT014.C:203	-	MISSING	No exact numbered token found in Firestaff src/include; no implementation claim.
F7195_AreFileNamesIdentical	F	AreFileNamesIdentical	CEDT013.C:659	-	MISSING	No exact numbered token found in Firestaff src/include; no implementation claim.
F7196_PrepareAndDrawFilePicker	F	PrepareAndDrawFilePicker	CEDT013.C:203	-	MISSING	No exact numbered token found in Firestaff src/include; no implementation claim.
F7201_GetDataFileIndexByFileID	F	GetDataFileIndexByFileID	CEDT014.C:11	-	MISSING	No exact numbered token found in Firestaff src/include; no implementation claim.
F7202_GetEvenMemoryBlockSize	F	GetEvenMemoryBlockSize	UTMEMORY.C:52	-	MISSING	No exact numbered token found in Firestaff src/include; no implementation claim.
F7204_GetMemoryAreaContainingAddress	F	GetMemoryAreaContainingAddress	UTMEMORY.C:86	-	MISSING	No exact numbered token found in Firestaff src/include; no implementation claim.
F7205_RemoveUDSTRUCT66FromLinkedList	F	RemoveUDSTRUCT66FromLinkedList	UTMEMORY.C:121	-	MISSING	No exact numbered token found in Firestaff src/include; no implementation claim.
F7206_InsertUDSTRUCT66InLinkedList	F	InsertUDSTRUCT66InLinkedList	UTMEMORY.C:139	-	MISSING	No exact numbered token found in Firestaff src/include; no implementation claim.
F7207_AddUsedBlockToList	F	AddUsedBlockToList	UTMEMORY.C:183	-	MISSING	No exact numbered token found in Firestaff src/include; no implementation claim.
F7208_RemoveBlockFromLinkedList	F	RemoveBlockFromLinkedList	UTMEMORY.C:194	-	MISSING	No exact numbered token found in Firestaff src/include; no implementation claim.
F7216_AllocateFirstHandleBlock	F	AllocateFirstHandleBlock	UTMEMORY.C:556	-	MISSING	No exact numbered token found in Firestaff src/include; no implementation claim.
F7222_RemoveBlock	F	RemoveBlock	UTILITY.H:696	-	MISSING	No exact numbered token found in Firestaff src/include; no implementation claim.
F7223_InitMemoryVariables	F	InitMemoryVariables	CEDT018.C:260	-	MISSING	No exact numbered token found in Firestaff src/include; no implementation claim.
F7224_AddMemoryArea	F	AddMemoryArea	CEDT018.C:268	-	MISSING	No exact numbered token found in Firestaff src/include; no implementation claim.
F7226_Unreferenced	F	Unreferenced	UTMEMORY.C:1047	-	MISSING	No exact numbered token found in Firestaff src/include; no implementation claim.
F7227_RequestMemoryHandle	F	RequestMemoryHandle	ANIM.C:5	src/dm1/dm1_v1_creature_render_pc34_compat.c:1085	UNCERTAIN_NUMBERED_EVIDENCE	Exact numeric token occurs in Firestaff source; this audit did not verify behavioral equivalence or implementation.
F7228_FreeMemory	F	FreeMemory	ANIM.C:9	src/dm1/dm1_v1_creature_render_pc34_compat.c:1086	UNCERTAIN_NUMBERED_EVIDENCE	Exact numeric token occurs in Firestaff source; this audit did not verify behavioral equivalence or implementation.
F7231_Unreferenced	F	Unreferenced	UTMEMORY.C:1154	-	MISSING	No exact numbered token found in Firestaff src/include; no implementation claim.
F7232_Unreferenced	F	Unreferenced	UTMEMORY.C:1180	-	MISSING	No exact numbered token found in Firestaff src/include; no implementation claim.
F7235_Unreferenced	F	Unreferenced	UTMEMORY.C:1440	-	MISSING	No exact numbered token found in Firestaff src/include; no implementation claim.
F7236_Unreferenced	F	Unreferenced	UTMEMORY.C:1470	-	MISSING	No exact numbered token found in Firestaff src/include; no implementation claim.
F7237_Unreferenced	F	Unreferenced	UTMEMORY.C:1541	-	MISSING	No exact numbered token found in Firestaff src/include; no implementation claim.
F7238_Unreferenced	F	Unreferenced	UTMEMORY.C:1563	-	MISSING	No exact numbered token found in Firestaff src/include; no implementation claim.
F7239_Unreferenced	F	Unreferenced	UTMEMORY.C:1621	-	MISSING	No exact numbered token found in Firestaff src/include; no implementation claim.
F7241_Unreferenced	F	Unreferenced	UTMEMORY.C:1718	-	MISSING	No exact numbered token found in Firestaff src/include; no implementation claim.
F7245_Unreferenced	F	Unreferenced	CEDT016.C:192	-	MISSING	No exact numbered token found in Firestaff src/include; no implementation claim.
F7248_InvertBox	F	InvertBox	CEDT006.C:1357	-	MISSING	No exact numbered token found in Firestaff src/include; no implementation claim.
F7249_GetBitmapByteCount	F	GetBitmapByteCount	CEDT006.C:468	-	MISSING	No exact numbered token found in Firestaff src/include; no implementation claim.
F7250_GetBitmapByteCount_Unreferenced	F	GetBitmapByteCount	CEDT017.C:46	-	MISSING	No exact numbered token found in Firestaff src/include; no implementation claim.
F7251_ConvertBitmapFromAtariSTPlanar	F	ConvertBitmapFromAtariSTPlanar	CEDT006.C:1412	src/csb/csb_v1_runtime_pc34_compat.c:221	UNCERTAIN_NUMBERED_EVIDENCE	Exact numeric token occurs in Firestaff source; this audit did not verify behavioral equivalence or implementation.
F7252_ConvertBitmapToAtariSTPlanar	F	ConvertBitmapToAtariSTPlanar	CEDT006.C:1457	src/csb/csb_v1_runtime_pc34_compat.c:221	UNCERTAIN_NUMBERED_EVIDENCE	Exact numeric token occurs in Firestaff source; this audit did not verify behavioral equivalence or implementation.
F7253_GetNormalizedPixelWidth_Unreferenced	F	GetNormalizedPixelWidth	CEDT017.C:62	-	MISSING	No exact numbered token found in Firestaff src/include; no implementation claim.
F7257_ClearScreen	F	ClearScreen	CEDT006.C:920	-	MISSING	No exact numbered token found in Firestaff src/include; no implementation claim.
F7258_DrawScreenPixel	F	DrawScreenPixel	CEDT006.C:992	-	MISSING	No exact numbered token found in Firestaff src/include; no implementation claim.
F7259_DrawBitmapOnScreen	F	DrawBitmapOnScreen	CEDT006.C:382	-	MISSING	No exact numbered token found in Firestaff src/include; no implementation claim.
F7260_FillScreenBox	F	FillScreenBox	CEDT006.C:203	-	MISSING	No exact numbered token found in Firestaff src/include; no implementation claim.
F7261_ClearBitmap	F	ClearBitmap	CEDT006.C:1256	-	MISSING	No exact numbered token found in Firestaff src/include; no implementation claim.
F7262_IsSemaphoreEnabled	F	IsSemaphoreEnabled	CEDT018.C:167	src/dm1/dm1_v1_click_routing_pc34_compat.c:155	UNCERTAIN_NUMBERED_EVIDENCE	Exact numeric token occurs in Firestaff source; this audit did not verify behavioral equivalence or implementation.
F7263_InitMemory	F	InitMemory	CEDT018.C:227	-	MISSING	No exact numbered token found in Firestaff src/include; no implementation claim.
F7264_EmptyFunction	F	EmptyFunction	CEDT018.C:292	-	MISSING	No exact numbered token found in Firestaff src/include; no implementation claim.
F7265_EmptyFunction	F	EmptyFunction	CEDT018.C:314	-	MISSING	No exact numbered token found in Firestaff src/include; no implementation claim.
F7266_InitScreenVariables	F	InitScreenVariables	CEDT018.C:589	-	MISSING	No exact numbered token found in Firestaff src/include; no implementation claim.
F7267_SetPaletteToAllBlack	F	SetPaletteToAllBlack	CEDT018.C:658	-	MISSING	No exact numbered token found in Firestaff src/include; no implementation claim.
F7268_SetPaletteToNormal	F	SetPaletteToNormal	CEDT018.C:676	-	MISSING	No exact numbered token found in Firestaff src/include; no implementation claim.
F7269_InitChampionEditor	F	InitChampionEditor	CEDT018.C:778	-	MISSING	No exact numbered token found in Firestaff src/include; no implementation claim.
F7270_Cleanup	F	Cleanup	CEDT018.C:927	-	MISSING	No exact numbered token found in Firestaff src/include; no implementation claim.
F7271_ClearStatisticsArea	F	ClearStatisticsArea	CEDT006.C:559	-	MISSING	No exact numbered token found in Firestaff src/include; no implementation claim.
F7272_IsDungeonValid	F	IsDungeonValid	CEDTINCD.C:244	-	MISSING	No exact numbered token found in Firestaff src/include; no implementation claim.
F7273_DrawDialogThenHang	F	DrawDialogThenHang	CEDT005.C:359	-	MISSING	No exact numbered token found in Firestaff src/include; no implementation claim.
F7274_GetMouseStatus	F	GetMouseStatus	CEDT006.C:1327	-	MISSING	No exact numbered token found in Firestaff src/include; no implementation claim.
F7275_EmptyFunction	F	EmptyFunction	CEDT018.C:818	-	MISSING	No exact numbered token found in Firestaff src/include; no implementation claim.
F7276_GetPixelColor	F	GetPixelColor	CEDT006.C:330	-	MISSING	No exact numbered token found in Firestaff src/include; no implementation claim.
F7277_SetPixelColor	F	SetPixelColor	CEDT006.C:981	-	MISSING	No exact numbered token found in Firestaff src/include; no implementation claim.
F7278_Unreferenced	F	Unreferenced	CEDT022.C:14	-	MISSING	No exact numbered token found in Firestaff src/include; no implementation claim.
F7279_EmptyFunction	F	EmptyFunction	CEDT010.C:46	-	MISSING	No exact numbered token found in Firestaff src/include; no implementation claim.
F7292_SubstituteStringInFileName	F	SubstituteStringInFileName	CEDT012.C:69	-	MISSING	No exact numbered token found in Firestaff src/include; no implementation claim.
F7296_OpenFile	F	OpenFile	CEDT013.C:1089	-	MISSING	No exact numbered token found in Firestaff src/include; no implementation claim.
F7297_CloseFile	F	CloseFile	CEDT013.C:938	-	MISSING	No exact numbered token found in Firestaff src/include; no implementation claim.
F7298_GetFileSize	F	GetFileSize	CEDT012.C:851	-	MISSING	No exact numbered token found in Firestaff src/include; no implementation claim.
F7299_FSeek_FromCurrent_Unreferenced	F	FSeek	CEDT023.C:840	-	MISSING	No exact numbered token found in Firestaff src/include; no implementation claim.
F7300_Fseek	F	Fseek	CEDT012.C:139	-	MISSING	No exact numbered token found in Firestaff src/include; no implementation claim.
F7301_Fwrite	F	Fwrite	CEDT012.C:193	-	MISSING	No exact numbered token found in Firestaff src/include; no implementation claim.
F7303_Fdelete	F	Fdelete	CEDT012.C:301	-	MISSING	No exact numbered token found in Firestaff src/include; no implementation claim.
F7304_Frename_Unreferenced	F	Frename	CEDT023.C:1108	-	MISSING	No exact numbered token found in Firestaff src/include; no implementation claim.
F7307_GetDrivePath	F	GetDrivePath	CEDT012.C:396	-	MISSING	No exact numbered token found in Firestaff src/include; no implementation claim.
F7308_Return0	F	Return0	CEDT023.C:15	-	MISSING	No exact numbered token found in Firestaff src/include; no implementation claim.
F7310_Unreferenced	F	Unreferenced	CEDTINC2.C:53	-	MISSING	No exact numbered token found in Firestaff src/include; no implementation claim.
F7313_GetDriveIndex	F	GetDriveIndex	CEDT023.C:18	-	MISSING	No exact numbered token found in Firestaff src/include; no implementation claim.
F7314_FindFirst	F	FindFirst	CEDTINC1.C:6	-	MISSING	No exact numbered token found in Firestaff src/include; no implementation claim.
F7315_FindNext	F	FindNext	CEDTINC1.C:41	-	MISSING	No exact numbered token found in Firestaff src/include; no implementation claim.
F7316_GetFileNamesArray	F	GetFileNamesArray	CEDT013.C:200	-	MISSING	No exact numbered token found in Firestaff src/include; no implementation claim.
F7317_MAIN_CopyBytes_Alt	F	MAIN	ANIM.C:12	src/dm1/dm1_v1_click_routing_pc34_compat.c:156	UNCERTAIN_NUMBERED_EVIDENCE	Exact numeric token occurs in Firestaff source; this audit did not verify behavioral equivalence or implementation.
F7317_MEM1_04_CopyBytes	F	MEM1	COMPILE.H:9	src/dm1/dm1_v1_click_routing_pc34_compat.c:156	UNCERTAIN_NUMBERED_EVIDENCE	Exact numeric token occurs in Firestaff source; this audit did not verify behavioral equivalence or implementation.
F7319_Crawcin	F	Crawcin	CEDT022.C:61	src/dm1/dm1_v1_click_routing_pc34_compat.c:157	UNCERTAIN_NUMBERED_EVIDENCE	Exact numeric token occurs in Firestaff source; this audit did not verify behavioral equivalence or implementation.
F7320_CallF0760_Cconis	F	CallF0760	CEDT022.C:60	src/dm1/dm1_v1_click_routing_pc34_compat.c:158	UNCERTAIN_NUMBERED_EVIDENCE	Exact numeric token occurs in Firestaff source; this audit did not verify behavioral equivalence or implementation.
F7321_Unreferenced	F	Unreferenced	CEDT025.C:241	-	MISSING	No exact numbered token found in Firestaff src/include; no implementation claim.
F7322_EmptyFunction	F	EmptyFunction	CEDT022.C:18	-	MISSING	No exact numbered token found in Firestaff src/include; no implementation claim.
F7323_WaitVerticalBlank	F	WaitVerticalBlank	CEDT001.C:149	-	MISSING	No exact numbered token found in Firestaff src/include; no implementation claim.
F7324_EmptyFunction	F	EmptyFunction	CEDT010.C:29	-	MISSING	No exact numbered token found in Firestaff src/include; no implementation claim.
F7325_VerticalBlankRoutine	F	VerticalBlankRoutine	CEDT026.C:121	-	MISSING	No exact numbered token found in Firestaff src/include; no implementation claim.
F7326_MouseClickHandler	F	MouseClickHandler	CEDT026.C:141	-	MISSING	No exact numbered token found in Firestaff src/include; no implementation claim.
F7327_GetCharacterFromKeyboard	F	GetCharacterFromKeyboard	CEDT025.C:55	-	MISSING	No exact numbered token found in Firestaff src/include; no implementation claim.
F7329_FillBox	F	FillBox	CEDT017.C:172	-	MISSING	No exact numbered token found in Firestaff src/include; no implementation claim.
F7330_DrawBitmap	F	DrawBitmap	CEDT027.C:549	-	MISSING	No exact numbered token found in Firestaff src/include; no implementation claim.
F7332_GetPrefixedBitmapByteCount	F	GetPrefixedBitmapByteCount	CEDT017.C:74	-	MISSING	No exact numbered token found in Firestaff src/include; no implementation claim.
F7333_BlitFromScreenNoTransparency	F	BlitFromScreenNoTransparency	CEDT017.C:125	-	MISSING	No exact numbered token found in Firestaff src/include; no implementation claim.
F7334_BlitToScreenNoTransparency	F	BlitToScreenNoTransparency	CEDT017.C:82	-	MISSING	No exact numbered token found in Firestaff src/include; no implementation claim.
F7335_AllocateAllRAM	F	AllocateAllRAM	CEDT018.C:786	-	MISSING	No exact numbered token found in Firestaff src/include; no implementation claim.
F7336_FreeAllRAM	F	FreeAllRAM	CEDT018.C:968	-	MISSING	No exact numbered token found in Firestaff src/include; no implementation claim.
F7339_PrintTextToScreen	F	PrintTextToScreen	CEDT006.C:365	-	MISSING	No exact numbered token found in Firestaff src/include; no implementation claim.
F7341_DrawText	F	DrawText	CEDT030.C:309	-	MISSING	No exact numbered token found in Firestaff src/include; no implementation claim.
F7342_BuildUDSTRUCT3	F	BuildUDSTRUCT3	CEDT006.C:409	-	MISSING	No exact numbered token found in Firestaff src/include; no implementation claim.
F8022_IsSoundBlasterPresent	F	IsSoundBlasterPresent	IBMIO.C:2534	src/dm1/dm1_v1_champion_stats_pc34_compat.c:338	UNCERTAIN_NUMBERED_EVIDENCE	Exact numeric token occurs in Firestaff source; this audit did not verify behavioral equivalence or implementation.
F8024_GetEMSDriverVersion	F	GetEMSDriverVersion	STATS.C:57	src/dm1/dm1_v1_champion_stats_pc34_compat.c:339	UNCERTAIN_NUMBERED_EVIDENCE	Exact numeric token occurs in Firestaff source; this audit did not verify behavioral equivalence or implementation.
F8025_GetEMSMemorySize	F	GetEMSMemorySize	STATS.C:70	src/dm1/dm1_v1_champion_stats_pc34_compat.c:340	UNCERTAIN_NUMBERED_EVIDENCE	Exact numeric token occurs in Firestaff source; this audit did not verify behavioral equivalence or implementation.
F8026_GetEMSPageFrameSegment	F	GetEMSPageFrameSegment	STATS.C:85	src/dm1/dm1_v1_champion_stats_pc34_compat.c:341	UNCERTAIN_NUMBERED_EVIDENCE	Exact numeric token occurs in Firestaff source; this audit did not verify behavioral equivalence or implementation.
F8027_HasLPTInitializationFailed	F	HasLPTInitializationFailed	STATS.C:95	src/dm1/dm1_v1_champion_stats_pc34_compat.c:342	UNCERTAIN_NUMBERED_EVIDENCE	Exact numeric token occurs in Firestaff source; this audit did not verify behavioral equivalence or implementation.
F8028_GetFTLSoundAdapterPort	F	GetFTLSoundAdapterPort	STATS.C:123	src/dm1/dm1_v1_champion_stats_pc34_compat.c:343	UNCERTAIN_NUMBERED_EVIDENCE	Exact numeric token occurs in Firestaff source; this audit did not verify behavioral equivalence or implementation.
F8029_ReplaceInterrupt8Vector	F	ReplaceInterrupt8Vector	STATS.C:171	src/dm1/dm1_v1_champion_stats_pc34_compat.c:344	UNCERTAIN_NUMBERED_EVIDENCE	Exact numeric token occurs in Firestaff source; this audit did not verify behavioral equivalence or implementation.
F8030_RestoreInterrupt8Vector	F	RestoreInterrupt8Vector	STATS.C:200	src/dm1/dm1_v1_champion_stats_pc34_compat.c:345	UNCERTAIN_NUMBERED_EVIDENCE	Exact numeric token occurs in Firestaff source; this audit did not verify behavioral equivalence or implementation.
F8032_GetCPUType	F	GetCPUType	STATS.C:262	src/dm1/dm1_v1_champion_stats_pc34_compat.c:346	UNCERTAIN_NUMBERED_EVIDENCE	Exact numeric token occurs in Firestaff source; this audit did not verify behavioral equivalence or implementation.
F8033_IsNECTProcessorPresent	F	IsNECTProcessorPresent	STATS.C:299	src/dm1/dm1_v1_champion_stats_pc34_compat.c:347	UNCERTAIN_NUMBERED_EVIDENCE	Exact numeric token occurs in Firestaff source; this audit did not verify behavioral equivalence or implementation.
F8034_IsMousePresent	F	IsMousePresent	STATS.C:313	src/dm1/dm1_v1_champion_stats_pc34_compat.c:348	UNCERTAIN_NUMBERED_EVIDENCE	Exact numeric token occurs in Firestaff source; this audit did not verify behavioral equivalence or implementation.
F8035_GetMouseVersionAndType	F	GetMouseVersionAndType	STATS.C:323	src/dm1/dm1_v1_champion_stats_pc34_compat.c:349	UNCERTAIN_NUMBERED_EVIDENCE	Exact numeric token occurs in Firestaff source; this audit did not verify behavioral equivalence or implementation.
F8036_Tandy_WritableMemory	F	Tandy	STATS.C:343	src/dm1/dm1_v1_champion_stats_pc34_compat.c:350	UNCERTAIN_NUMBERED_EVIDENCE	Exact numeric token occurs in Firestaff source; this audit did not verify behavioral equivalence or implementation.
F8037_IsTandyVideoPresent	F	IsTandyVideoPresent	STATS.C:380	src/dm1/dm1_v1_champion_stats_pc34_compat.c:351	UNCERTAIN_NUMBERED_EVIDENCE	Exact numeric token occurs in Firestaff source; this audit did not verify behavioral equivalence or implementation.
F8038_GetTandy1000MachineID	F	GetTandy1000MachineID	STATS.C:392	src/dm1/dm1_v1_champion_stats_pc34_compat.c:352	UNCERTAIN_NUMBERED_EVIDENCE	Exact numeric token occurs in Firestaff source; this audit did not verify behavioral equivalence or implementation.
F8039_IsTandySoundPresent	F	IsTandySoundPresent	STATS.C:410	src/dm1/dm1_v1_champion_stats_pc34_compat.c:353	UNCERTAIN_NUMBERED_EVIDENCE	Exact numeric token occurs in Firestaff source; this audit did not verify behavioral equivalence or implementation.
F8040_IsVGAVideoPresent	F	IsVGAVideoPresent	STATS.C:433	src/dm1/dm1_v1_champion_stats_pc34_compat.c:354	UNCERTAIN_NUMBERED_EVIDENCE	Exact numeric token occurs in Firestaff source; this audit did not verify behavioral equivalence or implementation.
F8041_IsEGAVideoPresent	F	IsEGAVideoPresent	STATS.C:447	src/dm1/dm1_v1_champion_stats_pc34_compat.c:355	UNCERTAIN_NUMBERED_EVIDENCE	Exact numeric token occurs in Firestaff source; this audit did not verify behavioral equivalence or implementation.
F8042_IsHerculesVideoPresent	F	IsHerculesVideoPresent	STATS.C:469	src/dm1/dm1_v1_champion_stats_pc34_compat.c:356	UNCERTAIN_NUMBERED_EVIDENCE	Exact numeric token occurs in Firestaff source; this audit did not verify behavioral equivalence or implementation.
F8043_GetVGAMonitorType	F	GetVGAMonitorType	STATS.C:522	src/dm1/dm1_v1_champion_stats_pc34_compat.c:357	UNCERTAIN_NUMBERED_EVIDENCE	Exact numeric token occurs in Firestaff source; this audit did not verify behavioral equivalence or implementation.
F8044_GetEGAMonitorType	F	GetEGAMonitorType	STATS.C:538	src/dm1/dm1_v1_champion_stats_pc34_compat.c:358	UNCERTAIN_NUMBERED_EVIDENCE	Exact numeric token occurs in Firestaff source; this audit did not verify behavioral equivalence or implementation.
F8052_DOS_KeyboardInput	F	DOS	DM.C:603	-	MISSING	No exact numbered token found in Firestaff src/include; no implementation claim.
F8054_DOS_PrintString	F	DOS	DM.C:516	-	MISSING	No exact numbered token found in Firestaff src/include; no implementation claim.
F8062_HasLPTInitializationFailed	F	HasLPTInitializationFailed	DM.C:51	-	MISSING	No exact numbered token found in Firestaff src/include; no implementation claim.
F8063_GetFTLSoundAdapterPort	F	GetFTLSoundAdapterPort	DM.C:78	-	MISSING	No exact numbered token found in Firestaff src/include; no implementation claim.
F8064_OutPort_ForAdLib	F	OutPort	DM.C:126	-	MISSING	No exact numbered token found in Firestaff src/include; no implementation claim.
F8065_InPort_ForAdLib	F	InPort	DM.C:145	-	MISSING	No exact numbered token found in Firestaff src/include; no implementation claim.
F8066_IsAdLibSoundDetected	F	IsAdLibSoundDetected	DM.C:151	-	MISSING	No exact numbered token found in Firestaff src/include; no implementation claim.
F8067_IsDisneySoundSourceDetected	F	IsDisneySoundSourceDetected	DM.C:180	-	MISSING	No exact numbered token found in Firestaff src/include; no implementation claim.
F8068_GetDisneySoundSourcePort	F	GetDisneySoundSourcePort	DM.C:261	-	MISSING	No exact numbered token found in Firestaff src/include; no implementation claim.
F8069_IsAnalogJoystickDetected	F	IsAnalogJoystickDetected	DM.C:283	-	MISSING	No exact numbered token found in Firestaff src/include; no implementation claim.
F8070_IsMouseDetected	F	IsMouseDetected	DM.C:330	-	MISSING	No exact numbered token found in Firestaff src/include; no implementation claim.
F8071_Tandy_WritableMemory	F	Tandy	DM.C:340	-	MISSING	No exact numbered token found in Firestaff src/include; no implementation claim.
F8072_Tandy_MemoryAllocate	F	Tandy	DM.C:376	-	MISSING	No exact numbered token found in Firestaff src/include; no implementation claim.
F8073_IsTandy1000ComputerDetected	F	IsTandy1000ComputerDetected	DM.C:414	-	MISSING	No exact numbered token found in Firestaff src/include; no implementation claim.
F8074_IsTandy1000TLSLSoundDetected	F	IsTandy1000TLSLSoundDetected	DM.C:430	-	MISSING	No exact numbered token found in Firestaff src/include; no implementation claim.
F8075_IsSoundBlasterDetected	F	IsSoundBlasterDetected	DM.C:452	-	MISSING	No exact numbered token found in Firestaff src/include; no implementation claim.
F8076_IsVGAGraphicsDetected	F	IsVGAGraphicsDetected	DM.C:462	-	MISSING	No exact numbered token found in Firestaff src/include; no implementation claim.
F8077_IsEGAGraphicsDetected	F	IsEGAGraphicsDetected	DM.C:474	-	MISSING	No exact numbered token found in Firestaff src/include; no implementation claim.
F8078_strcpy	F	strcpy	DM.C:494	-	MISSING	No exact numbered token found in Firestaff src/include; no implementation claim.
F8079_strcat	F	strcat	DM.C:504	-	MISSING	No exact numbered token found in Firestaff src/include; no implementation claim.
F8080_AddCommandLineParameter	F	AddCommandLineParameter	DM.C:536	-	MISSING	No exact numbered token found in Firestaff src/include; no implementation claim.
F8082_ExitBecauseFileNotFound	F	ExitBecauseFileNotFound	DM.C:556	-	MISSING	No exact numbered token found in Firestaff src/include; no implementation claim.
F8083_DOS_OpenFile	F	DOS	DM.C:564	-	MISSING	No exact numbered token found in Firestaff src/include; no implementation claim.
F8084_DOS_CloseFile	F	DOS	DM.C:581	-	MISSING	No exact numbered token found in Firestaff src/include; no implementation claim.
F8085_FileExists	F	FileExists	DM.C:590	-	MISSING	No exact numbered token found in Firestaff src/include; no implementation claim.
F8086_GetMenuChoice	F	GetMenuChoice	DM.C:650	-	MISSING	No exact numbered token found in Firestaff src/include; no implementation claim.
F8092_ConvertScanCodeToASCII	F	ConvertScanCodeToASCII	IBMIO.C:683	-	MISSING	No exact numbered token found in Firestaff src/include; no implementation claim.
F8094_ProcessMouseMovement	F	ProcessMouseMovement	IBMIO.C:710	src/dm1/dm1_v1_input_poll_pc34_compat.c:390	UNCERTAIN_NUMBERED_EVIDENCE	Exact numeric token occurs in Firestaff source; this audit did not verify behavioral equivalence or implementation.
F8096_ProcessMouseState	F	ProcessMouseState	IBMIO.C:773	-	MISSING	No exact numbered token found in Firestaff src/include; no implementation claim.
F8098_ProcessMouseStateHistory	F	ProcessMouseStateHistory	IBMIO.C:824	-	MISSING	No exact numbered token found in Firestaff src/include; no implementation claim.
F8099_LockMouse	F	LockMouse	IBMIO.C:851	include/redmcsb_f8099_mouse_state_pc34_compat.h	IMPLEMENTED_NARROW	PC 3.4 IBMIO mouse lock counter, cursor synchronization, coordinate assignment and state read are source-locked with a focused strict C11 test.
F8100_UnlockMouse	F	UnlockMouse	IBMIO.C:862	include/redmcsb_f8099_mouse_state_pc34_compat.h	IMPLEMENTED_NARROW	PC 3.4 IBMIO mouse lock counter, cursor synchronization, coordinate assignment and state read are source-locked with a focused strict C11 test.
F8101_SetMouseHandler	F	SetMouseHandler	IBMIO.C:881	include/redmcsb_f8101_mouse_pointer_pc34_compat.h	IMPLEMENTED_NARROW	PC 3.4 IBMIO handler registration, four-slot 18x18 pointer bitmap registration and pointer transition ordering are source-locked with a focused strict C11 test.
F8108_RegisterMousePointerBitmap	F	RegisterMousePointerBitmap	IBMIO.C:1131	include/redmcsb_f8101_mouse_pointer_pc34_compat.h	IMPLEMENTED_NARROW	PC 3.4 IBMIO handler registration, four-slot 18x18 pointer bitmap registration and pointer transition ordering are source-locked with a focused strict C11 test.
F8109_SetMousePointer	F	SetMousePointer	IBMIO.C:1152	include/redmcsb_f8101_mouse_pointer_pc34_compat.h	IMPLEMENTED_NARROW	PC 3.4 IBMIO handler registration, four-slot 18x18 pointer bitmap registration and pointer transition ordering are source-locked with a focused strict C11 test.
F8111_SetMousePointerCoordinates	F	SetMousePointerCoordinates	IBMIO.C:1190	include/redmcsb_f8099_mouse_state_pc34_compat.h	IMPLEMENTED_NARROW	PC 3.4 IBMIO mouse lock counter, cursor synchronization, coordinate assignment and state read are source-locked with a focused strict C11 test.
F8112_GetMouseState	F	GetMouseState	IBMIO.C:1215	include/redmcsb_f8099_mouse_state_pc34_compat.h	IMPLEMENTED_NARROW	PC 3.4 IBMIO mouse lock counter, cursor synchronization, coordinate assignment and state read are source-locked with a focused strict C11 test.
F8123_PlayAudioCDTrack	F	PlayAudioCDTrack	IBMIO.C:2080	include/redmcsb_f8123_sound_completion_pc34_compat.h	IMPLEMENTED_NARROW	PC 3.4 body is an explicit no-op; focused strict C11 test preserves all supplied state.
F8124_IsSoundPlayComplete	F	IsSoundPlayComplete	IBMIO.C:2085	include/redmcsb_f8123_sound_completion_pc34_compat.h	IMPLEMENTED_NARROW	PC 3.4 returns raw V8117006 remaining units for supported devices, Tandy timer status for device 4, and zero otherwise; focused strict C11 test.
F8128_WaitSoundPlayComplete	F	WaitSoundPlayComplete	IBMIO.C:2146	-	SOURCE_NONAPPLICABLE	PC 3.4 body performs unbounded polling of ISR-owned V8117008 or Tandy timer state; no portable host wait can preserve that hardware progress contract.
F8129_GetConvertedDeviceType	F	GetConvertedDeviceType	IBMIO.C:2177	include/redmcsb_f8129_disk_probe_pc34_compat.h	IMPLEMENTED_NARROW	PC 3.4 eight-entry device-type mapping is source-locked behind a host IOCTL result; unsupported source-out-of-bounds types are unavailable; focused strict C11 test.
F8130_GetReadFirstSectorResult	F	GetReadFirstSectorResult	IBMIO.C:2209	include/redmcsb_f8129_disk_probe_pc34_compat.h	IMPLEMENTED_NARROW	PC 3.4 converts drive ordinal to BIOS drive, reads sector 0/head 0/sector 1 up to three times, and resets after each failure; focused strict C11 test.
F8131_GetVolumeName	F	GetVolumeName	IBMIO.C:2259	include/redmcsb_f8131_system_query_pc34_compat.h	IMPLEMENTED_NARROW	PC 3.4 filters a host-supplied 11-byte FAT volume label by omitting spaces and periods; focused strict C11 test.
F8132_GetRandomSeed	F	GetRandomSeed	IBMIO.C:2303	include/redmcsb_f8131_system_query_pc34_compat.h	IMPLEMENTED_NARROW	PC 3.4 returns DOS time DX exactly as seconds in high byte and hundredths in low byte; focused strict C11 test.
F8133_ReadFloppySector	F	ReadFloppySector	IBMIO.C:2313	include/redmcsb_f8131_system_query_pc34_compat.h	IMPLEMENTED_NARROW	PC 3.4 body is an explicit no-op; focused strict C11 test.
F8134_ExecuteProgramWithParameters	F	ExecuteProgramWithParameters	IBMIO.C:2318	include/redmcsb_f8134_execute_pc34_compat.h	IMPLEMENTED_NARROW	PC 3.4 builds the defined Pascal command-tail prefix and accepts only normal DOS termination; execution and AX status remain a host callback boundary; focused strict C11 test.
F8137_SetMultiplePixels	F	SetMultiplePixels	VIDEODRV.C:1065	include/redmcsb_f8137_pixels_nec16_compat.h;include/redmcsb_f8137_pixels_c25_pc34_compat.h	IMPLEMENTED_NARROW	MEDIA457 packed-nibble fill and PC 3.4 C25 G8177-or-colour aperture fill are source-linked and focused-tested; runtime call-site consumption remains outside these adapters.
F8139_Unreferenced	F	Unreferenced	VIDEODRV.C:1224	include/redmcsb_f8139_copy_packed_pixels_c25_pc34_compat.h	IMPLEMENTED_NARROW	PC 3.4 C25 expands packed source nibbles by parity and writes G8177 OR nibble bytes to the aperture; focused strict C11 test.
F8140_ScrollMessageAreaUp	F	ScrollMessageAreaUp	NEC816.C:463	include/redmcsb_f8140_scroll_message_area_up_pc34_compat.h	IMPLEMENTED_NARROW	PC 3.4 source-defined direction-selected overlap copy is ported exactly; focused strict C11 test covers both overlap directions, identical starts and zero length.
F8143_CopyPixelLineFromScreenWithoutTransparency	F	CopyPixelLineFromScreenWithoutTransparency	NEC816.C:1549	include/redmcsb_f8143_copy_pixel_line_from_screen_pc34_compat.h	IMPLEMENTED_NARROW	PC 3.4 C25 aperture-to-packed-4bpp readback is ported with source low-nibble extraction and retained leading/trailing opposite nibbles; focused strict C11 test.
F8144_CopyPixelLineFromScreenWithoutTransparencyFlippedHorizontally	F	CopyPixelLineFromScreenWithoutTransparencyFlippedHorizontally	NEC816.C:1554	-	SOURCE_NONAPPLICABLE	NEC816.C:1554-1557 has an empty body and commented parameters only; no portable flip contract is present.
F8151_VIDRV_02_Blit	F	VIDRV	IMAGE3.C:831	include/redmcsb_f8151_vidrv_blit_pc34_compat.h	IMPLEMENTED_NARROW	PC 3.4 C25 source-to-screen rectangle route is ported with even strides, opaque/transparent line transfer and vertical selection; C25 empty F0681/F0683 preserve horizontal-flip no-op behavior, while the F8143 readback primitive is separately ported.
F8152_VIDRV_01_FillBox	F	VIDRV	NEC816.C:1868	include/redmcsb_f8152_vidrv_fill_box_pc34_compat.h	IMPLEMENTED_NARROW	PC 3.4 C25 F8152/F8137 inclusive box fill is ported with fixed 320-byte rows and viewport color offset; focused strict C11 test.
F8153_VIDRV_07_WaitVerticalBlank	F	VIDRV	VIDEODRV.C:3163	include/redmcsb_f8153_wait_vertical_blank_c25_pc34_compat.h	IMPLEMENTED_NARROW	PC 3.4 C25 polls VGA status bit 3 inactive then active for the next vertical blank; focused strict C11 status-order test.
F8154_VIDRV_05_InvertBox	F	VIDRV	NEC816.C:1998	include/redmcsb_f8154_vidrv_invert_box_pc34_compat.h	IMPLEMENTED_NARROW	PC 3.4 C25 inclusive aperture rectangle XOR 0x04 is ported with fixed 320-byte rows; focused strict C11 test.
F8155_VIDRV_06_HatchScreenBox	F	VIDRV	NEC816.C:2024	include/redmcsb_f8155_vidrv_hatch_screen_box_pc34_compat.h	IMPLEMENTED_NARROW	PC 3.4 C25 inclusive hatch rectangle is ported: pixels with even (x^y) clear to zero and odd parity remains unchanged; focused strict C11 test.
F8156_SetPalette	F	SetPalette	ANIMTOWN.C:535	include/redmcsb_f8156_f8157_c25_palette_pc34_compat.h	IMPLEMENTED_NARROW	PC 3.4 C25 waits through an explicit host VBlank boundary then copies all 32 source RGB6 DAC rows in index order; focused strict C11 test.
F8157_VIDRV_08_SetMultipleColorsInPalette	F	VIDRV	ANIMTOWN.C:618	include/redmcsb_f8156_f8157_c25_palette_pc34_compat.h	IMPLEMENTED_NARROW	PC 3.4 C25 terminated G8176 table entries update source RGB6 bytes only for Index < 32 and publish through F8156 only while curtain equals one; focused strict C11 test.
F8158_VIDRV_18_SetSingleColorInPalette	F	VIDRV	VIDEODRV.C:3474	-	SOURCE_NONAPPLICABLE	VIDEODRV.C:3473-3485 compiles F8158 only for C23_EGA/C24_TANDY; no PC 3.4 C25 VGA body or contract exists.
F8159_VIDRV_11_PALETTE_SetCurtain	F	VIDRV	NEC816.C:2340	include/redmcsb_f8159_palette_curtain_c25_pc34_compat.h	IMPLEMENTED_NARROW	PC 3.4 C25 black curtain waits through an explicit host VBlank then writes 32 zero RGB6 rows; normal restores the verified F8156 palette; state byte ordering preserved; focused strict C11 test.
F8160_VIDRV_12_SetCreatureReplacementColors	F	VIDRV	CEDT027.C:1422	include/redmcsb_f8160_creature_palette_c25_pc34_compat.h	IMPLEMENTED_NARROW	PC 3.4 C25 copies RGB6 values from one G8175_CREAT_PAL row into the selected colour of the first six G8176 palette tables while retaining COLOR_DEF.Index; focused strict C11 test.
F8161_VIDRV_09_BlitViewPort	F	VIDRV	NEC816.C:2424	include/redmcsb_f8161_vidrv_blit_viewport_pc34_compat.h	IMPLEMENTED_NARROW	PC 3.4 C25 sets viewport RGB-bank offset 0x10 around the exact opaque, unflipped 224-source-width to 320-destination-width F8151 aperture blit; focused strict C11 test.
F8162_VIDRV_10_ScrollMessageAreaUp	F	VIDRV	NEC816.C:2438	include/redmcsb_f8162_vidrv_scroll_message_area_up_pc34_compat.h	IMPLEMENTED_NARROW	PC 3.4 source-defined 160-byte-stride A8/B0/B8/E0 plane scroll is ported through F8140; focused strict C11 test covers four planes, source-width transfer and exposed-row preservation.
F8163_VIDRV_00_CopyPixelsToScreenWithoutTransparency	F	VIDRV	VIDEODRV.C:3607	include/redmcsb_f8163_copy_pixels_to_screen_c25_pc34_compat.h	IMPLEMENTED_NARROW	PC 3.4 C25 binds the caller bitmap as G2159 and delegates unchanged source/destination pixel indices and count to F0680; focused strict C11 packed-source aperture test.
F8164_VIDRV_13_InitializeUnusedGlobalVariables	F	VIDRV	NEC816.C:2514	-	MISSING	No exact numbered token found in Firestaff src/include; no implementation claim.
F8165_VIDRV_14_GetPrefixedBitmapByteCountOrBlitFromScreenNoTransparency	F	VIDRV	NEC816.C:2522	include/redmcsb_f8165_prefixed_bitmap_c25_pc34_compat.h	IMPLEMENTED_NARROW	PC 3.4 C25 operation zero reports width*height+6; capture writes the three 16-bit prefix fields and raw byte-per-pixel A000h rows at a 320-byte stride; focused strict C11 test.
F8166_VIDRV_15_BlitToScreenNoTransparency	F	VIDRV	NEC816.C:2618	include/redmcsb_f8166_blit_prefixed_bitmap_c25_pc34_compat.h	IMPLEMENTED_NARROW	PC 3.4 C25 reads F8165's three 16-bit prefix fields and restores raw byte-per-pixel payload rows to A000h at a 320-byte stride; focused strict C11 test.
F8167_VIDRV_03_BlitMousePointerPrefixedBitmapFromScreen	F	VIDRV	NEC816.C:2061	include/redmcsb_f8167_f8168_mouse_pointer_c25_pc34_compat.h	IMPLEMENTED_NARROW	PC 3.4 C25 clamps the real cursor snapshot to the screen edge and at most 18 by 18 pixels, then delegates its G8133 form to F8165; focused strict C11 test.
F8168_VIDRV_04_BlitMousePointerPrefixedBitmapToScreen	F	VIDRV	NEC816.C:2136	include/redmcsb_f8167_f8168_mouse_pointer_c25_pc34_compat.h	IMPLEMENTED_NARROW	PC 3.4 C25 restores the exact saved G8133/F8165 prefix-and-payload form by delegating to F8166; focused strict C11 test.
F8169_VIDRV_19_BlackenAllPixelsOneByOne	F	VIDRV	VIDEODRV.C:3833	include/redmcsb_f8169_blacken_pixels_c25_pc34_compat.h	IMPLEMENTED_NARROW	PC 3.4 C25 maximal 16-bit LFSR writes black through F8137 for states below 64000 and explicitly finishes pixel zero; focused strict C11 order and aperture test.
F8170_Return0	F	Return0	NEC816.C:2815	-	MISSING	No exact numbered token found in Firestaff src/include; no implementation claim.
F8171_ExecuteProgram	F	ExecuteProgram	NEC816.C:2821	-	MISSING	No exact numbered token found in Firestaff src/include; no implementation claim.
F8213_SetSinglePixel_Unreferenced	F	SetSinglePixel	VIDEODRV.C:1052	include/redmcsb_f8213_set_single_pixel_c25_pc34_compat.h	IMPLEMENTED_NARROW	PC 3.4 C25 adds the pixel index to G8134, ORs G8177 with the colour, and stores one aperture byte; focused strict C11 test.
F8216_Unreferenced	F	Unreferenced	VIDEODRV.C:1450	include/redmcsb_f8216_copy_previous_row_c25_pc34_compat.h	IMPLEMENTED_NARROW	PC 3.4 C25 copies P3201 bytes forward from aperture destination-320 to destination; focused strict C11 test proves normal transfer and source-style overlap propagation.
F8230_VIDRV_16_SetSingleColorComponentsInPalette	F	VIDRV	VIDEODRV.C:3456	include/redmcsb_f8230_palette_components_c25_pc34_compat.h	IMPLEMENTED_NARROW	PC 3.4 C25 expands each RGB4 component as (value << 2)+3 into G8183 and publishes through F8156 only while curtain equals one; focused strict C11 test.
F8232_VIDRV_12_SetCreatureReplacementColors	F	VIDRV	DRAWVIEW.C:684	-	SOURCE_NONAPPLICABLE	DRAWVIEW.C:684 is only an inline "Similar to F8232" comment on F0695; no F8232 definition or PC34 source contract exists to port.
F8271_PlayMIDIMusic	F	PlayMIDIMusic	ANIM.C:1684	src/dm1/dm1_v1_creature_render_pc34_compat.c:1087	UNCERTAIN_NUMBERED_EVIDENCE	Exact numeric token occurs in Firestaff source; this audit did not verify behavioral equivalence or implementation.
F8272_StopMIDIMusic	F	StopMIDIMusic	ANIM.C:1689	src/dm1/dm1_v1_creature_render_pc34_compat.c:1088	UNCERTAIN_NUMBERED_EVIDENCE	Exact numeric token occurs in Firestaff source; this audit did not verify behavioral equivalence or implementation.
F8273_TRansition_MIDIMusic	F	TRansition	ANIM.C:1695	src/dm1/dm1_v1_creature_render_pc34_compat.c:1089	UNCERTAIN_NUMBERED_EVIDENCE	Exact numeric token occurs in Firestaff source; this audit did not verify behavioral equivalence or implementation.
F8275_IsMIDIMusicPlaying	F	IsMIDIMusicPlaying	ANIM.C:1701	src/dm1/dm1_v1_creature_render_pc34_compat.c:1090	UNCERTAIN_NUMBERED_EVIDENCE	Exact numeric token occurs in Firestaff source; this audit did not verify behavioral equivalence or implementation.
F8290_ClearScreen	F	ClearScreen	ANIM.C:1567	src/dm1/dm1_v1_creature_render_pc34_compat.c:1091	UNCERTAIN_NUMBERED_EVIDENCE	Exact numeric token occurs in Firestaff source; this audit did not verify behavioral equivalence or implementation.
F8294_SetSingleColorInPalette	F	SetSingleColorInPalette	ANIM.C:1592	src/dm1/dm1_v1_creature_render_pc34_compat.c:1092	UNCERTAIN_NUMBERED_EVIDENCE	Exact numeric token occurs in Firestaff source; this audit did not verify behavioral equivalence or implementation.
F8296_PALETTE_SetCurtain	F	PALETTE	ANIM.C:1603	src/dm1/dm1_v1_creature_render_pc34_compat.c:1093	UNCERTAIN_NUMBERED_EVIDENCE	Exact numeric token occurs in Firestaff source; this audit did not verify behavioral equivalence or implementation.
F8303_WaitSoundPlayComplete	F	WaitSoundPlayComplete	ANIM.C:1677	src/dm1/dm1_v1_creature_render_pc34_compat.c:1094	UNCERTAIN_NUMBERED_EVIDENCE	Exact numeric token occurs in Firestaff source; this audit did not verify behavioral equivalence or implementation.
F8316_InitMouse	F	InitMouse	SELECTOR.C:91	-	MISSING	No exact numbered token found in Firestaff src/include; no implementation claim.
F8323_WaitSoundPlayComplete	F	WaitSoundPlayComplete	SELECTOR.C:154	-	MISSING	No exact numbered token found in Firestaff src/include; no implementation claim.
F8328_GetVideoInterrupt	F	GetVideoInterrupt	SELECTOR.C:202	-	MISSING	No exact numbered token found in Firestaff src/include; no implementation claim.
F8353_WaitVerticalBlank	F	WaitVerticalBlank	SELECTOR.C:539	-	MISSING	No exact numbered token found in Firestaff src/include; no implementation claim.
F8354_AddMouseInput	F	AddMouseInput	SELECTOR.C:545	-	MISSING	No exact numbered token found in Firestaff src/include; no implementation claim.
F8356_AllocateGraphicData	F	AllocateGraphicData	SELECTOR.C:569	-	MISSING	No exact numbered token found in Firestaff src/include; no implementation claim.
F8358_DrawGraphicData	F	DrawGraphicData	SELECTOR.C:597	-	MISSING	No exact numbered token found in Firestaff src/include; no implementation claim.
F8359_GetSubGraphic	F	GetSubGraphic	SELECTOR.C:609	-	MISSING	No exact numbered token found in Firestaff src/include; no implementation claim.
F8363_GetGraphicDimensions	F	GetGraphicDimensions	SELECTOR.C:710	-	MISSING	No exact numbered token found in Firestaff src/include; no implementation claim.
F8364_DecodeSound	F	DecodeSound	SELECTOR.C:716	-	MISSING	No exact numbered token found in Firestaff src/include; no implementation claim.
F8365_LoadSoundGraphic	F	LoadSoundGraphic	SELECTOR.C:759	-	MISSING	No exact numbered token found in Firestaff src/include; no implementation claim.
F8366_LoadGraphic	F	LoadGraphic	SELECTOR.C:789	-	MISSING	No exact numbered token found in Firestaff src/include; no implementation claim.
F8372_PrintString	F	PrintString	DMSTART.C:69	-	MISSING	No exact numbered token found in Firestaff src/include; no implementation claim.
F8373_GetKeyboardCharacter	F	GetKeyboardCharacter	DMSTART.C:81	-	MISSING	No exact numbered token found in Firestaff src/include; no implementation claim.
F8374_IsSpaceBarPressed	F	IsSpaceBarPressed	DMSTART.C:90	-	MISSING	No exact numbered token found in Firestaff src/include; no implementation claim.
F8377_IsDiskWriteProtected	F	IsDiskWriteProtected	DMSTART.C:126	-	MISSING	No exact numbered token found in Firestaff src/include; no implementation claim.
F8378_PrintRemoveDiskProtectionMessage	F	PrintRemoveDiskProtectionMessage	DMSTART.C:142	-	MISSING	No exact numbered token found in Firestaff src/include; no implementation claim.
F8379_PrintDiskIsWriteProtectedMessage	F	PrintDiskIsWriteProtectedMessage	DMSTART.C:156	-	MISSING	No exact numbered token found in Firestaff src/include; no implementation claim.
F8380_GetUserChoice	F	GetUserChoice	DMSTART.C:175	-	MISSING	No exact numbered token found in Firestaff src/include; no implementation claim.
F8382_PrepareV8382000FromPalette	F	PrepareV8382000FromPalette	NEC816.C:511	-	MISSING	No exact numbered token found in Firestaff src/include; no implementation claim.
F8383_Unreferenced	F	Unreferenced	NEC816.C:502	-	MISSING	No exact numbered token found in Firestaff src/include; no implementation claim.
F8390_Unreferenced	F	Unreferenced	NEC816.C:1022	-	MISSING	No exact numbered token found in Firestaff src/include; no implementation claim.
F8399_ReplaceInterrupt10VectorVerticalBlank	F	ReplaceInterrupt10VectorVerticalBlank	NEC816.C:1706	-	MISSING	No exact numbered token found in Firestaff src/include; no implementation claim.
F8400_RestoreInterrupt10Vector	F	RestoreInterrupt10Vector	NEC816.C:1768	-	MISSING	No exact numbered token found in Firestaff src/include; no implementation claim.
F8409_VIDRV_17_SetSingleColorInPalette1	F	VIDRV	NEC816.C:2249	-	MISSING	No exact numbered token found in Firestaff src/include; no implementation claim.
F8422_LoadANKCharacterPatterns	F	LoadANKCharacterPatterns	JAPANESE.C:134	-	MISSING	No exact numbered token found in Firestaff src/include; no implementation claim.
F8425_ClearAllVRAM	F	ClearAllVRAM	NEC816.C:2856	-	MISSING	No exact numbered token found in Firestaff src/include; no implementation claim.
F8447_ReplaceInterrupt9Vector	F	ReplaceInterrupt9Vector	NECIO.C:991	-	MISSING	No exact numbered token found in Firestaff src/include; no implementation claim.
F8448_RestoreInterrupt9Vector	F	RestoreInterrupt9Vector	NECIO.C:1189	-	MISSING	No exact numbered token found in Firestaff src/include; no implementation claim.
F8453_ReadFloppyDiskSector	F	ReadFloppyDiskSector	NECIO.C:48	-	MISSING	No exact numbered token found in Firestaff src/include; no implementation claim.
F8459_LockMouse	F	LockMouse	NECIO.C:31	-	MISSING	No exact numbered token found in Firestaff src/include; no implementation claim.
F8460_UnlockMouse	F	UnlockMouse	NECIO.C:32	-	MISSING	No exact numbered token found in Firestaff src/include; no implementation claim.
F8461_SetMouseHandler	F	SetMouseHandler	NECIO.C:28	-	MISSING	No exact numbered token found in Firestaff src/include; no implementation claim.
F8462_ReplaceMouseInterruptHandler	F	ReplaceMouseInterruptHandler	NECIO.C:1519	-	MISSING	No exact numbered token found in Firestaff src/include; no implementation claim.
F8463_RemoveMouseInterruptHandler	F	RemoveMouseInterruptHandler	NECIO.C:1674	-	MISSING	No exact numbered token found in Firestaff src/include; no implementation claim.
F8464_IsMouseDriverInstalled	F	IsMouseDriverInstalled	NECIO.C:1695	-	MISSING	No exact numbered token found in Firestaff src/include; no implementation claim.
F8470_SetMousePointerCoordinates	F	SetMousePointerCoordinates	NECIO.C:38	-	MISSING	No exact numbered token found in Firestaff src/include; no implementation claim.
F8471_GetMouseState	F	GetMouseState	NECIO.C:39	-	MISSING	No exact numbered token found in Firestaff src/include; no implementation claim.
F8472_SetCustomVerticalBlankRoutine	F	SetCustomVerticalBlankRoutine	NECIO.C:40	-	MISSING	No exact numbered token found in Firestaff src/include; no implementation claim.
F8477_RestoreInterrupt20Or21Vector	F	RestoreInterrupt20Or21Vector	NECIO.C:1990	-	MISSING	No exact numbered token found in Firestaff src/include; no implementation claim.
F8478_ReplaceInterrupt20Or21Vector	F	ReplaceInterrupt20Or21Vector	NECIO.C:2018	-	MISSING	No exact numbered token found in Firestaff src/include; no implementation claim.
F8479_Output_Music_Bytes	F	Output	NECIO.C:2134	-	MISSING	No exact numbered token found in Firestaff src/include; no implementation claim.
F8491_GetBigEndianInt	F	GetBigEndianInt	MUSCMIDI.C:78	-	MISSING	No exact numbered token found in Firestaff src/include; no implementation claim.
F8492_GetBigEndianLong	F	GetBigEndianLong	MUSCMIDI.C:87	-	MISSING	No exact numbered token found in Firestaff src/include; no implementation claim.
F8493_GetTrackAddresses	F	GetTrackAddresses	MUSCMIDI.C:99	-	MISSING	No exact numbered token found in Firestaff src/include; no implementation claim.
F8494_GetVariableLengthQuantity	F	GetVariableLengthQuantity	MUSCMIDI.C:113	-	MISSING	No exact numbered token found in Firestaff src/include; no implementation claim.
F8495_LoadMIDIData	F	LoadMIDIData	MUSCMIDI.C:144	-	MISSING	No exact numbered token found in Firestaff src/include; no implementation claim.
F8504_PlayMIDIMusic	F	PlayMIDIMusic	NECIO.C:2546	-	MISSING	No exact numbered token found in Firestaff src/include; no implementation claim.
F8505_ReplaceInterrupt10Vector	F	ReplaceInterrupt10Vector	NECIO.C:2561	-	MISSING	No exact numbered token found in Firestaff src/include; no implementation claim.
F8506_RestoreInterrupt10Vector	F	RestoreInterrupt10Vector	NECIO.C:2764	-	MISSING	No exact numbered token found in Firestaff src/include; no implementation claim.
F8507_ReplaceInterrupt8Vector	F	ReplaceInterrupt8Vector	NECIO.C:2782	-	MISSING	No exact numbered token found in Firestaff src/include; no implementation claim.
F8508_RestoreInterrupt8Vector	F	RestoreInterrupt8Vector	NECIO.C:2929	-	MISSING	No exact numbered token found in Firestaff src/include; no implementation claim.
F8510_ReplaceInterrupt8Vector	F	ReplaceInterrupt8Vector	NECIO.C:3000	-	MISSING	No exact numbered token found in Firestaff src/include; no implementation claim.
F8511_RestoreInterrupt8Vector	F	RestoreInterrupt8Vector	NECIO.C:3130	-	MISSING	No exact numbered token found in Firestaff src/include; no implementation claim.
F8515_WaitSoundPlayComplete	F	WaitSoundPlayComplete	NECIO.C:42	-	MISSING	No exact numbered token found in Firestaff src/include; no implementation claim.
F8521_MIDIMusicControl	F	MIDIMusicControl	NECIO.C:3353	-	MISSING	No exact numbered token found in Firestaff src/include; no implementation claim.
F8524_GetDiskState	F	GetDiskState	NECIO.C:44	-	MISSING	No exact numbered token found in Firestaff src/include; no implementation claim.
F8525_GetVolumeName_CPSX	F	GetVolumeName	NECIO.C:45	-	MISSING	No exact numbered token found in Firestaff src/include; no implementation claim.
F8526_GetRandomSeed	F	GetRandomSeed	NECIO.C:47	-	MISSING	No exact numbered token found in Firestaff src/include; no implementation claim.
F8527_ExecuteProgram	F	ExecuteProgram	NECIO.C:3618	-	MISSING	No exact numbered token found in Firestaff src/include; no implementation claim.
F8532_MOUSE_ShowPointer	F	MOUSE	SWITCH.C:696	src/dm1/dm1_v1_game_state_pc34_compat.c:345	UNCERTAIN_NUMBERED_EVIDENCE	Exact numeric token occurs in Firestaff source; this audit did not verify behavioral equivalence or implementation.
F8533_MOUSE_HidePointer	F	MOUSE	SWITCH.C:702	src/dm1/dm1_v1_game_state_pc34_compat.c:346	UNCERTAIN_NUMBERED_EVIDENCE	Exact numeric token occurs in Firestaff source; this audit did not verify behavioral equivalence or implementation.
F8534_InitVideoInterrupt	F	InitVideoInterrupt	SWITCH.C:708	src/dm1/dm1_v1_game_state_pc34_compat.c:347	UNCERTAIN_NUMBERED_EVIDENCE	Exact numeric token occurs in Firestaff source; this audit did not verify behavioral equivalence or implementation.
F8545_PALETTE_SetCurtain	F	PALETTE	SWITCH.C:881	src/dm1/dm1_v1_game_state_pc34_compat.c:348	UNCERTAIN_NUMBERED_EVIDENCE	Exact numeric token occurs in Firestaff source; this audit did not verify behavioral equivalence or implementation.
F9000_OpenGRF1	F	OpenGRF1	ANIM.C:468	src/dm1/dm1_v1_creature_render_pc34_compat.c:1095	UNCERTAIN_NUMBERED_EVIDENCE	Exact numeric token occurs in Firestaff source; this audit did not verify behavioral equivalence or implementation.
F9001_CloseGRF1	F	CloseGRF1	ANIM.C:931	src/dm1/dm1_v1_creature_render_pc34_compat.c:1096	UNCERTAIN_NUMBERED_EVIDENCE	Exact numeric token occurs in Firestaff source; this audit did not verify behavioral equivalence or implementation.
F9002_OpenUSIO	F	OpenUSIO	ANIM.C:470	src/dm1/dm1_v1_creature_render_pc34_compat.c:1097	UNCERTAIN_NUMBERED_EVIDENCE	Exact numeric token occurs in Firestaff source; this audit did not verify behavioral equivalence or implementation.
F9003_CloseUSIO	F	CloseUSIO	ANIM.C:929	src/dm1/dm1_v1_creature_render_pc34_compat.c:1098	UNCERTAIN_NUMBERED_EVIDENCE	Exact numeric token occurs in Firestaff source; this audit did not verify behavioral equivalence or implementation.
F9004_OpenVDEO	F	OpenVDEO	ANIM.C:467	src/dm1/dm1_v1_creature_render_pc34_compat.c:1099	UNCERTAIN_NUMBERED_EVIDENCE	Exact numeric token occurs in Firestaff source; this audit did not verify behavioral equivalence or implementation.
F9005_CloseVDEO	F	CloseVDEO	ANIM.C:932	src/dm1/dm1_v1_creature_render_pc34_compat.c:1100	UNCERTAIN_NUMBERED_EVIDENCE	Exact numeric token occurs in Firestaff source; this audit did not verify behavioral equivalence or implementation.
F9006_OpenMEM1	F	OpenMEM1	ANIM.C:469	src/dm1/dm1_v1_creature_render_pc34_compat.c:1101	UNCERTAIN_NUMBERED_EVIDENCE	Exact numeric token occurs in Firestaff source; this audit did not verify behavioral equivalence or implementation.
F9007_CloseMEM1	F	CloseMEM1	ANIM.C:930	src/dm1/dm1_v1_creature_render_pc34_compat.c:1102	UNCERTAIN_NUMBERED_EVIDENCE	Exact numeric token occurs in Firestaff source; this audit did not verify behavioral equivalence or implementation.
F9008_OpenPRIM	F	OpenPRIM	ANIM.C:466	include/late_special_dispatch_pc34_compat.h:18	UNCERTAIN_NUMBERED_EVIDENCE	Exact numeric token occurs in Firestaff source; this audit did not verify behavioral equivalence or implementation.
F9009_ClosePRIM	F	ClosePRIM	APPA.C:166	include/boot_plan_runtime_pc34_compat.h:24	UNCERTAIN_NUMBERED_EVIDENCE	Exact numeric token occurs in Firestaff source; this audit did not verify behavioral equivalence or implementation.
F9010_MEM1_06_Allocate	F	MEM1	COMPILE.H:4	include/vga_palette_pc34_compat.h:58	UNCERTAIN_NUMBERED_EVIDENCE	Exact numeric token occurs in Firestaff source; this audit did not verify behavioral equivalence or implementation.
F9011_MEM1_07_Free	F	MEM1	COMPILE.H:6	include/vga_palette_pc34_compat.h:64	UNCERTAIN_NUMBERED_EVIDENCE	Exact numeric token occurs in Firestaff source; this audit did not verify behavioral equivalence or implementation.
F9012_MEM1_08_Available	F	MEM1	COMPILE.H:7	include/stateful_boot_plan_reachability_pc34_compat.h:28	UNCERTAIN_NUMBERED_EVIDENCE	Exact numeric token occurs in Firestaff source; this audit did not verify behavioral equivalence or implementation.
F9013_MEM1_09_EmptyFunction	F	MEM1	COMPILE.H:5	-	MISSING	No exact numbered token found in Firestaff src/include; no implementation claim.
F9014_MEM1_Initialize	F	MEM1	MEM1.C:13	-	MISSING	No exact numbered token found in Firestaff src/include; no implementation claim.
F9015_ExpungeMEM1	F	ExpungeMEM1	COMPILE.H:79	-	MISSING	No exact numbered token found in Firestaff src/include; no implementation claim.
F9015_MEM1_03_Expunge	F	MEM1	COMPILE.H:8	-	MISSING	No exact numbered token found in Firestaff src/include; no implementation claim.
F9016_OpenMUSC	F	OpenMUSC	ANIM.C:471	src/dm1/dm1_v1_creature_render_pc34_compat.c:1103	UNCERTAIN_NUMBERED_EVIDENCE	Exact numeric token occurs in Firestaff source; this audit did not verify behavioral equivalence or implementation.
F9017_CloseMUSC	F	CloseMUSC	ANIM.C:927	src/dm1/dm1_v1_creature_render_pc34_compat.c:1104	UNCERTAIN_NUMBERED_EVIDENCE	Exact numeric token occurs in Firestaff source; this audit did not verify behavioral equivalence or implementation.
F9018_OpenINT1	F	OpenINT1	INT1STUB.C:40	-	MISSING	No exact numbered token found in Firestaff src/include; no implementation claim.
F9019_CloseINT1	F	CloseINT1	INT1STUB.C:49	-	MISSING	No exact numbered token found in Firestaff src/include; no implementation claim.
F9021_VDEO_16_PaletteControl	F	VDEO	VDEO1.C:48	-	MISSING	No exact numbered token found in Firestaff src/include; no implementation claim.
F9022_SetNormalColorPalette	F	SetNormalColorPalette	VDEO1.C:16	-	MISSING	No exact numbered token found in Firestaff src/include; no implementation claim.
F9023_VDEO_14_SetNormalColorPalette	F	VDEO	VDEO1.C:80	-	MISSING	No exact numbered token found in Firestaff src/include; no implementation claim.
F9024_VDEO_15_ApplyNormalColorPalette	F	VDEO	VDEO1.C:119	-	MISSING	No exact numbered token found in Firestaff src/include; no implementation claim.
F9025_VDEO_17_GetColorPalette	F	VDEO	VDEO1.C:147	-	MISSING	No exact numbered token found in Firestaff src/include; no implementation claim.
F9026_SetColorPalette	F	SetColorPalette	VDEO1.C:17	-	MISSING	No exact numbered token found in Firestaff src/include; no implementation claim.
F9027_VDEO_18_SetColorPalette	F	VDEO	VDEO1.C:199	-	MISSING	No exact numbered token found in Firestaff src/include; no implementation claim.
F9030_VDEO_05_ExpandGraphicToBitmap	F	VDEO	VDEO1.C:329	-	MISSING	No exact numbered token found in Firestaff src/include; no implementation claim.
F9032_VDEO_08_FillScreenBox	F	VDEO	VDEO1.C:667	-	MISSING	No exact numbered token found in Firestaff src/include; no implementation claim.
F9033_VDEO_09_HatchScreenBox	F	VDEO	VDEO1.C:750	-	MISSING	No exact numbered token found in Firestaff src/include; no implementation claim.
F9034_VDEO_10_InvertScreenBox	F	VDEO	VDEO1.C:839	-	MISSING	No exact numbered token found in Firestaff src/include; no implementation claim.
F9035_VDEO_11_BlitFromScreenNoTransparency	F	VDEO	VDEO1.C:877	-	MISSING	No exact numbered token found in Firestaff src/include; no implementation claim.
F9036_VDEO_12_BlitToScreenNoTransparency	F	VDEO	VDEO1.C:902	-	MISSING	No exact numbered token found in Firestaff src/include; no implementation claim.
F9041_VDEO_06_BlitToScreen	F	VDEO	VDEO1.C:936	-	MISSING	No exact numbered token found in Firestaff src/include; no implementation claim.
F9042_VDEO_07_Empty	F	VDEO	VDEO1.C:1120	-	MISSING	No exact numbered token found in Firestaff src/include; no implementation claim.
F9043_VDEO_04_GetBitmapByteCount	F	VDEO	VDEO1.C:1128	-	MISSING	No exact numbered token found in Firestaff src/include; no implementation claim.
F9044_VDEO_13_WaitVerticalBlank	F	VDEO	VDEO1.C:1294	-	MISSING	No exact numbered token found in Firestaff src/include; no implementation claim.
F9045_VDEO_19_Operation	F	VDEO	VDEO2.C:88	-	MISSING	No exact numbered token found in Firestaff src/include; no implementation claim.
F9047_VDEO_03_Expunge	F	VDEO	VDEO2.C:244	-	MISSING	No exact numbered token found in Firestaff src/include; no implementation claim.
F9057_CopySpriteDataToChipMemory	F	CopySpriteDataToChipMemory	VDEOAMIG.C:169	-	MISSING	No exact numbered token found in Firestaff src/include; no implementation claim.
F9058_CopperList0	F	CopperList0	VDEOAMIG.C:185	-	MISSING	No exact numbered token found in Firestaff src/include; no implementation claim.
F9059_CopperList1	F	CopperList1	VDEOAMIG.C:202	-	MISSING	No exact numbered token found in Firestaff src/include; no implementation claim.
F9060_CopperList2	F	CopperList2	VDEOAMIG.C:249	-	MISSING	No exact numbered token found in Firestaff src/include; no implementation claim.
F9069_InstallMsgPort	F	InstallMsgPort	VDEOAMIG.C:413	-	MISSING	No exact numbered token found in Firestaff src/include; no implementation claim.
F9073_DisplayError	F	DisplayError	AMIGINIT.C:57	src/dm1/dm1_v1_creature_render_pc34_compat.c:1105	UNCERTAIN_NUMBERED_EVIDENCE	Exact numeric token occurs in Firestaff source; this audit did not verify behavioral equivalence or implementation.
F9077_GRF1_08_FillBox	F	GRF1	GRF1.C:63	-	MISSING	No exact numbered token found in Firestaff src/include; no implementation claim.
F9079_GRF1_13_InvertBox	F	GRF1	GRF1.C:197	-	MISSING	No exact numbered token found in Firestaff src/include; no implementation claim.
F9086_GRF1_06_Blit	F	GRF1	BLITMASK.C:6	-	MISSING	No exact numbered token found in Firestaff src/include; no implementation claim.
F9087_GRF1_07_Empty	F	GRF1	GRF1.C:590	-	MISSING	No exact numbered token found in Firestaff src/include; no implementation claim.
F9089_GRF1_04_GetBitmapMemorySize	F	GRF1	GRF1.C:606	-	MISSING	No exact numbered token found in Firestaff src/include; no implementation claim.
F9090_GRF1_15_GetBlitterTemporaryBitplane	F	GRF1	GRF1.C:625	-	MISSING	No exact numbered token found in Firestaff src/include; no implementation claim.
F9092_GRF1_03_Expunge	F	GRF1	GRF1.C:682	-	MISSING	No exact numbered token found in Firestaff src/include; no implementation claim.
F9093_AllocateWorkingMemory	F	AllocateWorkingMemory	CEDT018.C:601	-	MISSING	No exact numbered token found in Firestaff src/include; no implementation claim.
F9094_FreeWorkingMemory	F	FreeWorkingMemory	GRF1.C:18	-	MISSING	No exact numbered token found in Firestaff src/include; no implementation claim.
R0055_TOS_CallBIOS	R	TOS	ATARIST.H:245	src/nexus/nexus_v1_audio_receipt.c:39	UNCERTAIN_NUMBERED_EVIDENCE	Exact numeric token occurs in Firestaff source; this audit did not verify behavioral equivalence or implementation.
R055_xxxx_	R	Atari ST / PRIM ABI alias	ATARIST.H:245	src/nexus/nexus_v1_audio_receipt.c:39	UNCERTAIN_NUMBERED_EVIDENCE	Exact numeric token occurs in Firestaff source; this audit did not verify behavioral equivalence or implementation.
R0056_TOS_CallXBIOS	R	TOS	ATARIST.H:246	src/nexus/nexus_v1_audio_receipt.c:46	UNCERTAIN_NUMBERED_EVIDENCE	Exact numeric token occurs in Firestaff source; this audit did not verify behavioral equivalence or implementation.
R056_aaal_	R	Atari ST / PRIM ABI alias	ATARIST.H:246	src/nexus/nexus_v1_audio_receipt.c:46	UNCERTAIN_NUMBERED_EVIDENCE	Exact numeric token occurs in Firestaff source; this audit did not verify behavioral equivalence or implementation.
R0057_TOS_CallGEMDOS	R	TOS	ATARIST.H:247	src/dm2/dm2_v1_boot.c:233	UNCERTAIN_NUMBERED_EVIDENCE	Exact numeric token occurs in Firestaff source; this audit did not verify behavioral equivalence or implementation.
R057_rzzz_	R	Atari ST / PRIM ABI alias	ATARIST.H:247	src/dm2/dm2_v1_boot.c:233	UNCERTAIN_NUMBERED_EVIDENCE	Exact numeric token occurs in Firestaff source; this audit did not verify behavioral equivalence or implementation.
R0138_CPSEF_HiddenCodeLauncher	R	CPSEF	ATARIST.H:248	-	MISSING	No exact numbered token found in Firestaff src/include; no implementation claim.
R138_lzzz_	R	Atari ST / PRIM ABI alias	ATARIST.H:248	-	MISSING	No exact numbered token found in Firestaff src/include; no implementation claim.
S0016_MAIN_DrawMousePointerHiddenScreenAreaIfNecessary_CPSDF	S	MAIN	BASE.C:772	-	MISSING	No exact numbered token found in Firestaff src/include; no implementation claim.
S0058_TOS_Exception257Handler_CriticalError	S	TOS	DEFS.H:6809	src/nexus/nexus_v1_audio_receipt.c:47	UNCERTAIN_NUMBERED_EVIDENCE	Exact numeric token occurs in Firestaff source; this audit did not verify behavioral equivalence or implementation.
S0059_TOS_SetException257Vector_CriticalError	S	TOS	ATARIST.H:249	-	MISSING	No exact numbered token found in Firestaff src/include; no implementation claim.
S059_aaac_	S	Atari ST / PRIM ABI alias	ATARIST.H:249	-	MISSING	No exact numbered token found in Firestaff src/include; no implementation claim.
S0072_MOUSE_DrawPointerHiddenScreenArea	S	MOUSE	BASE.C:828	-	MISSING	No exact numbered token found in Firestaff src/include; no implementation claim.
S0074_MOUSE_DrawPointerScreenArea	S	MOUSE	BASE.C:914	src/dm1/dm1_v1_input_poll_pc34_compat.c:331	UNCERTAIN_NUMBERED_EVIDENCE	Exact numeric token occurs in Firestaff source; this audit did not verify behavioral equivalence or implementation.
S0075_MOUSE_Exception70Handler_IKBD_MIDI_MouseStatus	S	MOUSE	DEFS.H:6883	src/dm1/dm1_v1_input_poll_pc34_compat.c:332	UNCERTAIN_NUMBERED_EVIDENCE	Exact numeric token occurs in Firestaff source; this audit did not verify behavioral equivalence or implementation.
S0076_MOUSE_OnMouseButtonsStatusChange	S	MOUSE	DEFS.H:6885	src/dm1/dm1_v1_input_poll_pc34_compat.c:333	UNCERTAIN_NUMBERED_EVIDENCE	Exact numeric token occurs in Firestaff source; this audit did not verify behavioral equivalence or implementation.
S0080_CPSDF_CheckDMATransferCompletion	S	CPSDF	ATARIST.H:250	src/nexus/nexus_v1_palette.c:72	UNCERTAIN_NUMBERED_EVIDENCE	Exact numeric token occurs in Firestaff source; this audit did not verify behavioral equivalence or implementation.
S080_aaat_	S	Atari ST / PRIM ABI alias	ATARIST.H:250	src/nexus/nexus_v1_palette.c:72	UNCERTAIN_NUMBERED_EVIDENCE	Exact numeric token occurs in Firestaff source; this audit did not verify behavioral equivalence or implementation.
S0081_CPSDF_TurnOffFloppyDrive	S	CPSDF	ATARIST.H:251	src/nexus/nexus_v1_game.c:14	UNCERTAIN_NUMBERED_EVIDENCE	Exact numeric token occurs in Firestaff source; this audit did not verify behavioral equivalence or implementation.
S081_aaao_	S	Atari ST / PRIM ABI alias	ATARIST.H:251	src/nexus/nexus_v1_game.c:14	UNCERTAIN_NUMBERED_EVIDENCE	Exact numeric token occurs in Firestaff source; this audit did not verify behavioral equivalence or implementation.
S0287_CHAMPION_DrawChampionBarGraphs_Subroutine	S	CHAMPION	CHAMDRAW.C:221	src/dm1/dm1_v1_champion_panel_hud_pc34_compat.c; include/dm1_v1_champion_panel_hud_pc34_compat.h; src/dm1/dm1_v1_bar_graph_masks_pc34_compat.c; src/dm1/dm1_v1_bar_graph_byte_offsets_pc34_compat.c; tests/test_dm1_v1_champion_panel_hud_pc34_compat.c; tests/test_dm1_v1_champion_panel_bar_pixels_pc34_compat.c; tests/test_dm1_v1_bar_graph_masks_pc34_compat.c; tests/test_dm1_v1_bar_graph_byte_offsets_pc34_compat.c	IMPLEMENTED_NARROW	Models the bounded DM1 champion bar-graph subroutine data and PC34 fill contract: source mask/byte-offset tables, champion/stat bar zones, 25-pixel height math, blank/fill split, and HP/stamina/mana bar rectangles; live bitmap blitter pixels and broader status-box redraw sequencing remain route-owned.
S0465_CPSD_ReadSector247	S	CPSD	ATARIST.H:252	src/nexus/nexus_v1_game.c:10	UNCERTAIN_NUMBERED_EVIDENCE	Exact numeric token occurs in Firestaff source; this audit did not verify behavioral equivalence or implementation.
S465_qzzz_	S	Atari ST / PRIM ABI alias	ATARIST.H:252	src/nexus/nexus_v1_game.c:10	UNCERTAIN_NUMBERED_EVIDENCE	Exact numeric token occurs in Firestaff source; this audit did not verify behavioral equivalence or implementation.
S0542_INPUT_DeviceInterruptStub	S	INPUT	AMIGA.H:343	-	MISSING	No exact numbered token found in Firestaff src/include; no implementation claim.
S0570_COPYPROA_IntHandlerStub_CPSX	S	COPYPROA	AMIGA.H:376	-	MISSING	No exact numbered token found in Firestaff src/include; no implementation claim.
S0574_COPYPROB_DiskChangeStub_CPSX	S	COPYPROB	AMIGA.H:380	-	MISSING	No exact numbered token found in Firestaff src/include; no implementation claim.
S0578_VerticalBlank_HandlerStub	S	VerticalBlank	AMIGA.H:389	-	MISSING	No exact numbered token found in Firestaff src/include; no implementation claim.
