family	id	symbol	redmcsb_files	status	inventory_status	audit_basis
E	0013	E0013_MAIN_Exception69Handler_TimerC_DoNothing	BASE.C;DEFS.H	missing	unmapped_or_unverified	no exact identifier found by inventory scan
E	0014	E0014_MAIN_Exception70Handler_KeyboardMIDI	BASE.C;DEFS.H	missing	unmapped_or_unverified	no exact identifier found by inventory scan
E	0015	E0015_MAIN_Exception72Handler_TimerB_PaletteSwitcher	BASE.C;DEFS.H	missing	unmapped_or_unverified	no exact identifier found by inventory scan
E	0017	E0017_MAIN_Exception28Handler_VerticalBlank_CPSDF	DRAWVIEW.C;BASE.C;DEFS.H	missing	unmapped_or_unverified	no exact identifier found by inventory scan
E	0061	E0061_SOUND_Exception77Handler_TimerA_SoundPlayer	ATARIST.H;SOUND.C	missing	unmapped_or_unverified	no exact identifier found by inventory scan
E	061	E061_aAA6_	ATARIST.H	missing	unmapped_or_unverified	no exact identifier found by inventory scan
F	0002	F0002_MAIN_GameLoop_CPSDF	IIGS.H;IO.C;DEFS.H;CHAMPION.C;GAMELOOP.C;STARTUP2.C	referenced-not-verified	referenced_not_verified	exact identifier found by inventory scan; not reviewed as implementation
F	0003	F0003_MAIN_ProcessNewPartyMap_CPSE	ATARIST.H;FMTOWNS.H;IIGS.H;DEFS.H;CHAMPION.C;NEWMAP.C;GAMELOOP.C;STARTUP2.C	referenced-not-verified	referenced_not_verified	exact identifier found by inventory scan; not reviewed as implementation
F	003	F003_aaaS_	ATARIST.H	missing	unmapped_or_unverified	no exact identifier found by inventory scan
F	0006	F0006_MAIN_HighlightScreenBox	ATARIST.H;IIGS.H;SPELDRAW.C;CLIKMENU.C;BASE.C;DEFS.H	referenced-not-verified	referenced_not_verified	exact identifier found by inventory scan; not reviewed as implementation
F	006	F006_aamz_	ATARIST.H	missing	unmapped_or_unverified	no exact identifier found by inventory scan
F	0007	F0007_MAIN_CopyBytes	SWSHSND.C;PANEL.C;ATARIST.H;CPCLRBYT.C;CASTER.C;VBLANK.C;LOADSAVE.C;MEMORY.C;FMTOWNS.H;DUNGEON.C;BLITMASK.C;DUNVIEW.C;COORD.C;COPYPRO3.C;DRAWVIEW.C;IIGS.H;REVIVE.C;MENU.C;CHAMDRAW.C;READWRIT.C;IO.C;CLIKMENU.C;PORTRAIT.C;BASE.C;DEFS.H;CHAMPION.C;IMAGE.C;DRAWMSGA.C;COMPILE.H;STARTUP2.C;MEM1MAIN.C;ENDGAME.C;COPYBYTE.C;PROJEXPL.C;ENTRANCE.C;MOVESENS.C;DIALOG.C;STARTUP1.C	implemented-narrow	implemented_narrow	C11 overlap-safe CopyBytes primitive directly tests forward/backward overlap, same-buffer, null, and nonpositive counts; production caller mapping remains unverified
F	0007	F0007_sub1_	COPYBYTE.C	referenced-not-verified	referenced_not_verified	exact identifier found by inventory scan; not reviewed as implementation
F	0007	F0007_sub1_XXXXXXXXXX_XXXXXXXXXX_XXXXXXXXXX	IIGS.H	referenced-not-verified	referenced_not_verified	exact identifier found by inventory scan; not reviewed as implementation
F	0007	F0007_sub2_	COPYBYTE.C	referenced-not-verified	referenced_not_verified	exact identifier found by inventory scan; not reviewed as implementation
F	0007	F0007_sub2_XXXXXXXXXX_XXXXXXXXXX_XXXXXXXXXX	IIGS.H	referenced-not-verified	referenced_not_verified	exact identifier found by inventory scan; not reviewed as implementation
F	007	F007_aAA7_	ATARIST.H	missing	unmapped_or_unverified	no exact identifier found by inventory scan
F	0008	F0008_MAIN_ClearBytes	INPUT.C;ATARIST.H;CPCLRBYT.C;GROUP.C;FLOPPYAM.C;CEDTINCF.C;LOADSAVE.C;CEDTINCI.C;MEMORY.C;FMTOWNS.H;DUNGEON.C;LZW.C;DUNVIEW.C;IIGS.H;REVIVE.C;CHAMDRAW.C;READWRIT.C;IO.C;DEFS.H;CEDT017.C;HINT001.C;SWITCH.C;CEDTINC8.C;UTMEMORY.C;UTIO.C;CEDT013.C;DRAWMSGA.C;CEDTINC4.C;COMPILE.H;CEDT006.C;STARTUP2.C;HINTLZW.C;TEXT.C;CEDT012.C;HINTSCR.C;HINTINPT.C;TITLE.C;CLEARBYT.C;MOVESENS.C;DIALOG.C;CEDTINCD.C	implemented-narrow	implemented_narrow	C11 ClearBytes primitive directly tests bounded clear plus null and zero-count no-ops; production caller mapping remains unverified
F	008	F008_aA19_	ATARIST.H	missing	unmapped_or_unverified	no exact identifier found by inventory scan
F	0009	F0009_MAIN_WriteSpacedBytes	ATARIST.H;FMTOWNS.H;DUNVIEW.C;IIGS.H;CHAMDRAW.C;IO.C;BASE.C;DEFS.H;ENTRANCE.C	implemented-narrow	implemented_narrow	C11 spaced-byte writer directly tests stride, zero count, and zero spacing; production caller mapping remains unverified
F	009	F009_aA49_	ATARIST.H	missing	unmapped_or_unverified	no exact identifier found by inventory scan
F	0010	F0010_MAIN_WriteSpacedWords	ATARIST.H;MEMORY.C;FMTOWNS.H;DUNVIEW.C;IIGS.H;BASE.C;DEFS.H;ENDGAME.C;TITLE.C	implemented-narrow	implemented_narrow	C11 byte-spacing-to-word-stride writer directly tests spacing eight, zero count, and zero spacing; production caller mapping remains unverified
F	010	F010_aAA7_	ATARIST.H	missing	unmapped_or_unverified	no exact identifier found by inventory scan
F	0018	F0018_MAIN_SetExceptionVectors	ATARIST.H;IIGS.H;BASE.C;DEFS.H;STARTUP2.C;STARTUP1.C	missing	unmapped_or_unverified	no exact identifier found by inventory scan
F	018	F018_aaat_	ATARIST.H	missing	unmapped_or_unverified	no exact identifier found by inventory scan
F	0019	F0019_MAIN_DisplayErrorAndStop	ATARIST.H;GROUP.C;LOADSAVE.C;MEMORY.C;FMTOWNS.H;DUNGEON.C;IIGS.H;BASE.C;DEFS.H;GAMELOOP.C;TIMELINE.C;MAINLIB.C	referenced-not-verified	referenced_not_verified	exact identifier found by inventory scan; not reviewed as implementation
F	019	F019_aarz_	ATARIST.H	missing	unmapped_or_unverified	no exact identifier found by inventory scan
F	0020	F0020_MAIN_BlitToViewport	PANEL.C;ATARIST.H;FMTOWNS.H;IIGS.H;BASE.C;DEFS.H;DIALOG.C	referenced-not-verified	referenced_not_verified	exact identifier found by inventory scan; not reviewed as implementation
F	020	F020_aAA5_	ATARIST.H	missing	unmapped_or_unverified	no exact identifier found by inventory scan
F	0021	F0021_MAIN_BlitToScreen	PANEL.C;ATARIST.H;FILLBOX.C;FMTOWNS.H;DRAWVIEW.C;IIGS.H;CHAMDRAW.C;BASE.C;DEFS.H;ACTIDRAW.C;IMAGE.C;ENDGAME.C;ENTRANCE.C;TITLE.C;DIALOG.C	referenced-not-verified	referenced_not_verified	exact identifier found by inventory scan; not reviewed as implementation
F	021	F021_a002_	ATARIST.H	missing	unmapped_or_unverified	no exact identifier found by inventory scan
F	0022	F0022_MAIN_Delay	PANEL.C;ATARIST.H;LOADSAVE.C;FMTOWNS.H;IIGS.H;CLIKMENU.C;BASE.C;DEFS.H;TIMELINE.C;ENDGAME.C;ENTRANCE.C;TITLE.C;DIALOG.C	referenced-not-verified	referenced_not_verified	exact identifier found by inventory scan; not reviewed as implementation
F	0022	F0022_MAIN_SwooshDelay	FMTOWNS.H;SWSHIIGS.C;SWSH.C;NECIO.C	referenced-not-verified	referenced_not_verified	exact identifier found by inventory scan; not reviewed as implementation
F	022	F022_aaaU_	ATARIST.H	missing	unmapped_or_unverified	no exact identifier found by inventory scan
F	0023	F0023_MAIN_GetAbsoluteValue	ATARIST.H;PRIM1.C;GROUP.C;FMTOWNS.H;IIGS.H;MENU.C;BASE.C;DEFS.H;CEDT002.C	referenced-not-verified	referenced_not_verified	exact identifier found by inventory scan; not reviewed as implementation
F	023	F023_aarz_	ATARIST.H	missing	unmapped_or_unverified	no exact identifier found by inventory scan
F	0024	F0024_MAIN_GetMinimumValue	PANEL.C;ATARIST.H;GROUP.C;LOADSAVE.C;MEMORY.C;FMTOWNS.H;DUNVIEW.C;COORD.C;IIGS.H;MENU.C;BASE.C;DEFS.H;CHAMPION.C;CEDT006.C;ENDGAME.C;PROJEXPL.C;TEXT.C;CEDT002.C;DIALOG.C	referenced-not-verified	referenced_not_verified	exact identifier found by inventory scan; not reviewed as implementation
F	024	F024_aatz_	ATARIST.H	missing	unmapped_or_unverified	no exact identifier found by inventory scan
F	0025	F0025_MAIN_GetMaximumValue	PANEL.C;ATARIST.H;GROUP.C;FMTOWNS.H;DUNVIEW.C;IIGS.H;REVIVE.C;MENU.C;CHAMDRAW.C;CLIKMENU.C;BASE.C;DEFS.H;CHAMPION.C;PROJEXPL.C;TEXT.C;CEDT002.C	referenced-not-verified	referenced_not_verified	exact identifier found by inventory scan; not reviewed as implementation
F	025	F025_aatz_	ATARIST.H	missing	unmapped_or_unverified	no exact identifier found by inventory scan
F	0026	F0026_MAIN_GetBoundedValue	ATARIST.H;GROUP.C;FMTOWNS.H;DUNVIEW.C;IIGS.H;MENU.C;BASE.C;DEFS.H;CHAMPION.C;CEDT006.C;CEDT002.C	referenced-not-verified	referenced_not_verified	exact identifier found by inventory scan; not reviewed as implementation
F	026	F026_a003_	ATARIST.H	missing	unmapped_or_unverified	no exact identifier found by inventory scan
F	0027	F0027_MAIN_Get16bitRandomNumber	ATARIST.H;FMTOWNS.H;IIGS.H;BASE.C;DEFS.H;CEDT002.C	referenced-not-verified	referenced_not_verified	exact identifier found by inventory scan; not reviewed as implementation
F	027	F027_AA59_	ATARIST.H	missing	unmapped_or_unverified	no exact identifier found by inventory scan
F	0028	F0028_MAIN_Get1BitRandomNumber	ATARIST.H;FMTOWNS.H;IIGS.H;BASE.C;DEFS.H;CEDT002.C	referenced-not-verified	referenced_not_verified	exact identifier found by inventory scan; not reviewed as implementation
F	028	F028_a000_	ATARIST.H	missing	unmapped_or_unverified	no exact identifier found by inventory scan
F	0029	F0029_MAIN_Get2BitRandomNumber	ATARIST.H;FMTOWNS.H;IIGS.H;BASE.C;DEFS.H;CEDT002.C	referenced-not-verified	referenced_not_verified	exact identifier found by inventory scan; not reviewed as implementation
F	029	F029_AA19_	ATARIST.H	missing	unmapped_or_unverified	no exact identifier found by inventory scan
F	0030	F0030_MAIN_GetScaledProduct	ATARIST.H;FMTOWNS.H;DUNGEON.C;IIGS.H;BASE.C;DEFS.H;CHAMPION.C	referenced-not-verified	referenced_not_verified	exact identifier found by inventory scan; not reviewed as implementation
F	030	F030_aaaW_	ATARIST.H	missing	unmapped_or_unverified	no exact identifier found by inventory scan
F	0031	F0031_OBJECT_LoadNames	ATARIST.H;FMTOWNS.H;OBJECT.C;IIGS.H;DEFS.H;STARTUP2.C;STARTUP1.C	referenced-not-verified	referenced_not_verified	exact identifier found by inventory scan; not reviewed as implementation
F	031	F031_aAA2_	ATARIST.H	missing	unmapped_or_unverified	no exact identifier found by inventory scan
F	0032	F0032_OBJECT_GetType	PANEL.C;ATARIST.H;FMTOWNS.H;OBJECT.C;IIGS.H;DEFS.H;MOVESENS.C	referenced-not-verified	referenced_not_verified	exact identifier found by inventory scan; not reviewed as implementation
F	032	F032_aaaY_	ATARIST.H	missing	unmapped_or_unverified	no exact identifier found by inventory scan
F	0033	F0033_OBJECT_GetIconIndex	PANEL.C;ATARIST.H;FMTOWNS.H;OBJECT.C;CLIKVIEW.C;IIGS.H;MENU.C;CHAMDRAW.C;DEFS.H;ACTIDRAW.C;CHAMPION.C;TIMELINE.C;PROJEXPL.C;CHEST.C	referenced-not-verified	referenced_not_verified	exact identifier found by inventory scan; not reviewed as implementation
F	033	F033_aaaz_	ATARIST.H	missing	unmapped_or_unverified	no exact identifier found by inventory scan
F	0034	F0034_OBJECT_DrawLeaderHandObjectName	PANEL.C;ATARIST.H;FMTOWNS.H;OBJECT.C;IIGS.H;CHAMDRAW.C;DEFS.H;CHAMPION.C	referenced-not-verified	referenced_not_verified	exact identifier found by inventory scan; not reviewed as implementation
F	034	F034_aaau_	ATARIST.H	missing	unmapped_or_unverified	no exact identifier found by inventory scan
F	0035	F0035_OBJECT_ClearLeaderHandObjectName	PANEL.C;ATARIST.H;FMTOWNS.H;OBJECT.C;IIGS.H;DEFS.H;CHAMPION.C;ENDGAME.C	referenced-not-verified	referenced_not_verified	exact identifier found by inventory scan; not reviewed as implementation
F	035	F035_aaaw_	ATARIST.H	missing	unmapped_or_unverified	no exact identifier found by inventory scan
F	0036	F0036_OBJECT_ExtractIconFromBitmap	PANEL.C;ATARIST.H;FMTOWNS.H;OBJECT.C;IIGS.H;CHAMDRAW.C;DEFS.H;ACTIDRAW.C;CHAMPION.C	referenced-not-verified	referenced_not_verified	exact identifier found by inventory scan; not reviewed as implementation
F	036	F036_aA19_	ATARIST.H	missing	unmapped_or_unverified	no exact identifier found by inventory scan
F	0037	F0037_OBJECT_DrawIconToScreen	PANEL.C;ATARIST.H;OBJECT.C;IIGS.H;DEFS.H	implemented_narrow	implemented_narrow	src/dm1/dm1_v1_object_draw_icon_to_screen_pc34_compat.c; source-bound 16x16 transparent icon blit, focused CTest
F	037	F037_aA29_	ATARIST.H	missing	unmapped_or_unverified	no exact identifier found by inventory scan
F	0038	F0038_OBJECT_DrawIconInSlotBox	ATARIST.H;FMTOWNS.H;OBJECT.C;IIGS.H;CHAMDRAW.C;DEFS.H;CHEST.C	referenced-not-verified	referenced_not_verified	exact identifier found by inventory scan; not reviewed as implementation
F	038	F038_AA07_	ATARIST.H	missing	unmapped_or_unverified	no exact identifier found by inventory scan
F	0039	F0039_OBJECT_GetIconIndexInSlotBox	ATARIST.H;FMTOWNS.H;OBJECT.C;IIGS.H;CHAMDRAW.C;DEFS.H	referenced-not-verified	referenced_not_verified	exact identifier found by inventory scan; not reviewed as implementation
F	039	F039_aaaL_	ATARIST.H	missing	unmapped_or_unverified	no exact identifier found by inventory scan
F	0040	F0040_TEXT_Print	ATARIST.H;FMTOWNS.H;IIGS.H;MENU.C;DEFS.H;TEXT.C;DIALOG.C	referenced-not-verified	referenced_not_verified	exact identifier found by inventory scan; not reviewed as implementation
F	040	F040_aacZ_	ATARIST.H	missing	unmapped_or_unverified	no exact identifier found by inventory scan
F	0041	F0041_TEXT_PrintWithTrailingSpaces	ATARIST.H;FMTOWNS.H;IIGS.H;DEFS.H;ACTIDRAW.C;TEXT.C	referenced-not-verified	referenced_not_verified	exact identifier found by inventory scan; not reviewed as implementation
F	041	F041_aadZ_	ATARIST.H	missing	unmapped_or_unverified	no exact identifier found by inventory scan
F	0042	F0042_TEXT_MESSAGEAREA_MoveCursor	FMTOWNS.H;IIGS.H;DEFS.H;TEXT.C	referenced-not-verified	referenced_not_verified	exact identifier found by inventory scan; not reviewed as implementation
F	0043	F0043_TEXT_MESSAGEAREA_ClearAllRows	ATARIST.H;FLOPPYAM.C;FMTOWNS.H;IIGS.H;DEFS.H;ENDGAME.C;TEXT.C	referenced-not-verified	referenced_not_verified	exact identifier found by inventory scan; not reviewed as implementation
F	043	F043_aahz_	ATARIST.H	missing	unmapped_or_unverified	no exact identifier found by inventory scan
F	0044	F0044_TEXT_MESSAGEAREA_ClearExpiredRows	FMTOWNS.H;IIGS.H;DEFS.H;GAMELOOP.C;TEXT.C	referenced-not-verified	referenced_not_verified	exact identifier found by inventory scan; not reviewed as implementation
F	0045	F0045_TEXT_MESSAGEAREA_CreateNewRow	IIGS.H;DEFS.H;TEXT.C	referenced-not-verified	referenced_not_verified	exact identifier found by inventory scan; not reviewed as implementation
F	0046	F0046_TEXT_MESSAGEAREA_PrintString	IIGS.H;DEFS.H;TEXT.C	referenced-not-verified	referenced_not_verified	exact identifier found by inventory scan; not reviewed as implementation
F	0047	F0047_TEXT_MESSAGEAREA_PrintMessage	INPUT.C;ATARIST.H;FLOPPYAM.C;MEMORY.C;FMTOWNS.H;IIGS.H;REVIVE.C;MENU.C;SPELFAIL.C;BASE.C;DEFS.H;CHAMPION.C;TIMELINE.C;STARTUP2.C;ENDGAME.C;TEXT.C;MOVESENS.C	referenced-not-verified	referenced_not_verified	exact identifier found by inventory scan; not reviewed as implementation
F	047	F047_xzzz_	ATARIST.H	missing	unmapped_or_unverified	no exact identifier found by inventory scan
F	0048	F0048_TEXT_MESSAGEAREA_PrintCharacter	FMTOWNS.H;IIGS.H;BASE.C;DEFS.H;TEXT.C	referenced-not-verified	referenced_not_verified	exact identifier found by inventory scan; not reviewed as implementation
F	0049	F0049_TEXT_MESSAGEAREA_PrintInteger_Unreferenced	FMTOWNS.H;IIGS.H;DEFS.H;TEXT.C	referenced-not-verified	referenced_not_verified	exact identifier found by inventory scan; not reviewed as implementation
F	0050	F0050_TEXT_MESSAGEAREA_PrintSpace_Unreferenced	FMTOWNS.H;IIGS.H;DEFS.H;TEXT.C	missing	unmapped_or_unverified	no exact identifier found by inventory scan
F	0051	F0051_TEXT_MESSAGEAREA_PrintLineFeed	ATARIST.H;FMTOWNS.H;IIGS.H;REVIVE.C;SPELFAIL.C;DEFS.H;CHAMPION.C;STARTUP2.C;TEXT.C	referenced-not-verified	referenced_not_verified	exact identifier found by inventory scan; not reviewed as implementation
F	051	F051_AA19_	ATARIST.H	missing	unmapped_or_unverified	no exact identifier found by inventory scan
F	0052	F0052_TEXT_PrintToViewport	PANEL.C;ATARIST.H;FMTOWNS.H;IIGS.H;REVIVE.C;CHAMDRAW.C;DEFS.H;TEXT.C	referenced-not-verified	referenced_not_verified	exact identifier found by inventory scan; not reviewed as implementation
F	052	F052_aaoz_	ATARIST.H	missing	unmapped_or_unverified	no exact identifier found by inventory scan
F	0053	F0053_TEXT_PrintToLogicalScreen	ATARIST.H;FMTOWNS.H;IIGS.H;SPELDRAW.C;CHAMDRAW.C;DEFS.H;ACTIDRAW.C;CHAMPION.C;ENDGAME.C;TEXT.C;MENUDRAW.C	referenced-not-verified	referenced_not_verified	exact identifier found by inventory scan; not reviewed as implementation
F	053	F053_aajz_	ATARIST.H	missing	unmapped_or_unverified	no exact identifier found by inventory scan
F	0054	F0054_TEXT_Initialize	ATARIST.H;FMTOWNS.H;IIGS.H;DEFS.H;STARTUP2.C;TEXT.C;STARTUP1.C	referenced-not-verified	referenced_not_verified	exact identifier found by inventory scan; not reviewed as implementation
F	054	F054_aAA1_	ATARIST.H	missing	unmapped_or_unverified	no exact identifier found by inventory scan
F	0060	F0060_SOUND_Play_CPSX	ATARIST.H;ANIM.C;FMTOWNS.H;IIGS.H;COMMAND.C;IO.C;DEFS.H;TOWNSIO.C;SELECTOR.C;SOUND.C;ENTRANCE.C;ANIMSND.C;SWSH.C	implemented_narrow	implemented_narrow	src/csb/csb_v1_audio_runtime_pc34_compat.c; packed Atari ST PSG decode, focused CTest
F	060	F060_AA29_	ATARIST.H	missing	unmapped_or_unverified	no exact identifier found by inventory scan
F	0061	F0061_SOUND_SetChannelAmplitudes	IIGS.H;DEFS.H;SOUND.C	referenced-not-verified	referenced_not_verified	exact identifier found by inventory scan; not reviewed as implementation
F	0062	F0062_SOUND_Initialize	ATARIST.H;IIGS.H;DEFS.H;STARTUP2.C;SOUND.C;STARTUP1.C	referenced-not-verified	referenced_not_verified	exact identifier found by inventory scan; not reviewed as implementation
F	062	F062_aalz_	ATARIST.H	missing	unmapped_or_unverified	no exact identifier found by inventory scan
F	0063	F0063_SOUND_KeyClickOff	ATARIST.H;IIGS.H;DEFS.H;SOUND.C	referenced-not-verified	referenced_not_verified	exact identifier found by inventory scan; not reviewed as implementation
F	063	F063_aA05_	ATARIST.H	missing	unmapped_or_unverified	no exact identifier found by inventory scan
F	0064	F0064_SOUND_RequestPlay_CPSD	PANEL.C;ATARIST.H;GROUP.C;FMTOWNS.H;CLIKVIEW.C;IIGS.H;MENU.C;CLIKMENU.C;DEFS.H;CHAMPION.C;TIMELINE.C;ENDGAME.C;SOUND.C;PROJEXPL.C;MOVESENS.C	referenced-not-verified	referenced_not_verified	exact identifier found by inventory scan; not reviewed as implementation
F	064	F064_aadz_	ATARIST.H	missing	unmapped_or_unverified	no exact identifier found by inventory scan
F	0065	F0065_SOUND_PlayPendingSound_CPSD	ATARIST.H;FMTOWNS.H;IIGS.H;DEFS.H;GAMELOOP.C;ENDGAME.C;SOUND.C	referenced-not-verified	referenced_not_verified	exact identifier found by inventory scan; not reviewed as implementation
F	065	F065_aanz_	ATARIST.H	missing	unmapped_or_unverified	no exact identifier found by inventory scan
F	0066	F0066_MOUSE_Initialize	ATARIST.H;FMTOWNS.H;IIGS.H;IO.C;CEDT028.C;DEFS.H;SWITCH.C;CEDT026.C;STARTUP2.C;STARTUP1.C	referenced-not-verified	referenced_not_verified	exact identifier found by inventory scan; not reviewed as implementation
F	066	F066_aalz_	ATARIST.H	missing	unmapped_or_unverified	no exact identifier found by inventory scan
F	0067	F0067_MOUSE_SetPointerToNormal	ATARIST.H;FMTOWNS.H;IIGS.H;REVIVE.C;IO.C;DEFS.H;CHAMPION.C;MOUSESET.C;STARTUP2.C;ENDGAME.C	referenced-not-verified	referenced_not_verified	exact identifier found by inventory scan; not reviewed as implementation
F	067	F067_aaat_	ATARIST.H	referenced-not-verified	referenced_not_verified	exact identifier found by inventory scan; not reviewed as implementation
F	0068	F0068_MOUSE_SetPointerToObject	ATARIST.H;FMTOWNS.H;IIGS.H;CHAMDRAW.C;IO.C;DEFS.H;CHAMPION.C;MOUSESET.C;GAMELOOP.C	referenced-not-verified	referenced_not_verified	exact identifier found by inventory scan; not reviewed as implementation
F	068	F068_aagz_	ATARIST.H	missing	unmapped_or_unverified	no exact identifier found by inventory scan
F	0069	F0069_MOUSE_SetPointer	ATARIST.H;FMTOWNS.H;IIGS.H;CHAMPRST.C;DEFS.H;CHAMPION.C;MOUSESET.C;STARTUP2.C	missing	unmapped_or_unverified	no exact identifier found by inventory scan
F	069	F069_aaaL_	ATARIST.H	missing	unmapped_or_unverified	no exact identifier found by inventory scan
F	0070	F0070_MOUSE_ProcessCommands125To128_ClickOnChampionIcon	ATARIST.H;FMTOWNS.H;IIGS.H;COMMAND.C;IO.C;DEFS.H	missing	unmapped_or_unverified	no exact identifier found by inventory scan
F	070	F070_aajz_	ATARIST.H	missing	unmapped_or_unverified	no exact identifier found by inventory scan
F	0071	F0071_MOUSE_DropChampionIcon	IIGS.H;IO.C;BASE.C;DEFS.H	referenced-not-verified	referenced_not_verified	exact identifier found by inventory scan; not reviewed as implementation
F	0073	F0073_MOUSE_BuildPointerScreenArea	INPUT.C;IIGS.H;IO.C;BASE.C;DEFS.H	missing	unmapped_or_unverified	no exact identifier found by inventory scan
F	0074	F0074_MOUSE_DrawPointerScreenArea	IIGS.H;IO.C;DEFS.H	referenced-not-verified	referenced_not_verified	exact identifier found by inventory scan; not reviewed as implementation
F	0075	F0075_MOUSE_Exception70Handler_IKBD_MIDI_MouseStatus	ATARIST.H;IIGS.H;IO.C;DEFS.H	referenced-not-verified	referenced_not_verified	exact identifier found by inventory scan; not reviewed as implementation
F	075	F075_xxxx_	ATARIST.H	missing	unmapped_or_unverified	no exact identifier found by inventory scan
F	0076	F0076_MOUSE_OnMouseButtonsStatusChange	ATARIST.H;IIGS.H;IO.C;IBMIO.C;DEFS.H;NECIO.C	referenced-not-verified	referenced_not_verified	exact identifier found by inventory scan; not reviewed as implementation
F	076	F076_xxxx_	ATARIST.H	missing	unmapped_or_unverified	no exact identifier found by inventory scan
F	0077	F0077_MOUSE_EnableScreenUpdate_CPSE	PANEL.C;ATARIST.H;CASTER.C;CEDTINCF.C;REQDISK.C;LOADSAVE.C;CEDTINCI.C;FMTOWNS.H;DRAWVIEW.C;IIGS.H;SPELDRAW.C;REVIVE.C;MENU.C;CHAMDRAW.C;IO.C;CLIKMENU.C;DEFS.H;UTAMSCR.C;ACTIDRAW.C;CEDT017.C;HINT001.C;SWITCH.C;CHAMPION.C;CEDT026.C;UTIO.C;GAMELOOP.C;TIMELINE.C;HINTHINT.C;DRAWMSGA.C;CEDTINC4.C;CEDT006.C;STARTUP2.C;ENDGAME.C;CEDTINCM.C;TEXT.C;ENTRANCE.C;HINTSCR.C;HINTINPT.C;CEDT008.C;SYMBOL.C;DIALOG.C;CEDTINCN.C;UTILITY.H;MENUDRAW.C	referenced-not-verified	referenced_not_verified	exact identifier found by inventory scan; not reviewed as implementation
F	077	F077_aA39_	ATARIST.H	missing	unmapped_or_unverified	no exact identifier found by inventory scan
F	0078	F0078_MOUSE_DisableScreenUpdate	PANEL.C;ATARIST.H;CASTER.C;CEDTINCF.C;REQDISK.C;LOADSAVE.C;CEDTINCI.C;FMTOWNS.H;DRAWVIEW.C;IIGS.H;SPELDRAW.C;REVIVE.C;MENU.C;CHAMDRAW.C;IO.C;CLIKMENU.C;DEFS.H;UTAMSCR.C;ACTIDRAW.C;CEDT017.C;HINT001.C;SWITCH.C;CHAMPION.C;CEDT026.C;UTIO.C;GAMELOOP.C;TIMELINE.C;HINTHINT.C;DRAWMSGA.C;CEDTINC4.C;CEDT006.C;STARTUP2.C;CEDT018.C;CEDTINCM.C;TEXT.C;ENTRANCE.C;HINTSCR.C;HINTINPT.C;CEDT008.C;SYMBOL.C;DIALOG.C;STARTUP1.C;CEDTINCN.C;UTILITY.H;MENUDRAW.C	referenced-not-verified	referenced_not_verified	exact identifier found by inventory scan; not reviewed as implementation
F	078	F078_xzzz_	ATARIST.H	referenced-not-verified	referenced_not_verified	exact identifier found by inventory scan; not reviewed as implementation
F	0079	F0079_CPSC_GetChecksumAdd	ATARIST.H;LOADSAVE.C;IIGS.H;DEFS.H;COPYPRO1.C	referenced-not-verified	referenced_not_verified	exact identifier found by inventory scan; not reviewed as implementation
F	079	F079_a002_	ATARIST.H	missing	unmapped_or_unverified	no exact identifier found by inventory scan
F	0086	F0086_strcat	CEDTINCF.C;CEDTINCE.C;FIO1.C;FMTOWNS.H;STRING.C;CEDTINC1.C;DEFS.H;HINTIORQ.C;UTILITY.H	referenced-not-verified	referenced_not_verified	exact identifier found by inventory scan; not reviewed as implementation
F	0087	F0087_strcmp	CEDTINCF.C;CEDT014.C;FIO1.C;FMTOWNS.H;CEDT016.C;STRING.C;DEFS.H;UTIO.C;FLOPPY.C;CEDT023.C;CEDTINC7.C;UTILITY.H	missing	unmapped_or_unverified	no exact identifier found by inventory scan
F	0088	F0088_strcpy	PRIM1.C;CEDTINCF.C;CEDTINCE.C;FIO1.C;CEDTINCI.C;FMTOWNS.H;CEDT016.C;STRING.C;CEDTINC1.C;DEFS.H;SWITCH.C;UTIO.C;CEDT023.C;HINTIORQ.C;CEDT001.C;UTILITY.H;CEDTINCD.C	missing	unmapped_or_unverified	no exact identifier found by inventory scan
F	0089	F0089_strncpy	FMTOWNS.H;STRING.C;DEFS.H	missing	unmapped_or_unverified	no exact identifier found by inventory scan
F	0090	F0090_strlen	AMIGINIT.C;FIO1.C;FMTOWNS.H;CEDT016.C;CEDTINC2.C;HINTHTC.C;STRING.C;CEDTINC1.C;DEFS.H;HINTTEXT.C;HINTHINT.C;CEDT013.C;CEDTINC4.C;FLOPPY.C;CEDT006.C;CEDT023.C;CNFG.C;HINTIORQ.C;UTILITY.H;IO2.C	referenced-not-verified	referenced_not_verified	exact identifier found by inventory scan; not reviewed as implementation
F	0091	F0091_strchr	FMTOWNS.H;STRING.C;DEFS.H	missing	unmapped_or_unverified	no exact identifier found by inventory scan
F	0093	F0093_DUNGEONVIEW_ApplyCreatureReplacementColors	DUNVIEW.C;IIGS.H;DEFS.H	referenced-not-verified	referenced_not_verified	exact identifier found by inventory scan; not reviewed as implementation
F	0094	F0094_DUNGEONVIEW_LoadFloorSet	ATARIST.H;FMTOWNS.H;DUNVIEW.C;IIGS.H;DEFS.H;STARTUP2.C;STARTUP1.C	referenced-not-verified	referenced_not_verified	exact identifier found by inventory scan; not reviewed as implementation
F	094	F094_mzzz_	ATARIST.H	missing	unmapped_or_unverified	no exact identifier found by inventory scan
F	0095	F0095_DUNGEONVIEW_LoadWallSet	ATARIST.H;FMTOWNS.H;DUNVIEW.C;IIGS.H;DEFS.H;STARTUP2.C;STARTUP1.C	referenced-not-verified	referenced_not_verified	exact identifier found by inventory scan; not reviewed as implementation
F	095	F095_izzz_	ATARIST.H	missing	unmapped_or_unverified	no exact identifier found by inventory scan
F	0096	F0096_DUNGEONVIEW_LoadCurrentMapGraphics_CPSDF	ATARIST.H;FMTOWNS.H;DUNVIEW.C;IIGS.H;DEFS.H;NEWMAP.C;MOVESENS.C	referenced-not-verified	referenced_not_verified	exact identifier found by inventory scan; not reviewed as implementation
F	096	F096_qzzz_	ATARIST.H	missing	unmapped_or_unverified	no exact identifier found by inventory scan
F	0097	F0097_DUNGEONVIEW_DrawViewport	PANEL.C;ATARIST.H;FMTOWNS.H;DUNVIEW.C;DRAWVIEW.C;IIGS.H;REVIVE.C;CHAMDRAW.C;COMMAND.C;DEFS.H;STARTUP2.C;ENTRANCE.C;DIALOG.C	referenced-not-verified	referenced_not_verified	exact identifier found by inventory scan; not reviewed as implementation
F	097	F097_lzzz_	ATARIST.H	referenced-not-verified	referenced_not_verified	exact identifier found by inventory scan; not reviewed as implementation
F	0098	F0098_DUNGEONVIEW_DrawFloorAndCeiling	PANEL.C;ATARIST.H;FMTOWNS.H;DUNVIEW.C;IIGS.H;DEFS.H;CHAMPION.C;STARTUP2.C	referenced-not-verified	referenced_not_verified	exact identifier found by inventory scan; not reviewed as implementation
F	098	F098_rzzz_	ATARIST.H	missing	unmapped_or_unverified	no exact identifier found by inventory scan
F	0099	F0099_DUNGEONVIEW_CopyBitmapAndFlipHorizontal	DUNVIEW.C;IIGS.H;DEFS.H	referenced-not-verified	referenced_not_verified	exact identifier found by inventory scan; not reviewed as implementation
F	0100	F0100_DUNGEONVIEW_DrawWallSetBitmap	DUNVIEW.C;IIGS.H;DEFS.H	referenced-not-verified	referenced_not_verified	exact identifier found by inventory scan; not reviewed as implementation
F	0101	F0101_DUNGEONVIEW_DrawWallSetBitmapWithoutTransparency	DUNVIEW.C;IIGS.H;DEFS.H	referenced-not-verified	referenced_not_verified	exact identifier found by inventory scan; not reviewed as implementation
F	0102	F0102_DUNGEONVIEW_DrawDoorBitmap	DUNVIEW.C;IIGS.H;DEFS.H	referenced-not-verified	referenced_not_verified	exact identifier found by inventory scan; not reviewed as implementation
F	0103	F0103_DUNGEONVIEW_DrawDoorFrameBitmapFlippedHorizontally	DUNVIEW.C;IIGS.H;DEFS.H	referenced-not-verified	referenced_not_verified	exact identifier found by inventory scan; not reviewed as implementation
F	0104	F0104_DUNGEONVIEW_DrawFloorPitOrStairsBitmap	DUNVIEW.C;IIGS.H;DEFS.H	referenced-not-verified	referenced_not_verified	exact identifier found by inventory scan; not reviewed as implementation
F	0105	F0105_DUNGEONVIEW_DrawFloorPitOrStairsBitmapFlippedHorizontally	DUNVIEW.C;IIGS.H;DEFS.H	referenced-not-verified	referenced_not_verified	exact identifier found by inventory scan; not reviewed as implementation
F	0106	F0106_DUNGEONVIEW_TestResetToStep1_CPSF	ATARIST.H;VBLANK.C;DUNVIEW.C;IIGS.H;BASE.C;DEFS.H	implemented_narrow	implemented_narrow	src/dm1/dm1_v1_dungeonview_test_reset_to_step1_cpsf_pc34_compat.c; source CPSF reset transition, focused CTest
F	106	F106_rzzz_	ATARIST.H	missing	unmapped_or_unverified	no exact identifier found by inventory scan
F	0107	F0107_DUNGEONVIEW_IsDrawnWallOrnamentAnAlcove_CPSF	DUNGEON.C;DUNVIEW.C;IIGS.H;DEFS.H	referenced-not-verified	referenced_not_verified	exact identifier found by inventory scan; not reviewed as implementation
F	0108	F0108_DUNGEONVIEW_DrawFloorOrnament	DUNVIEW.C;IIGS.H;DEFS.H	referenced-not-verified	referenced_not_verified	exact identifier found by inventory scan; not reviewed as implementation
F	0109	F0109_DUNGEONVIEW_DrawDoorOrnament	DUNVIEW.C;IIGS.H;DEFS.H	referenced-not-verified	referenced_not_verified	exact identifier found by inventory scan; not reviewed as implementation
F	0110	F0110_DUNGEONVIEW_DrawDoorButton	DUNVIEW.C;IIGS.H;DEFS.H	referenced-not-verified	referenced_not_verified	exact identifier found by inventory scan; not reviewed as implementation
F	0111	F0111_DUNGEONVIEW_DrawDoor	DUNVIEW.C;IIGS.H;DEFS.H	referenced-not-verified	referenced_not_verified	exact identifier found by inventory scan; not reviewed as implementation
F	0112	F0112_DUNGEONVIEW_DrawCeilingPit	DUNVIEW.C;IIGS.H;DEFS.H	referenced-not-verified	referenced_not_verified	exact identifier found by inventory scan; not reviewed as implementation
F	0113	F0113_DUNGEONVIEW_DrawField	FMTOWNS.H;DUNVIEW.C;IIGS.H;DEFS.H	referenced-not-verified	referenced_not_verified	exact identifier found by inventory scan; not reviewed as implementation
F	0114	F0114_DUNGEONVIEW_GetExplosionBitmap	DUNVIEW.C;IIGS.H;DEFS.H	referenced-not-verified	referenced_not_verified	exact identifier found by inventory scan; not reviewed as implementation
F	0115	F0115_DUNGEONVIEW_DrawObjectsCreaturesProjectilesExplosions_CPSEF	DUNVIEW.C;IIGS.H;DEFS.H	referenced-not-verified	referenced_not_verified	exact identifier found by inventory scan; not reviewed as implementation
F	0116	F0116_DUNGEONVIEW_DrawSquareD3L	DUNVIEW.C;IIGS.H;DEFS.H	referenced-not-verified	referenced_not_verified	exact identifier found by inventory scan; not reviewed as implementation
F	0117	F0117_DUNGEONVIEW_DrawSquareD3R	DUNVIEW.C;IIGS.H;DEFS.H	referenced-not-verified	referenced_not_verified	exact identifier found by inventory scan; not reviewed as implementation
F	0118	F0118_DUNGEONVIEW_DrawSquareD3C_CPSF	DUNVIEW.C;IIGS.H;DEFS.H	referenced-not-verified	referenced_not_verified	exact identifier found by inventory scan; not reviewed as implementation
F	0119	F0119_DUNGEONVIEW_DrawSquareD2L	DUNVIEW.C;IIGS.H;DEFS.H	referenced-not-verified	referenced_not_verified	exact identifier found by inventory scan; not reviewed as implementation
F	0120	F0120_DUNGEONVIEW_DrawSquareD2R_CPSF	DUNVIEW.C;IIGS.H;DEFS.H	referenced-not-verified	referenced_not_verified	exact identifier found by inventory scan; not reviewed as implementation
F	0121	F0121_DUNGEONVIEW_DrawSquareD2C	DUNVIEW.C;IIGS.H;DEFS.H	referenced-not-verified	referenced_not_verified	exact identifier found by inventory scan; not reviewed as implementation
F	0122	F0122_DUNGEONVIEW_DrawSquareD1L	DUNVIEW.C;IIGS.H;DEFS.H	referenced-not-verified	referenced_not_verified	exact identifier found by inventory scan; not reviewed as implementation
F	0123	F0123_DUNGEONVIEW_DrawSquareD1R	DUNVIEW.C;IIGS.H;DEFS.H	referenced-not-verified	referenced_not_verified	exact identifier found by inventory scan; not reviewed as implementation
F	0124	F0124_DUNGEONVIEW_DrawSquareD1C	DUNVIEW.C;IIGS.H;DEFS.H	referenced-not-verified	referenced_not_verified	exact identifier found by inventory scan; not reviewed as implementation
F	0125	F0125_DUNGEONVIEW_DrawSquareD0L	DUNVIEW.C;IIGS.H;DEFS.H	referenced-not-verified	referenced_not_verified	exact identifier found by inventory scan; not reviewed as implementation
F	0126	F0126_DUNGEONVIEW_DrawSquareD0R	DUNVIEW.C;IIGS.H;DEFS.H	referenced-not-verified	referenced_not_verified	exact identifier found by inventory scan; not reviewed as implementation
F	0127	F0127_DUNGEONVIEW_DrawSquareD0C	DUNVIEW.C;IIGS.H;DEFS.H	referenced-not-verified	referenced_not_verified	exact identifier found by inventory scan; not reviewed as implementation
F	0128	F0128_DUNGEONVIEW_Draw_CPSF	ATARIST.H;FMTOWNS.H;DUNVIEW.C;IIGS.H;DEFS.H;GAMELOOP.C;ENDGAME.C;ENTRANCE.C;MOVESENS.C	referenced-not-verified	referenced_not_verified	exact identifier found by inventory scan; not reviewed as implementation
F	128	F128_rzzz_	ATARIST.H	missing	unmapped_or_unverified	no exact identifier found by inventory scan
F	0129	F0129_VIDEO_BlitShrinkWithPaletteChanges	ATARIST.H;GRF1MAIN.C;FMTOWNS.H;DUNVIEW.C;IIGS.H;IO.C;BASE.C;DEFS.H;HINTTEXT.C;ACTIDRAW.C;GRF1.C;BLTSHRNK.C;HINT004.C;TITLE.C	referenced-not-verified	referenced_not_verified	exact identifier found by inventory scan; not reviewed as implementation
F	129	F129_szzz_	ATARIST.H	missing	unmapped_or_unverified	no exact identifier found by inventory scan
F	0130	F0130_VIDEO_FlipHorizontal	GRF1MAIN.C;FMTOWNS.H;DUNVIEW.C;IIGS.H;FLIPHORI.C;BASE.C;DEFS.H;GRF1.C	referenced-not-verified	referenced_not_verified	exact identifier found by inventory scan; not reviewed as implementation
F	0131	F0131_VIDEO_FlipVertical	GRF1MAIN.C;FLIPVERT.C;FMTOWNS.H;DUNVIEW.C;IIGS.H;BASE.C;DEFS.H;GRF1.C	referenced-not-verified	referenced_not_verified	exact identifier found by inventory scan; not reviewed as implementation
F	0132	F0132_VIDEO_Blit	PANEL.C;ATARIST.H;FILLBOX.C;CEDTINCF.C;ANIM.C;FMTOWNS.H;BLIT.C;BLITMASK.C;OBJECT.C;DUNVIEW.C;TEXT2.C;DRAWVIEW.C;IIGS.H;REVIVE.C;MENU.C;CHAMDRAW.C;IO.C;HINT005.C;BASE.C;DEFS.H;HINTTEXT.C;SWITCH.C;EXPAND.C;DRAWMSGA.C;CEDTINC4.C;VDEO1.C;CEDT006.C;ANIMTOWN.C;CEDT027.C;SELECTOR.C;CEDTINCM.C;ENTRANCE.C;TITLE.C;DIALOG.C;CEDTINCN.C	referenced-not-verified	referenced_not_verified	exact identifier found by inventory scan; not reviewed as implementation
F	132	F132_xzzz_	ATARIST.H	missing	unmapped_or_unverified	no exact identifier found by inventory scan
F	0133	F0133_VIDEO_BlitBoxFilledWithMaskedBitmap	GRF1MAIN.C;MEMORY.C;FMTOWNS.H;BLITMASK.C;DUNVIEW.C;IIGS.H;DEFS.H	referenced-not-verified	referenced_not_verified	exact identifier found by inventory scan; not reviewed as implementation
F	0134	F0134_VIDEO_FillBitmap	ATARIST.H;FILLBOX.C;FMTOWNS.H;DUNVIEW.C;IIGS.H;CHAMDRAW.C;COMMAND.C;IO.C;DEFS.H;BLITFILL.C;ACTIDRAW.C;UTSTGRAP.C;ENDGAME.C	implemented-narrow	implemented_narrow	bounded PC34 planar four-plane bitmap fill is directly tested; no production render caller is yet verified
F	134	F134_zzzz_	ATARIST.H	missing	unmapped_or_unverified	no exact identifier found by inventory scan
F	0135	F0135_VIDEO_FillBox	ATARIST.H;FILLBOX.C;FMTOWNS.H;IIGS.H;IO.C;DEFS.H;BLITFILL.C;SWITCH.C;UTSTGRAP.C;ANIMTOWN.C;TOWNSIO.C;CEDT027.C;CEDTINCM.C;TEXT.C	implemented-narrow	implemented_narrow	caller-owned PC34 planar FillBox has bounded source/edge tests and F0692/F0732/F0733/F0735 dispatch coverage; full renderer ownership remains unverified
F	135	F135_xzzz_	ATARIST.H	missing	unmapped_or_unverified	no exact identifier found by inventory scan
F	0136	F0136_VIDEO_HatchScreenBox	PANEL.C;ATARIST.H;FMTOWNS.H;IIGS.H;DEFS.H;BLITFILL.C;ACTIDRAW.C;UTSTGRAP.C;STARTUP2.C	referenced-not-verified	referenced_not_verified	exact identifier found by inventory scan; not reviewed as implementation
F	136	F136_nzzz_	ATARIST.H	missing	unmapped_or_unverified	no exact identifier found by inventory scan
F	0137	F0137_CPSEF_PatchFunctionWithHiddenCodeLauncher	PANEL.C;ATARIST.H;DUNVIEW.C;COPYPRO3.C;IIGS.H;DEFS.H	referenced-not-verified	referenced_not_verified	exact identifier found by inventory scan; not reviewed as implementation
F	137	F137_pzzz_	ATARIST.H	missing	unmapped_or_unverified	no exact identifier found by inventory scan
F	0139	F0139_DUNGEON_IsCreatureAllowedOnMap	ATARIST.H;GROUP.C;FMTOWNS.H;DUNGEON.C;IIGS.H;DEFS.H;MOVESENS.C	referenced-not-verified	referenced_not_verified	exact identifier found by inventory scan; not reviewed as implementation
F	139	F139_aqzz_	ATARIST.H	missing	unmapped_or_unverified	no exact identifier found by inventory scan
F	0140	F0140_DUNGEON_GetObjectWeight	PANEL.C;ATARIST.H;LOADSAVE.C;FMTOWNS.H;DUNGEON.C;CLIKVIEW.C;IIGS.H;MENU.C;DEFS.H;CHAMPION.C;PROJEXPL.C;CLIKCHAM.C	implemented-narrow	implemented_narrow	DM1 raw F0156 object-weight implementation covers exact source object families, waterskin charge bits, and raw container Slot recursion through F0159; incomplete source data fails closed.
F	140	F140_yzzz_	ATARIST.H	missing	unmapped_or_unverified	no exact identifier found by inventory scan
F	0141	F0141_DUNGEON_GetObjectInfoIndex	PANEL.C;ATARIST.H;FMTOWNS.H;DUNGEON.C;OBJECT.C;DUNVIEW.C;IIGS.H;REVIVE.C;MENU.C;DEFS.H;ACTIDRAW.C;CHAMPION.C;PROJEXPL.C	referenced-not-verified	referenced_not_verified	exact identifier found by inventory scan; not reviewed as implementation
F	141	F141_anzz_	ATARIST.H	missing	unmapped_or_unverified	no exact identifier found by inventory scan
F	0142	F0142_DUNGEON_GetProjectileAspect	PANEL.C;ATARIST.H;FMTOWNS.H;DUNGEON.C;DUNVIEW.C;IIGS.H;DEFS.H	referenced-not-verified	referenced_not_verified	exact identifier found by inventory scan; not reviewed as implementation
F	142	F142_aqzz_	ATARIST.H	missing	unmapped_or_unverified	no exact identifier found by inventory scan
F	0143	F0143_DUNGEON_GetArmourDefense	ATARIST.H;FMTOWNS.H;DUNGEON.C;IIGS.H;DEFS.H;CHAMPION.C	implemented-narrow	implemented_narrow	DM1 exact DUNGEON.C F0143 source body: G0239 defense with optional low-3-bit sharp multiplier through F0030; raw PC3.4 ARMOUR.Type route rejects absent and invalid rows.
F	143	F143_mzzz_	ATARIST.H	missing	unmapped_or_unverified	no exact identifier found by inventory scan
F	0144	F0144_DUNGEON_GetCreatureAttributes	PANEL.C;ATARIST.H;FMTOWNS.H;DUNGEON.C;IIGS.H;MENU.C;DEFS.H;TIMELINE.C;MOVESENS.C	implemented-narrow	implemented_narrow	DM1 F0156 raw C04 GROUP.Type-to-G0243 Attributes accessor; rejects missing, non-group, and invalid source records without decoded-mirror substitution.
F	144	F144_amzz_	ATARIST.H	missing	unmapped_or_unverified	no exact identifier found by inventory scan
F	0145	F0145_DUNGEON_GetGroupCells	ATARIST.H;GROUP.C;FMTOWNS.H;DUNGEON.C;IIGS.H;DEFS.H;MOVESENS.C	implemented-narrow	implemented_narrow	Loaded raw C04 Cells away from party map; matching active C04 overlay on party map. Missing original C04 or active record rejects.
F	145	F145_rzzz_	ATARIST.H	missing	unmapped_or_unverified	no exact identifier found by inventory scan
F	0146	F0146_DUNGEON_SetGroupCells	ATARIST.H;GROUP.C;FMTOWNS.H;DUNGEON.C;IIGS.H;DEFS.H;ENDGAME.C;MOVESENS.C	implemented-narrow	implemented_narrow	Writes loaded raw C04 Cells off-party or matching active overlay on party map; F0262 consumes the source route.
F	146	F146_aczz_	ATARIST.H	missing	unmapped_or_unverified	no exact identifier found by inventory scan
F	0147	F0147_DUNGEON_GetGroupDirections	ATARIST.H;GROUP.C;FMTOWNS.H;DUNGEON.C;IIGS.H;DEFS.H;MOVESENS.C	implemented-narrow	implemented_narrow	Uses G0258 00/55/AA/FF raw-direction expansion off-party and matching active packed directions on party map; F0262 consumes it.
F	147	F147_aawz_	ATARIST.H	missing	unmapped_or_unverified	no exact identifier found by inventory scan
F	0148	F0148_DUNGEON_SetGroupDirections	ATARIST.H;GROUP.C;FMTOWNS.H;DUNGEON.C;IIGS.H;DEFS.H;ENDGAME.C;MOVESENS.C	implemented-narrow	implemented_narrow	Writes normalized raw C04 Direction off-party or packed active directions on party map; unrepresentable or missing active state rejects.
F	148	F148_aayz_	ATARIST.H	missing	unmapped_or_unverified	no exact identifier found by inventory scan
F	0149	F0149_DUNGEON_IsWallOrnamentAnAlcove	PANEL.C;ATARIST.H;FMTOWNS.H;DUNGEON.C;DUNVIEW.C;IIGS.H;DEFS.H	referenced-not-verified	referenced_not_verified	exact identifier found by inventory scan; not reviewed as implementation
F	149	F149_aawz_	ATARIST.H	missing	unmapped_or_unverified	no exact identifier found by inventory scan
F	0150	F0150_DUNGEON_UpdateMapCoordinatesAfterRelativeMovement	PANEL.C;ATARIST.H;GROUP.C;FMTOWNS.H;DUNGEON.C;DUNVIEW.C;IIGS.H;CLIKMENU.C;DEFS.H	referenced-not-verified	referenced_not_verified	exact identifier found by inventory scan; not reviewed as implementation
F	150	F150_wzzz_	ATARIST.H	missing	unmapped_or_unverified	no exact identifier found by inventory scan
F	0151	F0151_DUNGEON_GetSquare	ATARIST.H;GROUP.C;FMTOWNS.H;DUNGEON.C;CLIKVIEW.C;IIGS.H;MENU.C;CLIKMENU.C;DEFS.H;PROJEXPL.C	implemented-narrow	implemented_narrow	CSB real byte-map owner implements the defined F0151 body, including immediate corridor edge-wall ornament flags; malformed/non-PC34 layouts fail closed.
F	151	F151_rzzz_	ATARIST.H	missing	unmapped_or_unverified	no exact identifier found by inventory scan
F	0152	F0152_DUNGEON_GetRelativeSquare	FMTOWNS.H;DUNGEON.C;IIGS.H;DEFS.H;GAMELOOP.C	implemented-narrow	implemented_narrow	CSB real byte-map owner uses exact F0150 direction-vector order then F0151; invalid direction/layout fails closed.
F	0153	F0153_DUNGEON_GetRelativeSquareType	ATARIST.H;FMTOWNS.H;DUNGEON.C;DUNVIEW.C;IIGS.H;DEFS.H	implemented-narrow	implemented_narrow	CSB real byte-map owner derives M034 square type solely from its F0152 result.
F	153	F153_yzzz_	ATARIST.H	missing	unmapped_or_unverified	no exact identifier found by inventory scan
F	0154	F0154_DUNGEON_GetLocationAfterLevelChange	ATARIST.H;FMTOWNS.H;DUNGEON.C;DUNVIEW.C;IIGS.H;CLIKMENU.C;DEFS.H;MOVESENS.C	implemented	implemented	CSB real PC34 MAP owner converts local to global coordinates and selects only a same-global-coordinate target MAP at the requested source level; no adjacency fallback remains.
F	154	F154_afzz_	ATARIST.H	missing	unmapped_or_unverified	no exact identifier found by inventory scan
F	0155	F0155_DUNGEON_GetStairsExitDirection	PANEL.C;ATARIST.H;FMTOWNS.H;DUNGEON.C;IIGS.H;CLIKMENU.C;DEFS.H;MOVESENS.C	implemented	implemented	CSB real PC34 stairs owner follows F0151 for both source and exit square, including the original orientation and wall/stairs outcome encoding.
F	155	F155_ahzz_	ATARIST.H	missing	unmapped_or_unverified	no exact identifier found by inventory scan
F	0156	F0156_DUNGEON_GetThingData	PANEL.C;ATARIST.H;GROUP.C;FMTOWNS.H;DUNGEON.C;OBJECT.C;CLIKVIEW.C;DUNVIEW.C;IIGS.H;REVIVE.C;MENU.C;READWRIT.C;DEFS.H;CHAMPION.C;TIMELINE.C;ENDGAME.C;PROJEXPL.C;MOVESENS.C;CHEST.C	referenced-not-verified	referenced_not_verified	exact identifier found by inventory scan; not reviewed as implementation
F	156	F156_afzz_	ATARIST.H	missing	unmapped_or_unverified	no exact identifier found by inventory scan
F	0157	F0157_DUNGEON_GetSquareFirstThingData	ATARIST.H;GROUP.C;FMTOWNS.H;DUNGEON.C;CLIKVIEW.C;IIGS.H;DEFS.H;TIMELINE.C;PROJEXPL.C;MOVESENS.C	referenced-not-verified	referenced_not_verified	exact identifier found by inventory scan; not reviewed as implementation
F	157	F157_rzzz_	ATARIST.H	missing	unmapped_or_unverified	no exact identifier found by inventory scan
F	0158	F0158_DUNGEON_GetWeaponInfo	ATARIST.H;FMTOWNS.H;DUNGEON.C;IIGS.H;MENU.C;DEFS.H;CHAMPION.C;PROJEXPL.C;AMMO.C	referenced-not-verified	referenced_not_verified	exact identifier found by inventory scan; not reviewed as implementation
F	158	F158_ayzz_	ATARIST.H	missing	unmapped_or_unverified	no exact identifier found by inventory scan
F	0159	F0159_DUNGEON_GetNextThing	PANEL.C;ATARIST.H;GROUP.C;FMTOWNS.H;DUNGEON.C;DUNVIEW.C;IIGS.H;REVIVE.C;READWRIT.C;DEFS.H;TIMELINE.C;ENDGAME.C;PROJEXPL.C;MOVESENS.C;CHEST.C	implemented-narrow	implemented_narrow	CSB explicit real-PC34 Thing-chain owner reads only Generic.Next from F0156-bounded data; missing records fail closed.
F	159	F159_rzzz_	ATARIST.H	missing	unmapped_or_unverified	no exact identifier found by inventory scan
F	0160	F0160_DUNGEON_GetSquareFirstThingIndex	DUNGEON.C;IIGS.H;DEFS.H	referenced-not-verified	referenced_not_verified	exact identifier found by inventory scan; not reviewed as implementation
F	0161	F0161_DUNGEON_GetSquareFirstThing	ATARIST.H;GROUP.C;FMTOWNS.H;DUNGEON.C;CLIKVIEW.C;IIGS.H;REVIVE.C;DEFS.H;TIMELINE.C;ENDGAME.C;PROJEXPL.C;MOVESENS.C	referenced-not-verified	referenced_not_verified	exact identifier found by inventory scan; not reviewed as implementation
F	161	F161_szzz_	ATARIST.H	missing	unmapped_or_unverified	no exact identifier found by inventory scan
F	0162	F0162_DUNGEON_GetSquareFirstObject	ATARIST.H;FMTOWNS.H;DUNGEON.C;DUNVIEW.C;IIGS.H;DEFS.H;TIMELINE.C;ENDGAME.C;MOVESENS.C	implemented-narrow	implemented_narrow	CSB explicit real-PC34 owner starts at F0161 and uses F0159 to select the first C04-or-later Thing; bounded malformed cycles fail closed.
F	162	F162_afzz_	ATARIST.H	missing	unmapped_or_unverified	no exact identifier found by inventory scan
F	0163	F0163_DUNGEON_LinkThingToList	ATARIST.H;GROUP.C;FMTOWNS.H;DUNGEON.C;IIGS.H;DEFS.H;ENDGAME.C;PROJEXPL.C;MOVESENS.C;CHEST.C	implemented	implemented	CSB loaded-PC34 owner follows square-first insertion and tail append, paired atomically with F0164 so a rejected target cannot lose a source Thing.
F	163	F163_amzz_	ATARIST.H	missing	unmapped_or_unverified	no exact identifier found by inventory scan
F	0164	F0164_DUNGEON_UnlinkThingFromList	ATARIST.H;FMTOWNS.H;DUNGEON.C;IIGS.H;REVIVE.C;DEFS.H;TIMELINE.C;ENDGAME.C;PROJEXPL.C;MOVESENS.C	implemented	implemented	CSB loaded-PC34 owner follows square-first removal and Generic.Next repair; complete raw arena rollback preserves the original when link admission fails.
F	164	F164_dzzz_	ATARIST.H	missing	unmapped_or_unverified	no exact identifier found by inventory scan
F	0165	F0165_DUNGEON_GetDiscardedThing	DUNGEON.C;IIGS.H;DEFS.H	referenced-not-verified	referenced_not_verified	exact identifier found by inventory scan; not reviewed as implementation
F	0166	F0166_DUNGEON_GetUnusedThing	ATARIST.H;GROUP.C;FMTOWNS.H;DUNGEON.C;IIGS.H;MENU.C;DEFS.H;CHAMPION.C;ENDGAME.C;PROJEXPL.C	implemented	implemented	CSB real-PC34 DB allocator scans source records, preserves three ordinary JUNK records for champion bones, clears the selected full record, and delegates exhaustion only to a caller-owned F0165 path.
F	166	F166_szzz_	ATARIST.H	missing	unmapped_or_unverified	no exact identifier found by inventory scan
F	0167	F0167_DUNGEON_GetObjectForProjectileLauncherOrObjectGenerator	ATARIST.H;FMTOWNS.H;DUNGEON.C;IIGS.H;DEFS.H;TIMELINE.C;MOVESENS.C	referenced-not-verified	referenced_not_verified	exact identifier found by inventory scan; not reviewed as implementation
F	167	F167_aozz_	ATARIST.H	missing	unmapped_or_unverified	no exact identifier found by inventory scan
F	0168	F0168_DUNGEON_DecodeText	PANEL.C;ATARIST.H;FMTOWNS.H;DUNGEON.C;DUNVIEW.C;IIGS.H;REVIVE.C;DEFS.H;TIMELINE.C;ENDGAME.C;MOVESENS.C	referenced-not-verified	referenced_not_verified	exact identifier found by inventory scan; not reviewed as implementation
F	168	F168_ajzz_	ATARIST.H	missing	unmapped_or_unverified	no exact identifier found by inventory scan
F	0169	F0169_DUNGEON_GetRandomOrnamentIndex	DUNGEON.C;IIGS.H;DEFS.H	referenced-not-verified	referenced_not_verified	exact identifier found by inventory scan; not reviewed as implementation
F	0170	F0170_DUNGEON_GetRandomOrnamentOrdinal	DUNGEON.C;IIGS.H;DEFS.H	referenced-not-verified	referenced_not_verified	exact identifier found by inventory scan; not reviewed as implementation
F	0171	F0171_DUNGEON_SetSquareAspectRandomWallOrnamentOrdinals	DUNGEON.C;IIGS.H;DEFS.H	referenced-not-verified	referenced_not_verified	exact identifier found by inventory scan; not reviewed as implementation
F	0172	F0172_DUNGEON_SetSquareAspect	PANEL.C;ATARIST.H;FMTOWNS.H;DUNGEON.C;DUNVIEW.C;IIGS.H;DEFS.H	referenced-not-verified	referenced_not_verified	exact identifier found by inventory scan; not reviewed as implementation
F	172	F172_awzz_	ATARIST.H	missing	unmapped_or_unverified	no exact identifier found by inventory scan
F	0173	F0173_DUNGEON_SetCurrentMap	PANEL.C;ATARIST.H;FMTOWNS.H;DUNGEON.C;IIGS.H;CLIKMENU.C;DEFS.H;TIMELINE.C;MOVESENS.C	referenced-not-verified	referenced_not_verified	exact identifier found by inventory scan; not reviewed as implementation
F	173	F173_gzzz_	ATARIST.H	referenced-not-verified	referenced_not_verified	exact identifier found by inventory scan; not reviewed as implementation
F	0174	F0174_DUNGEON_SetCurrentMapAndPartyMap	ATARIST.H;FMTOWNS.H;DUNGEON.C;IIGS.H;DEFS.H;NEWMAP.C;MOVESENS.C	referenced-not-verified	referenced_not_verified	exact identifier found by inventory scan; not reviewed as implementation
F	174	F174_aozz_	ATARIST.H	missing	unmapped_or_unverified	no exact identifier found by inventory scan
F	0175	F0175_GROUP_GetThing	PANEL.C;ATARIST.H;GROUP.C;FMTOWNS.H;CLIKVIEW.C;IIGS.H;MENU.C;CLIKMENU.C;DEFS.H;TIMELINE.C;ENDGAME.C;PROJEXPL.C;MOVESENS.C	implemented-narrow	implemented_narrow	DM1 F0161 compact SFT then F0159 raw Generic.Next traversal to first C04 group; no decoded group-list substitute or default group.
F	175	F175_gzzz_	ATARIST.H	missing	unmapped_or_unverified	no exact identifier found by inventory scan
F	0176	F0176_GROUP_GetCreatureOrdinalInCell	ATARIST.H;GROUP.C;FMTOWNS.H;CLIKVIEW.C;DUNVIEW.C;IIGS.H;DEFS.H;PROJEXPL.C;MOVESENS.C	implemented-narrow	implemented_narrow	Raw C04 Count and F0144 G0243 size select exact centered/full/half-square source cell scan; F0145/F0147 effective values remain explicit caller inputs and invalid source records return no ordinal.
F	176	F176_avzz_	ATARIST.H	missing	unmapped_or_unverified	no exact identifier found by inventory scan
F	0177	F0177_GROUP_GetMeleeTargetCreatureOrdinal	ATARIST.H;GROUP.C;FMTOWNS.H;IIGS.H;MENU.C;DEFS.H	implemented-narrow	implemented_narrow	Raw F0175 C04 lookup plus F0228 cardinal direction, F0229/G0023 target-cell priority, and F0176 ordinal selection; diagonal/non-adjacent and absent-group targets fail closed.
F	177	F177_aszz_	ATARIST.H	missing	unmapped_or_unverified	no exact identifier found by inventory scan
F	0178	F0178_GROUP_GetGroupValueUpdatedWithCreatureValue	ATARIST.H;GROUP.C;FMTOWNS.H;IIGS.H;DEFS.H;MOVESENS.C	implemented-narrow	implemented_narrow	Exact GROUP.C packed two-bit replacement, consumed by DM1 F0262 live group teleporter direction/cell rotation; source-valid 0..3 indices only.
F	178	F178_aazz_	ATARIST.H	missing	unmapped_or_unverified	no exact identifier found by inventory scan
F	0179	F0179_GROUP_GetCreatureAspectUpdateTime	GROUP.C;IIGS.H;DEFS.H	referenced-not-verified	referenced_not_verified	exact identifier found by inventory scan; not reviewed as implementation
F	0180	F0180_GROUP_StartWandering	ATARIST.H;GROUP.C;FMTOWNS.H;IIGS.H;MENU.C;DEFS.H;PROJEXPL.C;MOVESENS.C	referenced-not-verified	referenced_not_verified	exact identifier found by inventory scan; not reviewed as implementation
F	180	F180_hzzz_	ATARIST.H	missing	unmapped_or_unverified	no exact identifier found by inventory scan
F	0181	F0181_GROUP_DeleteEvents	GROUP.C	implemented-narrow	implemented_narrow	DM1 source-locked event-record scan deletes the complete C29..C41 group family only at the supplied current-map square; F0237 preserves heap repair, including a final timeline entry.
F	181	F181_czzz_	ATARIST.H	missing	unmapped_or_unverified	no exact identifier found by inventory scan
F	0182	F0182_GROUP_StopAttacking	ATARIST.H;GROUP.C;FMTOWNS.H;IIGS.H;MENU.C;DEFS.H;MOVESENS.C	implemented-narrow	mapped_source_verified	DM1 M10 F0182 clears four Aspect attacking bits and compacts exact-square C29..C41 reaction events; F0209 consumes its existing stopAttacking source decision
F	182	F182_aqzz_	ATARIST.H	missing	unmapped_or_unverified	no exact identifier found by inventory scan
F	0183	F0183_GROUP_AddActiveGroup	ATARIST.H;GROUP.C;FMTOWNS.H;IIGS.H;DEFS.H;MOVESENS.C	referenced-not-verified	referenced_not_verified	exact identifier found by inventory scan; not reviewed as implementation
F	183	F183_kzzz_	ATARIST.H	missing	unmapped_or_unverified	no exact identifier found by inventory scan
F	0184	F0184_GROUP_RemoveActiveGroup	ATARIST.H;GROUP.C;FMTOWNS.H;IIGS.H;DEFS.H;MOVESENS.C	referenced-not-verified	referenced_not_verified	exact identifier found by inventory scan; not reviewed as implementation
F	184	F184_ahzz_	ATARIST.H	missing	unmapped_or_unverified	no exact identifier found by inventory scan
F	0185	F0185_GROUP_GetGenerated	ATARIST.H;GROUP.C;FMTOWNS.H;IIGS.H;DEFS.H;TIMELINE.C	implemented-narrow	mapped_source_verified	DM1 C006 runtime consumes GROUP.C:512-547 source order: party-map active cap, raw C04 allocation/initialization, one multi-creature start-cell RNG draw, descending Count ordinal health/cell writes, F0267 insert/defer route, and independent M560 buzz. Missing real original capture remains explicit.
F	185	F185_auzz_	ATARIST.H	missing	unmapped_or_unverified	no exact identifier found by inventory scan
F	0186	F0186_GROUP_DropCreatureFixedPossessions	GROUP.C;IIGS.H;DEFS.H	referenced-not-verified	referenced_not_verified	exact identifier found by inventory scan; not reviewed as implementation
F	0187	F0187_GROUP_DropMovingCreatureFixedPossessions	ATARIST.H;GROUP.C;FMTOWNS.H;IIGS.H;DEFS.H;MOVESENS.C	referenced-not-verified	referenced_not_verified	exact identifier found by inventory scan; not reviewed as implementation
F	187	F187_czzz_	ATARIST.H	missing	unmapped_or_unverified	no exact identifier found by inventory scan
F	0188	F0188_GROUP_DropGroupPossessions	ATARIST.H;GROUP.C;FMTOWNS.H;DUNGEON.C;IIGS.H;DEFS.H;MOVESENS.C	referenced-not-verified	referenced_not_verified	exact identifier found by inventory scan; not reviewed as implementation
F	188	F188_aozz_	ATARIST.H	missing	unmapped_or_unverified	no exact identifier found by inventory scan
F	0189	F0189_GROUP_Delete	ATARIST.H;GROUP.C;FMTOWNS.H;DUNGEON.C;IIGS.H;DEFS.H;ENDGAME.C;MOVESENS.C	referenced-not-verified	referenced_not_verified	exact identifier found by inventory scan; not reviewed as implementation
F	189	F189_awzz_	ATARIST.H	missing	unmapped_or_unverified	no exact identifier found by inventory scan
F	0190	F0190_GROUP_GetDamageCreatureOutcome	ATARIST.H;GROUP.C;FMTOWNS.H;IIGS.H;DEFS.H;PROJEXPL.C	referenced-not-verified	referenced_not_verified	exact identifier found by inventory scan; not reviewed as implementation
F	190	F190_zzzz_	ATARIST.H	missing	unmapped_or_unverified	no exact identifier found by inventory scan
F	0191	F0191_GROUP_GetDamageAllCreaturesOutcome	ATARIST.H;GROUP.C;FMTOWNS.H;IIGS.H;DEFS.H;TIMELINE.C;PROJEXPL.C;MOVESENS.C	referenced-not-verified	referenced_not_verified	exact identifier found by inventory scan; not reviewed as implementation
F	191	F191_aayz_	ATARIST.H	missing	unmapped_or_unverified	no exact identifier found by inventory scan
F	0192	F0192_GROUP_GetResistanceAdjustedPoisonAttack	ATARIST.H;GROUP.C;FMTOWNS.H;IIGS.H;DEFS.H;PROJEXPL.C	referenced-not-verified	referenced_not_verified	exact identifier found by inventory scan; not reviewed as implementation
F	192	F192_ayzz_	ATARIST.H	missing	unmapped_or_unverified	no exact identifier found by inventory scan
F	0193	F0193_GROUP_StealFromChampion	GROUP.C;IIGS.H;DEFS.H;DATA.C	referenced-not-verified	referenced_not_verified	exact identifier found by inventory scan; not reviewed as implementation
F	0194	F0194_GROUP_RemoveAllActiveGroups	ATARIST.H;GROUP.C;FMTOWNS.H;IIGS.H;DEFS.H;NEWMAP.C	implemented-narrow	implemented_narrow	GROUP.C F0194 active-slot scan composes F0184 loaded C04 Cells, low Direction, and Behavior>=C4 writeback; invalid raw references fail before mutation.
F	194	F194_hzzz_	ATARIST.H	missing	unmapped_or_unverified	no exact identifier found by inventory scan
F	0195	F0195_GROUP_AddAllActiveGroups	ATARIST.H;GROUP.C;FMTOWNS.H;IIGS.H;DEFS.H;NEWMAP.C	implemented-narrow	implemented_narrow	DM1 M10 startup consumes loaded current-map SFT/C04 chains in source X-major/Y-minor order; exact-square F0181 deletion, 60-slot F0183 bridge, and F0180 C37 GameTime+1 scheduling are focused-tested. Later map/save handoff remains separate.
F	195	F195_akzz_	ATARIST.H	missing	unmapped_or_unverified	no exact identifier found by inventory scan
F	0196	F0196_GROUP_InitializeActiveGroups	ATARIST.H;GROUP.C;LOADSAVE.C;FMTOWNS.H;IIGS.H;DEFS.H	implemented-narrow	mapped_source_verified	DM1 PC3.4 world init consumes exact 60-slot GROUP.C allocation range; each source-owned active slot clears and receives the -1 GroupThingIndex sentinel via the live CreatureAI reserved group index. Save import owns separately serialized active records.
F	196	F196_aozz_	ATARIST.H	missing	unmapped_or_unverified	no exact identifier found by inventory scan
F	0197	F0197_GROUP_IsViewPartyBlocked	GROUP.C;IIGS.H	implemented-narrow	implemented_narrow	GROUP.C door C3/C4 opaque-sight and wall/fakewall predicates over caller-supplied decoded square facts.
F	0198	F0198_GROUP_IsSmellPartyBlocked	GROUP.C;IIGS.H	implemented-narrow	implemented_narrow	GROUP.C wall/fakewall smell predicate, including imaginary fakewall pass-through, over caller-supplied decoded square facts.
F	0199	F0199_GROUP_GetDistanceBetweenUnblockedSquares	GROUP.C;IIGS.H;DEFS.H	implemented-narrow	implemented_narrow	GROUP.C source-tested path walk uses a mandatory loaded-map blocker callback; returns zero on any source-tested blocker and Manhattan distance otherwise.
F	0200	F0200_GROUP_GetDistanceToVisibleParty	GROUP.C;IIGS.H;DEFS.H	implemented-narrow	implemented_narrow	GROUP.C F0200/F0227 route-backed sight decision consumes loaded-map F0197/F0199 callback, active directions, range, invisibility, palette, and original RNG gates.
F	0201	F0201_GROUP_GetSmelledPartyPrimaryDirectionOrdinal	GROUP.C;IIGS.H;DEFS.H	implemented-narrow	implemented_narrow	GROUP.C direct party scent consumes F0198/F0199 loaded-map callback before a supplied original stored-scent record; no inferred scent route exists.
F	0202	F0202_GROUP_IsMovementPossible	GROUP.C;IIGS.H;DEFS.H	implemented-narrow	implemented_narrow	GROUP.C terrain, Fluxcage, teleporter, party, door, and group ordering consumes typed loaded destination facts; unavailable facts now block rather than assume clear movement.
F	0203	F0203_GROUP_GetFirstPossibleMovementDirectionOrdinal	GROUP.C;IIGS.H;DEFS.H	implemented-narrow	implemented_narrow	GROUP.C cardinal F0202 scan now owns caller-provided tested-direction state: every evaluated direction is marked before source blocker evaluation.
F	0204	F0204_GROUP_IsArchenemyDoubleMovementPossible	GROUP.C;IIGS.H;DEFS.H	implemented-narrow	implemented_narrow	GROUP.C first-step Fluxcage gate then second-step F0202 consumption over separate loaded destination facts; no implicit double move.
F	0205	F0205_GROUP_SetDirection	GROUP.C;IIGS.H;DEFS.H	implemented-narrow	implemented_narrow	M10 C37 consumes GROUP.C's live-RNG direction writeback and retains the packed authenticated ACTIVE_GROUP receipt; legacy no-RNG helper rejects an opposite turn.
F	0206	F0206_GROUP_SetDirectionGroup	GROUP.C;IIGS.H;DEFS.H	implemented-narrow	implemented_narrow	M10 C37 preserves GROUP.C highest-to-lowest iteration and per-nonzero-creature random gates while C04 receives only the low packed slot.
F	0207	F0207_GROUP_IsCreatureAttacking	GROUP.C;IIGS.H;DEFS.H	implemented-narrow	implemented_narrow	GROUP.C projectile selection retains verified original types; BUG0_13 C25/C26 undefined Things and unproven Trolin spell palette are rejected rather than synthesized.
F	0208	F0208_GROUP_AddEvent	GROUP.C;IIGS.H;DEFS.H	implemented-narrow	implemented_narrow	Exact GROUP.C:3145-3157 event-plan mapping: earlier F0179 timestamp changes C38-C41 to C33-C36, preserves C.Ticks delta, and leaves F0238 insertion caller-owned; M10 must consume the plan for initial attack scheduling.
F	0209	F0209_GROUP_ProcessEvents29to41	ATARIST.H;GROUP.C;FMTOWNS.H;IIGS.H;CLIKMENU.C;DEFS.H;TIMELINE.C;PROJEXPL.C	referenced-not-verified	referenced_not_verified	exact identifier found by inventory scan; not reviewed as implementation
F	209	F209_xzzz_	ATARIST.H	missing	unmapped_or_unverified	no exact identifier found by inventory scan
F	0210	F0210_CPSE_ProcessEvent22_IsFuzzySectorValid_NormalBytes	COPYPRO5.C;ATARIST.H;IIGS.H;DEFS.H;TIMELINE.C	referenced-not-verified	referenced_not_verified	exact identifier found by inventory scan; not reviewed as implementation
F	210	F210_uzzz_	ATARIST.H	missing	unmapped_or_unverified	no exact identifier found by inventory scan
F	0211	F0211_CPSDF_GetSubroutineAbsoluteAddress	COPYPRO5.C;ATARIST.H;COPYPRO3.C;DEFS.H;STARTUP2.C;STARTUP1.C	referenced-not-verified	referenced_not_verified	exact identifier found by inventory scan; not reviewed as implementation
F	211	F211_vzzz_	ATARIST.H	missing	unmapped_or_unverified	no exact identifier found by inventory scan
F	0212	F0212_PROJECTILE_Create	ATARIST.H;GROUP.C;FMTOWNS.H;IIGS.H;DEFS.H;CHAMPION.C;TIMELINE.C;PROJEXPL.C	implemented-narrow	implemented_narrow	Loaded DM1 F0327 spell and F0207 creature callers publish F0212 through the shared source C14 transaction: F0516 reserve, exact raw/decoded initialization, F0514 link, one C49 EventIndex writeback, and F0515/runtime/timeline rollback on any failure. Other callers remain separately bounded.
F	212	F212_mzzz_	ATARIST.H	missing	unmapped_or_unverified	no exact identifier found by inventory scan
F	0213	F0213_EXPLOSION_Create	ATARIST.H;GROUP.C;FMTOWNS.H;IIGS.H;DEFS.H;TIMELINE.C;ENDGAME.C;PROJEXPL.C	verified-source-mapping	verified_source_mapping	DM1 F0213 source boundary owns F0516 C15 reservation, raw Type/Attack/Centered initialization, F0514/F0515 link rollback, and C25 MapTime/B.Location/C.Slot plus live C15-FNV receipt; F0217's authenticated Ven/Ful handoff publishes it before runtime F0213 and rolls all owners back on failure.
F	213	F213_hzzz_	ATARIST.H	missing	unmapped_or_unverified	no exact identifier found by inventory scan
F	0214	F0214_PROJECTILE_DeleteEvent	ATARIST.H;FMTOWNS.H;DUNGEON.C;IIGS.H;DEFS.H;PROJEXPL.C;MOVESENS.C	verified-source-mapping	verified_source_mapping	M10 consumes only raw C14 PROJECTILE.EventIndex when it names the exact C49 owner; every later queue-index shift is written to that raw C14 before export, otherwise the mutation rejects.
F	214	F214_pzzz_	ATARIST.H	missing	unmapped_or_unverified	no exact identifier found by inventory scan
F	0215	F0215_PROJECTILE_Delete	ATARIST.H;FMTOWNS.H;DUNGEON.C;IIGS.H;DEFS.H;PROJEXPL.C	verified-source-mapping	verified_source_mapping	DM1 F0215 consumes only the authenticated C14 Slot receipt: matching RemovePotion C05 is detached decoded/raw while its power/type bytes remain intact; no C15 surrogate is synthesized.
F	215	F215_lzzz_	ATARIST.H	missing	unmapped_or_unverified	no exact identifier found by inventory scan
F	0216	F0216_PROJECTILE_GetImpactAttack	IIGS.H;DEFS.H;PROJEXPL.C	verified-source-mapping	verified_source_mapping	DM1 source C14-slot F0216 requires byte-identical raw C14, F0140/F0158 object inputs and source RNG order; missing/drifted/C15 slots reject without a subtype fallback.
F	0217	F0217_PROJECTILE_HasImpactOccured	FMTOWNS.H;IIGS.H;DEFS.H;PROJEXPL.C;MOVESENS.C	verified-source-mapping	verified_source_mapping	F0217 retains raw Projectile.Slot sound classification and now routes authenticated Ven/Ful C14/C05 impacts through atomic F0213 C15/C25 publication; raw drift, absent C15, runtime pool exhaustion, and schedule failure reject without a host-only explosion.
F	0218	F0218_PROJECTILE_GetImpactCount	ATARIST.H;GROUP.C;FMTOWNS.H;IIGS.H;DEFS.H;PROJEXPL.C	verified-source-mapping	verified_source_mapping	F0218 walks the source SFT C14 chain for the exact square/cell and requires raw, decoded, and active runtime identity before F0209/C38 may apply F0190 compaction; missing or drifted C14 rejects without host-list fallback.
F	218	F218_ezzz_	ATARIST.H	missing	unmapped_or_unverified	no exact identifier found by inventory scan
F	0219	F0219_PROJECTILE_ProcessEvents48To49_Projectile	FMTOWNS.H;IIGS.H;DEFS.H;TIMELINE.C;PROJEXPL.C	verified-source-mapping	verified_source_mapping	DM1 F0219 owns one verified C14/C48-C49 motion receipt: raw/decoded C14 drift rejects before mutation, while queue-compaction/requeue writes preserve the same kinetic, attack, and EventIndex bytes.
F	0220	F0220_EXPLOSION_ProcessEvent25_Explosion	FMTOWNS.H;IIGS.H;DEFS.H;TIMELINE.C;PROJEXPL.C	verified-source-mapping	verified_source_mapping	DM1 F0220 source boundary owns live C15 C25 advance/despawn/reschedule without a fallback effect.
F	0221	F0221_GROUP_IsFluxcageOnSquare	IIGS.H;DEFS.H;PROJEXPL.C	verified-source-mapping	verified_source_mapping	F0221 walks the loaded destination SFT chain and accepts C050 only after raw/decoded C15 Next/Type/Centered/Attack identity; M10 F0219 consumes that source result and rejects C15 drift before C14/runtime mutation.
F	0222	F0222_GROUP_IsLordChaosOnSquare	IIGS.H;DEFS.H;PROJEXPL.C	referenced-not-verified	referenced_not_verified	exact identifier found by inventory scan; not reviewed as implementation
F	0223	F0223_GROUP_IsLordChaosAllowed	GROUP.C;FMTOWNS.H;IIGS.H;DEFS.H;TIMELINE.C;PROJEXPL.C	referenced-not-verified	referenced_not_verified	exact identifier found by inventory scan; not reviewed as implementation
F	0224	F0224_GROUP_FluxCageAction	ATARIST.H;FMTOWNS.H;IIGS.H;MENU.C;DEFS.H;PROJEXPL.C	referenced-not-verified	referenced_not_verified	exact identifier found by inventory scan; not reviewed as implementation
F	224	F224_zzzz_	ATARIST.H	missing	unmapped_or_unverified	no exact identifier found by inventory scan
F	0225	F0225_GROUP_FuseAction	ATARIST.H;FMTOWNS.H;IIGS.H;MENU.C;DEFS.H;PROJEXPL.C	referenced-not-verified	referenced_not_verified	exact identifier found by inventory scan; not reviewed as implementation
F	225	F225_dzzz_	ATARIST.H	missing	unmapped_or_unverified	no exact identifier found by inventory scan
F	0226	F0226_GROUP_GetDistanceBetweenSquares	ATARIST.H;GROUP.C;FMTOWNS.H;IIGS.H;DEFS.H;PROJEXPL.C	implemented-narrow	implemented_narrow	Exact GROUP.C:13762-13770 Manhattan body; M10 C29-C41 now consumes the symbol for current-group distance to party.
F	226	F226_ozzz_	ATARIST.H	missing	unmapped_or_unverified	no exact identifier found by inventory scan
F	0227	F0227_GROUP_IsDestinationVisibleFromSource	ATARIST.H;GROUP.C;FMTOWNS.H;IIGS.H;DEFS.H;PROJEXPL.C	implemented-narrow	implemented_narrow	Exact GROUP.C:13772-13808 directional cone transform. DM1 F0200 route and M10 visible-party gate consume the same source-owned primitive; F0199 remains the real loaded-map blocker path.
F	227	F227_qzzz_	ATARIST.H	missing	unmapped_or_unverified	no exact identifier found by inventory scan
F	0228	F0228_GROUP_GetDirectionsWhereDestinationIsVisibleFromSource	ATARIST.H;GROUP.C;FMTOWNS.H;IIGS.H;DEFS.H;PROJEXPL.C;MOVESENS.C	implemented-narrow	implemented_narrow	Exact GROUP.C:13810-13859 cone-order and RNG selection. M10 C29-C41 and F0201 stored-scent routing consume the shared primary/secondary result.
F	228	F228_uzzz_	ATARIST.H	missing	unmapped_or_unverified	no exact identifier found by inventory scan
F	0229	F0229_GROUP_SetOrderedCellsToAttack	ATARIST.H;GROUP.C;FMTOWNS.H;IIGS.H;DEFS.H;CHAMPION.C;PROJEXPL.C	implemented-narrow	implemented_narrow	Exact GROUP.C:13860-13876 F0228/G0023 selection. M10 CMD_ATTACK supplies actual group/party coordinates, consumes source RNG, and rejects no-cell targets rather than selecting a synthetic first living creature.
F	229	F229_hzzz_	ATARIST.H	missing	unmapped_or_unverified	no exact identifier found by inventory scan
F	0230	F0230_GROUP_GetChampionDamage	ATARIST.H;GROUP.C;FMTOWNS.H;IIGS.H;DEFS.H;PROJEXPL.C	implemented-narrow	implemented_narrow	DM1 M10 F0207 now supplies exact F0230 creatureDifficulty (invisibility/night vision/palette) and short-circuited dexterity/random4/F0308 ordering to the F0736/F0321 handoff. M11 creature scan and F0304 Parry XP remain separate runtime consumers.
F	230	F230_ezzz_	ATARIST.H	missing	unmapped_or_unverified	no exact identifier found by inventory scan
F	0231	F0231_GROUP_GetMeleeActionDamage	ATARIST.H;FMTOWNS.H;IIGS.H;MENU.C;DEFS.H;PROJEXPL.C	referenced-not-verified	referenced_not_verified	exact identifier found by inventory scan; not reviewed as implementation
F	231	F231_izzz_	ATARIST.H	missing	unmapped_or_unverified	no exact identifier found by inventory scan
F	0232	F0232_GROUP_IsDoorDestroyedByAttack	ATARIST.H;FMTOWNS.H;IIGS.H;MENU.C;DEFS.H;PROJEXPL.C	referenced-not-verified	referenced_not_verified	exact identifier found by inventory scan; not reviewed as implementation
F	232	F232_dzzz_	ATARIST.H	missing	unmapped_or_unverified	no exact identifier found by inventory scan
F	0233	F0233_TIMELINE_Initialize_CPSE	ATARIST.H;GROUP.C;LOADSAVE.C;FMTOWNS.H;IIGS.H;DEFS.H;TIMELINE.C	referenced-not-verified	referenced_not_verified	exact identifier found by inventory scan; not reviewed as implementation
F	233	F233_wzzz_	ATARIST.H	missing	unmapped_or_unverified	no exact identifier found by inventory scan
F	0234	F0234_TIMELINE_IsEventABeforeEventB	IIGS.H;DEFS.H;TIMELINE.C	referenced-not-verified	referenced_not_verified	exact identifier found by inventory scan; not reviewed as implementation
F	0235	F0235_TIMELINE_GetIndex	ATARIST.H;GROUP.C;FMTOWNS.H;IIGS.H;DEFS.H;CHAMPION.C;TIMELINE.C	referenced-not-verified	referenced_not_verified	exact identifier found by inventory scan; not reviewed as implementation
F	235	F235_bzzz_	ATARIST.H	missing	unmapped_or_unverified	no exact identifier found by inventory scan
F	0236	F0236_TIMELINE_FixPlacement	ATARIST.H;GROUP.C;FMTOWNS.H;IIGS.H;DEFS.H;CHAMPION.C;TIMELINE.C	referenced-not-verified	referenced_not_verified	exact identifier found by inventory scan; not reviewed as implementation
F	236	F236_pzzz_	ATARIST.H	missing	unmapped_or_unverified	no exact identifier found by inventory scan
F	0237	F0237_TIMELINE_DeleteEvent	ATARIST.H;GROUP.C;FMTOWNS.H;IIGS.H;MENU.C;DEFS.H;CHAMPION.C;TIMELINE.C;PROJEXPL.C;TOWNSGLB.H	referenced-not-verified	referenced_not_verified	exact identifier found by inventory scan; not reviewed as implementation
F	237	F237_rzzz_	ATARIST.H	missing	unmapped_or_unverified	no exact identifier found by inventory scan
F	0238	F0238_TIMELINE_AddEvent_GetEventIndex_CPSE	PANEL.C;ATARIST.H;GROUP.C;FMTOWNS.H;CLIKVIEW.C;IIGS.H;MENU.C;DEFS.H;CHAMPION.C;NEWMAP.C;TIMELINE.C;SOUND.C;PROJEXPL.C;MOVESENS.C	referenced-not-verified	referenced_not_verified	exact identifier found by inventory scan; not reviewed as implementation
F	238	F238_pzzz_	ATARIST.H	missing	unmapped_or_unverified	no exact identifier found by inventory scan
F	0239	F0239_TIMELINE_ExtractFirstEvent	IIGS.H;DEFS.H;TIMELINE.C	referenced-not-verified	referenced_not_verified	exact identifier found by inventory scan; not reviewed as implementation
F	0240	F0240_TIMELINE_IsFirstEventExpired_CPSE	IIGS.H;DEFS.H;TIMELINE.C	referenced-not-verified	referenced_not_verified	exact identifier found by inventory scan; not reviewed as implementation
F	0241	F0241_TIMELINE_ProcessEvent1_DoorAnimation	IIGS.H;DEFS.H;TIMELINE.C	referenced-not-verified	referenced_not_verified	exact identifier found by inventory scan; not reviewed as implementation
F	0242	F0242_TIMELINE_ProcessEvent7_Square_FakeWall	IIGS.H;DEFS.H;TIMELINE.C	referenced-not-verified	referenced_not_verified	exact identifier found by inventory scan; not reviewed as implementation
F	0243	F0243_TIMELINE_ProcessEvent2_DoorDestruction	IIGS.H;DEFS.H;TIMELINE.C	referenced-not-verified	referenced_not_verified	exact identifier found by inventory scan; not reviewed as implementation
F	0244	F0244_TIMELINE_ProcessEvent10_Square_Door	IIGS.H;DEFS.H;TIMELINE.C	referenced-not-verified	referenced_not_verified	exact identifier found by inventory scan; not reviewed as implementation
F	0245	F0245_TIMELINE_ProcessEvent5_Square_Corridor	IIGS.H;DEFS.H;TIMELINE.C	referenced-not-verified	referenced_not_verified	exact identifier found by inventory scan; not reviewed as implementation
F	0246	F0246_TIMELINE_ProcessEvent65_EnableGroupGenerator	IIGS.H;DEFS.H;TIMELINE.C	referenced-not-verified	referenced_not_verified	exact identifier found by inventory scan; not reviewed as implementation
F	0247	F0247_TIMELINE_TriggerProjectileLauncher	IIGS.H;DEFS.H;TIMELINE.C	implemented-narrow	runtime_verified	CSB C010 path verifies loaded C03/C06 cell identity, emits the two source explosion projectiles, and retains their C49 records through save/reload; focused positive and wrong-cell CTest
F	0248	F0248_TIMELINE_ProcessEvent6_Square_Wall	IIGS.H;DEFS.H;TIMELINE.C	implemented-narrow	runtime_verified	CSB F0261 wall-event consumer validates C010's loaded C03 and wall cell before F0247 launcher publication; focused positive/save and wrong-cell rejection CTest
F	0249	F0249_TIMELINE_MoveTeleporterOrPitSquareThings	IIGS.H;DEFS.H;TIMELINE.C	referenced-not-verified	referenced_not_verified	exact identifier found by inventory scan; not reviewed as implementation
F	0250	F0250_TIMELINE_ProcessEvent8_Square_Teleporter	IIGS.H;DEFS.H;TIMELINE.C	referenced-not-verified	referenced_not_verified	exact identifier found by inventory scan; not reviewed as implementation
F	0251	F0251_TIMELINE_ProcessEvent9_Square_Pit	IIGS.H;DEFS.H;TIMELINE.C	referenced-not-verified	referenced_not_verified	exact identifier found by inventory scan; not reviewed as implementation
F	0252	F0252_TIMELINE_ProcessEvents60to61_MoveGroup	IIGS.H;DEFS.H;TIMELINE.C	referenced-not-verified	referenced_not_verified	exact identifier found by inventory scan; not reviewed as implementation
F	0253	F0253_TIMELINE_ProcessEvent11Part1_EnableChampionAction	IIGS.H;MENU.C;DEFS.H;TIMELINE.C	referenced-not-verified	referenced_not_verified	exact identifier found by inventory scan; not reviewed as implementation
F	0254	F0254_TIMELINE_ProcessEvent12_HideDamageReceived	IIGS.H;DEFS.H;TIMELINE.C	referenced-not-verified	referenced_not_verified	exact identifier found by inventory scan; not reviewed as implementation
F	0255	F0255_TIMELINE_ProcessEvent13_ViAltarRebirth	IIGS.H;DEFS.H;TIMELINE.C	referenced-not-verified	referenced_not_verified	exact identifier found by inventory scan; not reviewed as implementation
F	0256	F0256_TIMELINE_ProcessEvent53_Watchdog_CPSE	IIGS.H;DEFS.H;GAMELOOP.C;TIMELINE.C	referenced-not-verified	referenced_not_verified	exact identifier found by inventory scan; not reviewed as implementation
F	0257	F0257_TIMELINE_ProcessEvent70_Light	IIGS.H;DEFS.H;TIMELINE.C	referenced-not-verified	referenced_not_verified	exact identifier found by inventory scan; not reviewed as implementation
F	0258	F0258_TIMELINE_HasWeaponMovedToSlot	IIGS.H;DEFS.H;TIMELINE.C	referenced-not-verified	referenced_not_verified	exact identifier found by inventory scan; not reviewed as implementation
F	0259	F0259_TIMELINE_ProcessEvent11Part2_MoveWeaponFromQuiverToSlot	IIGS.H;DEFS.H;TIMELINE.C	referenced-not-verified	referenced_not_verified	exact identifier found by inventory scan; not reviewed as implementation
F	0260	F0260_TIMELINE_RefreshAllChampionStatusBoxes	ATARIST.H;FMTOWNS.H;IIGS.H;MENU.C;DEFS.H;TIMELINE.C;ENDGAME.C	referenced-not-verified	referenced_not_verified	exact identifier found by inventory scan; not reviewed as implementation
F	260	F260_pzzz_	ATARIST.H	missing	unmapped_or_unverified	no exact identifier found by inventory scan
F	0261	F0261_TIMELINE_Process_CPSEF	ATARIST.H;FMTOWNS.H;IIGS.H;DEFS.H;GAMELOOP.C;TIMELINE.C;ENDGAME.C	referenced-not-verified	referenced_not_verified	C009 corpus probe exists but has not yet produced a positive original-data run
F	261	F261_hzzz_	ATARIST.H	missing	unmapped_or_unverified	no exact identifier found by inventory scan
F	0262	F0262_MOVE_GetTeleporterRotatedGroupResult	IIGS.H;DEFS.H;MOVESENS.C	referenced-not-verified	referenced_not_verified	exact identifier found by inventory scan; not reviewed as implementation
F	0263	F0263_MOVE_GetTeleporterRotatedProjectileThing	IIGS.H;DEFS.H;MOVESENS.C	referenced-not-verified	referenced_not_verified	exact identifier found by inventory scan; not reviewed as implementation
F	0264	F0264_MOVE_IsLevitating	ATARIST.H;FMTOWNS.H;CLIKVIEW.C;IIGS.H;DEFS.H;MOVESENS.C	implemented-narrow	implemented_narrow	MOVESENS.C:11919-11936 exact C04 G0243 MASK0x0020 classifier plus unconditional C14 projectile/C15 explosion cases; active M10 F0267 loaded-chain sensor gate consumes it
F	264	F264_avzz_	ATARIST.H	missing	unmapped_or_unverified	no exact identifier found by inventory scan
F	0265	F0265_MOVE_CreateEvent60To61_MoveGroup	IIGS.H;DEFS.H;MOVESENS.C	implemented-narrow	implemented_narrow	MOVESENS.C:11938-11955 exact C60/C61 native event builder: Map_Time gameTime+5, priority zero, B.Location and little-endian C.Slot; active M10 deferred C04 route preserves the exact Thing for original-save export
F	0266	F0266_MOVE_IsKilledByProjectileImpact	IIGS.H;DEFS.H;MOVESENS.C	referenced-not-verified	referenced_not_verified	exact identifier found by inventory scan; not reviewed as implementation
F	0267	F0267_MOVE_GetMoveRes	IIGS.H	referenced-not-verified	referenced_not_verified	exact identifier found by inventory scan; not reviewed as implementation
F	0267	F0267_MOVE_GetMoveResult_CPSCE	ATARIST.H;GROUP.C;FMTOWNS.H;DUNGEON.C;CLIKVIEW.C;IIGS.H;MENU.C;CLIKMENU.C;DEFS.H;CHAMPION.C;GAMELOOP.C;TIMELINE.C;STARTUP2.C;PROJEXPL.C;MOVESENS.C;STARTUP1.C	referenced-not-verified	referenced_not_verified	C009 corpus probe exists but has not yet produced a positive original-data run
F	267	F267_dzzz_	ATARIST.H	missing	unmapped_or_unverified	no exact identifier found by inventory scan
F	0268	F0268_SENSOR_AddEvent	ATARIST.H;FMTOWNS.H;CLIKVIEW.C;IIGS.H;DEFS.H;PROJEXPL.C;MOVESENS.C	referenced-not-verified	referenced_not_verified	exact identifier found by inventory scan; not reviewed as implementation
F	268	F268_fzzz_	ATARIST.H	missing	unmapped_or_unverified	no exact identifier found by inventory scan
F	0269	F0269_SENSOR_AddSkillExperience	IIGS.H;DEFS.H;MOVESENS.C	referenced-not-verified	referenced_not_verified	exact identifier found by inventory scan; not reviewed as implementation
F	0270	F0270_SENSOR_TriggerLocalEffect	IIGS.H;DEFS.H;MOVESENS.C	referenced-not-verified	referenced_not_verified	exact identifier found by inventory scan; not reviewed as implementation
F	0271	F0271_SENSOR_ProcessRotationEffect	FMTOWNS.H;IIGS.H;DEFS.H;TIMELINE.C;MOVESENS.C	referenced-not-verified	referenced_not_verified	exact identifier found by inventory scan; not reviewed as implementation
F	0272	F0272_SENSOR_TriggerEffect	FMTOWNS.H;IIGS.H;DEFS.H;TIMELINE.C;MOVESENS.C	referenced-not-verified	referenced_not_verified	C009 corpus probe exists but has not yet produced a positive original-data run
F	0273	F0273_SENSOR_GetObjectOfTypeInCell	FMTOWNS.H;IIGS.H;DEFS.H;MOVESENS.C	missing	unmapped_or_unverified	no exact identifier found by inventory scan
F	0274	F0274_SENSOR_IsObjectInPartyPossession	IIGS.H;DEFS.H;MOVESENS.C	implemented-narrow	runtime_verified	CSB MOVESENS.C F0274 C008 path verifies loaded champion slots plus the source-owned leader hand and bounded C144 CONTAINER.Slot chain; focused positive/missing/stale CTest
F	0275	F0275_SENSOR_IsTriggeredByClickOnWall	ATARIST.H;FMTOWNS.H;CLIKVIEW.C;IIGS.H;DEFS.H;MOVESENS.C	implemented-narrow	runtime_verified	CSB C011 consumes only a loaded C03 cell and matching C05 runtime hand; C012 admits only an empty hand then performs bounded F0167 C05 allocation. Both rotate the source sensor chain, queue F0268 through F0272, and roundtrip the PARTY/CSBWin hand mirror plus pending event through native save/reload; focused positive and reject CTests
F	275	F275_aszz_	ATARIST.H	missing	unmapped_or_unverified	no exact identifier found by inventory scan
F	0276	F0276_SENSOR_ProcessThingAdditionOrRemoval	ATARIST.H;FMTOWNS.H;IIGS.H;CLIKMENU.C;DEFS.H;MOVESENS.C	referenced-not-verified	referenced_not_verified	C009 corpus probe exists but has not yet produced a positive original-data run
F	276	F276_qzzz_	ATARIST.H	missing	unmapped_or_unverified	no exact identifier found by inventory scan
F	0277	F0277_CPSE_IsFuzzySectorValid_FuzzyBits	GRAPH21.C;PANEL.C;ATARIST.H;DUNVIEW.C;IIGS.H;CLIKMENU.C;DEFS.H;TIMELINE.C;COPYPRO6.C	referenced-not-verified	referenced_not_verified	exact identifier found by inventory scan; not reviewed as implementation
F	277	F277_jzzz_	ATARIST.H	missing	unmapped_or_unverified	no exact identifier found by inventory scan
F	0278	F0278_CHAMPION_ResetDataToStartGame	ATARIST.H;FMTOWNS.H;IIGS.H;CHAMPRST.C;DEFS.H;STARTUP2.C	referenced-not-verified	referenced_not_verified	exact identifier found by inventory scan; not reviewed as implementation
F	278	F278_apzz_	ATARIST.H	missing	unmapped_or_unverified	no exact identifier found by inventory scan
F	0279	F0279_CHAMPION_GetDecodedValue	IIGS.H;REVIVE.C;DEFS.H	referenced-not-verified	referenced_not_verified	exact identifier found by inventory scan; not reviewed as implementation
F	0280	F0280_CHAMPION_AddCandidateChampionToParty	ATARIST.H;FMTOWNS.H;IIGS.H;REVIVE.C;CHAMDRAW.C;DEFS.H;STARTUP2.C;MOVESENS.C	referenced-not-verified	referenced_not_verified	exact identifier found by inventory scan; not reviewed as implementation
F	280	F280_agzz_	ATARIST.H	missing	unmapped_or_unverified	no exact identifier found by inventory scan
F	0281	F0281_CHAMPION_Rename	IIGS.H;REVIVE.C;DEFS.H	referenced-not-verified	referenced_not_verified	exact identifier found by inventory scan; not reviewed as implementation
F	0282	F0282_CHAMPION_ProcessCommands160To162_ClickInResurrectReincarnatePanel	ATARIST.H;FMTOWNS.H;IIGS.H;REVIVE.C;COMMAND.C;DEFS.H	referenced-not-verified	referenced_not_verified	exact identifier found by inventory scan; not reviewed as implementation
F	282	F282_xzzz_	ATARIST.H	missing	unmapped_or_unverified	no exact identifier found by inventory scan
F	0283	F0283_CHAMPION_ViAltarRebirth	ATARIST.H;FMTOWNS.H;IIGS.H;REVIVE.C;DEFS.H;TIMELINE.C	referenced-not-verified	referenced_not_verified	exact identifier found by inventory scan; not reviewed as implementation
F	283	F283_azzz_	ATARIST.H	missing	unmapped_or_unverified	no exact identifier found by inventory scan
F	0284	F0284_CHAMPION_SetPartyDirection	ATARIST.H;FMTOWNS.H;IIGS.H;CLIKMENU.C;DEFS.H;CHAMPION.C;MOVESENS.C	referenced-not-verified	referenced_not_verified	exact identifier found by inventory scan; not reviewed as implementation
F	284	F284_czzz_	ATARIST.H	missing	unmapped_or_unverified	no exact identifier found by inventory scan
F	0285	F0285_CHAMPION_GetIndexInCell	ATARIST.H;FMTOWNS.H;IIGS.H;REVIVE.C;MENU.C;IO.C;DEFS.H;CHAMPION.C;PROJEXPL.C;MOVESENS.C	referenced-not-verified	referenced_not_verified	exact identifier found by inventory scan; not reviewed as implementation
F	285	F285_szzz_	ATARIST.H	missing	unmapped_or_unverified	no exact identifier found by inventory scan
F	0286	F0286_CHAMPION_GetTargetChampionIndex	ATARIST.H;GROUP.C;FMTOWNS.H;IIGS.H;CLIKMENU.C;DEFS.H;CHAMPION.C	implemented-narrow	implemented_narrow	CHAMPION.C:4956-4974 exact adjacent attacker gate, F0229/G0023 ordered cells and F0285 living champion scan; active M10 C04 melee target route consumes the live RNG owner
F	286	F286_hzzz_	ATARIST.H	missing	unmapped_or_unverified	no exact identifier found by inventory scan
F	0287	F0287_CHAMPION_DrawBarGraphs	IIGS.H;CHAMDRAW.C;DEFS.H	referenced-not-verified	referenced_not_verified	exact identifier found by inventory scan; not reviewed as implementation
F	0288	F0288_CHAMPION_GetStringFromInteger	PANEL.C;FMTOWNS.H;IIGS.H;CHAMDRAW.C;DEFS.H;CHAMPION.C	referenced-not-verified	referenced_not_verified	exact identifier found by inventory scan; not reviewed as implementation
F	0289	F0289_CHAMPION_DrawHealthOrStaminaOrManaValue	IIGS.H;CHAMDRAW.C;DEFS.H	referenced-not-verified	referenced_not_verified	exact identifier found by inventory scan; not reviewed as implementation
F	0290	F0290_CHAMPION_DrawHealthStaminaManaValues	IIGS.H;CHAMDRAW.C;DEFS.H	referenced-not-verified	referenced_not_verified	exact identifier found by inventory scan; not reviewed as implementation
F	0291	F0291_CHAMPION_DrawSlot	PANEL.C;FMTOWNS.H;IIGS.H;CHAMDRAW.C;DEFS.H;CHAMPION.C	referenced-not-verified	referenced_not_verified	exact identifier found by inventory scan; not reviewed as implementation
F	0292	F0292_CHAMPION_DrawState	PANEL.C;ATARIST.H;GROUP.C;FMTOWNS.H;IIGS.H;REVIVE.C;MENU.C;CHAMDRAW.C;COMMAND.C;IO.C;DEFS.H;CHAMPION.C;GAMELOOP.C;TIMELINE.C;PROJEXPL.C;CLIKCHAM.C;SYMBOL.C	referenced-not-verified	referenced_not_verified	exact identifier found by inventory scan; not reviewed as implementation
F	292	F292_arzz_	ATARIST.H	missing	unmapped_or_unverified	no exact identifier found by inventory scan
F	0293	F0293_CHAMPION_DrawAllChampionStates	ATARIST.H;FMTOWNS.H;IIGS.H;MENU.C;CHAMDRAW.C;CHAMPRST.C;DEFS.H;CHAMPION.C;GAMELOOP.C;TIMELINE.C;ENDGAME.C	referenced-not-verified	referenced_not_verified	exact identifier found by inventory scan; not reviewed as implementation
F	293	F293_ahzz_	ATARIST.H	missing	unmapped_or_unverified	no exact identifier found by inventory scan
F	0294	F0294_CHAMPION_IsAmmunitionCompatibleWithWeapon	ATARIST.H;FMTOWNS.H;IIGS.H;DEFS.H;TIMELINE.C;AMMO.C	referenced-not-verified	referenced_not_verified	exact identifier found by inventory scan; not reviewed as implementation
F	294	F294_aozz_	ATARIST.H	missing	unmapped_or_unverified	no exact identifier found by inventory scan
F	0295	F0295_CHAMPION_HasObjectIconInSlotBoxChanged	IIGS.H;CHAMDRAW.C;DEFS.H	referenced-not-verified	referenced_not_verified	exact identifier found by inventory scan; not reviewed as implementation
F	0296	F0296_CHAMPION_DrawChangedObjectIcons	PANEL.C;ATARIST.H;FMTOWNS.H;CLIKVIEW.C;IIGS.H;MENU.C;CHAMDRAW.C;DEFS.H;CHAMPION.C;TIMELINE.C	referenced-not-verified	referenced_not_verified	exact identifier found by inventory scan; not reviewed as implementation
F	296	F296_aizz_	ATARIST.H	missing	unmapped_or_unverified	no exact identifier found by inventory scan
F	0297	F0297_CHAMPION_PutObjectInLeaderHand	ATARIST.H;FMTOWNS.H;CLIKVIEW.C;IIGS.H;CHAMPRST.C;DEFS.H;CHAMPION.C;MOVESENS.C	referenced-not-verified	referenced_not_verified	exact identifier found by inventory scan; not reviewed as implementation
F	297	F297_atzz_	ATARIST.H	missing	unmapped_or_unverified	no exact identifier found by inventory scan
F	0298	F0298_CHAMPION_GetObjectRemovedFromLeaderHand	PANEL.C;ATARIST.H;LOADSAVE.C;FMTOWNS.H;CLIKVIEW.C;IIGS.H;DEFS.H;CHAMPION.C;MOVESENS.C	referenced-not-verified	referenced_not_verified	exact identifier found by inventory scan; not reviewed as implementation
F	298	F298_aqzz_	ATARIST.H	missing	unmapped_or_unverified	no exact identifier found by inventory scan
F	0299	F0299_CHAMPION_ApplyObjectModifiersToStatistics	IIGS.H;DEFS.H;CHAMPION.C;CHEST.C	referenced-not-verified	referenced_not_verified	exact identifier found by inventory scan; not reviewed as implementation
F	0300	F0300_CHAMPION_GetObjectRemovedFromSlot	ATARIST.H;GROUP.C;FMTOWNS.H;IIGS.H;MENU.C;DEFS.H;CHAMPION.C;TIMELINE.C	referenced-not-verified	referenced_not_verified	exact identifier found by inventory scan; not reviewed as implementation
F	300	F300_aozz_	ATARIST.H	missing	unmapped_or_unverified	no exact identifier found by inventory scan
F	0301	F0301_CHAMPION_AddObjectInSlot	ATARIST.H;FMTOWNS.H;IIGS.H;REVIVE.C;MENU.C;DEFS.H;CHAMPION.C;TIMELINE.C	referenced-not-verified	referenced_not_verified	exact identifier found by inventory scan; not reviewed as implementation
F	301	F301_apzz_	ATARIST.H	missing	unmapped_or_unverified	no exact identifier found by inventory scan
F	0302	F0302_CHAMPION_ProcessCommands28To65_ClickOnSlotBox	ATARIST.H;FMTOWNS.H;IIGS.H;COMMAND.C;DEFS.H;CHAMPION.C;CLIKCHAM.C	referenced-not-verified	referenced_not_verified	exact identifier found by inventory scan; not reviewed as implementation
F	302	F302_mzzz_	ATARIST.H	missing	unmapped_or_unverified	no exact identifier found by inventory scan
F	0303	F0303_CHAMPION_GetSkillLevel	PANEL.C;ATARIST.H;FMTOWNS.H;IIGS.H;MENU.C;DEFS.H;CHAMPION.C;ENDGAME.C;PROJEXPL.C	referenced-not-verified	referenced_not_verified	exact identifier found by inventory scan; not reviewed as implementation
F	303	F303_AA09_	ATARIST.H	missing	unmapped_or_unverified	no exact identifier found by inventory scan
F	0304	F0304_CHAMPION_AddSkillExperience	ATARIST.H;FMTOWNS.H;IIGS.H;MENU.C;DEFS.H;CHAMPION.C;PROJEXPL.C;MOVESENS.C	referenced-not-verified	referenced_not_verified	exact identifier found by inventory scan; not reviewed as implementation
F	304	F304_apzz_	ATARIST.H	missing	unmapped_or_unverified	no exact identifier found by inventory scan
F	0305	F0305_CHAMPION_GetThrowingStaminaCost	FMTOWNS.H;IIGS.H;DEFS.H;CHAMPION.C	referenced-not-verified	referenced_not_verified	exact identifier found by inventory scan; not reviewed as implementation
F	0306	F0306_CHAMPION_GetStaminaAdjustedValue	IIGS.H;DEFS.H;CHAMPION.C	referenced-not-verified	referenced_not_verified	exact identifier found by inventory scan; not reviewed as implementation
F	0307	F0307_CHAMPION_GetStatisticAdjustedAttack	ATARIST.H;FMTOWNS.H;IIGS.H;DEFS.H;CHAMPION.C;PROJEXPL.C	referenced-not-verified	referenced_not_verified	exact identifier found by inventory scan; not reviewed as implementation
F	307	F307_fzzz_	ATARIST.H	missing	unmapped_or_unverified	no exact identifier found by inventory scan
F	0308	F0308_CHAMPION_IsLucky	ATARIST.H;GROUP.C;FMTOWNS.H;IIGS.H;DEFS.H;CHAMPION.C;PROJEXPL.C	referenced-not-verified	referenced_not_verified	exact identifier found by inventory scan; not reviewed as implementation
F	308	F308_vzzz_	ATARIST.H	missing	unmapped_or_unverified	no exact identifier found by inventory scan
F	0309	F0309_CHAMPION_GetMaximumLoad	ATARIST.H;FMTOWNS.H;IIGS.H;CHAMDRAW.C;CLIKMENU.C;DEFS.H;CHAMPION.C;MOVESENS.C	referenced-not-verified	referenced_not_verified	exact identifier found by inventory scan; not reviewed as implementation
F	309	F309_awzz_	ATARIST.H	missing	unmapped_or_unverified	no exact identifier found by inventory scan
F	0310	F0310_CHAMPION_GetMovementTicks	ATARIST.H;FMTOWNS.H;IIGS.H;CLIKMENU.C;DEFS.H;CHAMPION.C	referenced-not-verified	referenced_not_verified	exact identifier found by inventory scan; not reviewed as implementation
F	310	F310_AA08_	ATARIST.H	missing	unmapped_or_unverified	no exact identifier found by inventory scan
F	0311	F0311_CHAMPION_GetDexterity	ATARIST.H;GROUP.C;FMTOWNS.H;IIGS.H;DEFS.H;CHAMPION.C;PROJEXPL.C	referenced-not-verified	referenced_not_verified	exact identifier found by inventory scan; not reviewed as implementation
F	311	F311_wzzz_	ATARIST.H	missing	unmapped_or_unverified	no exact identifier found by inventory scan
F	0312	F0312_CHAMPION_GetStrength	ATARIST.H;FMTOWNS.H;IIGS.H;MENU.C;DEFS.H;CHAMPION.C;PROJEXPL.C	referenced-not-verified	referenced_not_verified	exact identifier found by inventory scan; not reviewed as implementation
F	312	F312_xzzz_	ATARIST.H	missing	unmapped_or_unverified	no exact identifier found by inventory scan
F	0313	F0313_CHAMPION_GetWoundDefense	FMTOWNS.H;IIGS.H;DEFS.H;CHAMPION.C	referenced-not-verified	referenced_not_verified	exact identifier found by inventory scan; not reviewed as implementation
F	0314	F0314_CHAMPION_WakeUp	ATARIST.H;FMTOWNS.H;IIGS.H;COMMAND.C;DEFS.H;CHAMPION.C;PROJEXPL.C	referenced-not-verified	referenced_not_verified	exact identifier found by inventory scan; not reviewed as implementation
F	314	F314_gzzz_	ATARIST.H	missing	unmapped_or_unverified	no exact identifier found by inventory scan
F	0315	F0315_CHAMPION_GetScentOrdinal	ATARIST.H;GROUP.C;FMTOWNS.H;DUNGEON.C;IIGS.H;DEFS.H;CHAMPION.C	referenced-not-verified	referenced_not_verified	exact identifier found by inventory scan; not reviewed as implementation
F	315	F315_arzz_	ATARIST.H	missing	unmapped_or_unverified	no exact identifier found by inventory scan
F	0316	F0316_CHAMPION_DeleteScent	ATARIST.H;FMTOWNS.H;IIGS.H;DEFS.H;CHAMPION.C;MOVESENS.C	referenced-not-verified	referenced_not_verified	exact identifier found by inventory scan; not reviewed as implementation
F	316	F316_aizz_	ATARIST.H	missing	unmapped_or_unverified	no exact identifier found by inventory scan
F	0317	F0317_CHAMPION_AddScentStrength	ATARIST.H;FMTOWNS.H;IIGS.H;DEFS.H;CHAMPION.C;MOVESENS.C	referenced-not-verified	referenced_not_verified	exact identifier found by inventory scan; not reviewed as implementation
F	317	F317_adzz_	ATARIST.H	missing	unmapped_or_unverified	no exact identifier found by inventory scan
F	0318	F0318_CHAMPION_DropAllObjects	IIGS.H;DEFS.H;CHAMPION.C	referenced-not-verified	referenced_not_verified	exact identifier found by inventory scan; not reviewed as implementation
F	0319	F0319_CHAMPION_Kill	FMTOWNS.H;IIGS.H;CHAMDRAW.C;DEFS.H;CHAMPION.C	referenced-not-verified	referenced_not_verified	exact identifier found by inventory scan; not reviewed as implementation
F	0320	F0320_CHAMPION_ApplyAndDrawPendingDamageAndWounds	ATARIST.H;FMTOWNS.H;IIGS.H;DEFS.H;CHAMPION.C;GAMELOOP.C	referenced-not-verified	referenced_not_verified	exact identifier found by inventory scan; not reviewed as implementation
F	320	F320_akzz_	ATARIST.H	missing	unmapped_or_unverified	no exact identifier found by inventory scan
F	0321	F0321_CHAMPION_AddPendingDamageAndWounds_GetDamage	ATARIST.H;FMTOWNS.H;IIGS.H;CLIKMENU.C;DEFS.H;CHAMPION.C;PROJEXPL.C	referenced-not-verified	referenced_not_verified	exact identifier found by inventory scan; not reviewed as implementation
F	321	F321_AA29_	ATARIST.H	missing	unmapped_or_unverified	no exact identifier found by inventory scan
F	0322	F0322_CHAMPION_Poison	ATARIST.H;FMTOWNS.H;IIGS.H;DEFS.H;CHAMPION.C;TIMELINE.C;PROJEXPL.C	referenced-not-verified	referenced_not_verified	exact identifier found by inventory scan; not reviewed as implementation
F	322	F322_lzzz_	ATARIST.H	missing	unmapped_or_unverified	no exact identifier found by inventory scan
F	0323	F0323_CHAMPION_Unpoison	PANEL.C;FMTOWNS.H;IIGS.H;DEFS.H;CHAMPION.C	referenced-not-verified	referenced_not_verified	exact identifier found by inventory scan; not reviewed as implementation
F	0324	F0324_CHAMPION_DamageAll_GetDamagedChampionCount	ATARIST.H;FMTOWNS.H;IIGS.H;DEFS.H;CHAMPION.C;TIMELINE.C;PROJEXPL.C;MOVESENS.C	referenced-not-verified	referenced_not_verified	exact identifier found by inventory scan; not reviewed as implementation
F	324	F324_aezz_	ATARIST.H	missing	unmapped_or_unverified	no exact identifier found by inventory scan
F	0325	F0325_CHAMPION_DecrementStamina	ATARIST.H;FMTOWNS.H;IIGS.H;MENU.C;CLIKMENU.C;DEFS.H;CHAMPION.C;PROJEXPL.C;MOVESENS.C	referenced-not-verified	referenced_not_verified	exact identifier found by inventory scan; not reviewed as implementation
F	325	F325_bzzz_	ATARIST.H	missing	unmapped_or_unverified	no exact identifier found by inventory scan
F	0326	F0326_CHAMPION_ShootProjectile	ATARIST.H;FMTOWNS.H;IIGS.H;MENU.C;DEFS.H;CHAMPION.C	referenced-not-verified	referenced_not_verified	exact identifier found by inventory scan; not reviewed as implementation
F	326	F326_ozzz_	ATARIST.H	missing	unmapped_or_unverified	no exact identifier found by inventory scan
F	0327	F0327_CHAMPION_IsProjectileSpellCast	ATARIST.H;FMTOWNS.H;IIGS.H;MENU.C;DEFS.H;CHAMPION.C	referenced-not-verified	referenced_not_verified	exact identifier found by inventory scan; not reviewed as implementation
F	327	F327_kzzz_	ATARIST.H	missing	unmapped_or_unverified	no exact identifier found by inventory scan
F	0328	F0328_CHAMPION_IsObjectThrown	ATARIST.H;FMTOWNS.H;IIGS.H;MENU.C;DEFS.H;CHAMPION.C	referenced-not-verified	referenced_not_verified	exact identifier found by inventory scan; not reviewed as implementation
F	328	F328_nzzz_	ATARIST.H	missing	unmapped_or_unverified	no exact identifier found by inventory scan
F	0329	F0329_CHAMPION_IsLeaderHandObjectThrown	ATARIST.H;FMTOWNS.H;CLIKVIEW.C;IIGS.H;DEFS.H;CHAMPION.C	referenced-not-verified	referenced_not_verified	exact identifier found by inventory scan; not reviewed as implementation
F	329	F329_hzzz_	ATARIST.H	missing	unmapped_or_unverified	no exact identifier found by inventory scan
F	0330	F0330_CHAMPION_DisableAction	ATARIST.H;FMTOWNS.H;IIGS.H;MENU.C;DEFS.H;CHAMPION.C	referenced-not-verified	referenced_not_verified	exact identifier found by inventory scan; not reviewed as implementation
F	330	F330_szzz_	ATARIST.H	missing	unmapped_or_unverified	no exact identifier found by inventory scan
F	0331	F0331_CHAMPION_ApplyTimeEffects_CPSF	PANEL.C;ATARIST.H;FMTOWNS.H;IIGS.H;DEFS.H;CHAMPION.C;GAMELOOP.C	referenced-not-verified	referenced_not_verified	exact identifier found by inventory scan; not reviewed as implementation
F	331	F331_auzz_	ATARIST.H	missing	unmapped_or_unverified	no exact identifier found by inventory scan
F	0332	F0332_INVENTORY_DrawIconToViewport	PANEL.C;IIGS.H;DEFS.H	referenced-not-verified	referenced_not_verified	exact identifier found by inventory scan; not reviewed as implementation
F	0333	F0333_INVENTORY_OpenAndDrawChest	PANEL.C;FMTOWNS.H;IIGS.H;CHAMDRAW.C;DEFS.H;CHEST.C	referenced-not-verified	referenced_not_verified	exact identifier found by inventory scan; not reviewed as implementation
F	0334	F0334_INVENTORY_CloseChest	PANEL.C;ATARIST.H;FMTOWNS.H;IIGS.H;DEFS.H;CHAMPION.C;STARTUP2.C;CHEST.C	referenced-not-verified	referenced_not_verified	exact identifier found by inventory scan; not reviewed as implementation
F	334	F334_akzz_	ATARIST.H	missing	unmapped_or_unverified	no exact identifier found by inventory scan
F	0335	F0335_INVENTORY_DrawPanel_ObjectDescriptionString	PANEL.C;IIGS.H;DEFS.H	referenced-not-verified	referenced_not_verified	exact identifier found by inventory scan; not reviewed as implementation
F	0336	F0336_INVENTORY_DrawPanel_BuildObjectAttributesString	PANEL.C;IIGS.H;DEFS.H	implemented-narrow	implemented_narrow	C05-backed F0336 attribute admission validates raw and decoded weapon fields before emitting attribute text; focused source-lock test covers valid and drifted records
F	0337	F0337_INVENTORY_SetDungeonViewPalette	PANEL.C;ATARIST.H;FMTOWNS.H;IIGS.H;MENU.C;DEFS.H;CHAMPION.C;NEWMAP.C;TIMELINE.C;ENDGAME.C	referenced-not-verified	referenced_not_verified	exact identifier found by inventory scan; not reviewed as implementation
F	337	F337_akzz_	ATARIST.H	missing	unmapped_or_unverified	no exact identifier found by inventory scan
F	0338	F0338_INVENTORY_DecreaseTorchesLightPower_CPSE	PANEL.C;ATARIST.H;FMTOWNS.H;IIGS.H;CHAMDRAW.C;DEFS.H;GAMELOOP.C	referenced-not-verified	referenced_not_verified	exact identifier found by inventory scan; not reviewed as implementation
F	338	F338_atzz_	ATARIST.H	missing	unmapped_or_unverified	no exact identifier found by inventory scan
F	0339	F0339_INVENTORY_DrawPanel_ArrowOrEye	PANEL.C;IIGS.H;DEFS.H	referenced-not-verified	referenced_not_verified	exact identifier found by inventory scan; not reviewed as implementation
F	0340	F0340_INVENTORY_DrawPanel_ScrollTextLine	PANEL.C;IIGS.H;DEFS.H	referenced-not-verified	referenced_not_verified	exact identifier found by inventory scan; not reviewed as implementation
F	0341	F0341_INVENTORY_DrawPanel_Scroll	PANEL.C;IIGS.H;DEFS.H	referenced-not-verified	referenced_not_verified	exact identifier found by inventory scan; not reviewed as implementation
F	0342	F0342_INVENTORY_DrawPanel_Object	PANEL.C;IIGS.H;CHAMDRAW.C;DEFS.H	referenced-not-verified	referenced_not_verified	exact identifier found by inventory scan; not reviewed as implementation
F	0343	F0343_INVENTORY_DrawPanel_HorizontalBar	PANEL.C;IIGS.H;DEFS.H	referenced-not-verified	referenced_not_verified	exact identifier found by inventory scan; not reviewed as implementation
F	0344	F0344_INVENTORY_DrawPanel_FoodOrWaterBar	PANEL.C;IIGS.H;DEFS.H	referenced-not-verified	referenced_not_verified	exact identifier found by inventory scan; not reviewed as implementation
F	0345	F0345_INVENTORY_DrawPanel_FoodWaterPoisoned	PANEL.C;FMTOWNS.H;IIGS.H;CHAMDRAW.C;DEFS.H	referenced-not-verified	referenced_not_verified	exact identifier found by inventory scan; not reviewed as implementation
F	0346	F0346_INVENTORY_DrawPanel_ResurrectReincarnate	PANEL.C;IIGS.H;DEFS.H	implemented-narrow	implemented_narrow	C040 resurrect/reincarnate panel material is admitted only from a hash-matched original GRAPHICS.DAT surface; missing, altered or non-source surfaces are no-draw
F	0347	F0347_INVENTORY_DrawPanel	PANEL.C;ATARIST.H;FMTOWNS.H;IIGS.H;CHAMDRAW.C;DEFS.H;STARTUP2.C	implemented-narrow	implemented_narrow	DM1 C05 action-hand admission validates all raw and decoded weapon fields before the F0342 object-panel route; focused test covers valid, missing and drifted records
F	347	F347_xxxx_	ATARIST.H	missing	unmapped_or_unverified	no exact identifier found by inventory scan
F	0348	F0348_INVENTORY_AdjustStatisticCurrentValue	PANEL.C;IIGS.H;DEFS.H	referenced-not-verified	referenced_not_verified	exact identifier found by inventory scan; not reviewed as implementation
F	0349	F0349_INVENTORY_ProcessCommand70_ClickOnMouth	PANEL.C;ATARIST.H;FMTOWNS.H;IIGS.H;COMMAND.C;DEFS.H	referenced-not-verified	referenced_not_verified	exact identifier found by inventory scan; not reviewed as implementation
F	349	F349_dzzz_	ATARIST.H	missing	unmapped_or_unverified	no exact identifier found by inventory scan
F	0350	F0350_INVENTORY_DrawStopPressingMouth	PANEL.C;ATARIST.H;FMTOWNS.H;IIGS.H;COMMAND.C;DEFS.H;GAMELOOP.C	referenced-not-verified	referenced_not_verified	exact identifier found by inventory scan; not reviewed as implementation
F	350	F350_aqzz_	ATARIST.H	missing	unmapped_or_unverified	no exact identifier found by inventory scan
F	0351	F0351_INVENTORY_DrawChampionSkillsAndStatistics	PANEL.C;FMTOWNS.H;IIGS.H;CHAMDRAW.C;DEFS.H	referenced-not-verified	referenced_not_verified	exact identifier found by inventory scan; not reviewed as implementation
F	0352	F0352_INVENTORY_ProcessCommand71_ClickOnEye	PANEL.C;ATARIST.H;FMTOWNS.H;IIGS.H;COMMAND.C;DEFS.H	referenced-not-verified	referenced_not_verified	exact identifier found by inventory scan; not reviewed as implementation
F	352	F352_aszz_	ATARIST.H	missing	unmapped_or_unverified	no exact identifier found by inventory scan
F	0353	F0353_INVENTORY_DrawStopPressingEye	PANEL.C;ATARIST.H;FMTOWNS.H;IIGS.H;COMMAND.C;DEFS.H;GAMELOOP.C	referenced-not-verified	referenced_not_verified	exact identifier found by inventory scan; not reviewed as implementation
F	353	F353_auzz_	ATARIST.H	missing	unmapped_or_unverified	no exact identifier found by inventory scan
F	0354	F0354_INVENTORY_DrawStatusBoxPortrait	PANEL.C;ATARIST.H;FMTOWNS.H;IIGS.H;CHAMDRAW.C;DEFS.H;TIMELINE.C	implemented-narrow	implemented_narrow	Live inventory-champion F0354 portrait admission binds the raw PC34 portrait buffer to an accepted C028 GRAPHICS.DAT surface; invalid portrait or C028 data produces no receipt
F	354	F354_szzz_	ATARIST.H	missing	unmapped_or_unverified	no exact identifier found by inventory scan
F	0355	F0355_INVENTORY_Toggle_CPSE	PANEL.C;ATARIST.H;FMTOWNS.H;IIGS.H;REVIVE.C;CHAMDRAW.C;COMMAND.C;DEFS.H;CHAMPION.C;STARTUP2.C;ENDGAME.C	referenced-not-verified	referenced_not_verified	exact identifier found by inventory scan; not reviewed as implementation
F	355	F355_hzzz_	ATARIST.H	missing	unmapped_or_unverified	no exact identifier found by inventory scan
F	0356	F0356_CPSE_IsFuzzySectorValid_ByteValuesAndFuzzyBitCount	COPYPRO7.C;ATARIST.H;IIGS.H;IO.C;DEFS.H	referenced-not-verified	referenced_not_verified	exact identifier found by inventory scan; not reviewed as implementation
F	356	F356_ozzz_	ATARIST.H	missing	unmapped_or_unverified	no exact identifier found by inventory scan
F	0357	F0357_COMMAND_DiscardAllInput	INPUT.C;PANEL.C;ATARIST.H;FMTOWNS.H;IIGS.H;REVIVE.C;COMMAND.C;CLIKMENU.C;DEFS.H;CHAMPION.C;GAMELOOP.C;STARTUP2.C;ENDGAME.C;ENTRANCE.C;HINTSCR.C;DIALOG.C;STARTUP1.C	referenced-not-verified	referenced_not_verified	exact identifier found by inventory scan; not reviewed as implementation
F	357	F357_qzzz_	ATARIST.H	missing	unmapped_or_unverified	no exact identifier found by inventory scan
F	0358	F0358_COMMAND_GetCommandFromMouseInput_CPSC	FMTOWNS.H;IIGS.H;COMMAND.C;CLIKMENU.C;DEFS.H;CLIKCHAM.C	referenced-not-verified	referenced_not_verified	exact identifier found by inventory scan; not reviewed as implementation
F	0359	F0359_COMMAND_ProcessClick_CPSC	INPUT.C;ATARIST.H;FMTOWNS.H;IIGS.H;COMMAND.C;IO.C;IBMIO.C;DEFS.H;SWITCH.C;CEDT026.C;NECIO.C;UTILITY.H	referenced-not-verified	referenced_not_verified	exact identifier found by inventory scan; not reviewed as implementation
F	359	F359_hzzz_	ATARIST.H	missing	unmapped_or_unverified	no exact identifier found by inventory scan
F	0360	F0360_COMMAND_ProcessPendingClick	IIGS.H;COMMAND.C;DEFS.H	referenced-not-verified	referenced_not_verified	exact identifier found by inventory scan; not reviewed as implementation
F	0361	F0361_COMMAND_ProcessKeyPress	ATARIST.H;FMTOWNS.H;IIGS.H;REVIVE.C;COMMAND.C;DEFS.H;GAMELOOP.C;ENTRANCE.C	referenced-not-verified	referenced_not_verified	exact identifier found by inventory scan; not reviewed as implementation
F	361	F361_nzzz_	ATARIST.H	missing	unmapped_or_unverified	no exact identifier found by inventory scan
F	0362	F0362_COMMAND_HighlightBoxEnable	IIGS.H;CLIKMENU.C;DEFS.H	implemented_narrow	implemented_narrow	src/dm1/dm1_v1_command_highlight_box_enable_pc34_compat.c; source zone/highlight transaction, focused CTest
F	0363	F0363_COMMAND_HighlightBoxDisable	ATARIST.H;FMTOWNS.H;IIGS.H;MENU.C;CLIKMENU.C;DEFS.H;GAMELOOP.C;STARTUP2.C;ENDGAME.C	referenced-not-verified	referenced_not_verified	exact identifier found by inventory scan; not reviewed as implementation
F	363	F363_pzzz_	ATARIST.H	missing	unmapped_or_unverified	no exact identifier found by inventory scan
F	0364	F0364_COMMAND_TakeStairs	IIGS.H;CLIKMENU.C;DEFS.H	referenced-not-verified	referenced_not_verified	exact identifier found by inventory scan; not reviewed as implementation
F	0365	F0365_COMMAND_ProcessTypes1To2_TurnParty	FMTOWNS.H;IIGS.H;COMMAND.C;CLIKMENU.C;DEFS.H	referenced-not-verified	referenced_not_verified	exact identifier found by inventory scan; not reviewed as implementation
F	0366	F0366_COMMAND_ProcessTypes3To6_MoveParty	FMTOWNS.H;IIGS.H;COMMAND.C;CLIKMENU.C;DEFS.H	referenced-not-verified	referenced_not_verified	exact identifier found by inventory scan; not reviewed as implementation
F	0367	F0367_COMMAND_ProcessTypes12To27_ClickInChampionStatusBox	IIGS.H;COMMAND.C;DEFS.H;CLIKCHAM.C	referenced-not-verified	referenced_not_verified	exact identifier found by inventory scan; not reviewed as implementation
F	0368	F0368_COMMAND_SetLeader	ATARIST.H;FMTOWNS.H;IIGS.H;REVIVE.C;CHAMPRST.C;DEFS.H;CHAMPION.C;CLIKCHAM.C	referenced-not-verified	referenced_not_verified	exact identifier found by inventory scan; not reviewed as implementation
F	368	F368_fzzz_	ATARIST.H	missing	unmapped_or_unverified	no exact identifier found by inventory scan
F	0369	F0369_COMMAND_ProcessTypes101To108_ClickInSpellSymbolsArea_CPSE	IIGS.H;CLIKMENU.C;DEFS.H	referenced-not-verified	referenced_not_verified	exact identifier found by inventory scan; not reviewed as implementation
F	0370	F0370_COMMAND_ProcessType100_ClickInSpellArea_CPSE	FMTOWNS.H;IIGS.H;COMMAND.C;CLIKMENU.C;DEFS.H	referenced-not-verified	referenced_not_verified	exact identifier found by inventory scan; not reviewed as implementation
F	0371	F0371_COMMAND_ProcessType111To115_ClickInActionArea_CPSE	FMTOWNS.H;IIGS.H;COMMAND.C;CLIKMENU.C;DEFS.H	referenced-not-verified	referenced_not_verified	exact identifier found by inventory scan; not reviewed as implementation
F	0372	F0372_COMMAND_ProcessType80_ClickInDungeonView_TouchFrontWallSensor	CLIKVIEW.C;IIGS.H;DEFS.H	referenced-not-verified	referenced_not_verified	exact identifier found by inventory scan; not reviewed as implementation
F	0373	F0373_COMMAND_ProcessType80_ClickInDungeonView_GrabLeader	IIGS.H	referenced-not-verified	referenced_not_verified	exact identifier found by inventory scan; not reviewed as implementation
F	0373	F0373_COMMAND_ProcessType80_ClickInDungeonView_GrabLeaderHandObject	CLIKVIEW.C;IIGS.H;DEFS.H	referenced-not-verified	referenced_not_verified	exact identifier found by inventory scan; not reviewed as implementation
F	0374	F0374_COMMAND_ProcessType80_ClickInDungeonView_DropLeaderHandObject	CLIKVIEW.C;IIGS.H;DEFS.H	referenced-not-verified	referenced_not_verified	exact identifier found by inventory scan; not reviewed as implementation
F	0375	F0375_COMMAND_ProcessType80_ClickInDungeonView_IsLeaderHa	IIGS.H	referenced-not-verified	referenced_not_verified	exact identifier found by inventory scan; not reviewed as implementation
F	0375	F0375_COMMAND_ProcessType80_ClickInDungeonView_IsLeaderHandObjectThrown	CLIKVIEW.C;IIGS.H;DEFS.H	referenced-not-verified	referenced_not_verified	exact identifier found by inventory scan; not reviewed as implementation
F	0376	F0376_COMMAND_IsPointInBox	CLIKVIEW.C;IIGS.H;DEFS.H	referenced-not-verified	referenced_not_verified	exact identifier found by inventory scan; not reviewed as implementation
F	0377	F0377_COMMAND_ProcessType80_ClickInDungeonView	FMTOWNS.H;CLIKVIEW.C;IIGS.H;COMMAND.C;DEFS.H	referenced-not-verified	referenced_not_verified	exact identifier found by inventory scan; not reviewed as implementation
F	0378	F0378_COMMAND_ProcessType81_ClickInPanel	IIGS.H;COMMAND.C;DEFS.H	referenced-not-verified	referenced_not_verified	exact identifier found by inventory scan; not reviewed as implementation
F	0379	F0379_COMMAND_DrawRestScreen	ATARIST.H;FMTOWNS.H;IIGS.H;COMMAND.C;DEFS.H;STARTUP2.C	referenced-not-verified	referenced_not_verified	exact identifier found by inventory scan; not reviewed as implementation
F	379	F379_jzzz_	ATARIST.H	missing	unmapped_or_unverified	no exact identifier found by inventory scan
F	0380	F0380_COMMAND_ProcessQueue_CPSC	ATARIST.H;FMTOWNS.H;IIGS.H;REVIVE.C;COMMAND.C;IO.C;DEFS.H;GAMELOOP.C;FLOPPY.C;ENDGAME.C;ENTRANCE.C;DIALOG.C	referenced-not-verified	referenced_not_verified	exact identifier found by inventory scan; not reviewed as implementation
F	380	F380_xzzz_	ATARIST.H	missing	unmapped_or_unverified	no exact identifier found by inventory scan
F	0381	F0381_MENUS_PrintMessageAfterReplacements	IIGS.H;MENU.C;DEFS.H	referenced-not-verified	referenced_not_verified	exact identifier found by inventory scan; not reviewed as implementation
F	0382	F0382_MENUS_GetActionObjectChargeCount	IIGS.H;MENU.C;DEFS.H	referenced-not-verified	referenced_not_verified	exact identifier found by inventory scan; not reviewed as implementation
F	0383	F0383_MENUS_SetActionList	IIGS.H;MENU.C;DEFS.H	missing	unmapped_or_unverified	no exact identifier found by inventory scan
F	0384	F0384_MENUS_GetActionName	FMTOWNS.H;IIGS.H;DEFS.H;ACTIDRAW.C	referenced-not-verified	referenced_not_verified	exact identifier found by inventory scan; not reviewed as implementation
F	0385	F0385_MENUS_DrawActionDamage	FMTOWNS.H;IIGS.H;MENU.C;DEFS.H;ACTIDRAW.C	referenced-not-verified	referenced_not_verified	exact identifier found by inventory scan; not reviewed as implementation
F	0386	F0386_MENUS_DrawActionIcon	ATARIST.H;FMTOWNS.H;IIGS.H;REVIVE.C;CHAMDRAW.C;DEFS.H;ACTIDRAW.C	referenced-not-verified	referenced_not_verified	exact identifier found by inventory scan; not reviewed as implementation
F	386	F386_ezzz_	ATARIST.H	missing	unmapped_or_unverified	no exact identifier found by inventory scan
F	0387	F0387_MENUS_DrawActionArea	ATARIST.H;FMTOWNS.H;IIGS.H;MENU.C;DEFS.H;ACTIDRAW.C;STARTUP2.C	referenced-not-verified	referenced_not_verified	exact identifier found by inventory scan; not reviewed as implementation
F	387	F387_hzzz_	ATARIST.H	missing	unmapped_or_unverified	no exact identifier found by inventory scan
F	0388	F0388_MENUS_ClearActingChampion	ATARIST.H;FMTOWNS.H;IIGS.H;REVIVE.C;MENU.C;CHAMDRAW.C;DEFS.H;CHAMPION.C	referenced-not-verified	referenced_not_verified	exact identifier found by inventory scan; not reviewed as implementation
F	388	F388_rzzz_	ATARIST.H	missing	unmapped_or_unverified	no exact identifier found by inventory scan
F	0389	F0389_MENUS_ProcessCommands116To119_SetActingChampion	FMTOWNS.H;IIGS.H;MENU.C;CLIKMENU.C;DEFS.H	referenced-not-verified	referenced_not_verified	exact identifier found by inventory scan; not reviewed as implementation
F	0390	F0390_MENUS_RefreshActionAreaAndSetChampionDirectionMaximumDamageReceived	ATARIST.H;FMTOWNS.H;IIGS.H;MENU.C;DEFS.H;GAMELOOP.C	referenced-not-verified	referenced_not_verified	exact identifier found by inventory scan; not reviewed as implementation
F	390	F390_rzzz_	ATARIST.H	missing	unmapped_or_unverified	no exact identifier found by inventory scan
F	0391	F0391_MENUS_DidClickTriggerAction	FMTOWNS.H;IIGS.H;MENU.C;CLIKMENU.C;DEFS.H	referenced-not-verified	referenced_not_verified	exact identifier found by inventory scan; not reviewed as implementation
F	0392	F0392_MENUS_BuildSpellAreaLine	CASTER.C;IIGS.H;MENU.C;DEFS.H	referenced-not-verified	referenced_not_verified	exact identifier found by inventory scan; not reviewed as implementation
F	0393	F0393_MENUS_DrawSpellAreaControls	ATARIST.H;CASTER.C;FMTOWNS.H;IIGS.H;SPELDRAW.C;REVIVE.C;DEFS.H;CHAMPION.C	referenced-not-verified	referenced_not_verified	exact identifier found by inventory scan; not reviewed as implementation
F	393	F393_lzzz_	ATARIST.H	missing	unmapped_or_unverified	no exact identifier found by inventory scan
F	0394	F0394_MENUS_SetMagicCasterAndDrawSpellArea	ATARIST.H;CASTER.C;FMTOWNS.H;IIGS.H;REVIVE.C;CHAMPRST.C;CLIKMENU.C;DEFS.H;CHAMPION.C;STARTUP2.C	referenced-not-verified	referenced_not_verified	exact identifier found by inventory scan; not reviewed as implementation
F	394	F394_ozzz_	ATARIST.H	missing	unmapped_or_unverified	no exact identifier found by inventory scan
F	0395	F0395_MENUS_DrawMovementArrows	PANEL.C;ATARIST.H;FMTOWNS.H;IIGS.H;DEFS.H;STARTUP2.C;MENUDRAW.C	referenced-not-verified	referenced_not_verified	exact identifier found by inventory scan; not reviewed as implementation
F	395	F395_pzzz_	ATARIST.H	missing	unmapped_or_unverified	no exact identifier found by inventory scan
F	0396	F0396_MENUS_LoadSpellAreaLinesBitmap	ATARIST.H;IIGS.H;DEFS.H;STARTUP2.C;STARTUP1.C;MENUDRAW.C	referenced-not-verified	referenced_not_verified	exact identifier found by inventory scan; not reviewed as implementation
F	396	F396_pzzz_	ATARIST.H	missing	unmapped_or_unverified	no exact identifier found by inventory scan
F	0397	F0397_MENUS_DrawAvailableSymbols	CASTER.C;FMTOWNS.H;IIGS.H;MENU.C;DEFS.H;SYMBOL.C;MENUDRAW.C	referenced-not-verified	referenced_not_verified	exact identifier found by inventory scan; not reviewed as implementation
F	0398	F0398_MENUS_DrawChampionSymbols	CASTER.C;FMTOWNS.H;IIGS.H;MENU.C;DEFS.H;SYMBOL.C;MENUDRAW.C	referenced-not-verified	referenced_not_verified	exact identifier found by inventory scan; not reviewed as implementation
F	0399	F0399_MENUS_AddChampionSymbol	FMTOWNS.H;IIGS.H;CLIKMENU.C;DEFS.H;SYMBOL.C	referenced-not-verified	referenced_not_verified	exact identifier found by inventory scan; not reviewed as implementation
F	0400	F0400_MENUS_DeleteChampionSymbol	FMTOWNS.H;IIGS.H;CLIKMENU.C;DEFS.H;SYMBOL.C	referenced-not-verified	referenced_not_verified	exact identifier found by inventory scan; not reviewed as implementation
F	0401	F0401_MENUS_IsGroupFrightenedByAction	IIGS.H;MENU.C;DEFS.H	referenced-not-verified	referenced_not_verified	exact identifier found by inventory scan; not reviewed as implementation
F	0402	F0402_MENUS_IsMeleeActionPerformed	IIGS.H;MENU.C;DEFS.H	referenced-not-verified	referenced_not_verified	exact identifier found by inventory scan; not reviewed as implementation
F	0403	F0403_MENUS_IsPartySpellOrFireShieldSuccessful	IIGS.H;MENU.C;DEFS.H	referenced-not-verified	referenced_not_verified	exact identifier found by inventory scan; not reviewed as implementation
F	0404	F0404_MENUS_CreateEvent70_Light	IIGS.H;MENU.C;DEFS.H	referenced-not-verified	referenced_not_verified	exact identifier found by inventory scan; not reviewed as implementation
F	0405	F0405_MENUS_DecrementCharges	IIGS.H;MENU.C;DEFS.H	referenced-not-verified	referenced_not_verified	exact identifier found by inventory scan; not reviewed as implementation
F	0406	F0406_MENUS_SetChampionDirectionToPartyDirection	IIGS.H;MENU.C;DEFS.H	referenced-not-verified	referenced_not_verified	exact identifier found by inventory scan; not reviewed as implementation
F	0407	F0407_MENUS_IsActionPerformed	IIGS.H;MENU.C;DEFS.H;GAMELOOP.C	referenced-not-verified	referenced_not_verified	exact identifier found by inventory scan; not reviewed as implementation
F	0408	F0408_MENUS_GetClickOnSpellCastResult	FMTOWNS.H;IIGS.H;MENU.C;CLIKMENU.C;DEFS.H	referenced-not-verified	referenced_not_verified	exact identifier found by inventory scan; not reviewed as implementation
F	0409	F0409_MENUS_GetSpellFromSymbols	IIGS.H;MENU.C;DEFS.H	referenced-not-verified	referenced_not_verified	exact identifier found by inventory scan; not reviewed as implementation
F	0410	F0410_MENUS_PrintSpellFailureMessage	FMTOWNS.H;IIGS.H;MENU.C;SPELFAIL.C;DEFS.H	referenced-not-verified	referenced_not_verified	exact identifier found by inventory scan; not reviewed as implementation
F	0411	F0411_MENUS_GetEmptyFlaskInHand	IIGS.H;MENU.C;DEFS.H	referenced-not-verified	referenced_not_verified	exact identifier found by inventory scan; not reviewed as implementation
F	0412	F0412_MENUS_GetChampionSpellCastResult	PANEL.C;FMTOWNS.H;IIGS.H;MENU.C;DEFS.H	referenced-not-verified	referenced_not_verified	exact identifier found by inventory scan; not reviewed as implementation
F	0413	F0413_CPSC_GetChecksumEor	ATARIST.H;IIGS.H;DEFS.H;SOUND.C;MOVESENS.C;COPYPRO8.C	referenced-not-verified	referenced_not_verified	exact identifier found by inventory scan; not reviewed as implementation
F	413	F413_AA08_	ATARIST.H	missing	unmapped_or_unverified	no exact identifier found by inventory scan
F	0414	F0414_SAVEUTIL_ReplaceTildeByDriveLetterInString	REQDISK.C;LOADSAVE.C;SAVEPATH.C;IIGS.H;DEFS.H	referenced-not-verified	referenced_not_verified	exact identifier found by inventory scan; not reviewed as implementation
F	0415	F0415_SAVEUTIL_IsReadBytesSuccessful	SAVEHEAD.C;LOADSAVE.C;IIGS.H;READWRIT.C;DEFS.H	referenced-not-verified	referenced_not_verified	exact identifier found by inventory scan; not reviewed as implementation
F	0416	F0416_SAVEUTIL_IsWriteBytesSuccessful	SAVEHEAD.C;LOADSAVE.C;IIGS.H;READWRIT.C;DEFS.H	referenced-not-verified	referenced_not_verified	exact identifier found by inventory scan; not reviewed as implementation
F	0417	F0417_SAVEUTIL_GetChecksumAndObfuscate	SAVEHEAD.C;IIGS.H;READWRIT.C;DEFS.H	referenced-not-verified	referenced_not_verified	exact identifier found by inventory scan; not reviewed as implementation
F	0418	F0418_SAVEUTIL_GetChecksum	LOADSAVE.C;IIGS.H;READWRIT.C;DEFS.H	referenced-not-verified	referenced_not_verified	exact identifier found by inventory scan; not reviewed as implementation
F	0419	F0419_SAVEUTIL_IsReadObfuscatedBytesAndValidateChecksumSuccessful	LOADSAVE.C;IIGS.H;READWRIT.C;DEFS.H	referenced-not-verified	referenced_not_verified	exact identifier found by inventory scan; not reviewed as implementation
F	0420	F0420_SAVEUTIL_IsWriteObfuscatedSavePartSuccessful	LOADSAVE.C;IIGS.H;READWRIT.C;DEFS.H	referenced-not-verified	referenced_not_verified	exact identifier found by inventory scan; not reviewed as implementation
F	0421	F0421_SAVEUTIL_IsReadBytesWithChecksumSuccessful	LOADSAVE.C;IIGS.H;READWRIT.C;DEFS.H	implemented_narrow	implemented_narrow	src/dm1/dm1_v1_original_save_pc34_handoff.c; staged byte-read and 16-bit running checksum, focused original-save CTest
F	0422	F0422_SAVEUTIL_IsWriteBytesWithChecksumSuccessful	LOADSAVE.C;IIGS.H;READWRIT.C;DEFS.H	referenced-not-verified	referenced_not_verified	exact identifier found by inventory scan; not reviewed as implementation
F	0423	F0423_SAVEUTIL_FixClonedThings	LOADSAVE.C;IIGS.H;READWRIT.C;DEFS.H	referenced-not-verified	referenced_not_verified	exact identifier found by inventory scan; not reviewed as implementation
F	0424	F0424_DIALOG_GetChoice	REQDISK.C;LOADSAVE.C;FMTOWNS.H;IIGS.H;DEFS.H;STARTUP2.C;DIALOG.C	referenced-not-verified	referenced_not_verified	exact identifier found by inventory scan; not reviewed as implementation
F	0425	F0425_DIALOG_PrintCenteredChoice	IIGS.H;DEFS.H;DIALOG.C	referenced-not-verified	referenced_not_verified	exact identifier found by inventory scan; not reviewed as implementation
F	0426	F0426_DIALOG_IsMessageOnTwoLines	IIGS.H;DEFS.H;DIALOG.C	referenced-not-verified	referenced_not_verified	exact identifier found by inventory scan; not reviewed as implementation
F	0427	F0427_DIALOG_Draw	REQDISK.C;LOADSAVE.C;FMTOWNS.H;IIGS.H;DEFS.H;STARTUP2.C;DIALOG.C	referenced-not-verified	referenced_not_verified	exact identifier found by inventory scan; not reviewed as implementation
F	0428	F0428_DIALOG_RequireGameDiskInDrive_NoDialogDrawn	ATARIST.H;REQDISK.C;LOADSAVE.C;MEMORY.C;FMTOWNS.H;DUNVIEW.C;IIGS.H;DEFS.H;NEWMAP.C;GAMELOOP.C;STARTUP2.C;ENDGAME.C	referenced-not-verified	referenced_not_verified	exact identifier found by inventory scan; not reviewed as implementation
F	428	F428_AA39_	ATARIST.H	missing	unmapped_or_unverified	no exact identifier found by inventory scan
F	0429	F0429_STARTEND_IsReadSaveHeaderSuccessful	SAVEHEAD.C;LOADSAVE.C;IIGS.H;DEFS.H	referenced-not-verified	referenced_not_verified	exact identifier found by inventory scan; not reviewed as implementation
F	0430	F0430_STARTEND_IsWriteObfuscatedSaveHeaderSuccessful	SAVEHEAD.C;LOADSAVE.C;IIGS.H;DEFS.H	referenced-not-verified	referenced_not_verified	exact identifier found by inventory scan; not reviewed as implementation
F	0431	F0431_STARTEND_GetDarkenedColor	DARKCOLR.C;IIGS.H;DEFS.H;ENDGAME.C	referenced-not-verified	referenced_not_verified	exact identifier found by inventory scan; not reviewed as implementation
F	0432	F0432_STARTEND_FormatDiskMenu	LOADSAVE.C;IIGS.H;DEFS.H	referenced-not-verified	referenced_not_verified	exact identifier found by inventory scan; not reviewed as implementation
F	0433	F0433_STARTEND_ProcessCommand140_SaveGame_CPSCDF	ATARIST.H;LOADSAVE.C;FMTOWNS.H;IIGS.H;COMMAND.C;DEFS.H;MOVESENS.C	referenced-not-verified	referenced_not_verified	exact identifier found by inventory scan; not reviewed as implementation
F	433	F433_AA39_	ATARIST.H	missing	unmapped_or_unverified	no exact identifier found by inventory scan
F	0434	F0434_STARTEND_IsLoadDungeonSuccessful_CPSC	LOADSAVE.C;IIGS.H;DEFS.H	referenced-not-verified	referenced_not_verified	exact identifier found by inventory scan; not reviewed as implementation
F	0435	F0435_STARTEND_LoadGame	LOADSAVE.C;FMTOWNS.H;IIGS.H;DEFS.H;STARTUP2.C;ENDGAME.C;STARTUP1.C	referenced-not-verified	referenced_not_verified	exact identifier found by inventory scan; not reviewed as implementation
F	0436	F0436_STARTEND_FadeToPalette	PALETTE.C;PRIM1.C;LOADSAVE.C;CEDTINCI.C;ANIM.C;IIGS.H;DEFS.H;SWITCH.C;TIMELINE.C;STARTUP2.C;ENDGAME.C;ENTRANCE.C;TITLE.C;DIALOG.C	referenced-not-verified	referenced_not_verified	exact identifier found by inventory scan; not reviewed as implementation
F	0437	F0437_STARTEND_DrawTitle	FMTOWNS.H;IIGS.H;DEFS.H;STARTUP2.C;TITLE.C;STARTUP1.C	referenced-not-verified	referenced_not_verified	exact identifier found by inventory scan; not reviewed as implementation
F	0438	F0438_STARTEND_OpenEntranceDoors	IIGS.H;DEFS.H;ENTRANCE.C	referenced-not-verified	referenced_not_verified	exact identifier found by inventory scan; not reviewed as implementation
F	0439	F0439_STARTEND_DrawEntrance	IIGS.H;DEFS.H;ENTRANCE.C	referenced-not-verified	referenced_not_verified	exact identifier found by inventory scan; not reviewed as implementation
F	0440	F0440_STARTEND_GetTemporarilyLoadedGraphicByteCount	MEMORY.C;IIGS.H;DEFS.H;IMAGE.C;ENTRANCE.C	referenced-not-verified	referenced_not_verified	exact identifier found by inventory scan; not reviewed as implementation
F	0441	F0441_STARTEND_ProcessEntrance	FMTOWNS.H;IIGS.H;DEFS.H;STARTUP2.C;ENTRANCE.C;STARTUP1.C	referenced-not-verified	referenced_not_verified	exact identifier found by inventory scan; not reviewed as implementation
F	0442	F0442_STARTEND_ProcessCommand202_EntranceDrawCredits	ATARIST.H;FMTOWNS.H;IIGS.H;COMMAND.C;DEFS.H;ENTRANCE.C	referenced-not-verified	referenced_not_verified	exact identifier found by inventory scan; not reviewed as implementation
F	442	F442_AA08_	ATARIST.H	missing	unmapped_or_unverified	no exact identifier found by inventory scan
F	0443	F0443_STARTEND_EndgamePrintString	IIGS.H;DEFS.H;ENDGAME.C	referenced-not-verified	referenced_not_verified	exact identifier found by inventory scan; not reviewed as implementation
F	0444	F0444_STARTEND_Endgame	ATARIST.H;LOADSAVE.C;FMTOWNS.H;IIGS.H;DEFS.H;GAMELOOP.C;TIMELINE.C;STARTUP2.C;ENDGAME.C;IO2.C	referenced-not-verified	referenced_not_verified	exact identifier found by inventory scan; not reviewed as implementation
F	444	F444_AA29_	ATARIST.H	missing	unmapped_or_unverified	no exact identifier found by inventory scan
F	0445	F0445_STARTEND_FuseSequenceUpdate	IIGS.H;DEFS.H;ENDGAME.C	referenced-not-verified	referenced_not_verified	exact identifier found by inventory scan; not reviewed as implementation
F	0446	F0446_STARTEND_FuseSequence	ATARIST.H;FMTOWNS.H;IIGS.H;DEFS.H;ENDGAME.C;PROJEXPL.C	referenced-not-verified	referenced_not_verified	exact identifier found by inventory scan; not reviewed as implementation
F	446	F446_zzzz_	ATARIST.H	missing	unmapped_or_unverified	no exact identifier found by inventory scan
F	0447	F0447_STARTEND_HangIfFalse_CPSA	IIGS.H;DEFS.H;STARTUP2.C;ENDGAME.C;STARTUP1.C	referenced-not-verified	referenced_not_verified	exact identifier found by inventory scan; not reviewed as implementation
F	0448	F0448_STARTUP1_InitializeMemoryManager_CPSADEF	ATARIST.H;FMTOWNS.H;IIGS.H;DEFS.H;GAMELOOP.C;STARTUP2.C;STARTUP1.C	referenced-not-verified	referenced_not_verified	exact identifier found by inventory scan; not reviewed as implementation
F	448	F448_xxxx_	ATARIST.H	missing	unmapped_or_unverified	no exact identifier found by inventory scan
F	0449	F0449_FLOPPY_IsDiskWriteProtected	IIGS.H;DEFS.H;FLOPPYST.C;FLOPPY.C	referenced-not-verified	referenced_not_verified	exact identifier found by inventory scan; not reviewed as implementation
F	0450	F0450_FLOPPY_ForceMediaChangeDetection	IIGS.H;DEFS.H;FLOPPYST.C;FLOPPY.C	missing	unmapped_or_unverified	no exact identifier found by inventory scan
F	0451	F0451_FLOPPY_Initialize	FMTOWNS.H;IIGS.H;CEDT028.C;DEFS.H;FLOPPY.C;STARTUP2.C;CEDT029.C	missing	unmapped_or_unverified	no exact identifier found by inventory scan
F	0452	F0452_FLOPPY_GetDiskTypeInDrive_CPSB	INPUT.C;REQDISK.C;LOADSAVE.C;FMTOWNS.H;IIGS.H;DEFS.H;FLOPPY.C;STARTUP2.C	referenced-not-verified	referenced_not_verified	exact identifier found by inventory scan; not reviewed as implementation
F	0453	F0453_FLOPPY_IsFormatDiskSuccessful	LOADSAVE.C;FMTOWNS.H;IIGS.H;DEFS.H;UTIO.C;FLOPPY.C;CEDTINC7.C	referenced-not-verified	referenced_not_verified	exact identifier found by inventory scan; not reviewed as implementation
F	0454	F0454_FLOPPY_IsSaveDiskTypeInSaveDiskDrive	LOADSAVE.C;FMTOWNS.H;IIGS.H;DEFS.H;FLOPPY.C	referenced-not-verified	referenced_not_verified	exact identifier found by inventory scan; not reviewed as implementation
F	0455	F0455_FLOPPY_DecompressDungeon	LOADSAVE.C;IIGS.H;DEFS.H;DECOMPDU.C	referenced-not-verified	referenced_not_verified	exact identifier found by inventory scan; not reviewed as implementation
F	0456	F0456_START_DrawDisabledMenus	ATARIST.H;REQDISK.C;LOADSAVE.C;FMTOWNS.H;IIGS.H;REVIVE.C;COMMAND.C;DEFS.H;GAMELOOP.C;STARTUP2.C	referenced-not-verified	referenced_not_verified	exact identifier found by inventory scan; not reviewed as implementation
F	456	F456_vzzz_	ATARIST.H	missing	unmapped_or_unverified	no exact identifier found by inventory scan
F	0457	F0457_START_DrawEnabledMenus_CPSF	ATARIST.H;LOADSAVE.C;FMTOWNS.H;IIGS.H;REVIVE.C;COMMAND.C;DEFS.H;CHAMPION.C;GAMELOOP.C;STARTUP2.C	referenced-not-verified	referenced_not_verified	exact identifier found by inventory scan; not reviewed as implementation
F	457	F457_AA08_	ATARIST.H	missing	unmapped_or_unverified	no exact identifier found by inventory scan
F	0458	F0458_START_GetCommandLineParameters_CPSA	IIGS.H;DEFS.H;STARTUP2.C;STARTUP1.C	missing	unmapped_or_unverified	no exact identifier found by inventory scan
F	0459	F0459_START_GetScaledBitmapByteCount	FMTOWNS.H;DUNVIEW.C;BMPSIZE.C;IIGS.H;DEFS.H;STARTUP2.C	missing	unmapped_or_unverified	no exact identifier found by inventory scan
F	0460	F0460_START_InitializeGraphicData	IIGS.H;DEFS.H;STARTUP2.C;STARTUP1.C	referenced-not-verified	referenced_not_verified	exact identifier found by inventory scan; not reviewed as implementation
F	0461	F0461_START_AllocateFlippedWallBitmaps	ATARIST.H;MEMORY.C;FMTOWNS.H;IIGS.H;DEFS.H;STARTUP2.C	referenced-not-verified	referenced_not_verified	exact identifier found by inventory scan; not reviewed as implementation
F	461	F461_AA08_	ATARIST.H	missing	unmapped_or_unverified	no exact identifier found by inventory scan
F	0462	F0462_START_StartGame_CPSEF	FMTOWNS.H;DUNVIEW.C;IIGS.H;DEFS.H;STARTUP2.C;ENDGAME.C;STARTUP1.C	referenced-not-verified	referenced_not_verified	exact identifier found by inventory scan; not reviewed as implementation
F	0463	F0463_START_InitializeGame_CPSADEF	ATARIST.H;FMTOWNS.H;IIGS.H;DEFS.H;GAMELOOP.C;STARTUP2.C	referenced-not-verified	referenced_not_verified	exact identifier found by inventory scan; not reviewed as implementation
F	463	F463_wzzz_	ATARIST.H	missing	unmapped_or_unverified	no exact identifier found by inventory scan
F	0464	F0464_CPSC_GetChecksumSub	ATARIST.H;COPYPRO9.C;IIGS.H;COMMAND.C;DEFS.H;FLOPPY.C	referenced-not-verified	referenced_not_verified	exact identifier found by inventory scan; not reviewed as implementation
F	464	F464_AA07_	ATARIST.H	missing	unmapped_or_unverified	no exact identifier found by inventory scan
F	0466	F0466_EXPAND_GraphicToBitmap	ATARIST.H;PRIM1.C;GRF1MAIN.C;PRIM.H;ANIM.C;MEMORY.C;FMTOWNS.H;HINTGRAP.C;IIGS.H;DEFS.H;SWITCH.C;GRF1.C;EXPAND.C;IMAGE.C;ANIMLOAD.C;ENDGAME.C;ENTRANCE.C;SWSH.C;DIALOG.C	referenced-not-verified	referenced_not_verified	exact identifier found by inventory scan; not reviewed as implementation
F	466	F466_rzzz_	ATARIST.H;PRIM.H	missing	unmapped_or_unverified	no exact identifier found by inventory scan
F	0467	F0467_MEMORY_GetGraphicOffset	MEMORY.C;IIGS.H;DEFS.H	referenced-not-verified	referenced_not_verified	exact identifier found by inventory scan; not reviewed as implementation
F	0468	F0468_MEMORY_Allocate	PANEL.C;ATARIST.H;GROUP.C;LOADSAVE.C;MEMORY.C;FMTOWNS.H;OBJECT.C;DUNVIEW.C;TEXT2.C;IIGS.H;REVIVE.C;CHAMDRAW.C;READWRIT.C;IO.C;PORTRAIT.C;DEFS.H;ACTIDRAW.C;FLOPPY.C;STARTUP2.C;ENDGAME.C;SOUND.C;TEXT.C;ENTRANCE.C;TITLE.C;DIALOG.C;STARTUP1.C;MENUDRAW.C	referenced-not-verified	referenced_not_verified	exact identifier found by inventory scan; not reviewed as implementation
F	468	F468_ozzz_	ATARIST.H	missing	unmapped_or_unverified	no exact identifier found by inventory scan
F	0469	F0469_MEMORY_FreeAtHeapTop	PANEL.C;ATARIST.H;LOADSAVE.C;MEMORY.C;FMTOWNS.H;BLITMASK.C;OBJECT.C;DUNVIEW.C;TEXT2.C;IIGS.H;REVIVE.C;CHAMDRAW.C;READWRIT.C;IO.C;PORTRAIT.C;DEFS.H;ACTIDRAW.C;IMAGE.C;FLOPPY.C;ENDGAME.C;ENTRANCE.C;TITLE.C;DIALOG.C	referenced-not-verified	referenced_not_verified	exact identifier found by inventory scan; not reviewed as implementation
F	469	F469_rzzz_	ATARIST.H	missing	unmapped_or_unverified	no exact identifier found by inventory scan
F	0470	F0470_MEMORY_FreeAtHeapBottom	ATARIST.H;LOADSAVE.C;MEMORY.C;FMTOWNS.H;COORD.C;IIGS.H;DEFS.H	referenced-not-verified	referenced_not_verified	exact identifier found by inventory scan; not reviewed as implementation
F	470	F470_xzzz_	ATARIST.H	missing	unmapped_or_unverified	no exact identifier found by inventory scan
F	0471	F0471_CACHE_RemoveUnusedBlock	MEMORY.C;IIGS.H;DEFS.H	referenced-not-verified	referenced_not_verified	exact identifier found by inventory scan; not reviewed as implementation
F	0472	F0472_CACHE_AddUnusedBlock	MEMORY.C;IIGS.H;DEFS.H	referenced-not-verified	referenced_not_verified	exact identifier found by inventory scan; not reviewed as implementation
F	0473	F0473_MEMORY_SortValues	MEMORY.C;IIGS.H;DEFS.H	referenced-not-verified	referenced_not_verified	exact identifier found by inventory scan; not reviewed as implementation
F	0474	F0474_MEMORY_LoadGraphic_CPSDF	MEMORY.C;IIGS.H;DEFS.H	referenced-not-verified	referenced_not_verified	exact identifier found by inventory scan; not reviewed as implementation
F	0475	F0475_MEMORY_Initialize	ATARIST.H;AMIGINIT.C;MEMORY.C;FMTOWNS.H;IIGS.H;DEFS.H;STARTUP2.C;STARTUP1.C	referenced-not-verified	referenced_not_verified	exact identifier found by inventory scan; not reviewed as implementation
F	475	F475_ozzz_	ATARIST.H	missing	unmapped_or_unverified	no exact identifier found by inventory scan
F	0476	F0476_MEMORY_InitializeGraphicMemory	ATARIST.H;MEMORY.C;FMTOWNS.H;IIGS.H;DEFS.H;STARTUP2.C;STARTUP1.C	referenced-not-verified	referenced_not_verified	exact identifier found by inventory scan; not reviewed as implementation
F	476	F476_mzzz_	ATARIST.H	missing	unmapped_or_unverified	no exact identifier found by inventory scan
F	0477	F0477_MEMORY_OpenGraphicsDat_CPSDF	ATARIST.H;MEMORY.C;FMTOWNS.H;DUNVIEW.C;IIGS.H;DEFS.H;FLOPPY.C;STARTUP2.C;ENDGAME.C;STARTUP1.C	referenced-not-verified	referenced_not_verified	exact identifier found by inventory scan; not reviewed as implementation
F	477	F477_izzz_	ATARIST.H	missing	unmapped_or_unverified	no exact identifier found by inventory scan
F	0478	F0478_MEMORY_CloseGraphicsDat_CPSDF	ATARIST.H;MEMORY.C;FMTOWNS.H;DUNVIEW.C;IIGS.H;DEFS.H;FLOPPY.C;STARTUP2.C;ENDGAME.C;ENTRANCE.C;STARTUP1.C	referenced-not-verified	referenced_not_verified	exact identifier found by inventory scan; not reviewed as implementation
F	478	F478_gzzz_	ATARIST.H	missing	unmapped_or_unverified	no exact identifier found by inventory scan
F	0479	F0479_MEMORY_ReadGraphicsDatHeader	ATARIST.H;MEMORY.C;FMTOWNS.H;IIGS.H;DEFS.H;STARTUP2.C;STARTUP1.C	referenced-not-verified	referenced_not_verified	exact identifier found by inventory scan; not reviewed as implementation
F	479	F479_izzz_	ATARIST.H	missing	unmapped_or_unverified	no exact identifier found by inventory scan
F	0480	F0480_CACHE_ReleaseBlock	ATARIST.H;FILLBOX.C;MEMORY.C;FMTOWNS.H;DUNVIEW.C;IIGS.H;DEFS.H;ENDGAME.C;DIALOG.C	referenced-not-verified	referenced_not_verified	exact identifier found by inventory scan; not reviewed as implementation
F	480	F480_AA07_	ATARIST.H	missing	unmapped_or_unverified	no exact identifier found by inventory scan
F	0481	F0481_CACHE_FreeMemory	MEMORY.C;IIGS.H;DEFS.H	referenced-not-verified	referenced_not_verified	exact identifier found by inventory scan; not reviewed as implementation
F	0482	F0482_CACHE_Defragment	MEMORY.C;IIGS.H;DEFS.H	referenced-not-verified	referenced_not_verified	exact identifier found by inventory scan; not reviewed as implementation
F	0483	F0483_CACHE_GetNewBlock	MEMORY.C;IIGS.H;DEFS.H	referenced-not-verified	referenced_not_verified	exact identifier found by inventory scan; not reviewed as implementation
F	0484	F0484_MEMORY_LoadGraphics_CPSDEF	ATARIST.H;MEMORY.C;FMTOWNS.H;DUNVIEW.C;IIGS.H;DEFS.H	referenced-not-verified	referenced_not_verified	exact identifier found by inventory scan; not reviewed as implementation
F	484	F484_gzzz_	ATARIST.H	missing	unmapped_or_unverified	no exact identifier found by inventory scan
F	0485	F0485_CACHE_ResetUsageCounts	MEMORY.C;IIGS.H;DEFS.H	referenced-not-verified	referenced_not_verified	exact identifier found by inventory scan; not reviewed as implementation
F	0486	F0486_MEMORY_AddBlockToUsedList	MEMORY.C;IIGS.H;DEFS.H	referenced-not-verified	referenced_not_verified	exact identifier found by inventory scan; not reviewed as implementation
F	0487	F0487_CACHE_GetBlockAndIncrementUsageCount	MEMORY.C;IIGS.H;DEFS.H	referenced-not-verified	referenced_not_verified	exact identifier found by inventory scan; not reviewed as implementation
F	0488	F0488_MEMORY_ExpandGraphicToBitmap	PANEL.C;ATARIST.H;MEMORY.C;FMTOWNS.H;IIGS.H;DEFS.H	referenced-not-verified	referenced_not_verified	exact identifier found by inventory scan; not reviewed as implementation
F	488	F488_bzzz_	ATARIST.H	missing	unmapped_or_unverified	no exact identifier found by inventory scan
F	0489	F0489_MEMORY_GetNativeBitmapOrGraphic	PANEL.C;ATARIST.H;CASTER.C;MEMORY.C;FMTOWNS.H;OBJECT.C;DUNVIEW.C;COORD.C;IIGS.H;REVIVE.C;CHAMDRAW.C;IO.C;BASE.C;DEFS.H;ACTIDRAW.C;CHAMPION.C;SOUND.C;CHEST.C;MENUDRAW.C	referenced-not-verified	referenced_not_verified	exact identifier found by inventory scan; not reviewed as implementation
F	489	F489_ayzz_	ATARIST.H	missing	unmapped_or_unverified	no exact identifier found by inventory scan
F	0490	F0490_MEMORY_LoadDecompressAndExpandGraphic	ATARIST.H;MEMORY.C;FMTOWNS.H;OBJECT.C;DUNVIEW.C;COORD.C;IIGS.H;MENU.C;DEFS.H;STARTUP2.C;ENDGAME.C;SOUND.C;TEXT.C;ENTRANCE.C;TITLE.C;LANGUAGE.C;MENUDRAW.C	referenced-not-verified	referenced_not_verified	exact identifier found by inventory scan; not reviewed as implementation
F	490	F490_lzzz_	ATARIST.H	missing	unmapped_or_unverified	no exact identifier found by inventory scan
F	0491	F0491_CACHE_IsDerivedBitmapInCache	ATARIST.H;FILLBOX.C;MEMORY.C;FMTOWNS.H;DUNVIEW.C;IIGS.H;BASE.C;DEFS.H;ACTIDRAW.C;ENDGAME.C;DIALOG.C	referenced-not-verified	referenced_not_verified	exact identifier found by inventory scan; not reviewed as implementation
F	491	F491_xzzz_	ATARIST.H	missing	unmapped_or_unverified	no exact identifier found by inventory scan
F	0492	F0492_CACHE_GetDerivedBitmap	ATARIST.H;FILLBOX.C;MEMORY.C;FMTOWNS.H;DUNVIEW.C;IIGS.H;BASE.C;DEFS.H;ACTIDRAW.C;ENDGAME.C;DIALOG.C	referenced-not-verified	referenced_not_verified	exact identifier found by inventory scan; not reviewed as implementation
F	492	F492_mzzz_	ATARIST.H	missing	unmapped_or_unverified	no exact identifier found by inventory scan
F	0493	F0493_CACHE_AddDerivedBitmap	ATARIST.H;FILLBOX.C;MEMORY.C;FMTOWNS.H;DUNVIEW.C;IIGS.H;BASE.C;DEFS.H;ACTIDRAW.C;ENDGAME.C;DIALOG.C	referenced-not-verified	referenced_not_verified	exact identifier found by inventory scan; not reviewed as implementation
F	493	F493_hzzz_	ATARIST.H	missing	unmapped_or_unverified	no exact identifier found by inventory scan
F	0494	F0494_MEMORY_GetGraphicDecompressedByteCount	ATARIST.H;MEMORY.C;FMTOWNS.H;OBJECT.C;COORD.C;IIGS.H;MENU.C;DEFS.H;STARTUP2.C;ENDGAME.C;SOUND.C;ENTRANCE.C;LANGUAGE.C	referenced-not-verified	referenced_not_verified	exact identifier found by inventory scan; not reviewed as implementation
F	494	F494_ozzz_	ATARIST.H	missing	unmapped_or_unverified	no exact identifier found by inventory scan
F	0495	F0495_LZW_GetNextInputCode	LZW.C;IIGS.H;DEFS.H;HINTLZW.C	referenced-not-verified	referenced_not_verified	exact identifier found by inventory scan; not reviewed as implementation
F	0496	F0496_LZW_OutputCharacter	LZW.C;IIGS.H;DEFS.H;HINTLZW.C	implemented_narrow	implemented_narrow	src/csb/csb_v1_f0496_lzw_output_character_pc34_compat.c; source LZW repeat-escape emitter, focused CTest
F	0497	F0497_LZW_Decompress	ATARIST.H;MEMORY.C;LZW.C;IIGS.H;HINTHTC.C;DEFS.H;HINTLZW.C	referenced-not-verified	referenced_not_verified	exact identifier found by inventory scan; not reviewed as implementation
F	497	F497_pzzz_	ATARIST.H	missing	unmapped_or_unverified	no exact identifier found by inventory scan
F	0500	F0500__MAIN_ConfigurePorts	AMIGA.H;_MAIN.C	referenced-not-verified	referenced_not_verified	exact identifier found by inventory scan; not reviewed as implementation
F	0501	F0501_SOUND_Deinitialize	AMIGA.H;SOUND.C;STARTUP1.C	referenced-not-verified	referenced_not_verified	exact identifier found by inventory scan; not reviewed as implementation
F	0502	F0502_SOUND_CompareVolumes	AMIGA.H;SOUND.C	referenced-not-verified	referenced_not_verified	exact identifier found by inventory scan; not reviewed as implementation
F	0503	F0503_SOUND_LoadAll	AMIGA.H;SOUND.C;STARTUP1.C	referenced-not-verified	referenced_not_verified	exact identifier found by inventory scan; not reviewed as implementation
F	0504	F0504_SOUND_ReadSecondSector_CPSD	AMIGA.H;GRAPH538.C;SOUND.C	referenced-not-verified	referenced_not_verified	exact identifier found by inventory scan; not reviewed as implementation
F	0505	F0505_SOUND_GetVolume	AMIGA.H;IIGS.H;SOUND.C	referenced-not-verified	referenced_not_verified	exact identifier found by inventory scan; not reviewed as implementation
F	0506	F0506_AMIGA_AllocateData	AMIGA.H;STARTUP2.C;STARTUP1.C	referenced-not-verified	referenced_not_verified	exact identifier found by inventory scan; not reviewed as implementation
F	0507	F0507_AMIGA_DeinitializeAndInfiniteLoop	AMIGA.H;VBLANK.C;LOADSAVE.C;IO.C;SCRLMGMT.C;ENDGAME.C;COPYPROA.C;STARTUP1.C	referenced-not-verified	referenced_not_verified	exact identifier found by inventory scan; not reviewed as implementation
F	0508	F0508_AMIGA_BuildPaletteChangeCopperList	EXEC.C;AMIGA.H;PALETTE.C;STARTUP2.C;SWSH.C;VIEWPORT.C;STARTUP1.C	referenced-not-verified	referenced_not_verified	exact identifier found by inventory scan; not reviewed as implementation
F	0509	F0509_AMIGA_FillScreen	AMIGA.H;PALETTE.C;FILLBOX.C;DEFS.H;ENDGAME.C;TITLE.C;STARTUP1.C	referenced-not-verified	referenced_not_verified	exact identifier found by inventory scan; not reviewed as implementation
F	0510	F0510_AMIGA_WaitBottomOfViewPort	AMIGA.H;DRAWVIEW.C;IO.C;TITLE.C;STARTUP1.C;SCRLTASK.C	referenced-not-verified	referenced_not_verified	exact identifier found by inventory scan; not reviewed as implementation
F	0511	F0511_AMIGA_EmptyFunction	AMIGA.H;STARTUP2.C;STARTUP1.C	referenced-not-verified	referenced_not_verified	exact identifier found by inventory scan; not reviewed as implementation
F	0512	F0512_STARTUP1_IsAltKeyPressed	AMIGA.H;STARTUP2.C;STARTUP1.C	referenced-not-verified	referenced_not_verified	exact identifier found by inventory scan; not reviewed as implementation
F	0513	F0513_DIALOG_DrawGameReadyToPlay_Unreferenced	AMIGA.H;DIALOG.C	referenced-not-verified	referenced_not_verified	exact identifier found by inventory scan; not reviewed as implementation
F	0514	F0514_MOVE_GetSound	AMIGA.H;GROUP.C;IIGS.H;DEFS.H;MOVESENS.C	referenced-not-verified	referenced_not_verified	exact identifier found by inventory scan; not reviewed as implementation
F	0515	F0515_CHAMPION_ConvertPortraitsToAtariSTPlanar	AMIGA.H;LOADSAVE.C;PORTRAIT.C	referenced-not-verified	referenced_not_verified	exact identifier found by inventory scan; not reviewed as implementation
F	0516	F0516_CHAMPION_ConvertPortraitsFromAtariSTPlanar	AMIGA.H;LOADSAVE.C;PORTRAIT.C	referenced-not-verified	referenced_not_verified	exact identifier found by inventory scan; not reviewed as implementation
F	0517	F0517_MENUS_AllocateSpellAreaBitmaps	AMIGA.H;STARTUP1.C;MENUDRAW.C	referenced-not-verified	referenced_not_verified	exact identifier found by inventory scan; not reviewed as implementation
F	0518	F0518_FLOPPY_Deinitialize_CPSX	EXEC.C;AMIGA.H;AMIGINIT.C;FLOPPYAM.C;FIO1.C;HINT001.C;UTIO.C;CNFG.C;STARTUP1.C	missing	unmapped_or_unverified	no exact identifier found by inventory scan
F	0519	F0519_FLOPPY_GetFormatResult	AMIGA.H;FLOPPYAM.C;FIO1.C;UTIO.C;FLOPPY.C	missing	unmapped_or_unverified	no exact identifier found by inventory scan
F	0520	F0520_FLOPPY_GetSectorChecksum	AMIGA.H;FLOPPYAM.C	missing	unmapped_or_unverified	no exact identifier found by inventory scan
F	0521	F0521_FLOPPY_GetIOError	AMIGA.H;FLOPPYAM.C	missing	unmapped_or_unverified	no exact identifier found by inventory scan
F	0522	F0522_FLOPPY_SendDosPacket	AMIGA.H;FLOPPYAM.C	missing	unmapped_or_unverified	no exact identifier found by inventory scan
F	0523	F0523_FLOPPY_InhibitFileSystem	AMIGA.H;FLOPPYAM.C	missing	unmapped_or_unverified	no exact identifier found by inventory scan
F	0524	F0524_FLOPPY_OpenTrackdiskDevice	AMIGA.H;FLOPPYAM.C;FLOPPY.C;CNFG.C	missing	unmapped_or_unverified	no exact identifier found by inventory scan
F	0525	F0525_FLOPPY_GetWriteProtectionState	AMIGA.H;FLOPPYAM.C;FLOPPY.C	missing	unmapped_or_unverified	no exact identifier found by inventory scan
F	0526	F0526_FLOPPY_DoTrackdiskDeviceIO	AMIGA.H;FLOPPYAM.C;CNFG.C	referenced-not-verified	referenced_not_verified	exact identifier found by inventory scan; not reviewed as implementation
F	0527	F0527_FLOPPY_ReadFuzzySector_CPSX	AMIGA.H;FLOPPYAM.C;MEMORY.C;IIGS.H;IO.C;DEFS.H;NEWMAP.C;STARTUP2.C;SOUND.C;IO2.C	referenced-not-verified	referenced_not_verified	exact identifier found by inventory scan; not reviewed as implementation
F	0528	F0528_FLOPPY_Eject	AMIGA.H;REQDISK.C;LOADSAVE.C;IIGS.H;FLOPPY.C	referenced-not-verified	referenced_not_verified	exact identifier found by inventory scan; not reviewed as implementation
F	0529	F0529_FLOPPY_IsFloppyInDrive	AMIGA.H;FMTOWNS.H;IIGS.H;DEFS.H;FLOPPY.C;DIALOG.C	referenced-not-verified	referenced_not_verified	exact identifier found by inventory scan; not reviewed as implementation
F	0530	F0530_FLOPPY_DirectoryExists	AMIGA.H;CEDTINCC.C;UTIO.C;FLOPPY.C	missing	unmapped_or_unverified	no exact identifier found by inventory scan
F	0531	F0531_FLOPPY_CompareVolumeName	AMIGA.H;FLOPPY.C	missing	unmapped_or_unverified	no exact identifier found by inventory scan
F	0532	F0532_FLOPPY_GetVolumeInfoData	AMIGA.H;FLOPPY.C	missing	unmapped_or_unverified	no exact identifier found by inventory scan
F	0533	F0533_FLOPPY_WriteSavedGameInfoFiles	AMIGA.H;LOADSAVE.C;FLOPPY.C;IO2.C	referenced-not-verified	referenced_not_verified	exact identifier found by inventory scan; not reviewed as implementation
F	0534	F0534_FLOPPY_GetFileSize	AMIGA.H;LOADSAVE.C;MEMORY.C;FLOPPY.C	referenced-not-verified	referenced_not_verified	exact identifier found by inventory scan; not reviewed as implementation
F	0535	F0535_MEMORY_GetGraphicsDatFileSize	AMIGA.H;MEMORY.C;STARTUP1.C	referenced-not-verified	referenced_not_verified	exact identifier found by inventory scan; not reviewed as implementation
F	0536	F0536_INPUT_Initialize	AMIGA.H;INPUT.C;STARTUP2.C;STARTUP1.C	referenced-not-verified	referenced_not_verified	exact identifier found by inventory scan; not reviewed as implementation
F	0537	F0537_INPUT_ReleaseResources	AMIGA.H;INPUT.C	platform-only/non-applicable	platform_boundary_non_applicable	INPUT.C:210-230 / AMIGA.H:338 release Amiga-only input resources; src/dm1/dm1_v1_input_platform_boundary_pc34_compat.c and focused test retain the source boundary without inventing an I34E/I34M host substitute.
F	0538	F0538_INPUT_Deinitialize	AMIGA.H;INPUT.C;AMIGINIT.C;STARTUP1.C	referenced-not-verified	referenced_not_verified	exact identifier found by inventory scan; not reviewed as implementation
F	0539	F0539_INPUT_Cconis	AMIGA.H;INPUT.C;CEDT025.C;ANIM.C;FMTOWNS.H;IIGS.H;REVIVE.C;IO.C;DEFS.H;CEDT026.C;ANIMTOWN.C;SELECTOR.C;ENTRANCE.C;CEDT029.C;IO2.C	referenced-not-verified	referenced_not_verified	exact identifier found by inventory scan; not reviewed as implementation
F	0540	F0540_INPUT_Crawcin	AMIGA.H;INPUT.C;ANIM.C;FMTOWNS.H;IIGS.H;REVIVE.C;BASE.C;DEFS.H;ANIMTOWN.C;SELECTOR.C;ENTRANCE.C;CEDT029.C;IO2.C	referenced-not-verified	referenced_not_verified	exact identifier found by inventory scan; not reviewed as implementation
F	0541	F0541_INPUT_WaitForMouseOrKeyboardActivity	AMIGA.H;INPUT.C;ENDGAME.C	referenced-not-verified	referenced_not_verified	exact identifier found by inventory scan; not reviewed as implementation
F	0543	F0543_INPUT_DeviceInterruptHandler	AMIGA.H;INPUT.C	referenced-not-verified	referenced_not_verified	exact identifier found by inventory scan; not reviewed as implementation
F	0544	F0544_INPUT_ResetPressingEyeOrMouth	AMIGA.H;INPUT.C	platform-only/non-applicable	platform_boundary_non_applicable	INPUT.C:673-701,754-768 / AMIGA.H:345 are Amiga interrupt paths guarded outside I34E/I34M; src/dm1/dm1_v1_input_platform_boundary_pc34_compat.c and focused test retain the boundary without a synthetic mouse-release shim.
F	0545	F0545_MOUSE_AllocateMemory	AMIGA.H;IO.C;STARTUP1.C	referenced-not-verified	referenced_not_verified	exact identifier found by inventory scan; not reviewed as implementation
F	0546	F0546_MOUSE_Deinitialize	AMIGA.H;IO.C;STARTUP1.C	referenced-not-verified	referenced_not_verified	exact identifier found by inventory scan; not reviewed as implementation
F	0547	F0547_MOUSE_SetPointerSprites	AMIGA.H;IO.C	referenced-not-verified	referenced_not_verified	exact identifier found by inventory scan; not reviewed as implementation
F	0548	F0548_MOUSE_HidePointer	AMIGA.H;IO.C;DEFS.H	referenced-not-verified	referenced_not_verified	exact identifier found by inventory scan; not reviewed as implementation
F	0549	F0549_MOUSE_ShowPointer	AMIGA.H;IO.C;DEFS.H;STARTUP2.C	referenced-not-verified	referenced_not_verified	exact identifier found by inventory scan; not reviewed as implementation
F	0550	F0550_VIDEO_FillScreenBox	AMIGA.H;IIGS.H;DEFS.H;BLITFILL.C	missing	unmapped_or_unverified	no exact identifier found by inventory scan
F	0551	F0551_VIDEO_HatchBox_Unreferenced	AMIGA.H;BLITFILL.C	missing	unmapped_or_unverified	no exact identifier found by inventory scan
F	0552	F0552_BASE_DisplayError	AMIGA.H;BASE.C	missing	unmapped_or_unverified	no exact identifier found by inventory scan
F	0553	F0553_TEXT_MESSAGEAREA_MoveCursorToTopLeft	AMIGA.H;FLOPPYAM.C;TEXT.C	referenced-not-verified	referenced_not_verified	exact identifier found by inventory scan; not reviewed as implementation
F	0554	F0554_TEXT_MESSAGEAREA_DeleteLastCharacter_Unreferenced	AMIGA.H;TEXT.C	referenced-not-verified	referenced_not_verified	exact identifier found by inventory scan; not reviewed as implementation
F	0555	F0555_TEXT_AllocateMemory	AMIGA.H;TEXT.C;STARTUP1.C	referenced-not-verified	referenced_not_verified	exact identifier found by inventory scan; not reviewed as implementation
F	0556	F0556_TEXT_Deinitialize	AMIGA.H;TEXT.C;STARTUP1.C	referenced-not-verified	referenced_not_verified	exact identifier found by inventory scan; not reviewed as implementation
F	0557	F0557_SCROLLER_Initialize	AMIGA.H;SCRLMGMT.C;STARTUP1.C	missing	unmapped_or_unverified	no exact identifier found by inventory scan
F	0558	F0558_SCROLLER_CancelInitialize	AMIGA.H;SCRLMGMT.C	missing	unmapped_or_unverified	no exact identifier found by inventory scan
F	0559	F0559_SCROLLER_Deinitialize	AMIGA.H;SCRLMGMT.C;STARTUP1.C	missing	unmapped_or_unverified	no exact identifier found by inventory scan
F	0560	F0560_SCROLLER_SetCommand	AMIGA.H;SCRLMGMT.C;TEXT.C	referenced-not-verified	referenced_not_verified	exact identifier found by inventory scan; not reviewed as implementation
F	0561	F0561_SCROLLER_IsTextScrolling	AMIGA.H;SCRLMGMT.C;TEXT.C	referenced-not-verified	referenced_not_verified	exact identifier found by inventory scan; not reviewed as implementation
F	0562	F0562_SCROLLER_Task	AMIGA.H;SCRLTASK.C	missing	unmapped_or_unverified	no exact identifier found by inventory scan
F	0563	F0563_SCROLLER_UpdateMessageArea	AMIGA.H;SCRLTASK.C	missing	unmapped_or_unverified	no exact identifier found by inventory scan
F	0564	F0564_VIEWPORT_InitializeBitPlanes	AMIGA.H;VIEWPORT.C;STARTUP1.C	referenced-not-verified	referenced_not_verified	exact identifier found by inventory scan; not reviewed as implementation
F	0565	F0565_VIEWPORT_SetPalette	AMIGA.H;DRAWVIEW.C;VIEWPORT.C	referenced-not-verified	referenced_not_verified	exact identifier found by inventory scan; not reviewed as implementation
F	0566	F0566_VIEWPORT_BlitToScreen	AMIGA.H;VIEWPORT.C	referenced-not-verified	referenced_not_verified	exact identifier found by inventory scan; not reviewed as implementation
F	0567	F0567_COPYPROA_InitFloppyInterruptHandler_CPSX	AMIGA.H;AMIGINIT.C;COPYPROA.C;STARTUP1.C	missing	unmapped_or_unverified	no exact identifier found by inventory scan
F	0568	F0568_COPYPROA_CleanupFloppyInterruptHandler_CPSX	AMIGA.H;COPYPROA.C	missing	unmapped_or_unverified	no exact identifier found by inventory scan
F	0569	F0569_COPYPROA_FloppyInterruptHandler_CPSX	AMIGA.H;COPYPROA.C	missing	unmapped_or_unverified	no exact identifier found by inventory scan
F	0571	F0571_COPYPROB_InitializeDiskChangeHandler_CPSX	AMIGA.H;COPYPROB.C;STARTUP1.C	missing	unmapped_or_unverified	no exact identifier found by inventory scan
F	0572	F0572_COPYPROB_ReleaseDiskChangeHandler_CPSX	AMIGA.H;COPYPROB.C	missing	unmapped_or_unverified	no exact identifier found by inventory scan
F	0573	F0573_COPYPROB_DiskChangeHandler_CPSX	AMIGA.H;COPYPROB.C	missing	unmapped_or_unverified	no exact identifier found by inventory scan
F	0575	F0575_VerticalBlank_Initialize	AMIGA.H;AMIGINIT.C;VBLANK.C;ANIM.C;HINT001.C;UTIO.C;STARTUP1.C	referenced-not-verified	referenced_not_verified	exact identifier found by inventory scan; not reviewed as implementation
F	0576	F0576_VerticalBlank_Deinitialize	AMIGA.H;AMIGINIT.C;VBLANK.C;ANIM.C;HINT001.C;UTIO.C;STARTUP1.C	referenced-not-verified	referenced_not_verified	exact identifier found by inventory scan; not reviewed as implementation
F	0577	F0577_VerticalBlank_Handler_CPSDF	AMIGA.H;VBLANK.C	referenced-not-verified	referenced_not_verified	exact identifier found by inventory scan; not reviewed as implementation
F	0579	F0579_ENTRANCE_InitializeBitPlanes	AMIGA.H;ENTRANCE.C	referenced-not-verified	referenced_not_verified	exact identifier found by inventory scan; not reviewed as implementation
F	0580	F0580_ENTRANCE_DrawDoorAnimationStep	AMIGA.H;ENTRANCE.C	referenced-not-verified	referenced_not_verified	exact identifier found by inventory scan; not reviewed as implementation
F	0581	F0581_ENTRANCE_BlitDoors	AMIGA.H;ENTRANCE.C	referenced-not-verified	referenced_not_verified	exact identifier found by inventory scan; not reviewed as implementation
F	0600	F0600_DIALOG_subroutine	DIALOG.C	referenced-not-verified	referenced_not_verified	exact identifier found by inventory scan; not reviewed as implementation
F	0601	F0601_IsWallOrnamentAFountain	PANEL.C;DUNGEON.C;DUNVIEW.C;DEFS.H	referenced-not-verified	referenced_not_verified	exact identifier found by inventory scan; not reviewed as implementation
F	0602	F0602_GetMinimumOverheadMemoryChunk	MEMORY.C	referenced-not-verified	referenced_not_verified	exact identifier found by inventory scan; not reviewed as implementation
F	0603	F0603_AllocateFromTopMemoryChunk	MEMORY.C	referenced-not-verified	referenced_not_verified	exact identifier found by inventory scan; not reviewed as implementation
F	0604	F0604_BackupCurrentMemoryChunkInfo	MEMORY.C	referenced-not-verified	referenced_not_verified	exact identifier found by inventory scan; not reviewed as implementation
F	0605	F0605_RestoreMemoryChunkInfo	MEMORY.C	referenced-not-verified	referenced_not_verified	exact identifier found by inventory scan; not reviewed as implementation
F	0606	F0606_AllocateMemForGraphic	PANEL.C;LOADSAVE.C;MEMORY.C;OBJECT.C;DUNVIEW.C;TEXT2.C;CHAMDRAW.C;IO.C;PORTRAIT.C;DEFS.H;ACTIDRAW.C;STARTUP2.C;ENTRANCE.C;TITLE.C;DIALOG.C	referenced-not-verified	referenced_not_verified	exact identifier found by inventory scan; not reviewed as implementation
F	0607	F0607_FreeMemForGraphic	PANEL.C;MEMORY.C;DUNVIEW.C;TEXT2.C;CHAMDRAW.C;IO.C;PORTRAIT.C;DEFS.H;ACTIDRAW.C;ENDGAME.C;ENTRANCE.C;TITLE.C;DIALOG.C	referenced-not-verified	referenced_not_verified	exact identifier found by inventory scan; not reviewed as implementation
F	0608	F0608_GetLanguageSpecificGraphicIndex	MEMORY.C;DEFS.H	referenced-not-verified	referenced_not_verified	exact identifier found by inventory scan; not reviewed as implementation
F	0609	F0609_InitializeMemoryArea	MEMORY.C;DEFS.H	referenced-not-verified	referenced_not_verified	exact identifier found by inventory scan; not reviewed as implementation
F	0610	F0610_DefragmentMemoryArea	MEMORY.C	referenced-not-verified	referenced_not_verified	exact identifier found by inventory scan; not reviewed as implementation
F	0611	F0611_MarkGraphicAsUnused	MEMORY.C	referenced-not-verified	referenced_not_verified	exact identifier found by inventory scan; not reviewed as implementation
F	0612	F0612_RemoveGraphic	MEMORY.C	referenced-not-verified	referenced_not_verified	exact identifier found by inventory scan; not reviewed as implementation
F	0613	F0613_AllocateGraphicInMemoryArea	MEMORY.C	referenced-not-verified	referenced_not_verified	exact identifier found by inventory scan; not reviewed as implementation
F	0614	F0614_CopyToMemoryArea	MEMORY.C	referenced-not-verified	referenced_not_verified	exact identifier found by inventory scan; not reviewed as implementation
F	0615	F0615_CopyBitmapDimensions	MEMORY.C;FMTOWNS.H;DUNVIEW.C;BASE.C;DEFS.H;ENTRANCE.C	referenced-not-verified	referenced_not_verified	exact identifier found by inventory scan; not reviewed as implementation
F	0616	F0616_CopyBitmap	MEMORY.C;FMTOWNS.H;DUNVIEW.C;PORTRAIT.C;DEFS.H;ENTRANCE.C;DIALOG.C	referenced-not-verified	referenced_not_verified	exact identifier found by inventory scan; not reviewed as implementation
F	0617	F0617_PrintMemoryUsage	MEMORY.C;COMMAND.C;DEFS.H	referenced-not-verified	referenced_not_verified	exact identifier found by inventory scan; not reviewed as implementation
F	0618	F0618_LoadZone	PANEL.C;FMTOWNS.H;OBJECT.C;DEFS.H	referenced-not-verified	referenced_not_verified	exact identifier found by inventory scan; not reviewed as implementation
F	0619	F0619_GetSlotBoxBorderCoordinates	FMTOWNS.H;OBJECT.C;CHAMDRAW.C;DEFS.H	referenced-not-verified	referenced_not_verified	exact identifier found by inventory scan; not reviewed as implementation
F	0620	F0620_LoadActionNames	MENU.C;DEFS.H;STARTUP2.C	referenced-not-verified	referenced_not_verified	exact identifier found by inventory scan; not reviewed as implementation
F	0621	F0621_ClearChampionIconBox	FMTOWNS.H;REVIVE.C;CHAMDRAW.C;DEFS.H;CHAMPION.C	referenced-not-verified	referenced_not_verified	exact identifier found by inventory scan; not reviewed as implementation
F	0622	F0622_PrepareChampionIconBitmap	FMTOWNS.H;CHAMDRAW.C;IO.C;DEFS.H	referenced-not-verified	referenced_not_verified	exact identifier found by inventory scan; not reviewed as implementation
F	0623	F0623_DrawDamageToChampion_F0320_sub	FMTOWNS.H;CHAMDRAW.C;DEFS.H;CHAMPION.C	referenced-not-verified	referenced_not_verified	exact identifier found by inventory scan; not reviewed as implementation
F	0625	F0625_GetZoneInitializedFromDimensions	OBJECT.C;DUNVIEW.C;COORD.C;DEFS.H	referenced-not-verified	referenced_not_verified	exact identifier found by inventory scan; not reviewed as implementation
F	0626	F0626_GetTemporaryZoneInitializedFromCoordinates	COORD.C;IO.C;DEFS.H;DIALOG.C	referenced-not-verified	referenced_not_verified	exact identifier found by inventory scan; not reviewed as implementation
F	0627	F0627_GetTemporaryZoneInitializedFromDimensions	DUNVIEW.C;COORD.C;REVIVE.C;CHAMDRAW.C;IO.C;BASE.C;DEFS.H;ENTRANCE.C;TITLE.C	referenced-not-verified	referenced_not_verified	exact identifier found by inventory scan; not reviewed as implementation
F	0628	F0628_AddZoneMargin	OBJECT.C;COORD.C;DEFS.H;ENDGAME.C	referenced-not-verified	referenced_not_verified	exact identifier found by inventory scan; not reviewed as implementation
F	0629	F0629_IsPointInZoneIndex	FMTOWNS.H;CLIKVIEW.C;COORD.C;COMMAND.C;CLIKMENU.C;DEFS.H	referenced-not-verified	referenced_not_verified	exact identifier found by inventory scan; not reviewed as implementation
F	0630	F0630_InitBitmapStruct2	FMTOWNS.H;DUNVIEW.C;COORD.C;BASE.C;DEFS.H;TITLE.C	referenced-not-verified	referenced_not_verified	exact identifier found by inventory scan; not reviewed as implementation
F	0631	F0631_GetBitmapPointer	FMTOWNS.H;DUNVIEW.C;COORD.C;DEFS.H;STARTUP2.C;ENDGAME.C	referenced-not-verified	referenced_not_verified	exact identifier found by inventory scan; not reviewed as implementation
F	0632	F0632_COORD_SetNegativeBitmapPointer	FMTOWNS.H;DUNVIEW.C;COORD.C;DEFS.H;STARTUP2.C;TITLE.C;DIALOG.C	referenced-not-verified	referenced_not_verified	exact identifier found by inventory scan; not reviewed as implementation
F	0633	F0633_COORD_SetNegativeBitmapIndex	DUNVIEW.C;COORD.C;DEFS.H	referenced-not-verified	referenced_not_verified	exact identifier found by inventory scan; not reviewed as implementation
F	0634	F0634_GetLayoutRecord	COORD.C	referenced-not-verified	referenced_not_verified	exact identifier found by inventory scan; not reviewed as implementation
F	0636	F0636_GetZoneTopLeftCoordinatesWith1PixelMargin	PANEL.C;FMTOWNS.H;COORD.C;REVIVE.C;DEFS.H	referenced-not-verified	referenced_not_verified	exact identifier found by inventory scan; not reviewed as implementation
F	0637	F0637_GetProportionalZone	PANEL.C;FMTOWNS.H;COORD.C;DEFS.H	referenced-not-verified	referenced_not_verified	exact identifier found by inventory scan; not reviewed as implementation
F	0638	F0638_GetZone	PANEL.C;FMTOWNS.H;DUNVIEW.C;COORD.C;DRAWVIEW.C;CHAMDRAW.C;COMMAND.C;CLIKMENU.C;DEFS.H;BLITFILL.C;DRAWMSGA.C;TEXT.C;ENTRANCE.C;DIALOG.C;INVRTZON.C	referenced-not-verified	referenced_not_verified	exact identifier found by inventory scan; not reviewed as implementation
F	0639	F0639_LoadLayoutRanges	COORD.C	referenced-not-verified	referenced_not_verified	exact identifier found by inventory scan; not reviewed as implementation
F	0640	F0640_LoadLayoutData	COORD.C	referenced-not-verified	referenced_not_verified	exact identifier found by inventory scan; not reviewed as implementation
F	0641	F0641_InitializeLayout	FMTOWNS.H;COORD.C;DEFS.H;STARTUP2.C	referenced-not-verified	referenced_not_verified	exact identifier found by inventory scan; not reviewed as implementation
F	0642	F0642_AllocateFontMemory	FONT.C;FMTOWNS.H;DEFS.H;STARTUP1.C	referenced-not-verified	referenced_not_verified	exact identifier found by inventory scan; not reviewed as implementation
F	0643	F0643_BuildCustomColorsFont	CEDTFNT.C;FONT.C;TEXT2.C	referenced-not-verified	referenced_not_verified	exact identifier found by inventory scan; not reviewed as implementation
F	0644	F0644_PrintTextAlt	FMTOWNS.H;DUNVIEW.C;TEXT2.C;DEFS.H;TEXT.C	referenced-not-verified	referenced_not_verified	exact identifier found by inventory scan; not reviewed as implementation
F	0645	F0645_GetStringPixelDimensions	PANEL.C;FMTOWNS.H;DEFS.H;ENDGAME.C;TEXT.C;DIALOG.C	referenced-not-verified	referenced_not_verified	exact identifier found by inventory scan; not reviewed as implementation
F	0646	F0646_GetLargestPrintableSubString	FMTOWNS.H;DUNVIEW.C;DEFS.H;TEXT.C;DIALOG.C	referenced-not-verified	referenced_not_verified	exact identifier found by inventory scan; not reviewed as implementation
F	0647	F0647_PrintLongForDebugMemory	MEMORY.C;DEFS.H;TEXT.C	referenced-not-verified	referenced_not_verified	exact identifier found by inventory scan; not reviewed as implementation
F	0648	F0648_PrintTextInViewportZone	PANEL.C;FMTOWNS.H;REVIVE.C;CHAMDRAW.C;DEFS.H;TEXT.C	referenced-not-verified	referenced_not_verified	exact identifier found by inventory scan; not reviewed as implementation
F	0649	F0649_PrintCenteredTextToViewportZone	PANEL.C;FMTOWNS.H;COMMAND.C;DEFS.H;TEXT.C;DIALOG.C	referenced-not-verified	referenced_not_verified	exact identifier found by inventory scan; not reviewed as implementation
F	0650	F0650_PrintCenteredTextToScreenZone	FMTOWNS.H;SPELDRAW.C;CHAMDRAW.C;DEFS.H;ACTIDRAW.C;ENDGAME.C;TEXT.C;MENUDRAW.C	referenced-not-verified	referenced_not_verified	exact identifier found by inventory scan; not reviewed as implementation
F	0651	F0651_TIMELINE_InitializeOptimizedManagement	LOADSAVE.C;DEFS.H;TIMELINE.C	referenced-not-verified	referenced_not_verified	exact identifier found by inventory scan; not reviewed as implementation
F	0652	F0652_MergeEvent	TIMELINE.C	implemented-narrow	implemented_narrow	TIMELINE.C F0652 source C05..C10/C01/C02 merge and F0237 deletion over the native owner; no allocation, execution, or DSA
F	0653	F0653_GetBitmapByteCount	FMTOWNS.H;DUNVIEW.C;BASE.C;DEFS.H;ENDGAME.C;TITLE.C	referenced-not-verified	referenced_not_verified	exact identifier found by inventory scan; not reviewed as implementation
F	0654	F0654_Call_F0132_VIDEO_Blit	PANEL.C;FMTOWNS.H;OBJECT.C;DUNVIEW.C;CHAMDRAW.C;IO.C;BASE.C;DEFS.H;ENTRANCE.C	referenced-not-verified	referenced_not_verified	exact identifier found by inventory scan; not reviewed as implementation
F	0655	F0655_CopyBitmapAndFlip	DUNVIEW.C;BASE.C;DEFS.H	implemented-narrow	implemented_narrow	BASE.C F0655 PC34 dimensions-prefix copy plus F0132 flip dispatch; real bitmap and renderer remain caller-owned
F	0656	F0656_BlitBitmapToViewportZoneIndexWithTransparency	FMTOWNS.H;DUNVIEW.C;BASE.C;DEFS.H	implemented-narrow	implemented_narrow	BASE.C F0656 F0635-resolved transparent viewport dispatch; no layout or graphics-data inference
F	0657	F0657_BlitBitmapIndexToViewportZoneWithTransparency	FMTOWNS.H;CHAMDRAW.C;BASE.C;DEFS.H	implemented-narrow	implemented_narrow	BASE.C F0657 PC34 F0630 STRUCT2 origin plus F0132 transparent viewport dispatch with caller-owned real data
F	0658	F0658_BlitBitmapIndexToZoneIndexWithTransparency	PANEL.C;FMTOWNS.H;REVIVE.C;CHAMDRAW.C;BASE.C;DEFS.H;DIALOG.C;CHEST.C	implemented-narrow	implemented_narrow	BASE.C F0658 PC34 F0630 plus F0635 relative-zone offset before F0132 dispatch; no layout or graphic inference
F	0661	F0661_GetShrinkedBitmap	FMTOWNS.H;BASE.C;DEFS.H;ACTIDRAW.C	implemented-narrow	implemented_narrow	BASE.C F0661 source cache-hit/cache-miss F0489/F0492/F0129/F0493 ordering over caller-owned data
F	0662	F0662_ApplyPaletteChanges	FMTOWNS.H;CHAMDRAW.C;IO.C;BASE.C;DEFS.H;ACTIDRAW.C	implemented-narrow	implemented_narrow	BASE.C F0662 in-place F0129 dispatch over caller-owned bitmap/palette data
F	0663	F0663_CopyBitmapWithPaletteChanges	FMTOWNS.H;DUNVIEW.C;IO.C;BASE.C;DEFS.H	implemented-narrow	implemented_narrow	BASE.C F0663 dimensions-prefix copy plus caller-owned F0129 palette dispatch
F	0664	F0664_COMMAND_ProcessType80_ClickInDungeonView_KnockOnFrontWall	CLIKVIEW.C	implemented-narrow	implemented_narrow	CLIKVIEW.C F0664 PC34 wall-click press/sound transaction over caller-owned input/audio state
F	0665	F0665_F0362_sub	CLIKMENU.C	implemented-narrow	implemented_narrow	CLIKMENU.C PC F0362/F0638 zone gate plus F0665 highlight update/invert/vblank route over caller-owned layout/video
F	0666	F0666_endgame	LOADSAVE.C;COMMAND.C;BASE.C;DEFS.H;TIMELINE.C;STARTUP2.C;ENDGAME.C	implemented-narrow	implemented_narrow	ENDGAME.C F0666 PC pointer-hide/double-close/CPSX/nonlocal-transfer handoff over caller-owned state
F	0670	F0670_ReplaceCharacterByString	SAVEPATH.C;STRING.C;DEFS.H;STARTUP2.C	implemented-narrow	implemented_narrow	STRING.C F0670 PC first-character replacement over caller-owned source/replacement/destination strings
F	0671	F0671_ConvertLongToString	STRING.C;DEFS.H;STARTUP2.C;TEXT.C	implemented-narrow	implemented_narrow	STRING.C F0671 PC signed decimal formatting over caller-owned destination string
F	0672	F0672_InitializeAllMouseInput	COMMAND.C;DEFS.H;STARTUP2.C	implemented-narrow	implemented_narrow	COMMAND.C F0672 PC ordered initialization of nine caller-owned mouse-input tables through F0673
F	0673	F0673_SetMouseInputBoxFromZone	COMMAND.C;DEFS.H	implemented-narrow	implemented_narrow	COMMAND.C F0673 PC command-none terminated caller-owned mouse-input zone resolution with -2/-3 offsets and inclusive endpoints
F	0674	F0674_F0128_sub	DUNVIEW.C;DEFS.H	implemented-narrow	implemented_narrow	DUNVIEW.C F0674 PC F0631 graphic lookup and F0653 byte-counted copy into caller-owned viewport bitmap
F	0675	F0675_DUNGEONVIEW_GetScaledBitmap	DUNVIEW.C	implemented-narrow	implemented_narrow	DUNVIEW.C F0675 PC native/derived-cache/temporary bitmap selection and F0129 callback ordering
F	0676	F0676_DrawD3L2	DUNVIEW.C	implemented-narrow	implemented_narrow	DUNVIEW.C F0676 PC D3L2 caller-owned draw dispatcher and ordering
F	0677	F0677_DrawD3R2	DUNVIEW.C	implemented-narrow	implemented_narrow	DUNVIEW.C F0677 PC D3R2 caller-owned draw dispatcher and ordering
F	0678	F0678_DrawD2L2	DUNVIEW.C	implemented-narrow	implemented_narrow	DUNVIEW.C F0678 PC D2L2 wall/teleporter-only dispatcher
F	0679	F0679_DrawD2R2	DUNVIEW.C	implemented-narrow	implemented_narrow	DUNVIEW.C F0679 PC D2R2 wall/teleporter-only dispatcher
F	0680	F0680_CopyPixelsToScreenWithoutTransparency	ANIMIMG.C;IMAGE5.C;IMAGE2.C;NEC816.C;VIDEODRV.C;IMAGE3.C	missing	unmapped_or_unverified	no exact identifier found by inventory scan
F	0681	F0681_CopyPixelLineToScreenWithoutTransparencyFlippedHorizontally	NEC816.C;VIDEODRV.C;IMAGE3.C	referenced-not-verified	referenced_not_verified	exact identifier found by inventory scan; not reviewed as implementation
F	0682	F0682_CopyPixelLineToScreenWithTransparency	NEC816.C;VIDEODRV.C;IMAGE3.C	referenced-not-verified	referenced_not_verified	exact identifier found by inventory scan; not reviewed as implementation
F	0683	F0683_CopyPixelLineToScreenWithTransparencyFlippedHorizontally	NEC816.C;VIDEODRV.C;IMAGE3.C	missing	unmapped_or_unverified	no exact identifier found by inventory scan
F	0684	F0684_Blit	BLIT.C;DEFS.H;NEC816.C;VIDEODRV.C;CEDT027.C;IMAGE3.C	implemented-narrow	implemented_narrow	IMAGE3.C F0684 PC caller-owned dispatcher plus C25 packed-bitmap aperture blit with M104 strides, flips, and transparency
F	0685	F0685_IMG3_LineColorFilling	IMAGE4.C;ANIMIMG.C;SWITCH.C;IMAGE2.C;IMAGE3.C	implemented-narrow	implemented_narrow	IMAGE4.C F0685 PC caller-owned packed-4bpp IMG3 line fill
F	0686	F0686_IMG_CopyFromPreviousLine	ANIMIMG.C;IMAGE2.C	implemented-narrow	implemented_narrow	IMAGE2.C F0686 PC caller-owned packed-pixel previous-line copy
F	0687	F0687_IMG3_GetNibble	IMAGE2.C;IMAGE3.C	implemented-narrow	implemented_narrow	IMAGE2.C F0687 PC caller-owned IMG3 packed-nibble reader
F	0688	F0688_IMG3_GetPixelCount	IMAGE2.C;IMAGE3.C	implemented-narrow	implemented_narrow	IMAGE2.C F0688 PC caller-owned IMG3 run-count decoder
F	0689	F0689_IMG_ExpandGraphicToBitmap	FMTOWNS.H;DEFS.H;SWITCH.C;IMAGE2.C;EXPAND.C;CEDT018.C;SELECTOR.C;SWSH.C;NECIO.C	implemented-narrow	implemented_narrow	IMAGE2.C F0689 PC I34 real IMG3 even-stride expansion over caller-owned source/destination bytes
F	0690	F0690_CopyPixelLineToScreenWithoutTransparency	ANIMIMG.C;SWITCH.C;IMAGE3.C	referenced-not-verified	referenced_not_verified	exact identifier found by inventory scan; not reviewed as implementation
F	0691	F0691_IMG_ExpandGraphicToScreen	DEFS.H;SWITCH.C;EXPAND.C;IMAGE3.C;SELECTOR.C	missing	unmapped_or_unverified	no exact identifier found by inventory scan
F	0692	F0692_FillBox	FILLBOX.C;DEFS.H;CEDT027.C;IMAGE3.C;SELECTOR.C	implemented-narrow	implemented_narrow	FILLBOX.C caller-owned planar F0692 maps to F0135 through redmcsb_f0692_fillbox_f0135_pc34_compat; IMAGE3 packed-raster F0692 remains separately implemented.
F	0693	F0693_WaitVerticalBlank	PALETTE.C;CEDT025.C;VBLANK.C;FMTOWNS.H;DRAWVIEW.C;IIGS.H;CLIKMENU.C;DEFS.H;SWITCH.C;IMAGE.C;ANIMTOWN.C;CEDT027.C;JAPANESE.C;SWSH.C	implemented-narrow	implemented_narrow	DM1 F0693/F0698/F0699 raw-PC34 video receipt requires real raster provenance and a host VBlank delivery before presentation
F	0694	F0694_SetMultipleColorsInPalette	LOADSAVE.C;FMTOWNS.H;DRAWVIEW.C;DEFS.H;SWITCH.C;TIMELINE.C;IMAGE.C;ANIMTOWN.C;STARTUP2.C;CEDT027.C;CEDT018.C;ENDGAME.C;ENTRANCE.C;TITLE.C;SWSH.C;DIALOG.C	referenced-not-verified	referenced_not_verified	exact identifier found by inventory scan; not reviewed as implementation
F	0695	F0695_SetCreatureReplacementColors	FMTOWNS.H;DUNVIEW.C;DRAWVIEW.C;IMAGE.C	referenced-not-verified	referenced_not_verified	exact identifier found by inventory scan; not reviewed as implementation
F	0696	F0696_UpdateMessageArea	FMTOWNS.H;IIGS.H;DEFS.H;DRAWMSGA.C;TEXT.C	referenced-not-verified	referenced_not_verified	exact identifier found by inventory scan; not reviewed as implementation
F	0697	F0697_HatchScreenBox	FMTOWNS.H;BLITFILL.C;IMAGE.C;TOWNSSCR.C	referenced-not-verified	referenced_not_verified	exact identifier found by inventory scan; not reviewed as implementation
F	0698	F0698_InvertBox	FMTOWNS.H;CLIKMENU.C;DEFS.H;IMAGE.C;CEDT027.C;TOWNSSCR.C;INVRTZON.C;CEDTINCN.C;UTILITY.H	implemented-narrow	implemented_narrow	DM1 F0693/F0698/F0699 raw-PC34 video receipt validates the inclusive 320x200 source zone before the host driver inversion
F	0699	F0699_InitVideoInterrupt	CEDT028.C;DEFS.H;IMAGE.C;CEDT027.C;STARTUP1.C	implemented-narrow	implemented_narrow	DM1 F0693/F0698/F0699 raw-PC34 video receipt installs source vector 255 before the accepted inversion and VBlank handoff
F	0700	F0700_TriggerImmediateMouseEvent	PANEL.C;FMTOWNS.H;REVIVE.C;IO.C;DEFS.H;CHAMPION.C	referenced-not-verified	referenced_not_verified	exact identifier found by inventory scan; not reviewed as implementation
F	0702	F0702_BuildObjectMousePointerIcon	FMTOWNS.H;IO.C	referenced-not-verified	referenced_not_verified	exact identifier found by inventory scan; not reviewed as implementation
F	0703	F0703_ReleaseChampionIcon	FMTOWNS.H;COMMAND.C;IO.C;DEFS.H;STARTUP2.C	referenced-not-verified	referenced_not_verified	exact identifier found by inventory scan; not reviewed as implementation
F	0706	F0706_GetMouseState	PANEL.C;CEDT020.C;FMTOWNS.H;CLIKVIEW.C;DRAWVIEW.C;IO.C;DEFS.H;CEDT026.C;SELECTOR.C;IO2.C	referenced-not-verified	referenced_not_verified	exact identifier found by inventory scan; not reviewed as implementation
F	0707	F0707_ResetSoundBufferAddress	DUNVIEW.C;IO.C;DEFS.H;TOWNSIO.C;SOUND.C;ENTRANCE.C	referenced-not-verified	referenced_not_verified	exact identifier found by inventory scan; not reviewed as implementation
F	0709	F0709_StartSound	IO.C;DEFS.H;TOWNSIO.C;SOUND.C;ENTRANCE.C	referenced-not-verified	referenced_not_verified	exact identifier found by inventory scan; not reviewed as implementation
F	0710	F0710_WaitSoundPlayComplete	ANIM.C;FMTOWNS.H;DUNVIEW.C;IO.C;DEFS.H;TOWNSIO.C;SOUND.C;ENTRANCE.C;ANIMSND.C;SWSH.C	referenced-not-verified	referenced_not_verified	exact identifier found by inventory scan; not reviewed as implementation
F	0711	F0711_ConvertScanCodeToASCII	MEMORY.C;DEFS.H;SELECTOR.C;IO2.C	referenced-not-verified	referenced_not_verified	exact identifier found by inventory scan; not reviewed as implementation
F	0712	F0712_AnyKeyboardOrMouseInput	INPUT.C;FMTOWNS.H;IIGS.H;IO.C;DEFS.H;CEDT026.C;ENDGAME.C;ENTRANCE.C;IO2.C	referenced-not-verified	referenced_not_verified	exact identifier found by inventory scan; not reviewed as implementation
F	0713	F0713_InitIOInterrupt	ANIM.C;IO.C;CEDT028.C;DEFS.H;SWITCH.C;CEDT026.C;SELECTOR.C;STARTUP1.C	referenced-not-verified	referenced_not_verified	exact identifier found by inventory scan; not reviewed as implementation
F	0714	F0714_GetReadFirstSectorResult	IO.C;DEFS.H;CEDT026.C;FLOPPY.C	referenced-not-verified	referenced_not_verified	exact identifier found by inventory scan; not reviewed as implementation
F	0715	F0715_GetConvertedDeviceType	IO.C;DEFS.H;CEDT026.C;FLOPPY.C;CEDT029.C	referenced-not-verified	referenced_not_verified	exact identifier found by inventory scan; not reviewed as implementation
F	0716	F0716_CallRazAXInIBMIO	IO.C;DEFS.H;CEDT026.C;FLOPPY.C	referenced-not-verified	referenced_not_verified	exact identifier found by inventory scan; not reviewed as implementation
F	0717	F0717_GetVolumeName	IO.C;DEFS.H;CEDT026.C;FLOPPY.C	referenced-not-verified	referenced_not_verified	exact identifier found by inventory scan; not reviewed as implementation
F	0718	F0718_GetTime	IO.C;DEFS.H;CEDT026.C;STARTUP1.C	referenced-not-verified	referenced_not_verified	exact identifier found by inventory scan; not reviewed as implementation
F	0719	F0719_PlayMusicTrack	ANIM.C;FMTOWNS.H;IO.C;MUSIC.C	referenced-not-verified	referenced_not_verified	exact identifier found by inventory scan; not reviewed as implementation
F	0720	F0720_ShrinkBLT_Sub1	BLTSHRNK.C	referenced-not-verified	referenced_not_verified	exact identifier found by inventory scan; not reviewed as implementation
F	0721	F0721_ShrinkBLT_Sub2	BLTSHRNK.C	referenced-not-verified	referenced_not_verified	exact identifier found by inventory scan; not reviewed as implementation
F	0731	F0731_InvertZone	FMTOWNS.H;SPELDRAW.C;DEFS.H;INVRTZON.C	referenced-not-verified	referenced_not_verified	exact identifier found by inventory scan; not reviewed as implementation
F	0732	F0732_FillScreenArea	FILLBOX.C;FLOPPYAM.C;FMTOWNS.H;CHAMDRAW.C;DEFS.H;BLITFILL.C;IMAGE.C;STARTUP2.C;ENDGAME.C;TEXT.C;TITLE.C;HINT003.C	implemented-narrow	implemented_narrow	PC34 inclusive screen-area expansion and caller-owned 320-wide FillBox dispatch are directly tested; title/HUD render consumers remain unverified
F	0733	F0733_FillZoneByIndex	CASTER.C;FMTOWNS.H;OBJECT.C;SPELDRAW.C;REVIVE.C;CHAMDRAW.C;IO.C;DEFS.H;BLITFILL.C;ACTIDRAW.C;CHAMPION.C;IMAGE.C;STARTUP2.C;ENDGAME.C;TEXT.C	implemented-narrow	implemented_narrow	PC34 zone lookup plus caller-owned 320-wide FillBox dispatch are directly tested; source zone tables and render consumers remain unverified
F	0734	F0734_ClearZoneInInventory	PANEL.C;FMTOWNS.H;CHAMDRAW.C;DEFS.H;BLITFILL.C	referenced-not-verified	referenced_not_verified	exact identifier found by inventory scan; not reviewed as implementation
F	0735	F0735_FillViewportBox	PANEL.C;FMTOWNS.H;DEFS.H;BLITFILL.C;DIALOG.C	implemented-narrow	implemented_narrow	PC34 caller-owned 224-wide viewport FillBox dispatch is directly tested; viewport ownership and final render composition remain unverified
F	0738	F0738_MUSIC_Continue	COMMAND.C;DEFS.H;MUSIC.C	referenced-not-verified	referenced_not_verified	exact identifier found by inventory scan; not reviewed as implementation
F	0739	F0739_MUSIC_Stop	LOADSAVE.C;MEMORY.C;FMTOWNS.H;DEFS.H;MUSIC.C	referenced-not-verified	referenced_not_verified	exact identifier found by inventory scan; not reviewed as implementation
F	0740	F0740_MUSIC_Pause	ANIM.C;COMMAND.C;DEFS.H;MUSIC.C;STARTUP2.C	referenced-not-verified	referenced_not_verified	exact identifier found by inventory scan; not reviewed as implementation
F	0741	F0741_MUSIC_PlayGameMusic	FMTOWNS.H;DEFS.H;MUSIC.C;ENDGAME.C;ENTRANCE.C	referenced-not-verified	referenced_not_verified	exact identifier found by inventory scan; not reviewed as implementation
F	0742	F0742_MUSIC_SetTrack	FMTOWNS.H;NEWMAP.C;MUSIC.C	referenced-not-verified	referenced_not_verified	exact identifier found by inventory scan; not reviewed as implementation
F	0743	F0743_MUSIC_Update	FMTOWNS.H;GAMELOOP.C;MUSIC.C	referenced-not-verified	referenced_not_verified	exact identifier found by inventory scan; not reviewed as implementation
F	0744	F0744_ReplaceTildeInFileName	FILENAME.C	referenced-not-verified	referenced_not_verified	exact identifier found by inventory scan; not reviewed as implementation
F	0745	F0745_SetFileNamesAccordingToLanguage	DEFS.H;FILENAME.C;STARTUP2.C	referenced-not-verified	referenced_not_verified	exact identifier found by inventory scan; not reviewed as implementation
F	0746	F0746_IsEMSPresent	STARTUP2.C	referenced-not-verified	referenced_not_verified	exact identifier found by inventory scan; not reviewed as implementation
F	0747	F0747_EMM_GetVersion	STARTUP2.C	referenced-not-verified	referenced_not_verified	exact identifier found by inventory scan; not reviewed as implementation
F	0748	F0748_Get_EMS_Memory	DEFS.H;STARTUP2.C;STARTUP1.C	missing	unmapped_or_unverified	no exact identifier found by inventory scan
F	0749	F0749_EMM_ReleaseHandle	STARTUP2.C	missing	unmapped_or_unverified	no exact identifier found by inventory scan
F	0750	F0750_CPSX	AMIGINIT.C;DEFS.H;STARTUP2.C;ENDGAME.C	referenced-not-verified	referenced_not_verified	exact identifier found by inventory scan; not reviewed as implementation
F	0751	F0751_GetBitmapByteCount	STARTUP2.C	referenced-not-verified	referenced_not_verified	exact identifier found by inventory scan; not reviewed as implementation
F	0752	F0752_AllocateAndSetNegativeBitmapPointer	STARTUP2.C	referenced-not-verified	referenced_not_verified	exact identifier found by inventory scan; not reviewed as implementation
F	0755	F0755_SetMemoryFlags	MEMORY.C;DEFS.H;STARTUP2.C	referenced-not-verified	referenced_not_verified	exact identifier found by inventory scan; not reviewed as implementation
F	0756	F0756_EvaluateMemoryRequirements	MEMORY.C;DEFS.H;STARTUP2.C	referenced-not-verified	referenced_not_verified	exact identifier found by inventory scan; not reviewed as implementation
F	0757	F0757_LoadTexts	DEFS.H;STARTUP2.C;LANGUAGE.C	referenced-not-verified	referenced_not_verified	exact identifier found by inventory scan; not reviewed as implementation
F	0758	F0758_TranslateLanguage	PANEL.C;REQDISK.C;LOADSAVE.C;REVIVE.C;MENU.C;CHAMDRAW.C;COMMAND.C;SPELFAIL.C;DEFS.H;ACTIDRAW.C;CHAMPION.C;STARTUP2.C;ENDGAME.C;LANGUAGE.C	referenced-not-verified	referenced_not_verified	exact identifier found by inventory scan; not reviewed as implementation
F	0763	F0763_LoadEndgameBitmapExpanded	MEMORY.C;DEFS.H;ENDGAME.C;ENTRANCE.C;TITLE.C	referenced-not-verified	referenced_not_verified	exact identifier found by inventory scan; not reviewed as implementation
F	0765	F0765_DUNGEONVIEW_DrawBitmapWithoutTransparency	DUNVIEW.C	referenced-not-verified	referenced_not_verified	exact identifier found by inventory scan; not reviewed as implementation
F	0766	F0766_BlitToScreen	FMTOWNS.H;BASE.C;DEFS.H;ENTRANCE.C;TITLE.C	referenced-not-verified	referenced_not_verified	exact identifier found by inventory scan; not reviewed as implementation
F	0768	F0768_TEXT_PrintToZoneWithTrailingSpaces	FMTOWNS.H;DEFS.H;TEXT.C	referenced-not-verified	referenced_not_verified	exact identifier found by inventory scan; not reviewed as implementation
F	0770	F0770_FILE_Open	LOADSAVE.C;FIO1.C;ANIM.C;MEMORY.C;FMTOWNS.H;IIGS.H;APPBLANG.C;DEFS.H;CEDT023.C;SELECTOR.C;ENTRANCE.C;CEDTINCG.C;FILE.C;CEDTINC7.C;CEDTINCD.C	referenced-not-verified	referenced_not_verified	exact identifier found by inventory scan; not reviewed as implementation
F	0771	F0771_FILE_Close	CEDTINCE.C;LOADSAVE.C;FIO1.C;ANIM.C;FMTOWNS.H;IIGS.H;APPBLANG.C;DEFS.H;CEDTINC8.C;CEDT023.C;SELECTOR.C;ENTRANCE.C;CEDTINCG.C;FILE.C;CEDTINC7.C;CEDTINCD.C	referenced-not-verified	referenced_not_verified	exact identifier found by inventory scan; not reviewed as implementation
F	0772	F0772_FILE_Read	LOADSAVE.C;FIO1.C;ANIM.C;MEMORY.C;FMTOWNS.H;LZW.C;IIGS.H;READWRIT.C;DEFS.H;CEDTINC6.C;CEDT023.C;SELECTOR.C;ENTRANCE.C;CEDTINCG.C;FILE.C;CEDTINCD.C	referenced-not-verified	referenced_not_verified	exact identifier found by inventory scan; not reviewed as implementation
F	0773	F0773_FILE_Write	CEDTINCE.C;FIO1.C;FMTOWNS.H;IIGS.H;READWRIT.C;DEFS.H;CEDTINC8.C;CEDTINC6.C;CEDT023.C;FILE.C	referenced-not-verified	referenced_not_verified	exact identifier found by inventory scan; not reviewed as implementation
F	0774	F0774_FILE_Seek	LOADSAVE.C;FIO1.C;ANIM.C;MEMORY.C;FMTOWNS.H;IIGS.H;DEFS.H;CEDT023.C;SELECTOR.C;ENTRANCE.C;FILE.C;CEDTINCD.C	referenced-not-verified	referenced_not_verified	exact identifier found by inventory scan; not reviewed as implementation
F	0775	F0775_FILE_GetSize	LOADSAVE.C;FIO1.C;ANIM.C;FMTOWNS.H;IIGS.H;DEFS.H;CEDT023.C;ENTRANCE.C;FILE.C	referenced-not-verified	referenced_not_verified	exact identifier found by inventory scan; not reviewed as implementation
F	0776	F0776_FILE_Create	CEDTINCE.C;LOADSAVE.C;FIO1.C;FMTOWNS.H;IIGS.H;APPBLANG.C;DEFS.H;CEDTINC8.C;CEDT023.C;FILE.C	referenced-not-verified	referenced_not_verified	exact identifier found by inventory scan; not reviewed as implementation
F	0777	F0777_FILE_Delete	CEDTINCE.C;FIO1.C;FMTOWNS.H;IIGS.H;APPBLANG.C;DEFS.H;CEDT023.C;FILE.C	referenced-not-verified	referenced_not_verified	exact identifier found by inventory scan; not reviewed as implementation
F	0778	F0778_FILE_Rename	FIO1.C;FMTOWNS.H;IIGS.H;DEFS.H;CEDT023.C;FILE.C	referenced-not-verified	referenced_not_verified	exact identifier found by inventory scan; not reviewed as implementation
F	0779	F0779_FILE_Tell	FIO1.C;FMTOWNS.H;IIGS.H;DEFS.H;CEDT023.C;FILE.C	referenced-not-verified	referenced_not_verified	exact identifier found by inventory scan; not reviewed as implementation
F	0780	F0780_FILE_IsHandleInvalid	LOADSAVE.C;ANIM.C;MEMORY.C;FMTOWNS.H;IIGS.H;DEFS.H;CEDT023.C;SELECTOR.C;ENTRANCE.C;FILE.C	referenced-not-verified	referenced_not_verified	exact identifier found by inventory scan; not reviewed as implementation
F	0781	F0781_MouseHandler	FMTOWNS.H;IO.C	referenced-not-verified	referenced_not_verified	exact identifier found by inventory scan; not reviewed as implementation
F	0783	F0783_LockMouse	FMTOWNS.H;IO.C;CEDT026.C	referenced-not-verified	referenced_not_verified	exact identifier found by inventory scan; not reviewed as implementation
F	0784	F0784_UnlockMouse	FMTOWNS.H;IO.C;CEDT026.C	referenced-not-verified	referenced_not_verified	exact identifier found by inventory scan; not reviewed as implementation
F	0785	F0785_SetMousePointerCoordinates	FMTOWNS.H;IO.C;DEFS.H;CEDT026.C;SELECTOR.C;ENTRANCE.C	referenced-not-verified	referenced_not_verified	exact identifier found by inventory scan; not reviewed as implementation
F	0787	F0787_GetZoneInitializedFromCoordinates	PANEL.C;FMTOWNS.H;COORD.C;REVIVE.C;DEFS.H	referenced-not-verified	referenced_not_verified	exact identifier found by inventory scan; not reviewed as implementation
F	0789	F0789_AllocateLayoutRange	COORD.C	referenced-not-verified	referenced_not_verified	exact identifier found by inventory scan; not reviewed as implementation
F	0791	F0791_DUNGEONVIEW_DrawBitmapXX	DUNVIEW.C	referenced-not-verified	referenced_not_verified	exact identifier found by inventory scan; not reviewed as implementation
F	0792	F0792_DUNGEONVIEW_DrawBitmapYYY	DUNVIEW.C	referenced-not-verified	referenced_not_verified	exact identifier found by inventory scan; not reviewed as implementation
F	0797	F0797_STARTEND_DrawEntranceMicroDungeon	IIGS.H;DEFS.H;ENTRANCE.C	referenced-not-verified	referenced_not_verified	exact identifier found by inventory scan; not reviewed as implementation
F	0798	F0798_COMMAND_IsPointInZone	CLIKVIEW.C;COORD.C;COMMAND.C;DEFS.H;SWITCH.C	referenced-not-verified	referenced_not_verified	exact identifier found by inventory scan; not reviewed as implementation
F	0799	F0799_SOUND_DisableUnavailableSounds	DEFS.H;STARTUP2.C;SOUND.C	referenced-not-verified	referenced_not_verified	exact identifier found by inventory scan; not reviewed as implementation
F	0802	F0802_IsMagicMap	PANEL.C;MENU.C;DEFS.H	referenced-not-verified	referenced_not_verified	exact identifier found by inventory scan; not reviewed as implementation
F	0803	F0803_DrawMagicMapIcon	PANEL.C	referenced-not-verified	referenced_not_verified	exact identifier found by inventory scan; not reviewed as implementation
F	0804	F0804_DrawMagicMap	PANEL.C	referenced-not-verified	referenced_not_verified	exact identifier found by inventory scan; not reviewed as implementation
F	0805	F0805_CreatureNameScroll	PANEL.C	referenced-not-verified	referenced_not_verified	exact identifier found by inventory scan; not reviewed as implementation
F	0807	F0807_ENTRANCE_DrawAnimationStep	ENTRANCE.C	referenced-not-verified	referenced_not_verified	exact identifier found by inventory scan; not reviewed as implementation
F	0808	F0808_SeekToCylinder0_Unreferenced	IO.C	referenced-not-verified	referenced_not_verified	exact identifier found by inventory scan; not reviewed as implementation
F	0809	F0809_CheckCopyProtectionSide0Track0_CPSX	LOADSAVE.C;DUNVIEW.C;IO.C;DEFS.H	referenced-not-verified	referenced_not_verified	exact identifier found by inventory scan; not reviewed as implementation
F	0810	F0810_CheckCopyProtectionSide0Track2_CPSX	LOADSAVE.C;IO.C;DEFS.H	referenced-not-verified	referenced_not_verified	exact identifier found by inventory scan; not reviewed as implementation
F	0811	F0811_CheckCopyProtectionSide0Track0_Unreferenced	IO.C	referenced-not-verified	referenced_not_verified	exact identifier found by inventory scan; not reviewed as implementation
F	0812	F0812_CheckCopyProtectionSide0Track1_CPSX	LOADSAVE.C;IO.C;DEFS.H	referenced-not-verified	referenced_not_verified	exact identifier found by inventory scan; not reviewed as implementation
F	0813	F0813_PlayMIDIMusic	IO.C;DEFS.H;ENTRANCE.C	referenced-not-verified	referenced_not_verified	exact identifier found by inventory scan; not reviewed as implementation
F	0814	F0814_TRansition_MIDIMusic	ANIM.C;IO.C;DEFS.H;TOWNSIO.C;ENTRANCE.C;ANIMSND.C	referenced-not-verified	referenced_not_verified	exact identifier found by inventory scan; not reviewed as implementation
F	0815	F0815_StopMIDIMusic	IO.C;DEFS.H;ENDGAME.C;ENTRANCE.C	referenced-not-verified	referenced_not_verified	exact identifier found by inventory scan; not reviewed as implementation
F	0816	F0816_strstr	PANEL.C;STRING.C;DEFS.H	referenced-not-verified	referenced_not_verified	exact identifier found by inventory scan; not reviewed as implementation
F	0817	F0817_SubstituteFirstCharactersByString	PANEL.C;STRING.C;DEFS.H	referenced-not-verified	referenced_not_verified	exact identifier found by inventory scan; not reviewed as implementation
F	0818	F0818_IsJapaneseText	TEXT2.C;TEXT.C;CEDT030.C	referenced-not-verified	referenced_not_verified	exact identifier found by inventory scan; not reviewed as implementation
F	0819	F0819_TEXT_MESSAGEAREA_PrintMessageAsJapanese	REVIVE.C;SPELFAIL.C;DEFS.H;CHAMPION.C;TEXT.C	referenced-not-verified	referenced_not_verified	exact identifier found by inventory scan; not reviewed as implementation
F	0902	F0902_DrawFTLLogo	SWSHIIGS.C;SWSH.C	missing	unmapped_or_unverified	no exact identifier found by inventory scan
F	0903	F0903_DrawErrorMessage	SWSH.C	missing	unmapped_or_unverified	no exact identifier found by inventory scan
F	0904	F0904_PaletteAnimation	SWSH.C	missing	unmapped_or_unverified	no exact identifier found by inventory scan
F	0906	F0906_CheckOriginalDisk	SWSH.C	missing	unmapped_or_unverified	no exact identifier found by inventory scan
F	0907	F0907_CheckBootSector	CNFG.C;SWSH.C	missing	unmapped_or_unverified	no exact identifier found by inventory scan
F	0908	F0908_InitSound	SWSHSND.C;ANIM.C;ANIMSND.C;SWSH.C	referenced-not-verified	referenced_not_verified	exact identifier found by inventory scan; not reviewed as implementation
F	0909	F0909_PlaySwooshSound	SWSHSND.C;SWSHIIGS.C;SWSH.C	referenced-not-verified	referenced_not_verified	exact identifier found by inventory scan; not reviewed as implementation
F	0910	F0910_ReleaseSwooshSound	SWSHSND.C;SWSH.C	referenced-not-verified	referenced_not_verified	exact identifier found by inventory scan; not reviewed as implementation
F	0913	F0913_DecompressPAK	STARTGD.C;APPA.C;DECOMPCO.C	referenced-not-verified	referenced_not_verified	exact identifier found by inventory scan; not reviewed as implementation
F	0914	F0914_Graphic21	GRAPH21.C;MKBIN.C	referenced-not-verified	referenced_not_verified	exact identifier found by inventory scan; not reviewed as implementation
F	0915	F0915_Graphic538	GRAPH538.C	referenced-not-verified	referenced_not_verified	exact identifier found by inventory scan; not reviewed as implementation
F	0917	F0917_PRIM_15_Memory_Allocate	PRIM1.C;PRIM.H;PRIM2C.C;PRIM2B.C	missing	unmapped_or_unverified	no exact identifier found by inventory scan
F	0918	F0918_PRIM_16_Memory_Free	PRIM1.C;PRIM.H;PRIM2C.C;PRIM2B.C	missing	unmapped_or_unverified	no exact identifier found by inventory scan
F	0919	F0919_PRIM_19_File_Seek	PRIM1.C;PRIM.H;PRIM2C.C;PRIM2B.C	missing	unmapped_or_unverified	no exact identifier found by inventory scan
F	0920	F0920_PRIM_20_File_Read	PRIM1.C;PRIM.H;PRIM2C.C;PRIM2B.C	missing	unmapped_or_unverified	no exact identifier found by inventory scan
F	0922	F0922_Custom_strcpy	PRIM1.C	missing	unmapped_or_unverified	no exact identifier found by inventory scan
F	0924	F0924_SetCriticalErrorHandler	HINT002.C;PRIM1.C;CEDTINCI.C;SWITCH.C;UTIO.C;HINTSCR.C	referenced-not-verified	referenced_not_verified	exact identifier found by inventory scan; not reviewed as implementation
F	0925	F0925_CheckUtilityDiskInDrive	PRIM1.C	missing	unmapped_or_unverified	no exact identifier found by inventory scan
F	0926	F0926_FLOPPY_ForceMediaChangeDetection	PRIM1.C	missing	unmapped_or_unverified	no exact identifier found by inventory scan
F	0927	F0927_PrintLoaderError	PRIM1.C;PRIM.H	missing	unmapped_or_unverified	no exact identifier found by inventory scan
F	0928	F0928_PrintOSError	PRIM1.C;PRIM.H	missing	unmapped_or_unverified	no exact identifier found by inventory scan
F	0929	F0929_PRIM_05_FTL_Load	PRIM1.C;PRIM.H;PRIM2B.C	missing	unmapped_or_unverified	no exact identifier found by inventory scan
F	0930	F0930_GetHeaderChecksum	PRIM1.C;PRIM.H;SWITCH.C;PRIM2B.C	referenced-not-verified	referenced_not_verified	exact identifier found by inventory scan; not reviewed as implementation
F	0931	F0931_ChecksumWords	PRIM1.C;PRIM.H;PRIM2B.C	missing	unmapped_or_unverified	no exact identifier found by inventory scan
F	0932	F0932_ChecksumBytes	PRIM1.C;PRIM.H;PRIM2B.C	missing	unmapped_or_unverified	no exact identifier found by inventory scan
F	0933	F0933_GetHexStringFromValue	PRIM1.C;PRIM.H;STRING.C;PRIM2C.C	missing	unmapped_or_unverified	no exact identifier found by inventory scan
F	0934	F0934_ConvertValueToHexDigits	PRIM1.C;PRIM.H;STRING.C	missing	unmapped_or_unverified	no exact identifier found by inventory scan
F	0936	F0936_LaunchProcess	EXEC.C	missing	unmapped_or_unverified	no exact identifier found by inventory scan
F	0937	F0937_InitAmigaData	EXEC.C	missing	unmapped_or_unverified	no exact identifier found by inventory scan
F	0938	F0938_CallCloseWorkbench	EXEC.C	missing	unmapped_or_unverified	no exact identifier found by inventory scan
F	0939	F0939_ReleaseAmigaData	EXEC.C	missing	unmapped_or_unverified	no exact identifier found by inventory scan
F	0940	F0940_CopyCopperInstructions	EXEC.C	missing	unmapped_or_unverified	no exact identifier found by inventory scan
F	0942	F0942_InitDiskResource	EXEC.C	missing	unmapped_or_unverified	no exact identifier found by inventory scan
F	0943	F0943_ReleaseDiskResource	EXEC.C	missing	unmapped_or_unverified	no exact identifier found by inventory scan
F	0945	F0945_InitAudioData	EXEC.C;AMIGINIT.C;SOUND.C	referenced-not-verified	referenced_not_verified	exact identifier found by inventory scan; not reviewed as implementation
F	0946	F0946_ReleaseAudioData	EXEC.C;AMIGINIT.C;SOUND.C	referenced-not-verified	referenced_not_verified	exact identifier found by inventory scan; not reviewed as implementation
F	0947	F0947_InitDiskData	EXEC.C	missing	unmapped_or_unverified	no exact identifier found by inventory scan
F	0948	F0948_ReleaseDiskData	EXEC.C	missing	unmapped_or_unverified	no exact identifier found by inventory scan
F	0949	F0949_JAPANESE_	JAPANESE.C	missing	unmapped_or_unverified	no exact identifier found by inventory scan
F	0950	F0950_JAPANESE_	JAPANESE.C	missing	unmapped_or_unverified	no exact identifier found by inventory scan
F	0951	F0951_JAPANESE_GetCharacterPattern	JAPANESE.C	missing	unmapped_or_unverified	no exact identifier found by inventory scan
F	0952	F0952_JAPANESE_Print	FMTOWNS.H;TEXT2.C;DEFS.H;CEDT027.C;TEXT.C;JAPANESE.C;CEDT030.C	referenced-not-verified	referenced_not_verified	exact identifier found by inventory scan; not reviewed as implementation
F	1001	F1001_JAPANESE_LoadANKCharacterPatterns	TEXT.C;JAPANESE.C	referenced-not-verified	referenced_not_verified	exact identifier found by inventory scan; not reviewed as implementation
F	1002	F1002_Call_F0132_VIDEO_Blit	BASE.C	missing	unmapped_or_unverified	no exact identifier found by inventory scan
F	1004	F1004_VIDEO_BlitShrinkWithPaletteChanges	IO.C;BLTSHRNK.C	referenced-not-verified	referenced_not_verified	exact identifier found by inventory scan; not reviewed as implementation
F	1007	F1007_AddMemoryChunk	MEMORY.C	referenced-not-verified	referenced_not_verified	exact identifier found by inventory scan; not reviewed as implementation
F	1008	F1008_GetLargestAvailableMemoryChunk	MEMORY.C	referenced-not-verified	referenced_not_verified	exact identifier found by inventory scan; not reviewed as implementation
F	1010	F1010_LoadX68000BorderGraphics	IMAGE.C;STARTUP2.C	referenced-not-verified	referenced_not_verified	exact identifier found by inventory scan; not reviewed as implementation
F	1012	F1012_PALETTE_SetCurtain	FMTOWNS.H;DRAWVIEW.C;DEFS.H;SWITCH.C;TIMELINE.C;IMAGE.C;ANIMTOWN.C;CEDT027.C;CEDT018.C;ENDGAME.C;ENTRANCE.C;TITLE.C;SWSH.C;DIALOG.C	referenced-not-verified	referenced_not_verified	exact identifier found by inventory scan; not reviewed as implementation
F	1013	F1013_Blit_Amiga	BLIT.C;GRF1.C;BLITAMIG.C	referenced-not-verified	referenced_not_verified	exact identifier found by inventory scan; not reviewed as implementation
F	1014	F1014_Unreferenced	PALETTE.C	referenced-not-verified	referenced_not_verified	exact identifier found by inventory scan; not reviewed as implementation
F	1015	F1015_Unreferenced	PALETTE.C	referenced-not-verified	referenced_not_verified	exact identifier found by inventory scan; not reviewed as implementation
F	1016	F1016_SetPalette	PALETTE.C;DEFS.H;STARTUP2.C	referenced-not-verified	referenced_not_verified	exact identifier found by inventory scan; not reviewed as implementation
F	1017	F1017_Malloc	STARTUP2.C;CEDT018.C;SWSH.C	missing	unmapped_or_unverified	no exact identifier found by inventory scan
F	1018	F1018_Mfree	STARTUP2.C;CEDT018.C;SWSH.C	missing	unmapped_or_unverified	no exact identifier found by inventory scan
F	1020	F1020_InitializeX68000	DEFS.H;STARTUP2.C	missing	unmapped_or_unverified	no exact identifier found by inventory scan
F	1022	F1022_PrintCharacter	CEDT025.C;BASE.C;DEFS.H;IO2.C	referenced-not-verified	referenced_not_verified	exact identifier found by inventory scan; not reviewed as implementation
F	1023	F1023_PrintString	CEDT025.C;BASE.C;DEFS.H;IO2.C	referenced-not-verified	referenced_not_verified	exact identifier found by inventory scan; not reviewed as implementation
F	1024	F1024_SetTrap14VectorErrorProcessing	ANIM.C;STARTUP2.C;CEDT023.C;FILE.C	referenced-not-verified	referenced_not_verified	exact identifier found by inventory scan; not reviewed as implementation
F	1025	F1025_GetFloppyDriveStatus	FLOPPY.C;FILE.C	missing	unmapped_or_unverified	no exact identifier found by inventory scan
F	1026	F1026_IdentifyDiskInDrive_CPSX	FLOPPY.C	missing	unmapped_or_unverified	no exact identifier found by inventory scan
F	1027	F1027_Supervisor	IO.C;DEFS.H;CEDT017.C;IMAGE.C;DRAWMSGA.C;CEDT027.C;JAPANESE.C;CEDT030.C	referenced-not-verified	referenced_not_verified	exact identifier found by inventory scan; not reviewed as implementation
F	1028	F1028_FillX68000LargeScreenBlack	DEFS.H;IMAGE.C;STARTUP2.C;ENDGAME.C;ENTRANCE.C	referenced-not-verified	referenced_not_verified	exact identifier found by inventory scan; not reviewed as implementation
F	1029	F1029_InitializeMessageAreaData	TEXT.C	referenced-not-verified	referenced_not_verified	exact identifier found by inventory scan; not reviewed as implementation
F	1031	F1031_IsOperationSuccessful	CEDTINC2.C;DEFS.H;FLOPPY.C;CEDT023.C;FILE.C	missing	unmapped_or_unverified	no exact identifier found by inventory scan
F	1032	F1032_GRF1_12_HatchBox	GRF1MAIN.C;FILLBOX.C;BLITFILL.C;GRF1.C	missing	unmapped_or_unverified	no exact identifier found by inventory scan
F	1033	F1033_HatchBox_Unreferenced	BLITFILL.C	missing	unmapped_or_unverified	no exact identifier found by inventory scan
F	1035	F1035_Unreferenced	IO2.C	referenced-not-verified	referenced_not_verified	exact identifier found by inventory scan; not reviewed as implementation
F	1036	F1036_Mouse1	AMIGA.H;IO.C	referenced-not-verified	referenced_not_verified	exact identifier found by inventory scan; not reviewed as implementation
F	1037	F1037_Mouse2	IO.C	referenced-not-verified	referenced_not_verified	exact identifier found by inventory scan; not reviewed as implementation
F	1038	F1038_UpdateMousePointer	IO.C;STARTUP2.C;COPERINT.C	referenced-not-verified	referenced_not_verified	exact identifier found by inventory scan; not reviewed as implementation
F	1040	F1040_SetMouseBoundEvent	FMTOWNS.H;IO.C;IBMIO.C;NECIO.C	referenced-not-verified	referenced_not_verified	exact identifier found by inventory scan; not reviewed as implementation
F	1041	F1041_GetMousePointerType	IO.C;DEFS.H	referenced-not-verified	referenced_not_verified	exact identifier found by inventory scan; not reviewed as implementation
F	1046	F1046_OpenLibraries	GAMELOOP.C;MAINLIB.C	referenced-not-verified	referenced_not_verified	exact identifier found by inventory scan; not reviewed as implementation
F	1047	F1047_CloseLibraries	GAMELOOP.C;MAINLIB.C	referenced-not-verified	referenced_not_verified	exact identifier found by inventory scan; not reviewed as implementation
F	1048	F1048_setjmp	DEFS.H	missing	unmapped_or_unverified	no exact identifier found by inventory scan
F	1049	F1049_longjmp	DEFS.H	missing	unmapped_or_unverified	no exact identifier found by inventory scan
F	1050	F1050_AlertCSBSystemError	AMIGA.H;PALETTE.C;AMIGINIT.C;FLOPPYAM.C;IO.C;COPYPROE.C;SOUND.C	referenced-not-verified	referenced_not_verified	exact identifier found by inventory scan; not reviewed as implementation
F	1052	F1052_WaitForScanLine	FILLBOX.C	missing	unmapped_or_unverified	no exact identifier found by inventory scan
F	1053	F1053_Pre_F0380_COMMAND_ProcessQueue_CPSC	AMIGA.H;COMMAND.C	missing	unmapped_or_unverified	no exact identifier found by inventory scan
F	1055	F1055_Post_F0380_COMMAND_ProcessQueue_CPSC	AMIGA.H;COMMAND.C	missing	unmapped_or_unverified	no exact identifier found by inventory scan
F	1057	F1057_Pre_F0433_STARTEND_ProcessCommand140_SaveGame_CPSCDF	AMIGA.H;LOADSAVE.C;COMMAND.C;MOVESENS.C	referenced-not-verified	referenced_not_verified	exact identifier found by inventory scan; not reviewed as implementation
F	1059	F1059_Post_F0433_STARTEND_ProcessCommand140_SaveGame_CPSCDF	AMIGA.H;LOADSAVE.C;COMMAND.C;MOVESENS.C	referenced-not-verified	referenced_not_verified	exact identifier found by inventory scan; not reviewed as implementation
F	1061	F1061_Pre_Unreferenced	READWRIT.C	missing	unmapped_or_unverified	no exact identifier found by inventory scan
F	1063	F1063_ChecksumEor_CPSX	READWRIT.C;COMMAND.C	referenced-not-verified	referenced_not_verified	exact identifier found by inventory scan; not reviewed as implementation
F	1065	F1065_SetExecBase	AMIGINIT.C;MEM1.C;AMIGALIB.C;COMPILE.H;MEM1MAIN.C	missing	unmapped_or_unverified	no exact identifier found by inventory scan
F	1066	F1066_GetUsableChipMemoryByteCount	AMIGINIT.C	missing	unmapped_or_unverified	no exact identifier found by inventory scan
F	1067	F1067_InitAmigaStuff	AMIGA.H;AMIGINIT.C;HINTMAIN.C;HINT001.C;STARTUP2.C	missing	unmapped_or_unverified	no exact identifier found by inventory scan
F	1068	F1068_FreeAmigaStuff	AMIGINIT.C;HINTMAIN.C;HINT001.C	missing	unmapped_or_unverified	no exact identifier found by inventory scan
F	1069	F1069_OpenDosLibrary	AMIGINIT.C	missing	unmapped_or_unverified	no exact identifier found by inventory scan
F	1070	F1070_CloseDosLibrary	AMIGINIT.C	missing	unmapped_or_unverified	no exact identifier found by inventory scan
F	1071	F1071_OpenGraphicsLibrary	AMIGINIT.C	missing	unmapped_or_unverified	no exact identifier found by inventory scan
F	1072	F1072_CloseGraphicsLibrary	AMIGINIT.C	missing	unmapped_or_unverified	no exact identifier found by inventory scan
F	1073	F1073_OpenIntuitionLibrary	AMIGINIT.C	missing	unmapped_or_unverified	no exact identifier found by inventory scan
F	1074	F1074_CloseIntuitionLibrary	AMIGINIT.C	missing	unmapped_or_unverified	no exact identifier found by inventory scan
F	1075	F1075_OpenLayersLibrary	AMIGINIT.C	missing	unmapped_or_unverified	no exact identifier found by inventory scan
F	1076	F1076_CloseLayersLibrary	AMIGINIT.C	missing	unmapped_or_unverified	no exact identifier found by inventory scan
F	1077	F1077_OpenConsoleDevice	AMIGINIT.C	missing	unmapped_or_unverified	no exact identifier found by inventory scan
F	1078	F1078_CloseConsoleDevice	AMIGINIT.C	missing	unmapped_or_unverified	no exact identifier found by inventory scan
F	1079	F1079_OpenInputDevice	AMIGINIT.C	missing	unmapped_or_unverified	no exact identifier found by inventory scan
F	1080	F1080_CloseInputDevice	AMIGINIT.C	missing	unmapped_or_unverified	no exact identifier found by inventory scan
F	1081	F1081_OpenNIL	AMIGINIT.C	missing	unmapped_or_unverified	no exact identifier found by inventory scan
F	1082	F1082_CloseNIL	AMIGINIT.C	referenced-not-verified	referenced_not_verified	exact identifier found by inventory scan; not reviewed as implementation
F	1083	F1083_Allocate724Bytes	AMIGINIT.C	missing	unmapped_or_unverified	no exact identifier found by inventory scan
F	1084	F1084_Free724Bytes	AMIGINIT.C	missing	unmapped_or_unverified	no exact identifier found by inventory scan
F	1085	F1085_IntuitionVectorReplacement	AMIGINIT.C;VDEOAMIG.C	missing	unmapped_or_unverified	no exact identifier found by inventory scan
F	1086	F1086_ReplaceIntuitionVectors	AMIGINIT.C;VDEOAMIG.C	missing	unmapped_or_unverified	no exact identifier found by inventory scan
F	1087	F1087_RestoreIntuitionVectors	AMIGINIT.C;VDEOAMIG.C	missing	unmapped_or_unverified	no exact identifier found by inventory scan
F	1088	F1088_OpenAmigaStuff	FIO1MAIN.C;USIO2.C;AMIGINIT.C;CEDTINCI.C;ANIM.C;VDEO2.C;APPBLANG.C;HINT001.C;GRF1.C;CEDT018.C;CNFG.C;SWSH.C	referenced-not-verified	referenced_not_verified	exact identifier found by inventory scan; not reviewed as implementation
F	1089	F1089_CloseAmigaStuff	FIO1MAIN.C;USIO2.C;AMIGINIT.C;CEDTINCI.C;ANIM.C;VDEO2.C;APPBLANG.C;HINT001.C;GRF1.C;CEDT018.C;CNFG.C;SWSH.C	referenced-not-verified	referenced_not_verified	exact identifier found by inventory scan; not reviewed as implementation
F	1090	F1090_GetCSBInternalErrorMessage	AMIGINIT.C	missing	unmapped_or_unverified	no exact identifier found by inventory scan
F	1091	F1091_GetCSBSystemErrorMessage	AMIGINIT.C	missing	unmapped_or_unverified	no exact identifier found by inventory scan
F	1092	F1092_GetHexadecimalDigits	AMIGINIT.C	missing	unmapped_or_unverified	no exact identifier found by inventory scan
F	1093	F1093_DisplayAlertCSBInternalError	AMIGINIT.C;BASE.C	missing	unmapped_or_unverified	no exact identifier found by inventory scan
F	1094	F1094_DisplayAlertCSBSystemError	AMIGINIT.C	missing	unmapped_or_unverified	no exact identifier found by inventory scan
F	1097	F1097_StoreKeyInBuffer	AMIGA.H;INPUT.C	referenced-not-verified	referenced_not_verified	exact identifier found by inventory scan; not reviewed as implementation
F	1098	F1098_GetFirstKeyFromBuffer	INPUT.C;IO2.C	referenced-not-verified	referenced_not_verified	exact identifier found by inventory scan; not reviewed as implementation
F	1099	F1099_IsKeyBufferNotEmpty	INPUT.C;IO2.C	referenced-not-verified	referenced_not_verified	exact identifier found by inventory scan; not reviewed as implementation
F	1100	F1100_Unreferenced	INPUT.C	missing	unmapped_or_unverified	no exact identifier found by inventory scan
F	1101	F1101_DetectDiskChange	AMIGA.H;INPUT.C	missing	unmapped_or_unverified	no exact identifier found by inventory scan
F	1102	F1102_Unreferenced	INPUT.C	missing	unmapped_or_unverified	no exact identifier found by inventory scan
F	1106	F1106_IsTrackdiskDeviceOpened	FLOPPYAM.C;FIO1.C;HINT001.C;UTIO.C;FLOPPY.C;HINTIORQ.C	missing	unmapped_or_unverified	no exact identifier found by inventory scan
F	1107	F1107_GetDiskChangeCounter	FLOPPYAM.C;FIO1.C	missing	unmapped_or_unverified	no exact identifier found by inventory scan
F	1108	F1108_GetDiskChangeCounter	AMIGA.H;INPUT.C;FLOPPYAM.C	missing	unmapped_or_unverified	no exact identifier found by inventory scan
F	1109	F1109_GetDiskState	FLOPPYAM.C;FIO1.C;UTIO.C;FLOPPY.C	missing	unmapped_or_unverified	no exact identifier found by inventory scan
F	1110	F1110_DrawFormatProgressBar	AMIGA.H;FLOPPYAM.C	missing	unmapped_or_unverified	no exact identifier found by inventory scan
F	1111	F1111_CPSX	AMIGINIT.C;FLOPPYAM.C;FIO1.C;HINT001.C;UTIO.C;CNFG.C	missing	unmapped_or_unverified	no exact identifier found by inventory scan
F	1114	F1114_CloseTrackdiskDevice	FLOPPYAM.C;CNFG.C	missing	unmapped_or_unverified	no exact identifier found by inventory scan
F	1127	F1127_TransitionFromPaletteToPalette	PALETTE.C;UTAMSCR.C;VDEO1.C	referenced-not-verified	referenced_not_verified	exact identifier found by inventory scan; not reviewed as implementation
F	1128	F1128_IsLeftMouseButtonDown	FILLBOX.C;HINTDATA.C;HINT001.C;UTIO.C	implemented-narrow	implemented_narrow	src/dm1/dm1_v1_input_command_queue_pc34_compat.c reads only caller-owned mouse status, with no host polling or synthesized button state; focused mouse-accessor test covers the F1128 route.
F	1131	F1131_InvertBox	FILLBOX.C;CEDTINCN.C	missing	unmapped_or_unverified	no exact identifier found by inventory scan
F	1132	F1132_ConvertBoxCoordinates	BLIT.C;BLITMASK.C;CONVBOXC.C;GRF1.C	referenced-not-verified	referenced_not_verified	exact identifier found by inventory scan; not reviewed as implementation
F	1133	F1133_AddCopperInterrupt	AMIGINIT.C;COPERINT.C	missing	unmapped_or_unverified	no exact identifier found by inventory scan
F	1134	F1134_RemoveCopperInterrupt	AMIGINIT.C;COPERINT.C	missing	unmapped_or_unverified	no exact identifier found by inventory scan
F	1135	F1135_CopperInterrupt_CPSX	COPERINT.C	missing	unmapped_or_unverified	no exact identifier found by inventory scan
F	1140	F1140_InitializeColorPaletteFullBlack	AMIGAVID.C	missing	unmapped_or_unverified	no exact identifier found by inventory scan
F	1141	F1141_EnablePlayfieldDisplayAndCopper	UTAMSCR.C;AMIGAVID.C	missing	unmapped_or_unverified	no exact identifier found by inventory scan
F	1148	F1148_CustomExceptCode_CPSX	COPYPROE.C	missing	unmapped_or_unverified	no exact identifier found by inventory scan
F	1149	F1149_Init_CPSX	AMIGINIT.C;COPYPROE.C	missing	unmapped_or_unverified	no exact identifier found by inventory scan
F	1150	F1150_Free_CPSX	AMIGINIT.C;COPYPROE.C	missing	unmapped_or_unverified	no exact identifier found by inventory scan
F	1156	F1156_CPSC_GetChecksum	LOADSAVE.C;COPYPRO9.C;COMMAND.C	referenced-not-verified	referenced_not_verified	exact identifier found by inventory scan; not reviewed as implementation
F	1157	F1157_BackupA5	AMIGINIT.C	missing	unmapped_or_unverified	no exact identifier found by inventory scan
F	1159	F1159_Empty	USIOMAIN.C	missing	unmapped_or_unverified	no exact identifier found by inventory scan
F	1160	F1160_USIO_04_Empty	USIO1.C;USIOMAIN.C	missing	unmapped_or_unverified	no exact identifier found by inventory scan
F	1161	F1161_USIO_05_Empty	USIO1.C;USIOMAIN.C	missing	unmapped_or_unverified	no exact identifier found by inventory scan
F	1162	F1162_USIO_06_HidePointer	USIO1.C;USIOMAIN.C	missing	unmapped_or_unverified	no exact identifier found by inventory scan
F	1163	F1163_USIO_07_ShowPointer	USIO1.C;USIOMAIN.C	missing	unmapped_or_unverified	no exact identifier found by inventory scan
F	1164	F1164_USIO_15_GetFirstQueuedUsioDataType	USIO2.C;USIOMAIN.C	missing	unmapped_or_unverified	no exact identifier found by inventory scan
F	1165	F1165_USIO_17_WaitUntilKeyboardOrMouseInput	USIO2.C;USIOMAIN.C	missing	unmapped_or_unverified	no exact identifier found by inventory scan
F	1166	F1166_USIO_16_ExtractFirstUsioDataFromQueue	USIO2.C;USIOMAIN.C	missing	unmapped_or_unverified	no exact identifier found by inventory scan
F	1167	F1167_USIO_14_GetMouseStatus	USIO2.C;USIOMAIN.C	missing	unmapped_or_unverified	no exact identifier found by inventory scan
F	1168	F1168_USIO_18_Empty	USIO2.C;USIOMAIN.C	missing	unmapped_or_unverified	no exact identifier found by inventory scan
F	1170	F1170_USIO_03_Expunge	USIO2.C;USIOMAIN.C	missing	unmapped_or_unverified	no exact identifier found by inventory scan
F	1171	F1171_USIO_19_LockDF0	USIO2.C;USIOMAIN.C	missing	unmapped_or_unverified	no exact identifier found by inventory scan
F	1172	F1172_QueueMouseAndKeyboardInput	USIO2.C	implemented-narrow	implemented_narrow	src/dm1/dm1_v1_input_command_queue_pc34_compat.c bridges explicit caller-owned USIO samples into the source command queue; no host input polling, raw keyboard data, or mouse coordinates are synthesized.
F	1173	F1173_AddUsioDataToInputQueue	USIO2.C;USIO1.C	implemented-narrow	implemented_narrow	src/dm1/dm1_v1_input_command_queue_pc34_compat.c maps caller-owned USIO records through existing COMMAND.C PC34 key/mouse tables and queue saturation rules; focused USIO queue test covers it.
F	1174	F1174_AddPendingUsioDataToInputQueue	USIO2.C	implemented-narrow	implemented_narrow	src/dm1/dm1_v1_input_command_queue_pc34_compat.c replays caller-owned pending USIO state and clears it only after an accepted enqueue; focused USIO queue test covers rejection preservation.
F	1175	F1175_GetFirstQueuedUsioDataIndex	USIO2.C	implemented-narrow	implemented_narrow	src/csb/csb_v1_f1164_f1165_f1166_f1167_usio_queue_boundaries_pc34_compat.c models the source 11-slot ring queue, with invalid indices rejected and no fabricated input.
F	1176	F1176_ExtractFirstUsioDataFromQueue	USIO2.C	implemented-narrow	implemented_narrow	src/csb/csb_v1_f1164_f1165_f1166_f1167_usio_queue_boundaries_pc34_compat.c copies only caller-owned queued data, returns zero type on empty, and wraps first index after extraction.
F	1179	F1179_Process_AN	ANIM.C	referenced-not-verified	referenced_not_verified	exact identifier found by inventory scan; not reviewed as implementation
F	1180	F1180_Process_BR	ANIM.C	referenced-not-verified	referenced_not_verified	exact identifier found by inventory scan; not reviewed as implementation
F	1181	F1181_Process_PL	ANIM.C	referenced-not-verified	referenced_not_verified	exact identifier found by inventory scan; not reviewed as implementation
F	1182	F1182_Process_EN	ANIM.C	referenced-not-verified	referenced_not_verified	exact identifier found by inventory scan; not reviewed as implementation
F	1183	F1183_Process_DL	ANIM.C	referenced-not-verified	referenced_not_verified	exact identifier found by inventory scan; not reviewed as implementation
F	1184	F1184_Process_SD	ANIM.C	referenced-not-verified	referenced_not_verified	exact identifier found by inventory scan; not reviewed as implementation
F	1185	F1185_Process_MD	ANIM.C	referenced-not-verified	referenced_not_verified	exact identifier found by inventory scan; not reviewed as implementation
F	1186	F1186_Process_SO	ANIM.C	referenced-not-verified	referenced_not_verified	exact identifier found by inventory scan; not reviewed as implementation
F	1187	F1187_Process_MI	ANIM.C	referenced-not-verified	referenced_not_verified	exact identifier found by inventory scan; not reviewed as implementation
F	1188	F1188_Process_SF	ANIM.C	referenced-not-verified	referenced_not_verified	exact identifier found by inventory scan; not reviewed as implementation
F	1189	F1189_Process_MF	ANIM.C	referenced-not-verified	referenced_not_verified	exact identifier found by inventory scan; not reviewed as implementation
F	1190	F1190_Process_FO	ANIM.C	referenced-not-verified	referenced_not_verified	exact identifier found by inventory scan; not reviewed as implementation
F	1191	F1191_Process_NE	ANIM.C	referenced-not-verified	referenced_not_verified	exact identifier found by inventory scan; not reviewed as implementation
F	1192	F1192_Process_BN	ANIM.C	referenced-not-verified	referenced_not_verified	exact identifier found by inventory scan; not reviewed as implementation
F	1193	F1193_Process_DO	ANIM.C	referenced-not-verified	referenced_not_verified	exact identifier found by inventory scan; not reviewed as implementation
F	1194	F1194_Process_WA	ANIM.C	referenced-not-verified	referenced_not_verified	exact identifier found by inventory scan; not reviewed as implementation
F	1195	F1195_Process_TR	ANIM.C	referenced-not-verified	referenced_not_verified	exact identifier found by inventory scan; not reviewed as implementation
F	1206	F1206_UpdateColorPalette	ANIM.C	referenced-not-verified	referenced_not_verified	exact identifier found by inventory scan; not reviewed as implementation
F	1221	F1221_AllocMemForSD	ANIM.C	referenced-not-verified	referenced_not_verified	exact identifier found by inventory scan; not reviewed as implementation
F	1222	F1222_FreeMemForSD	ANIM.C	referenced-not-verified	referenced_not_verified	exact identifier found by inventory scan; not reviewed as implementation
F	1230	F1230_CleanupSound	SWSHSND.C;ANIM.C;ANIMSND.C;SWSH.C	referenced-not-verified	referenced_not_verified	exact identifier found by inventory scan; not reviewed as implementation
F	1253	F1253_FadeOutSound	ANIM.C;ANIMSND.C	referenced-not-verified	referenced_not_verified	exact identifier found by inventory scan; not reviewed as implementation
F	1255	F1255_CheckMasterDisk	CNFG.C	missing	unmapped_or_unverified	no exact identifier found by inventory scan
F	1257	F1257_CheckMemory	CNFG.C	missing	unmapped_or_unverified	no exact identifier found by inventory scan
F	1258	F1258_CheckPrerequisites	CNFG.C	missing	unmapped_or_unverified	no exact identifier found by inventory scan
F	1272	F1272_Initialize_CPSX	SWSHIIGS.C;SWSH.C	missing	unmapped_or_unverified	no exact identifier found by inventory scan
F	1273	F1273_Cleanup	SWSH.C	missing	unmapped_or_unverified	no exact identifier found by inventory scan
F	1274	F1274_Unreferenced	SWSH.C	missing	unmapped_or_unverified	no exact identifier found by inventory scan
F	1282	F1282_WriteString	AMIGINIT.C;CEDTINCI.C;HINTMAIN.C	missing	unmapped_or_unverified	no exact identifier found by inventory scan
F	1283	F1283_WriteCharacter_Unreferenced	AMIGINIT.C	missing	unmapped_or_unverified	no exact identifier found by inventory scan
F	1288	F1288_GetChosenOption	SWITCH.C	referenced-not-verified	referenced_not_verified	exact identifier found by inventory scan; not reviewed as implementation
F	1289	F1289_GetFullFileName	APPBLANG.C	missing	unmapped_or_unverified	no exact identifier found by inventory scan
F	1290	F1290_GetVolumeState	APPBLANG.C	missing	unmapped_or_unverified	no exact identifier found by inventory scan
F	1291	F1291_GetLanguageIndexFromLanguageFileName	APPBLANG.C	missing	unmapped_or_unverified	no exact identifier found by inventory scan
F	1292	F1292_DeleteLanguageFilesFromGameDisk	APPBLANG.C	missing	unmapped_or_unverified	no exact identifier found by inventory scan
F	1293	F1293_CreateLanguageFile	APPBLANG.C	missing	unmapped_or_unverified	no exact identifier found by inventory scan
F	1294	F1294_GetKeyboardMatrix	APPBLANG.C	missing	unmapped_or_unverified	no exact identifier found by inventory scan
F	1295	F1295_IsAltKeyPressed	APPBLANG.C	missing	unmapped_or_unverified	no exact identifier found by inventory scan
F	1298	F1298_GetAutomaticStartupLanguage	APPBLANG.C;SWITCH.C	referenced-not-verified	referenced_not_verified	exact identifier found by inventory scan; not reviewed as implementation
F	1299	F1299_SaveLanguageChoice	APPBLANG.C;SWITCH.C	referenced-not-verified	referenced_not_verified	exact identifier found by inventory scan; not reviewed as implementation
F	1300	F1300_Initialize	APPBLANG.C;SWITCH.C	referenced-not-verified	referenced_not_verified	exact identifier found by inventory scan; not reviewed as implementation
F	1301	F1301_Cleanup	APPBLANG.C;SWITCH.C	referenced-not-verified	referenced_not_verified	exact identifier found by inventory scan; not reviewed as implementation
F	1302	F1302_strncmp	STRING.C;CNFG.C	missing	unmapped_or_unverified	no exact identifier found by inventory scan
F	1303	F1303_OpenFIO1	CEDT019.C;FIO1STUB.C	missing	unmapped_or_unverified	no exact identifier found by inventory scan
F	1304	F1304_CloseFIO1	CEDT019.C;FIO1STUB.C	missing	unmapped_or_unverified	no exact identifier found by inventory scan
F	1305	F1305_OpenFTLLibrary	FIO1MAIN.C	missing	unmapped_or_unverified	no exact identifier found by inventory scan
F	1306	F1306_Unreferenced	FIO1MAIN.C	missing	unmapped_or_unverified	no exact identifier found by inventory scan
F	1307	F1307_FIO1_03_Expunge	FIO1MAIN.C	missing	unmapped_or_unverified	no exact identifier found by inventory scan
F	1316	F1316_InitializeLibrary	FIO1MAIN.C;FIO1.C	missing	unmapped_or_unverified	no exact identifier found by inventory scan
F	1317	F1317_UninitializeLibrary	FIO1MAIN.C;FIO1.C	missing	unmapped_or_unverified	no exact identifier found by inventory scan
F	1318	F1318_FIO1_29_	FIO1MAIN.C;FIO1.C	missing	unmapped_or_unverified	no exact identifier found by inventory scan
F	1319	F1319_FIO1_28_	FIO1MAIN.C;FIO1.C	missing	unmapped_or_unverified	no exact identifier found by inventory scan
F	1320	F1320_FIO1_27_	FIO1MAIN.C;FIO1.C	missing	unmapped_or_unverified	no exact identifier found by inventory scan
F	1321	F1321_FIO1_07_SubstituteStringInFileName	FIO1MAIN.C;FIO1.C	implemented-narrow	implemented_narrow	Portable caller-owned FIO1 path substitution; source void contract retained and no filesystem/media lookup is synthesized.
F	1322	F1322_FIO1_26_	FIO1MAIN.C;FIO1.C	missing	unmapped_or_unverified	no exact identifier found by inventory scan
F	1323	F1323_FIO1_25_	FIO1MAIN.C;FIO1.C	implemented-narrow	implemented_narrow	Portable caller-owned enumeration callback; unavailable enumeration normalizes to source success with zero names, without Amiga Lock/Examine.
F	1324	F1324_FIO1_24_	FIO1MAIN.C;FIO1.C	missing	unmapped_or_unverified	no exact identifier found by inventory scan
F	1325	F1325_FIO1_04_IsDiskWriteable	FIO1MAIN.C;FIO1.C	missing	unmapped_or_unverified	no exact identifier found by inventory scan
F	1326	F1326_FIO1_05_FormatSaveDisk	FIO1MAIN.C;FIO1.C	missing	unmapped_or_unverified	no exact identifier found by inventory scan
F	1327	F1327_FIO1_23_	FIO1MAIN.C;FIO1.C	missing	unmapped_or_unverified	no exact identifier found by inventory scan
F	1328	F1328_FIO1_22_	FIO1MAIN.C;FIO1.C	implemented-narrow	implemented_narrow	Portable F0770/F0771 closed-file probe; invalid state returns C03 and failed/open state returns C17.
F	1329	F1329_FIO1_21_Open	FIO1MAIN.C;FIO1.C	implemented-narrow	implemented_narrow	Portable caller-owned F0770 handle open preserving C00/C03/C04/C17 and excluding floppy probing.
F	1330	F1330_FIO1_20_Create	FIO1MAIN.C;FIO1.C	implemented-narrow	implemented_narrow	Portable caller-owned F0776 handle create preserving C00/C03/C08/C17; write-protection media logic is excluded.
F	1331	F1331_FIO1_19_Close	FIO1MAIN.C;FIO1.C	implemented-narrow	implemented_narrow	Portable caller-owned F0771 close preserving C00/C03/C12, without source device delay.
F	1332	F1332_FIO1_18_GetSize	FIO1MAIN.C;FIO1.C	implemented-narrow	implemented_narrow	Portable F0775 size query with mark restoration and C00/C03/C12/C22 admission.
F	1333	F1333_FIO1_17_Tell	FIO1MAIN.C;FIO1.C	implemented-narrow	implemented_narrow	Portable F0779 tell query with caller-owned handle and C00/C03/C12/C22 admission.
F	1334	F1334_FIO1_16_Seek	FIO1MAIN.C;FIO1.C	implemented-narrow	implemented_narrow	Portable F0774 absolute seek with source C00/C03/C12 outcomes and no handle fabrication.
F	1335	F1335_FIO1_15_Read	FIO1MAIN.C;FIO1.C	implemented-narrow	implemented_narrow	Portable F0772 chunked read with C00/C03/C07/C12 outcomes; bytes remain callback-owned.
F	1336	F1336_FIO1_14_Write	FIO1MAIN.C;FIO1.C	implemented-narrow	implemented_narrow	Portable F0773 chunked write with C00/C03/C08/C12 outcomes; floppy lock/write-protection is excluded.
F	1337	F1337_FIO1_13_Lock	FIO1MAIN.C;FIO1.C	missing	unmapped_or_unverified	no exact identifier found by inventory scan
F	1338	F1338_FIO1_12_Delete	FIO1MAIN.C;FIO1.C	implemented-narrow	implemented_narrow	Portable callback delete with C00/C03/C04/C12 outcomes; no disk write-protection route is claimed.
F	1339	F1339_FIO1_11_Rename	FIO1MAIN.C;FIO1.C	implemented-narrow	implemented_narrow	Portable callback rename with C00/C03/C04/C12 outcomes; no disk write-protection route is claimed.
F	1340	F1340_FIO1_09_	FIO1MAIN.C;FIO1.C	missing	unmapped_or_unverified	no exact identifier found by inventory scan
F	1341	F1341_FIO1_10_	FIO1MAIN.C;FIO1.C	implemented-narrow	implemented_narrow	Portable source file-open predicate: one for invalid/closed caller-owned state and zero only for active handles.
F	1342	F1342_FIO1_08_	FIO1MAIN.C;FIO1.C	implemented-narrow	implemented_narrow	Portable caller-owned wildcard substitution preserving source void semantics and no host-media lookup.
F	1343	F1343_FIO1_06_	FIO1MAIN.C;FIO1.C	missing	unmapped_or_unverified	no exact identifier found by inventory scan
F	1344	F1344_UninitializeData	FIO1.C	missing	unmapped_or_unverified	no exact identifier found by inventory scan
F	1345	F1345_InitializeData	FIO1.C	missing	unmapped_or_unverified	no exact identifier found by inventory scan
F	1348	F1348_IsFloppyDiskInDrive	FIO1.C	missing	unmapped_or_unverified	no exact identifier found by inventory scan
F	1349	F1349_IsDiskWriteProtected	FIO1.C	missing	unmapped_or_unverified	no exact identifier found by inventory scan
F	1362	F1362_IsFloppyDriveEmpty	FLOPPYAM.C;FIO1.C	missing	unmapped_or_unverified	no exact identifier found by inventory scan
F	1363	F1363_IsFloppyDiskWriteProtected	FLOPPYAM.C;FIO1.C	missing	unmapped_or_unverified	no exact identifier found by inventory scan
F	1368	F1368_Graphic_FTLLogo	SWSH.C	missing	unmapped_or_unverified	no exact identifier found by inventory scan
F	1372	F1372_SetVerticalBlankInterrupt	HINTLOAD.C;VBLANK.C;HINT008.C;CEDTINCI.C;ANIM.C;SWITCH.C;HINT004.C;HINTSCR.C;SWSH.C	referenced-not-verified	referenced_not_verified	exact identifier found by inventory scan; not reviewed as implementation
F	1374	F1374_ApplyPaletteAndWaitForDelay	FMTOWNS.H;SWSH.C;NECIO.C	missing	unmapped_or_unverified	no exact identifier found by inventory scan
F	1377	F1377_PlaySilentSound	SWSH.C	missing	unmapped_or_unverified	no exact identifier found by inventory scan
F	1501	F1501_GetSwitchOptionBitmapByteCount	SWITCH.C	referenced-not-verified	referenced_not_verified	exact identifier found by inventory scan; not reviewed as implementation
F	1503	F1503_ReadFTLHeaders	SWITCH.C	referenced-not-verified	referenced_not_verified	exact identifier found by inventory scan; not reviewed as implementation
F	1504	F1504_LoadSegment	SWITCH.C	referenced-not-verified	referenced_not_verified	exact identifier found by inventory scan; not reviewed as implementation
F	1506	F1506_SetMouseInputFromSwitchOptions	SWITCH.C	referenced-not-verified	referenced_not_verified	exact identifier found by inventory scan; not reviewed as implementation
F	1507	F1507_DrawSwitchOptionBitmap	SWITCH.C	referenced-not-verified	referenced_not_verified	exact identifier found by inventory scan; not reviewed as implementation
F	1508	F1508_FreeMemoryOfAllSwitchOptionGraphics	SWITCH.C	referenced-not-verified	referenced_not_verified	exact identifier found by inventory scan; not reviewed as implementation
F	1509	F1509_Initialization	SWITCH.C	referenced-not-verified	referenced_not_verified	exact identifier found by inventory scan; not reviewed as implementation
F	1510	F1510_LoadDataFile	SWITCH.C	referenced-not-verified	referenced_not_verified	exact identifier found by inventory scan; not reviewed as implementation
F	1511	F1511_Unreferenced	SWITCH.C	referenced-not-verified	referenced_not_verified	exact identifier found by inventory scan; not reviewed as implementation
F	1513	F1513_MainLoop	SWITCH.C	referenced-not-verified	referenced_not_verified	exact identifier found by inventory scan; not reviewed as implementation
F	1524	F1524_VerticalBlankClearPalette	UTSTWKS.C	missing	unmapped_or_unverified	no exact identifier found by inventory scan
F	1525	F1525_OpenVDIWorkstation	UTSTWKS.C;CEDTINCI.C;ANIM.C;SWITCH.C;HINTSCR.C;UTILITY.H	referenced-not-verified	referenced_not_verified	exact identifier found by inventory scan; not reviewed as implementation
F	1526	F1526_CloseWorkstationAndExitApplication	UTSTWKS.C;CEDTINCI.C;ANIM.C;SWITCH.C;HINTSCR.C;UTILITY.H	referenced-not-verified	referenced_not_verified	exact identifier found by inventory scan; not reviewed as implementation
F	1527	F1527_MOUSE_EnableScreenUpdate_CPSE	HINT001.C;HINTHINT.C;HINTSCR.C;HINTINPT.C	missing	unmapped_or_unverified	no exact identifier found by inventory scan
F	1528	F1528_MOUSE_DisableScreenUpdate	HINT001.C;HINTHINT.C;HINTINPT.C	missing	unmapped_or_unverified	no exact identifier found by inventory scan
F	1530	F1530_ShowMousePointerAsArrow	CEDTINCI.C;IO.C;SWITCH.C;HINTSCR.C;UTILITY.H	referenced-not-verified	referenced_not_verified	exact identifier found by inventory scan; not reviewed as implementation
F	1531	F1531_MouseHandler	CEDTINCI.C;IO.C;SWITCH.C;HINTSCR.C;UTILITY.H	referenced-not-verified	referenced_not_verified	exact identifier found by inventory scan; not reviewed as implementation
F	1534	F1534_CallAES	ATARIST.H;UTSTAES.C	missing	unmapped_or_unverified	no exact identifier found by inventory scan
F	1535	F1535_AES_appl_init	UTSTWKS.C;UTSTAES.C	missing	unmapped_or_unverified	no exact identifier found by inventory scan
F	1536	F1536_AES_appl_exit	UTSTWKS.C;UTSTAES.C	missing	unmapped_or_unverified	no exact identifier found by inventory scan
F	1537	F1537_AES_appl_write	UTSTAES.C	missing	unmapped_or_unverified	no exact identifier found by inventory scan
F	1538	F1538_AES_appl_read	UTSTAES.C	missing	unmapped_or_unverified	no exact identifier found by inventory scan
F	1539	F1539_AES_appl_find	UTSTAES.C	missing	unmapped_or_unverified	no exact identifier found by inventory scan
F	1540	F1540_AES_appl_tplay	UTSTAES.C	missing	unmapped_or_unverified	no exact identifier found by inventory scan
F	1541	F1541_AES_appl_trecord	UTSTAES.C	missing	unmapped_or_unverified	no exact identifier found by inventory scan
F	1542	F1542_AES_evnt_keybd	UTSTAES.C	missing	unmapped_or_unverified	no exact identifier found by inventory scan
F	1543	F1543_AES_evnt_button	UTSTAES.C	missing	unmapped_or_unverified	no exact identifier found by inventory scan
F	1544	F1544_AES_evnt_mouse	UTSTAES.C	missing	unmapped_or_unverified	no exact identifier found by inventory scan
F	1545	F1545_AES_evnt_mesag	UTSTAES.C	missing	unmapped_or_unverified	no exact identifier found by inventory scan
F	1546	F1546_AES_evnt_timer	UTSTAES.C	missing	unmapped_or_unverified	no exact identifier found by inventory scan
F	1547	F1547_AES_evnt_multi	UTSTAES.C	missing	unmapped_or_unverified	no exact identifier found by inventory scan
F	1548	F1548_AES_evnt_dclick	UTSTAES.C	missing	unmapped_or_unverified	no exact identifier found by inventory scan
F	1549	F1549_AES_menu_bar	UTSTAES.C	missing	unmapped_or_unverified	no exact identifier found by inventory scan
F	1550	F1550_AES_menu_icheck	UTSTAES.C	missing	unmapped_or_unverified	no exact identifier found by inventory scan
F	1551	F1551_AES_menu_ienable	UTSTAES.C	missing	unmapped_or_unverified	no exact identifier found by inventory scan
F	1552	F1552_AES_menu_tnormal	UTSTAES.C	missing	unmapped_or_unverified	no exact identifier found by inventory scan
F	1553	F1553_AES_menu_text	UTSTAES.C	missing	unmapped_or_unverified	no exact identifier found by inventory scan
F	1554	F1554_AES_menu_register	UTSTAES.C	missing	unmapped_or_unverified	no exact identifier found by inventory scan
F	1555	F1555_AES_objc_add	UTSTAES.C	missing	unmapped_or_unverified	no exact identifier found by inventory scan
F	1556	F1556_AES_objc_delete	UTSTAES.C	missing	unmapped_or_unverified	no exact identifier found by inventory scan
F	1557	F1557_AES_objc_draw	UTSTAES.C	missing	unmapped_or_unverified	no exact identifier found by inventory scan
F	1558	F1558_AES_objc_find	UTSTAES.C	missing	unmapped_or_unverified	no exact identifier found by inventory scan
F	1559	F1559_AES_objc_order	UTSTAES.C	missing	unmapped_or_unverified	no exact identifier found by inventory scan
F	1560	F1560_AES_objc_offset	UTSTAES.C	missing	unmapped_or_unverified	no exact identifier found by inventory scan
F	1561	F1561_AES_objc_edit	UTSTAES.C	missing	unmapped_or_unverified	no exact identifier found by inventory scan
F	1562	F1562_AES_objc_change	UTSTAES.C	missing	unmapped_or_unverified	no exact identifier found by inventory scan
F	1563	F1563_AES_form_do	UTSTAES.C	missing	unmapped_or_unverified	no exact identifier found by inventory scan
F	1564	F1564_AES_form_button	UTSTAES.C	missing	unmapped_or_unverified	no exact identifier found by inventory scan
F	1565	F1565_AES_form_keybd	UTSTAES.C	missing	unmapped_or_unverified	no exact identifier found by inventory scan
F	1566	F1566_AES_form_dial	UTSTAES.C	missing	unmapped_or_unverified	no exact identifier found by inventory scan
F	1567	F1567_AES_form_alert	UTSTAES.C	missing	unmapped_or_unverified	no exact identifier found by inventory scan
F	1568	F1568_AES_form_error	UTSTAES.C	missing	unmapped_or_unverified	no exact identifier found by inventory scan
F	1569	F1569_AES_form_center	UTSTAES.C	missing	unmapped_or_unverified	no exact identifier found by inventory scan
F	1570	F1570_AES_graf_rubberbox	UTSTAES.C	missing	unmapped_or_unverified	no exact identifier found by inventory scan
F	1571	F1571_AES_graf_dragbox	UTSTAES.C	missing	unmapped_or_unverified	no exact identifier found by inventory scan
F	1572	F1572_AES_graf_movebox	UTSTAES.C	missing	unmapped_or_unverified	no exact identifier found by inventory scan
F	1573	F1573_AES_graf_growbox	UTSTAES.C	missing	unmapped_or_unverified	no exact identifier found by inventory scan
F	1574	F1574_AES_graf_shrinkbox	UTSTAES.C	missing	unmapped_or_unverified	no exact identifier found by inventory scan
F	1575	F1575_AES_graf_watchbox	UTSTAES.C	missing	unmapped_or_unverified	no exact identifier found by inventory scan
F	1576	F1576_AES_graf_slidebox	UTSTAES.C	missing	unmapped_or_unverified	no exact identifier found by inventory scan
F	1577	F1577_AES_graf_handle	UTSTWKS.C;UTSTAES.C	missing	unmapped_or_unverified	no exact identifier found by inventory scan
F	1578	F1578_AES_graf_mouse	UTSTAES.C;IO.C	referenced-not-verified	referenced_not_verified	exact identifier found by inventory scan; not reviewed as implementation
F	1579	F1579_AES_graf_mkstate	UTSTAES.C	missing	unmapped_or_unverified	no exact identifier found by inventory scan
F	1580	F1580_AES_scrp_read	UTSTAES.C	missing	unmapped_or_unverified	no exact identifier found by inventory scan
F	1581	F1581_AES_scrp_write	UTSTAES.C	missing	unmapped_or_unverified	no exact identifier found by inventory scan
F	1582	F1582_AES_fsel_input	UTSTAES.C	missing	unmapped_or_unverified	no exact identifier found by inventory scan
F	1583	F1583_AES_wind_create	UTSTAES.C	missing	unmapped_or_unverified	no exact identifier found by inventory scan
F	1584	F1584_AES_wind_open	UTSTAES.C	missing	unmapped_or_unverified	no exact identifier found by inventory scan
F	1585	F1585_AES_wind_close	UTSTAES.C	missing	unmapped_or_unverified	no exact identifier found by inventory scan
F	1586	F1586_AES_wind_delete	UTSTAES.C	missing	unmapped_or_unverified	no exact identifier found by inventory scan
F	1587	F1587_AES_wind_get	UTSTAES.C	missing	unmapped_or_unverified	no exact identifier found by inventory scan
F	1588	F1588_AES_wind_set	UTSTAES.C	missing	unmapped_or_unverified	no exact identifier found by inventory scan
F	1589	F1589_AES_wind_find	UTSTAES.C	missing	unmapped_or_unverified	no exact identifier found by inventory scan
F	1590	F1590_AES_wind_update	UTSTAES.C	missing	unmapped_or_unverified	no exact identifier found by inventory scan
F	1591	F1591_AES_wind_calc	UTSTAES.C	missing	unmapped_or_unverified	no exact identifier found by inventory scan
F	1592	F1592_AES_rsrc_load	UTSTAES.C	missing	unmapped_or_unverified	no exact identifier found by inventory scan
F	1593	F1593_AES_rsrc_free	UTSTAES.C	missing	unmapped_or_unverified	no exact identifier found by inventory scan
F	1594	F1594_AES_rsrc_gaddr	UTSTAES.C	missing	unmapped_or_unverified	no exact identifier found by inventory scan
F	1595	F1595_AES_rsrc_saddr	UTSTAES.C	missing	unmapped_or_unverified	no exact identifier found by inventory scan
F	1596	F1596_AES_rsrc_obfix	UTSTAES.C	missing	unmapped_or_unverified	no exact identifier found by inventory scan
F	1597	F1597_AES_shel_read	UTSTAES.C	missing	unmapped_or_unverified	no exact identifier found by inventory scan
F	1598	F1598_AES_shel_write	UTSTAES.C	missing	unmapped_or_unverified	no exact identifier found by inventory scan
F	1599	F1599_AES_shel_get	UTSTAES.C	missing	unmapped_or_unverified	no exact identifier found by inventory scan
F	1600	F1600_AES_shel_put	UTSTAES.C	missing	unmapped_or_unverified	no exact identifier found by inventory scan
F	1601	F1601_AES_shel_find	UTSTAES.C	missing	unmapped_or_unverified	no exact identifier found by inventory scan
F	1602	F1602_AES_shel_envrn	UTSTAES.C	missing	unmapped_or_unverified	no exact identifier found by inventory scan
F	1603	F1603_TerminateTOSProgram	CEDTINCI.C;HINTGRAP.C;TOS.C	missing	unmapped_or_unverified	no exact identifier found by inventory scan
F	1607	F1607_CallVDI	UTSTVDI1.C;UTSTVDI2.C;HINTTEXT.C;UTSTVDI3.C	missing	unmapped_or_unverified	no exact identifier found by inventory scan
F	1608	F1608_VDI_v_opnwk	UTSTWKS.C;UTSTVDI2.C	missing	unmapped_or_unverified	no exact identifier found by inventory scan
F	1609	F1609_VDI_v_clswk	UTSTVDI2.C	missing	unmapped_or_unverified	no exact identifier found by inventory scan
F	1610	F1610_VDI_v_opnvwk	UTSTWKS.C;UTSTVDI2.C	missing	unmapped_or_unverified	no exact identifier found by inventory scan
F	1611	F1611_VDI_v_clsvwk	UTSTWKS.C;UTSTVDI2.C	missing	unmapped_or_unverified	no exact identifier found by inventory scan
F	1612	F1612_VDI_v_clrwk	UTSTVDI2.C	missing	unmapped_or_unverified	no exact identifier found by inventory scan
F	1613	F1613_VDI_v_updwk	UTSTVDI2.C	missing	unmapped_or_unverified	no exact identifier found by inventory scan
F	1614	F1614_VDI_vst_load_fonts	UTSTVDI2.C	missing	unmapped_or_unverified	no exact identifier found by inventory scan
F	1615	F1615_VDI_vst_unload_fonts	UTSTVDI2.C	missing	unmapped_or_unverified	no exact identifier found by inventory scan
F	1616	F1616_VDI_vs_clip	UTSTVDI2.C	missing	unmapped_or_unverified	no exact identifier found by inventory scan
F	1617	F1617_VDI_vsin_mode	HINTTEXT.C;UTSTVDI3.C	missing	unmapped_or_unverified	no exact identifier found by inventory scan
F	1618	F1618_VDI_vrq_locator	UTSTVDI3.C	missing	unmapped_or_unverified	no exact identifier found by inventory scan
F	1619	F1619_VDI_vrq_locator	UTSTVDI3.C	missing	unmapped_or_unverified	no exact identifier found by inventory scan
F	1620	F1620_VDI_vrq_valuator	UTSTVDI3.C	missing	unmapped_or_unverified	no exact identifier found by inventory scan
F	1621	F1621_VDI_vrq_valuator	UTSTVDI3.C	missing	unmapped_or_unverified	no exact identifier found by inventory scan
F	1622	F1622_VDI_vrq_choice	UTSTVDI3.C	missing	unmapped_or_unverified	no exact identifier found by inventory scan
F	1623	F1623_VDI_vrq_choice	UTSTVDI3.C	missing	unmapped_or_unverified	no exact identifier found by inventory scan
F	1624	F1624_VDI_vrq_string	UTSTVDI3.C	missing	unmapped_or_unverified	no exact identifier found by inventory scan
F	1625	F1625_VDI_vrq_string	UTSTVDI3.C	missing	unmapped_or_unverified	no exact identifier found by inventory scan
F	1626	F1626_VDI_vsc_form	UTSTVDI3.C	missing	unmapped_or_unverified	no exact identifier found by inventory scan
F	1627	F1627_VDI_vex_timv	UTSTVDI3.C	missing	unmapped_or_unverified	no exact identifier found by inventory scan
F	1628	F1628_VDI_v_show_c	IO.C;UTSTVDI3.C	referenced-not-verified	referenced_not_verified	exact identifier found by inventory scan; not reviewed as implementation
F	1629	F1629_VDI_v_hide_c	IO.C;UTSTVDI3.C	referenced-not-verified	referenced_not_verified	exact identifier found by inventory scan; not reviewed as implementation
F	1630	F1630_VDI_vq_mouse	IO.C;UTSTVDI3.C	referenced-not-verified	referenced_not_verified	exact identifier found by inventory scan; not reviewed as implementation
F	1631	F1631_VDI_vex_butv	IO.C;UTSTVDI3.C	referenced-not-verified	referenced_not_verified	exact identifier found by inventory scan; not reviewed as implementation
F	1632	F1632_VDI_vex_motv	IO.C;UTSTVDI3.C	referenced-not-verified	referenced_not_verified	exact identifier found by inventory scan; not reviewed as implementation
F	1633	F1633_VDI_vex_curv	UTSTVDI3.C	missing	unmapped_or_unverified	no exact identifier found by inventory scan
F	1634	F1634_VDI_vq_key_s	UTSTVDI3.C	missing	unmapped_or_unverified	no exact identifier found by inventory scan
F	1635	F1635_VDI_v_curhome	UTSTVDI3.C	missing	unmapped_or_unverified	no exact identifier found by inventory scan
F	1650	F1650_AllocateMemory	SWITCHMM.C;SWITCH.C	referenced-not-verified	referenced_not_verified	exact identifier found by inventory scan; not reviewed as implementation
F	1651	F1651_FreeMemory	SWITCHMM.C;SWITCH.C	referenced-not-verified	referenced_not_verified	exact identifier found by inventory scan; not reviewed as implementation
F	1652	F1652_GetAllocatedMemoryBlockCount	SWITCHMM.C	missing	unmapped_or_unverified	no exact identifier found by inventory scan
F	1653	F1653_ConvertCoordinates	SWITCHMM.C;CEDT017.C;SWITCH.C;CEDT027.C;CEDTINCM.C;CEDTINCN.C	referenced-not-verified	referenced_not_verified	exact identifier found by inventory scan; not reviewed as implementation
F	1654	F1654_Unreferenced	SWITCHMM.C	missing	unmapped_or_unverified	no exact identifier found by inventory scan
F	1658	F1658_IsShiftKeyPressed_Unrerefenced	VDEO2.C	missing	unmapped_or_unverified	no exact identifier found by inventory scan
F	1662	F1662_InstallVerticalBlankInterruptHandler	VDEO2.C;VDEO1.C	missing	unmapped_or_unverified	no exact identifier found by inventory scan
F	1663	F1663_UninstallVerticalBlankInterruptHandler	VDEO2.C;VDEO1.C	missing	unmapped_or_unverified	no exact identifier found by inventory scan
F	1665	F1665_InstallVerticalBlankHandlerManager	INT1.C	missing	unmapped_or_unverified	no exact identifier found by inventory scan
F	1666	F1666_UninstallVerticalBlankHandlerManager	INT1.C	missing	unmapped_or_unverified	no exact identifier found by inventory scan
F	1667	F1667_ExecuteVerticalBlankHandlers	INT1.C	missing	unmapped_or_unverified	no exact identifier found by inventory scan
F	1668	F1668_InstallTimerDHandlerManager	INT1.C	missing	unmapped_or_unverified	no exact identifier found by inventory scan
F	1669	F1669_UninstallTimerDHandlerManager	INT1.C	missing	unmapped_or_unverified	no exact identifier found by inventory scan
F	1670	F1670_ExecuteTimerDHandlers	INT1.C	missing	unmapped_or_unverified	no exact identifier found by inventory scan
F	1671	F1671_InstallSampleHandlerManager	INT1.C	missing	unmapped_or_unverified	no exact identifier found by inventory scan
F	1672	F1672_UninstallSampleHandlerManager	INT1.C	missing	unmapped_or_unverified	no exact identifier found by inventory scan
F	1673	F1673_ExecuteSampleHandlers_Unreferenced	INT1.C	missing	unmapped_or_unverified	no exact identifier found by inventory scan
F	1674	F1674_AddInterruptHandler	INT1.C	missing	unmapped_or_unverified	no exact identifier found by inventory scan
F	1675	F1675_InstallInterruptHandler	INT1.C	missing	unmapped_or_unverified	no exact identifier found by inventory scan
F	1676	F1676_UninstallInterruptHandler	INT1.C	missing	unmapped_or_unverified	no exact identifier found by inventory scan
F	1677	F1677_UninstallInterruptHandler	INT1.C	missing	unmapped_or_unverified	no exact identifier found by inventory scan
F	1678	F1678_UninstallAllHandlerManagers	INT1.C	missing	unmapped_or_unverified	no exact identifier found by inventory scan
F	1679	F1679_INT1_04_InstallInterruptHandler	INT1.C	missing	unmapped_or_unverified	no exact identifier found by inventory scan
F	1680	F1680_INT1_05_UninstallInterruptHandler	INT1.C	missing	unmapped_or_unverified	no exact identifier found by inventory scan
F	1681	F1681_INT1_06_	INT1.C	missing	unmapped_or_unverified	no exact identifier found by inventory scan
F	1683	F1683_INT1_03_Expunge	INT1.C	missing	unmapped_or_unverified	no exact identifier found by inventory scan
F	1684	F1684_GetMouseStatus	USIO2.C;USIO1.C	missing	unmapped_or_unverified	no exact identifier found by inventory scan
F	1685	F1685_InstallMouseInterruptHandler	USIO2.C;USIO1.C	missing	unmapped_or_unverified	no exact identifier found by inventory scan
F	1687	F1687_UninstallMouseInterruptHandler	USIO2.C;USIO1.C	missing	unmapped_or_unverified	no exact identifier found by inventory scan
F	1690	F1690_GetASCIICode	USIO2.C	missing	unmapped_or_unverified	no exact identifier found by inventory scan
F	1691	F1691_Cconis	USIO2.C	missing	unmapped_or_unverified	no exact identifier found by inventory scan
F	1692	F1692_Crawcin	USIO2.C	missing	unmapped_or_unverified	no exact identifier found by inventory scan
F	1694	F1694_AddMouseInputToQueue	USIO1.C	missing	unmapped_or_unverified	no exact identifier found by inventory scan
F	1715	F1715_MUSC_07_	MUSCMAIN.C;MUSCMIDI.C	missing	unmapped_or_unverified	no exact identifier found by inventory scan
F	1716	F1716_MUSC_05_StopMIDIMusic	MUSCMAIN.C;MUSCMIDI.C	missing	unmapped_or_unverified	no exact identifier found by inventory scan
F	1717	F1717_MUSC_04_PlayMIDIMusic	MUSCMAIN.C;MUSCMIDI.C	missing	unmapped_or_unverified	no exact identifier found by inventory scan
F	1718	F1718_MUSC_03_Expunge	MUSCMAIN.C;MUSCMIDI.C	missing	unmapped_or_unverified	no exact identifier found by inventory scan
F	1721	F1721_MUSC_06_	MUSCMAIN.C;MUSCOPM.C	missing	unmapped_or_unverified	no exact identifier found by inventory scan
F	1756	F1756_HatchBox_Unreferenced	UTSTGRAP.C	missing	unmapped_or_unverified	no exact identifier found by inventory scan
F	1757	F1757_PrintString_Unreferenced	UTDEBUG.C	missing	unmapped_or_unverified	no exact identifier found by inventory scan
F	1758	F1758_Unreferenced	UTDEBUG.C	missing	unmapped_or_unverified	no exact identifier found by inventory scan
F	1760	F1760_Unreferenced	UTDEBUG.C	missing	unmapped_or_unverified	no exact identifier found by inventory scan
F	1761	F1761_Delay_Unreferenced	UTDEBUG.C	missing	unmapped_or_unverified	no exact identifier found by inventory scan
F	1763	F1763_Unreferenced	UTDEBUG.C	missing	unmapped_or_unverified	no exact identifier found by inventory scan
F	1764	F1764_Unreferenced	UTDEBUG.C	missing	unmapped_or_unverified	no exact identifier found by inventory scan
F	1765	F1765_Unreferenced	UTDEBUG.C	referenced-not-verified	referenced_not_verified	exact identifier found by inventory scan; not reviewed as implementation
F	1766	F1766_Unreferenced	UTDEBUG.C	missing	unmapped_or_unverified	no exact identifier found by inventory scan
F	1769	F1769_GetLastErrorCode	UTERROR.C;DEFS.H;HINT001.C;UTMEMORY.C;HINTSCR.C;UTILITY.H	missing	unmapped_or_unverified	no exact identifier found by inventory scan
F	1779	F1779_SwapPalette	PALETTE.C	referenced-not-verified	referenced_not_verified	exact identifier found by inventory scan; not reviewed as implementation
F	1785	F1785_SOUND_RestoreKeyClick	SOUND.C	referenced-not-verified	referenced_not_verified	exact identifier found by inventory scan; not reviewed as implementation
F	1788	F1788_PlaySound	SOUND.C	referenced-not-verified	referenced_not_verified	exact identifier found by inventory scan; not reviewed as implementation
F	1789	F1789_Unreferenced	SOUND.C	referenced-not-verified	referenced_not_verified	exact identifier found by inventory scan; not reviewed as implementation
F	1790	F1790_Unreferenced	SOUND.C	referenced-not-verified	referenced_not_verified	exact identifier found by inventory scan; not reviewed as implementation
F	1792	F1792_LoadAnimationScript	ANIM.C	referenced-not-verified	referenced_not_verified	exact identifier found by inventory scan; not reviewed as implementation
F	1795	F1795_Prepare	ANIM.C	referenced-not-verified	referenced_not_verified	exact identifier found by inventory scan; not reviewed as implementation
F	1796	F1796_Clean	ANIM.C	referenced-not-verified	referenced_not_verified	exact identifier found by inventory scan; not reviewed as implementation
F	1797	F1797_ReadInstructionAndParameters	ANIM.C	referenced-not-verified	referenced_not_verified	exact identifier found by inventory scan; not reviewed as implementation
F	1799	F1799_LoadAnimationData	ANIM.C;ANIMLOAD.C	referenced-not-verified	referenced_not_verified	exact identifier found by inventory scan; not reviewed as implementation
F	1803	F1803_Unreferenced	ANIMLOAD.C	missing	unmapped_or_unverified	no exact identifier found by inventory scan
F	1824	F1824_AllocateMemoryHeap	CEDT005.C;ANIM.C;UTMEMORY.C;HINTMEM.C	referenced-not-verified	referenced_not_verified	exact identifier found by inventory scan; not reviewed as implementation
F	1825	F1825_FreeMemoryHeap	CEDT005.C;ANIM.C;UTMEMORY.C;HINTMEM.C	referenced-not-verified	referenced_not_verified	exact identifier found by inventory scan; not reviewed as implementation
F	1836	F1836_GetIORequest	HINTIORQ.C	missing	unmapped_or_unverified	no exact identifier found by inventory scan
F	1843	F1843_GetFixedDrvmap	HINTIORQ.C	missing	unmapped_or_unverified	no exact identifier found by inventory scan
F	1848	F1848_OpenOrCreateFile	HINTIORQ.C	missing	unmapped_or_unverified	no exact identifier found by inventory scan
F	1849	F1849_DeleteFile	HINTIORQ.C	missing	unmapped_or_unverified	no exact identifier found by inventory scan
F	1850	F1850_RenameFile	HINTIORQ.C	missing	unmapped_or_unverified	no exact identifier found by inventory scan
F	1851	F1851_GetDirectoryFileList	HINTIORQ.C	missing	unmapped_or_unverified	no exact identifier found by inventory scan
F	1855	F1855_GetAvailableIORequestIndex	HINTLOAD.C;HINTGRAP.C;HINTHTC.C;HINTFLOP.C;HINTIORQ.C	missing	unmapped_or_unverified	no exact identifier found by inventory scan
F	1856	F1856_CloseFile	HINTLOAD.C;HINTGRAP.C;HINTHTC.C;HINTFLOP.C;HINTIORQ.C	missing	unmapped_or_unverified	no exact identifier found by inventory scan
F	1857	F1857_PerformIORequestOperation	HINTLOAD.C;HINTGRAP.C;HINTHTC.C;DEFS.H;HINTLZW.C;HINTFLOP.C;HINTIORQ.C;UTILITY.H	missing	unmapped_or_unverified	no exact identifier found by inventory scan
F	1858	F1858_GetIORequestValue	HINTIORQ.C	missing	unmapped_or_unverified	no exact identifier found by inventory scan
F	1859	F1859_SetIORequestValue	HINTLOAD.C;HINTGRAP.C;HINTHTC.C;HINTLZW.C;HINTFLOP.C;HINTIORQ.C	missing	unmapped_or_unverified	no exact identifier found by inventory scan
F	1861	F1861_GetIORequestOutputValue	HINTLOAD.C;HINTHTC.C;HINTFLOP.C;HINTIORQ.C;UTILITY.H	missing	unmapped_or_unverified	no exact identifier found by inventory scan
F	1870	F1870_AddVerticalBlankClearPalette	UTSTWKS.C	missing	unmapped_or_unverified	no exact identifier found by inventory scan
F	1871	F1871_RemoveVerticalBlankClearPalette	UTSTWKS.C	missing	unmapped_or_unverified	no exact identifier found by inventory scan
F	1872	F1872_LoadGraphics	HINTGRAP.C;HINT001.C;HINTSCR.C;UTILITY.H	missing	unmapped_or_unverified	no exact identifier found by inventory scan
F	1873	F1873_Pre_F1875_FreeHintGraphics_CPSX	HINT008.C;HINTGRAP.C	missing	unmapped_or_unverified	no exact identifier found by inventory scan
F	1875	F1875_FreeHintGraphics_CPSX	HINTGRAP.C;HINT001.C;HINTSCR.C	missing	unmapped_or_unverified	no exact identifier found by inventory scan
F	1876	F1876_Post_F1875_FreeHintGraphics_CPSX	HINT008.C;HINTGRAP.C	missing	unmapped_or_unverified	no exact identifier found by inventory scan
F	1878	F1878_LoadGraphic	HINTGRAP.C;HINTGTXT.C;HINT001.C;HINTSCR.C;HINTPAL.C;UTILITY.H	missing	unmapped_or_unverified	no exact identifier found by inventory scan
F	1879	F1879_BlitBitmapFromGraphic	HINTGRAP.C	missing	unmapped_or_unverified	no exact identifier found by inventory scan
F	1880	F1880_LoadBitmapFromGraphic	HINTGRAP.C;HINT001.C;HINTSCR.C;UTILITY.H	missing	unmapped_or_unverified	no exact identifier found by inventory scan
F	1882	F1882_PrintTextString	HINTTEXT.C	missing	unmapped_or_unverified	no exact identifier found by inventory scan
F	1884	F1884_Text	HINT006.C;DEFS.H;HINTTEXT.C;HINT001.C;HINTHINT.C;HINTSCR.C;HINTINPT.C;UTILITY.H	missing	unmapped_or_unverified	no exact identifier found by inventory scan
F	1886	F1886_Memory	HINTLOAD.C;HINTGRAP.C;HINTGTXT.C;HINTHTC.C;HINT006.C;DEFS.H;HINTMAIN.C;HINTTEXT.C;HINT001.C;HINTHINT.C;HINT004.C;HINTSCR.C;HINTMEM.C;HINTINPT.C;HINT007.C;UTILITY.H	missing	unmapped_or_unverified	no exact identifier found by inventory scan
F	1887	F1887_Pre_F1889_Screen_CPSX	HINTSCR.C	missing	unmapped_or_unverified	no exact identifier found by inventory scan
F	1889	F1889_Screen_CPSX	HINT002.C;HINTEND.C;HINTHTC.C;HINTMAIN.C;HINTTEXT.C;HINT001.C;HINTHINT.C;HINTSCR.C;HINTINPT.C;HINT007.C	missing	unmapped_or_unverified	no exact identifier found by inventory scan
F	1890	F1890_Post_F1889_Screen_CPSX	HINTSCR.C	missing	unmapped_or_unverified	no exact identifier found by inventory scan
F	1893	F1893_ColorPalette	HINTHTC.C;DEFS.H;HINT001.C;HINTHINT.C;HINTSCR.C;HINTINPT.C;HINTPAL.C;HINT007.C	missing	unmapped_or_unverified	no exact identifier found by inventory scan
F	1894	F1894_ExitHintOracle	HINT002.C;HINTEND.C;HINTMAIN.C	missing	unmapped_or_unverified	no exact identifier found by inventory scan
F	1897	F1897_FadeToPalette	HINTSCR.C;HINTPAL.C;HINT003.C	missing	unmapped_or_unverified	no exact identifier found by inventory scan
F	1899	F1899_Pre_F1901_CopyProtectionRoutine_CPSX	HINTLOAD.C;HINT008.C;HINTHTC.C;HINTMAIN.C;HINT004.C;HINTINPT.C;HINT007.C	missing	unmapped_or_unverified	no exact identifier found by inventory scan
F	1901	F1901_CopyProtectionRoutine_CPSX	HINTGRAP.C;HINTHTC.C;HINTHINT.C;HINT004.C	missing	unmapped_or_unverified	no exact identifier found by inventory scan
F	1902	F1902_Post_F1901_CopyProtectionRoutine_CPSX	HINTLOAD.C;HINT008.C;HINTHTC.C;HINTMAIN.C;HINT004.C;HINTINPT.C;HINT007.C	missing	unmapped_or_unverified	no exact identifier found by inventory scan
F	1904	F1904_ApplyPaletteChangesToScreenArea	HINTHINT.C;HINT004.C	missing	unmapped_or_unverified	no exact identifier found by inventory scan
F	1908	F1908_Checksum_CPSX	HINTLOAD.C;HINTHTC.C;HINTMAIN.C;HINTHINT.C;HINTINPT.C	missing	unmapped_or_unverified	no exact identifier found by inventory scan
F	1909	F1909_CopyStringUntilCharacter	HINTLOAD.C;HINTHINT.C	missing	unmapped_or_unverified	no exact identifier found by inventory scan
F	1910	F1910_LoadSavedGamePart	HINTLOAD.C	missing	unmapped_or_unverified	no exact identifier found by inventory scan
F	1913	F1913_LoadAndDeobfuscateSavedGamePart	HINTLOAD.C	missing	unmapped_or_unverified	no exact identifier found by inventory scan
F	1914	F1914_LoadAndDeobfuscateSavedGameHeader	HINTLOAD.C	missing	unmapped_or_unverified	no exact identifier found by inventory scan
F	1915	F1915_UnloadGame	HINTLOAD.C;HINTHTC.C	missing	unmapped_or_unverified	no exact identifier found by inventory scan
F	1916	F1916_Pre_F1918_LoadGame_CPSX	HINTLOAD.C;HINTHTC.C;HINTMAIN.C	missing	unmapped_or_unverified	no exact identifier found by inventory scan
F	1918	F1918_LoadGame_CPSX	HINTLOAD.C;HINTHTC.C	missing	unmapped_or_unverified	no exact identifier found by inventory scan
F	1919	F1919_Post_F1918_LoadGame_CPSX	HINTLOAD.C;HINTHTC.C;HINTMAIN.C	missing	unmapped_or_unverified	no exact identifier found by inventory scan
F	1920	F1920_AllocateMemory	HINTLOAD.C;HINTHTC.C;UTILITY.H	missing	unmapped_or_unverified	no exact identifier found by inventory scan
F	1921	F1921_FreeMemory	HINTLOAD.C;HINTHTC.C	missing	unmapped_or_unverified	no exact identifier found by inventory scan
F	1922	F1922_ReadFromHTCFile	HINTHTC.C	missing	unmapped_or_unverified	no exact identifier found by inventory scan
F	1923	F1923_Pre_F1925_CPSX	HINTHTC.C;HINTSCR.C	missing	unmapped_or_unverified	no exact identifier found by inventory scan
F	1925	F1925_CPSX	HINTHTC.C;HINTMAIN.C;HINTHINT.C;HINTSCR.C;UTILITY.H	missing	unmapped_or_unverified	no exact identifier found by inventory scan
F	1926	F1926_Post_F1925_CPSX	HINTHTC.C;HINTSCR.C	missing	unmapped_or_unverified	no exact identifier found by inventory scan
F	1928	F1928_ForceMediaChangeDetection	CEDTINCF.C;UTIO.C;HINTFLOP.C	missing	unmapped_or_unverified	no exact identifier found by inventory scan
F	1934	F1934_Checksum_CPSX	HINTMAIN.C;HINTHINT.C;HINTSCR.C	missing	unmapped_or_unverified	no exact identifier found by inventory scan
F	1935	F1935_Pre_F1937_Hints_CPSX	HINTHINT.C	missing	unmapped_or_unverified	no exact identifier found by inventory scan
F	1937	F1937_Hints_CPSX	HINTMAIN.C;HINTHINT.C;HINTSCR.C	missing	unmapped_or_unverified	no exact identifier found by inventory scan
F	1938	F1938_Post_F1937_Hints_CPSX	HINTHINT.C	missing	unmapped_or_unverified	no exact identifier found by inventory scan
F	1940	F1940_CPSX	HINTMAIN.C;HINTHINT.C;HINTSCR.C	missing	unmapped_or_unverified	no exact identifier found by inventory scan
F	1942	F1942_Pre_F1944_ChecksumAdd_main	HINTMAIN.C;HINTINPT.C;HINT007.C	missing	unmapped_or_unverified	no exact identifier found by inventory scan
F	1944	F1944_ChecksumAdd	HINTLOAD.C;HINTMAIN.C;HINTSCR.C;HINTINPT.C	missing	unmapped_or_unverified	no exact identifier found by inventory scan
F	1945	F1945_Pre_F1944_ChecksumAdd_main	HINTMAIN.C;HINTINPT.C;HINT007.C	missing	unmapped_or_unverified	no exact identifier found by inventory scan
F	1947	F1947_BlitBitmapToOrFromScreen	HINTLOAD.C;HINT005.C;HINT004.C;HINTSCR.C	missing	unmapped_or_unverified	no exact identifier found by inventory scan
F	1950	F1950_Pre_F1952_CheckCopyProtectionSector_CPSX	HINTHTC.C;HINT006.C	missing	unmapped_or_unverified	no exact identifier found by inventory scan
F	1952	F1952_CheckCopyProtectionSector_CPSX	HINTHTC.C;HINT006.C;HINTMAIN.C	missing	unmapped_or_unverified	no exact identifier found by inventory scan
F	1953	F1953_Post_F1952_CheckCopyProtectionSector_CPSX	HINTHTC.C;HINT006.C;HINT007.C	missing	unmapped_or_unverified	no exact identifier found by inventory scan
F	1955	F1955_Input_CPSX	HINTHTC.C;DEFS.H;HINTMAIN.C;HINTTEXT.C;HINTHINT.C;HINTFLOP.C;HINTSCR.C;HINTINPT.C;UTILITY.H	missing	unmapped_or_unverified	no exact identifier found by inventory scan
F	1956	F1956_EndProgram	HINT002.C;HINTLOAD.C;HINTEND.C;HINTHTC.C;HINT005.C;HINTMAIN.C;HINTTEXT.C;HINT001.C;HINTHINT.C;HINTLZW.C;HINTFLOP.C;HINTSCR.C;HINTMEM.C;HINTINPT.C;HINTPAL.C;HINT007.C	missing	unmapped_or_unverified	no exact identifier found by inventory scan
F	1966	F1966_DebugEnter	HINT002.C;HINTEND.C;HINTHTC.C;HINT005.C;HINTTEXT.C;HINTHINT.C;HINTFLOP.C;HINTSCR.C;HINTMEM.C;HINTINPT.C;HINTPAL.C;HINT007.C;HINTDBG.C	missing	unmapped_or_unverified	no exact identifier found by inventory scan
F	1967	F1967_DebugExit	HINT002.C;HINTEND.C;HINTHTC.C;HINT005.C;HINTTEXT.C;HINTHINT.C;HINTFLOP.C;HINTSCR.C;HINTMEM.C;HINTINPT.C;HINTPAL.C;HINT007.C;HINTDBG.C	missing	unmapped_or_unverified	no exact identifier found by inventory scan
F	1968	F1968_Debug_Unreferenced	HINTDBG.C	missing	unmapped_or_unverified	no exact identifier found by inventory scan
F	1969	F1969_DebugInitialize	HINTHTC.C;HINTMAIN.C;HINT007.C;HINTDBG.C	missing	unmapped_or_unverified	no exact identifier found by inventory scan
F	1970	F1970_Debug_Unreferenced	HINTTEXT.C;HINTDBG.C	missing	unmapped_or_unverified	no exact identifier found by inventory scan
F	1982	F1982_Unreferenced	HINTCASE.C	missing	unmapped_or_unverified	no exact identifier found by inventory scan
F	1983	F1983_Unreferenced	HINTCASE.C	missing	unmapped_or_unverified	no exact identifier found by inventory scan
F	1984	F1984_ConvertCharacterToLowerCase	HINTTEXT.C;HINTCASE.C	missing	unmapped_or_unverified	no exact identifier found by inventory scan
F	1985	F1985_CPSX	HINT008.C;HINTSCR.C	missing	unmapped_or_unverified	no exact identifier found by inventory scan
F	1987	F1987_Checksum	CEDTINCI.C	missing	unmapped_or_unverified	no exact identifier found by inventory scan
F	1988	F1988_Checksum	CEDTINCI.C	missing	unmapped_or_unverified	no exact identifier found by inventory scan
F	1989	F1989_InitializeRandomNumber	CEDT002.C	missing	unmapped_or_unverified	no exact identifier found by inventory scan
F	1992	F1992_RequestUtilityDiskInDrive	CEDTINCI.C;CEDTINC8.C;UTIO.C;CEDTINCJ.C;CEDTINCD.C	missing	unmapped_or_unverified	no exact identifier found by inventory scan
F	1998	F1998_PrintSpacePaddedText_Unreferenced	CEDTINCK.C	missing	unmapped_or_unverified	no exact identifier found by inventory scan
F	1999	F1999_FILE_Read	CEDTINCA.C;CEDTINC6.C	missing	unmapped_or_unverified	no exact identifier found by inventory scan
F	2000	F2000_FILE_Write	CEDTINC8.C;CEDTINC6.C	missing	unmapped_or_unverified	no exact identifier found by inventory scan
F	2007	F2007_SetFloppyDriveIndex	UTIO.C	missing	unmapped_or_unverified	no exact identifier found by inventory scan
F	2008	F2008_IsLeftMouseButtonDown	CEDTINCF.C;UTIO.C;CEDT006.C;UTILITY.H	missing	unmapped_or_unverified	no exact identifier found by inventory scan
F	2009	F2009_GetMouseX	CEDTINCF.C;UTIO.C;CEDT006.C	missing	unmapped_or_unverified	no exact identifier found by inventory scan
F	2010	F2010_GetMouseY	CEDTINCF.C;UTIO.C;CEDT006.C	missing	unmapped_or_unverified	no exact identifier found by inventory scan
F	2011	F2011_ProcessClicksAndKeyPresses	COMMAND.C	referenced-not-verified	referenced_not_verified	exact identifier found by inventory scan; not reviewed as implementation
F	2014	F2014_ConvertStringToLowerCase	HINTTEXT.C;HINT001.C	missing	unmapped_or_unverified	no exact identifier found by inventory scan
F	2022	F2022_F1889_SubForInit	HINT001.C;HINTSCR.C	missing	unmapped_or_unverified	no exact identifier found by inventory scan
F	2023	F2023_F1889_SubForUninit	HINT001.C;HINTSCR.C	missing	unmapped_or_unverified	no exact identifier found by inventory scan
F	2024	F2024_IsLeftMouseButtonDown	HINT001.C;HINTINPT.C	missing	unmapped_or_unverified	no exact identifier found by inventory scan
F	2026	F2026_GetGraphicByteCount	HINTGRAP.C;HINTGTXT.C;UTILITY.H	missing	unmapped_or_unverified	no exact identifier found by inventory scan
F	2028	F2028_LoadHintOracleTexts	HINTGTXT.C;HINT001.C;UTILITY.H	missing	unmapped_or_unverified	no exact identifier found by inventory scan
F	2029	F2029_GetHintOracleText_Unreferenced	HINTGTXT.C	missing	unmapped_or_unverified	no exact identifier found by inventory scan
F	2030	F2030_FreeHintOracleTexts	HINTGTXT.C;HINT001.C;UTILITY.H	missing	unmapped_or_unverified	no exact identifier found by inventory scan
F	2042	F2042_InitializeScreen	UTAMSCR.C;HINT001.C;UTIO.C;UTILITY.H	missing	unmapped_or_unverified	no exact identifier found by inventory scan
F	2043	F2043_UninitializeScreen	UTAMSCR.C;HINT001.C;UTIO.C;UTILITY.H	missing	unmapped_or_unverified	no exact identifier found by inventory scan
F	2045	F2045_FadeToPalette	FILLBOX.C;CEDTINCI.C;UTAMSCR.C;UTIO.C;HINTPAL.C	missing	unmapped_or_unverified	no exact identifier found by inventory scan
F	2047	F2047_GetMouseX	FILLBOX.C;UTIO.C	missing	unmapped_or_unverified	no exact identifier found by inventory scan
F	2048	F2048_GetMouseY	FILLBOX.C;UTIO.C	missing	unmapped_or_unverified	no exact identifier found by inventory scan
F	2060	F2060_ShowPointer	CEDT026.C;CEDT018.C	missing	unmapped_or_unverified	no exact identifier found by inventory scan
F	2065	F2065_Checksum	CEDT018.C	missing	unmapped_or_unverified	no exact identifier found by inventory scan
F	2072	F2072_HidePointer	CEDT026.C;CEDT018.C	missing	unmapped_or_unverified	no exact identifier found by inventory scan
F	2078	F2078_ReadSector_Unreferenced	CEDT023.C	missing	unmapped_or_unverified	no exact identifier found by inventory scan
F	2079	F2079_FormatFloppyDisk	CEDT023.C	missing	unmapped_or_unverified	no exact identifier found by inventory scan
F	2084	F2084_CheckX68000OriginalDisk_CPSX	CEDTINC2.C;CEDT023.C	missing	unmapped_or_unverified	no exact identifier found by inventory scan
F	2085	F2085_EjectFloppyDisk	CEDTINC2.C;CEDT023.C	missing	unmapped_or_unverified	no exact identifier found by inventory scan
F	2091	F2091_GetDriveAddress	CEDTINC2.C;CEDT023.C	missing	unmapped_or_unverified	no exact identifier found by inventory scan
F	2093	F2093_GetVerticalBlankCount	CEDT025.C;CEDT006.C;CEDT002.C;UTILITY.H	missing	unmapped_or_unverified	no exact identifier found by inventory scan
F	2094	F2094_Call_DOS_FFLUSH	CEDTINC2.C;CEDT023.C	missing	unmapped_or_unverified	no exact identifier found by inventory scan
F	2095	F2095_AllocateMemory	CEDT005.C;CEDTINCF.C;CEDTINCA.C;CEDTINCI.C;PORTRAIT.C;CEDTINC8.C;CEDT007.C;CEDTINCR.C;UTILITY.H;CEDTINCD.C	referenced-not-verified	referenced_not_verified	exact identifier found by inventory scan; not reviewed as implementation
F	2100	F2100_GetChildFiles	CEDTINCF.C;UTIO.C	missing	unmapped_or_unverified	no exact identifier found by inventory scan
F	2104	F2104_CHAMPION_ConvertBitmapToAtariSTPlanar	CEDTINCI.C;PORTRAIT.C;CEDTINC8.C;CEDT006.C;CEDTINCG.C;CEDTINCD.C	referenced-not-verified	referenced_not_verified	exact identifier found by inventory scan; not reviewed as implementation
F	2105	F2105_CHAMPION_ConvertBitmapFromAtariSTPlanar	CEDTINCE.C;PORTRAIT.C;CEDTINC8.C	referenced-not-verified	referenced_not_verified	exact identifier found by inventory scan; not reviewed as implementation
F	2106	F2106_InitializeUsioDataFilteredQueue	CEDTINCI.C;COMMAND.C	referenced-not-verified	referenced_not_verified	exact identifier found by inventory scan; not reviewed as implementation
F	2107	F2107_UninitializeUsioDataFilteredQueue	CEDTINCI.C;COMMAND.C	referenced-not-verified	referenced_not_verified	exact identifier found by inventory scan; not reviewed as implementation
F	2108	F2108_AddUsioDataToFilteredQueue	COMMAND.C	referenced-not-verified	referenced_not_verified	exact identifier found by inventory scan; not reviewed as implementation
F	2109	F2109_BuildUsioDataFilteredQueue	COMMAND.C	referenced-not-verified	referenced_not_verified	exact identifier found by inventory scan; not reviewed as implementation
F	2110	F2110_GetFirstUsioDataInFilteredQueueOfSpecifiedTypeIndex	COMMAND.C	referenced-not-verified	referenced_not_verified	exact identifier found by inventory scan; not reviewed as implementation
F	2110	F2110_GetFirstUsioDataInFilteredQueueOfSpecifiedTypeIndex_RemoveFromQueue	CEDT025.C;COMMAND.C	referenced-not-verified	referenced_not_verified	exact identifier found by inventory scan; not reviewed as implementation
F	2111	F2111_RemoveUsioDataFromFilteredQueue	COMMAND.C	referenced-not-verified	referenced_not_verified	exact identifier found by inventory scan; not reviewed as implementation
F	2113	F2113_GetFirstUsioDataInFilteredQueueOfSpecifiedTypeIndex_KeepInQueue	CEDT025.C;COMMAND.C	referenced-not-verified	referenced_not_verified	exact identifier found by inventory scan; not reviewed as implementation
F	2114	F2114_EmptyUsioDataFilteredQueue	COMMAND.C	referenced-not-verified	referenced_not_verified	exact identifier found by inventory scan; not reviewed as implementation
F	2122	F2122_DecodeAllPortraitsWhileLoading	CEDT019.C;CEDTINCD.C	missing	unmapped_or_unverified	no exact identifier found by inventory scan
F	2123	F2123_EncodeAllPortraitsBeforeSaving	CEDT019.C;CEDTINC8.C	missing	unmapped_or_unverified	no exact identifier found by inventory scan
F	2124	F2124_DecodeAllPortraitsAfterSaving	CEDT019.C;CEDTINC8.C	missing	unmapped_or_unverified	no exact identifier found by inventory scan
F	2136	F2136_GetAsciiCode	CEDT025.C;COMMAND.C	referenced-not-verified	referenced_not_verified	exact identifier found by inventory scan; not reviewed as implementation
F	2143	F2143_Initialize	CEDTINCI.C;CEDT102.C	missing	unmapped_or_unverified	no exact identifier found by inventory scan
F	2144	F2144_Free	CEDTINCI.C;CEDT102.C	missing	unmapped_or_unverified	no exact identifier found by inventory scan
F	2145	F2145_sub_F0007_1	IIGS.H;COPYBYTE.C	missing	unmapped_or_unverified	no exact identifier found by inventory scan
F	2146	F2146_sub_F0007_2	IIGS.H;COPYBYTE.C	missing	unmapped_or_unverified	no exact identifier found by inventory scan
F	2147	F2147_EnableSuperHiResGraphics	IIGS.H;BASE.C	missing	unmapped_or_unverified	no exact identifier found by inventory scan
F	2148	F2148_DisableSuperHiResGraphics	IIGS.H;BASE.C;GSTHINGS.C	missing	unmapped_or_unverified	no exact identifier found by inventory scan
F	2150	F2150_CPSX	LOADSAVE.C;COMMAND.C;DEFS.H;MOVESENS.C	referenced-not-verified	referenced_not_verified	exact identifier found by inventory scan; not reviewed as implementation
F	2151	F2151_CPSX	LOADSAVE.C;IIGS.H;COMMAND.C;DEFS.H;COPYPROD.C;FLOPPY.C;SOUND.C;MOVESENS.C	referenced-not-verified	referenced_not_verified	exact identifier found by inventory scan; not reviewed as implementation
F	2152	F2152_CPSX	LOADSAVE.C;IIGS.H;COMMAND.C;DEFS.H;COPYPROD.C;FLOPPY.C;SOUND.C;MOVESENS.C	referenced-not-verified	referenced_not_verified	exact identifier found by inventory scan; not reviewed as implementation
F	2153	F2153_subF0136_	IIGS.H;DEFS.H;BLITFILL.C	missing	unmapped_or_unverified	no exact identifier found by inventory scan
F	2158	F2158_GetMouseButtonsStatus	PANEL.C;IIGS.H;REVIVE.C;IO.C;ENTRANCE.C	referenced-not-verified	referenced_not_verified	exact identifier found by inventory scan; not reviewed as implementation
F	2159	F2159_ClampMousePointerOnASinglePixel	PANEL.C;IIGS.H;IO.C	referenced-not-verified	referenced_not_verified	exact identifier found by inventory scan; not reviewed as implementation
F	2160	F2160_GetMousePointerHotspotX	IIGS.H;REVIVE.C;IO.C	referenced-not-verified	referenced_not_verified	exact identifier found by inventory scan; not reviewed as implementation
F	2161	F2161_GetMousePointerHotspotY	IIGS.H;REVIVE.C;IO.C	referenced-not-verified	referenced_not_verified	exact identifier found by inventory scan; not reviewed as implementation
F	2162	F2162_ShutDown	LOADSAVE.C;GSTHINGS.C;ENDGAME.C;FILE.C	referenced-not-verified	referenced_not_verified	exact identifier found by inventory scan; not reviewed as implementation
F	2163	F2163_SetBorderColor	PALETTE.C;IIGS.H;ENDGAME.C;ENTRANCE.C;TITLE.C	referenced-not-verified	referenced_not_verified	exact identifier found by inventory scan; not reviewed as implementation
F	2164	F2164_PatchAddresses	DRAWVIEW.C;DRAWMSGA.C;GSTHINGS.C;STARTUP2.C	referenced-not-verified	referenced_not_verified	exact identifier found by inventory scan; not reviewed as implementation
F	2165	F2165_PrintErrorMessage	BASE.C;GSTHINGS.C;FLOPPY.C;STARTUP1.C	missing	unmapped_or_unverified	no exact identifier found by inventory scan
F	2167	F2167_BuildAppleIIGSMouseCursor	IIGS.H;IO.C;DEFS.H	referenced-not-verified	referenced_not_verified	exact identifier found by inventory scan; not reviewed as implementation
F	2179	F2179_InitializeGraphicData	GSTHINGS.C;STARTUP1.C	missing	unmapped_or_unverified	no exact identifier found by inventory scan
F	2191	F2191_CPSX	LOADSAVE.C;COMMAND.C;DEFS.H;MOVESENS.C	referenced-not-verified	referenced_not_verified	exact identifier found by inventory scan; not reviewed as implementation
F	2192	F2192_CPSX	LOADSAVE.C;COMMAND.C;DEFS.H;MOVESENS.C	referenced-not-verified	referenced_not_verified	exact identifier found by inventory scan; not reviewed as implementation
F	2193	F2193_CPSX	LOADSAVE.C;COMMAND.C;DEFS.H;MOVESENS.C	referenced-not-verified	referenced_not_verified	exact identifier found by inventory scan; not reviewed as implementation
F	2194	F2194_CPSX	LOADSAVE.C;COMMAND.C;DEFS.H;MOVESENS.C	referenced-not-verified	referenced_not_verified	exact identifier found by inventory scan; not reviewed as implementation
F	2195	F2195_CPSX	LOADSAVE.C;COMMAND.C;DEFS.H;MOVESENS.C	referenced-not-verified	referenced_not_verified	exact identifier found by inventory scan; not reviewed as implementation
F	2196	F2196_CPSX	COMMAND.C;DEFS.H;MOVESENS.C	referenced-not-verified	referenced_not_verified	exact identifier found by inventory scan; not reviewed as implementation
F	2197	F2197_CPSX	LOADSAVE.C;COMMAND.C;DEFS.H;MOVESENS.C	referenced-not-verified	referenced_not_verified	exact identifier found by inventory scan; not reviewed as implementation
F	2198	F2198_CPSX	DEFS.H;SOUND.C	referenced-not-verified	referenced_not_verified	exact identifier found by inventory scan; not reviewed as implementation
F	2199	F2199_CPSX	DEFS.H;SOUND.C	referenced-not-verified	referenced_not_verified	exact identifier found by inventory scan; not reviewed as implementation
F	2200	F2200_CPSX	DEFS.H;SOUND.C	referenced-not-verified	referenced_not_verified	exact identifier found by inventory scan; not reviewed as implementation
F	2201	F2201_CPSX	DEFS.H;SOUND.C	referenced-not-verified	referenced_not_verified	exact identifier found by inventory scan; not reviewed as implementation
F	2202	F2202_CPSX	DEFS.H;SOUND.C	referenced-not-verified	referenced_not_verified	exact identifier found by inventory scan; not reviewed as implementation
F	2203	F2203_CPSX	DEFS.H;FLOPPY.C	missing	unmapped_or_unverified	no exact identifier found by inventory scan
F	2204	F2204_CPSX	DEFS.H;FLOPPY.C	missing	unmapped_or_unverified	no exact identifier found by inventory scan
F	2205	F2205_CPSX	DEFS.H;FLOPPY.C	missing	unmapped_or_unverified	no exact identifier found by inventory scan
F	2206	F2206_CPSX	LOADSAVE.C;COMMAND.C;DEFS.H;MOVESENS.C	referenced-not-verified	referenced_not_verified	exact identifier found by inventory scan; not reviewed as implementation
F	2207	F2207_CPSX	DEFS.H;SOUND.C	referenced-not-verified	referenced_not_verified	exact identifier found by inventory scan; not reviewed as implementation
F	2210	F2210_InitEventManager	SWSH.C	missing	unmapped_or_unverified	no exact identifier found by inventory scan
F	2211	F2211_InitQuickDraw	SWSH.C	missing	unmapped_or_unverified	no exact identifier found by inventory scan
F	2214	F2214_CallProDOS_CREATE	FILE.C	missing	unmapped_or_unverified	no exact identifier found by inventory scan
F	2215	F2215_CallProDOS_DESTROY	FILE.C	missing	unmapped_or_unverified	no exact identifier found by inventory scan
F	2216	F2216_CallProDOS_CHANGE_PATH	FILE.C	missing	unmapped_or_unverified	no exact identifier found by inventory scan
F	2217	F2217_CallProDOS_VOLUME	FLOPPY.C;FILE.C	missing	unmapped_or_unverified	no exact identifier found by inventory scan
F	2218	F2218_CallProDOS_OPEN	FILE.C	missing	unmapped_or_unverified	no exact identifier found by inventory scan
F	2219	F2219_CallProDOS_READ	FILE.C	missing	unmapped_or_unverified	no exact identifier found by inventory scan
F	2220	F2220_CallProDOS_WRITE	FILE.C	missing	unmapped_or_unverified	no exact identifier found by inventory scan
F	2221	F2221_CallProDOS_CLOSE	FILE.C	missing	unmapped_or_unverified	no exact identifier found by inventory scan
F	2222	F2222_CallProDOS_SET_MARK	FILE.C	missing	unmapped_or_unverified	no exact identifier found by inventory scan
F	2223	F2223_CallProDOS_GET_DEV_NUM	FLOPPY.C;FILE.C	missing	unmapped_or_unverified	no exact identifier found by inventory scan
F	2224	F2224_CallProDOS_GET_BOOT_VOL	FLOPPY.C;FILE.C	missing	unmapped_or_unverified	no exact identifier found by inventory scan
F	2225	F2225_CallProDOS_QUIT	FILE.C	missing	unmapped_or_unverified	no exact identifier found by inventory scan
F	2226	F2226_F2173_sub	VBLANK.C;STARTUP1.C	referenced-not-verified	referenced_not_verified	exact identifier found by inventory scan; not reviewed as implementation
F	2227	F2227_F2174_sub	VBLANK.C;FILE.C	referenced-not-verified	referenced_not_verified	exact identifier found by inventory scan; not reviewed as implementation
F	2228	F2228_CallProDOS_FORMAT	FLOPPY.C;FILE.C	missing	unmapped_or_unverified	no exact identifier found by inventory scan
F	2232	F2232_DisplayErrorAndStop	IIGS.H;SWSH.C	missing	unmapped_or_unverified	no exact identifier found by inventory scan
F	2234	F2234_ClearBothScreenBuffers	FMTOWNS.H;DEFS.H;SWITCH.C;ANIMTOWN.C;TOWNSIO.C;CEDT027.C	referenced-not-verified	referenced_not_verified	exact identifier found by inventory scan; not reviewed as implementation
F	2235	F2235_MUSIC_StopCD	LOADSAVE.C;FMTOWNS.H;DEFS.H;MUSIC.C	referenced-not-verified	referenced_not_verified	exact identifier found by inventory scan; not reviewed as implementation
F	2236	F2236_IODRV_9_SetMousePointerBitmap	FMTOWNS.H;IO.C;CEDT026.C	referenced-not-verified	referenced_not_verified	exact identifier found by inventory scan; not reviewed as implementation
F	2237	F2237_IODRV_10_SetMousePointer	FMTOWNS.H;IO.C;CEDT026.C	referenced-not-verified	referenced_not_verified	exact identifier found by inventory scan; not reviewed as implementation
F	2239	F2239_TownsMouseHandler	FMTOWNS.H;IO.C;CEDT026.C	referenced-not-verified	referenced_not_verified	exact identifier found by inventory scan; not reviewed as implementation
F	2240	F2240_INIT_TOWNS_MOUSE	FMTOWNS.H;IO.C;DEFS.H;SWITCH.C;CEDT026.C;TOWNSIO.C;CEDT027.C	referenced-not-verified	referenced_not_verified	exact identifier found by inventory scan; not reviewed as implementation
F	2241	F2241_RESTORE_TOWNS_MOUSE	FMTOWNS.H;IO.C;DEFS.H;SWITCH.C;CEDT026.C;TOWNSIO.C;CEDT027.C	referenced-not-verified	referenced_not_verified	exact identifier found by inventory scan; not reviewed as implementation
F	2242	F2242_MEM_AVAIL	FMTOWNS.H;CEDT028.C;STARTUP1.C	missing	unmapped_or_unverified	no exact identifier found by inventory scan
F	2243	F2243_CallMalloc	CEDT028.C;STARTUP1.C	missing	unmapped_or_unverified	no exact identifier found by inventory scan
F	2244	F2244_CallFree	CEDT028.C;STARTUP2.C;STARTUP1.C	missing	unmapped_or_unverified	no exact identifier found by inventory scan
F	2245	F2245_INIT_TOWNS	FMTOWNS.H;CEDT028.C;DEFS.H;TOWNSIO.C;CEDT027.C;STARTUP1.C	missing	unmapped_or_unverified	no exact identifier found by inventory scan
F	2247	F2247_RESTORE_TOWNS	FMTOWNS.H;CEDT028.C;STARTUP2.C;TOWNSIO.C;CEDT027.C;UTILITY.H	missing	unmapped_or_unverified	no exact identifier found by inventory scan
F	2248	F2248_PlayAnimation	ANIM.C;ANIMTOWN.C;STARTUP2.C	referenced-not-verified	referenced_not_verified	exact identifier found by inventory scan; not reviewed as implementation
F	2249	F2249_CLEAR_FRONT_SCREEN	FMTOWNS.H;STARTUP2.C;TOWNSIO.C;CEDT027.C	missing	unmapped_or_unverified	no exact identifier found by inventory scan
F	2251	F2251_INSTALL_CRITICAL_HANDLER	FLOPPY.C;CEDT029.C;UTILITY.H	missing	unmapped_or_unverified	no exact identifier found by inventory scan
F	2253	F2253_KEYREAD	DEFS.H;ANIMTOWN.C;IO2.C	referenced-not-verified	referenced_not_verified	exact identifier found by inventory scan; not reviewed as implementation
F	2254	F2254_KEYAVAIL	ANIMTOWN.C;CEDT029.C;UTILITY.H;IO2.C	referenced-not-verified	referenced_not_verified	exact identifier found by inventory scan; not reviewed as implementation
F	2255	F2255_SWOOSH_main	FMTOWNS.H;DEFS.H;ANIMTOWN.C;TOWNSIO.C;SWSH.C;NECIO.C	referenced-not-verified	referenced_not_verified	exact identifier found by inventory scan; not reviewed as implementation
F	2256	F2256_CD_INIT_CPSX	FMTOWNS.H;DEFS.H;MUSIC.C;ANIMTOWN.C;TOWNSIO.C	missing	unmapped_or_unverified	no exact identifier found by inventory scan
F	2257	F2257_IsCDPlaying	ANIM.C;MUSIC.C	referenced-not-verified	referenced_not_verified	exact identifier found by inventory scan; not reviewed as implementation
F	2258	F2258_SetVolume	MUSIC.C;ANIMTOWN.C;TOWNSIO.C;ANIMSND.C	missing	unmapped_or_unverified	no exact identifier found by inventory scan
F	2259	F2259_INIT_TOWNS_SCREEN	FMTOWNS.H;DEFS.H;SWITCH.C;ANIMTOWN.C;TOWNSIO.C;CEDT027.C;TOWNSSCR.C	referenced-not-verified	referenced_not_verified	exact identifier found by inventory scan; not reviewed as implementation
F	2260	F2260_RESTORE_TOWNS_SCREEN	FMTOWNS.H;DEFS.H;TOWNSIO.C;CEDT027.C;TOWNSSCR.C	missing	unmapped_or_unverified	no exact identifier found by inventory scan
F	2261	F2261_Palette	DRAWVIEW.C;SWITCH.C;ANIMTOWN.C;CEDT027.C	referenced-not-verified	referenced_not_verified	exact identifier found by inventory scan; not reviewed as implementation
F	2262	F2262_TIMER_A_EVENT	FMTOWNS.H;SWITCH.C;ANIMTOWN.C;TOWNSIO.C	referenced-not-verified	referenced_not_verified	exact identifier found by inventory scan; not reviewed as implementation
F	2263	F2263_INIT_TIMER	FMTOWNS.H;SWITCH.C;ANIMTOWN.C;TOWNSIO.C	referenced-not-verified	referenced_not_verified	exact identifier found by inventory scan; not reviewed as implementation
F	2264	F2264_INIT_PCM_SOUND	FMTOWNS.H;SWITCH.C;ANIMTOWN.C;TOWNSIO.C;CEDT027.C;ANIMSND.C	referenced-not-verified	referenced_not_verified	exact identifier found by inventory scan; not reviewed as implementation
F	2277	F2277_KEYREAD	DEFS.H;CEDT029.C	missing	unmapped_or_unverified	no exact identifier found by inventory scan
F	2281	F2281_MEM1_05_ClearBytes	MEM1CLCP.C;COMPILE.H;MEM1MAIN.C	missing	unmapped_or_unverified	no exact identifier found by inventory scan
F	6000	F6000_PRIM_17_File_Open	PRIM.H;PRIM2C.C;PRIM2B.C	missing	unmapped_or_unverified	no exact identifier found by inventory scan
F	6001	F6001_PRIM_18_File_Close	PRIM.H;PRIM2C.C;PRIM2B.C	missing	unmapped_or_unverified	no exact identifier found by inventory scan
F	6002	F6002_PRIM_22_Console_PrintMessage	PRIM.H;PRIM2C.C;PRIM2B.C	missing	unmapped_or_unverified	no exact identifier found by inventory scan
F	6003	F6003_PRIM_23_Input_WaitForChar	PRIM.H;PRIM2C.C;PRIM2B.C	missing	unmapped_or_unverified	no exact identifier found by inventory scan
F	6004	F6004_PRIM_24_Input_Read	PRIM.H;PRIM2C.C;PRIM2B.C	missing	unmapped_or_unverified	no exact identifier found by inventory scan
F	6005	F6005_PRIM_21_FTL_FatalLoaderError	PRIM.H;PRIM2C.C;PRIM2B.C	missing	unmapped_or_unverified	no exact identifier found by inventory scan
F	6006	F6006_PRIM_07_FTL_Execute	PRIM.H;PRIM2C.C;PRIM2B.C	missing	unmapped_or_unverified	no exact identifier found by inventory scan
F	6007	F6007_CallFTLProgram	PRIM1.C;PRIM.H;PRIM2C.C	missing	unmapped_or_unverified	no exact identifier found by inventory scan
F	6008	F6008_PRIM_29_Empty	PRIM.H;PRIM2C.C;PRIM2B.C	missing	unmapped_or_unverified	no exact identifier found by inventory scan
F	6009	F6009_GetInitialA5World	PRIM.H;PRIM2C.C;PRIM2B.C	missing	unmapped_or_unverified	no exact identifier found by inventory scan
F	6010	F6010_ExecuteLibraryFunction	PRIM.H;PRIM2C.C;PRIM2B.C	missing	unmapped_or_unverified	no exact identifier found by inventory scan
F	6011	F6011_BeginLibraryFunction	PRIM2C.C;PRIM2B.C	missing	unmapped_or_unverified	no exact identifier found by inventory scan
F	6012	F6012_EndLibraryFunction	PRIM2C.C;PRIM2B.C	missing	unmapped_or_unverified	no exact identifier found by inventory scan
F	6013	F6013_F0917_PRIM_15_Memory_Allocate	PRIM.H;PRIM2STB.C;PRIM2B.C	missing	unmapped_or_unverified	no exact identifier found by inventory scan
F	6014	F6014_F0918_PRIM_16_Memory_Free	PRIM.H;PRIM2STB.C;PRIM2B.C	missing	unmapped_or_unverified	no exact identifier found by inventory scan
F	6015	F6015_F6000_PRIM_17_File_Open	PRIM.H;PRIM2STB.C;PRIM2B.C	missing	unmapped_or_unverified	no exact identifier found by inventory scan
F	6016	F6016_F6001_PRIM_18_File_Close	PRIM.H;PRIM2STB.C;PRIM2B.C	missing	unmapped_or_unverified	no exact identifier found by inventory scan
F	6017	F6017_F0919_PRIM_19_File_Seek	PRIM.H;PRIM2STB.C;PRIM2B.C	missing	unmapped_or_unverified	no exact identifier found by inventory scan
F	6018	F6018_F0920_PRIM_20_File_Read	PRIM.H;PRIM2STB.C;PRIM2B.C	missing	unmapped_or_unverified	no exact identifier found by inventory scan
F	6019	F6019_F6002_PRIM_22_Console_PrintMessage	PRIM.H;PRIM2STB.C;PRIM2A.C;PRIM2C.C;PRIM2B.C	missing	unmapped_or_unverified	no exact identifier found by inventory scan
F	6020	F6020_F6003_PRIM_23_Input_WaitForChar	PRIM.H;PRIM2STB.C;PRIM2B.C	missing	unmapped_or_unverified	no exact identifier found by inventory scan
F	6021	F6021_F6004_PRIM_24_Input_Read	PRIM.H;PRIM2STB.C;PRIM2B.C	missing	unmapped_or_unverified	no exact identifier found by inventory scan
F	6022	F6022_F6005_PRIM_21_FTL_FatalLoaderError	PRIM.H;PRIM2STB.C;PRIM2B.C	missing	unmapped_or_unverified	no exact identifier found by inventory scan
F	6023	F6023_F6037_PRIM_04_Library_HookFunction	PRIM.H;PRIM2STB.C	missing	unmapped_or_unverified	no exact identifier found by inventory scan
F	6024	F6024_F6044_PRIM_06_FTL_FreeMemory	PRIM.H;PRIM2STB.C;PRIM2B.C	missing	unmapped_or_unverified	no exact identifier found by inventory scan
F	6025	F6025_F6006_PRIM_07_FTL_Execute	PRIM.H;PRIM2STB.C;PRIM2B.C	missing	unmapped_or_unverified	no exact identifier found by inventory scan
F	6026	F6026_F0929_PRIM_05_FTL_Load	PRIM.H;PRIM2STB.C;PRIM2B.C	missing	unmapped_or_unverified	no exact identifier found by inventory scan
F	6027	F6027_F6047_PRIM_11_Library_AddToList	PRIM.H;PRIM2STB.C;PRIM2B.C	missing	unmapped_or_unverified	no exact identifier found by inventory scan
F	6028	F6028_F6048_PRIM_12_Library_RemoveFromList	PRIM.H;PRIM2STB.C;PRIM2B.C	missing	unmapped_or_unverified	no exact identifier found by inventory scan
F	6028	F6028_F6048_RemoveLibraryFromLi	PRIM.H	missing	unmapped_or_unverified	no exact identifier found by inventory scan
F	6029	F6029_F6045_PRIM_13_Library_InitializeList	PRIM.H;PRIM2STB.C;PRIM2B.C	missing	unmapped_or_unverified	no exact identifier found by inventory scan
F	6030	F6030_F6046_PRIM_14_Library_FindInList	PRIM.H;PRIM2STB.C;PRIM2B.C	missing	unmapped_or_unverified	no exact identifier found by inventory scan
F	6031	F6031_F6040_PRIM_08_Library_Open	PRIM.H;PRIM2STB.C	missing	unmapped_or_unverified	no exact identifier found by inventory scan
F	6032	F6032_F6041_PRIM_09_Library_Close	PRIM.H;PRIM2STB.C	missing	unmapped_or_unverified	no exact identifier found by inventory scan
F	6033	F6033_F6042_PRIM_10_Library_FlagAsCanBeExpunged	PRIM.H;PRIM2STB.C	missing	unmapped_or_unverified	no exact identifier found by inventory scan
F	6034	F6034_F6049_PRIM_25_FTL_DecompressCODESegment	PRIM.H;PRIM2STB.C;PRIM2B.C	missing	unmapped_or_unverified	no exact identifier found by inventory scan
F	6035	F6035_F6043_PRIM_26_FTL_LoadAndExecute	PRIM.H;PRIM2STB.C;PRIM2A.C	missing	unmapped_or_unverified	no exact identifier found by inventory scan
F	6036	F6036_F6039_PRIM_27_File_IsOpenable	PRIM.H;PRIM2STB.C;PRIM2B.C	missing	unmapped_or_unverified	no exact identifier found by inventory scan
F	6037	F6037_PRIM_04_Library_HookFunction	PRIM.H;PRIM2B.C	missing	unmapped_or_unverified	no exact identifier found by inventory scan
F	6038	F6038_PRIM_28_Library_UnhookFunction	PRIM.H;PRIM2B.C	missing	unmapped_or_unverified	no exact identifier found by inventory scan
F	6039	F6039_PRIM_27_File_IsOpenable	PRIM.H;PRIM2B.C	missing	unmapped_or_unverified	no exact identifier found by inventory scan
F	6040	F6040_PRIM_08_Library_Open	PRIM.H;PRIM2B.C	missing	unmapped_or_unverified	no exact identifier found by inventory scan
F	6041	F6041_PRIM_09_Library_Close	PRIM.H;PRIM2B.C	missing	unmapped_or_unverified	no exact identifier found by inventory scan
F	6042	F6042_PRIM_10_Library_FlagAsCanBeExpunged	PRIM.H;PRIM2B.C	missing	unmapped_or_unverified	no exact identifier found by inventory scan
F	6043	F6043_PRIM_26_FTL_LoadAndExecute	PRIM.H;PRIM2B.C	missing	unmapped_or_unverified	no exact identifier found by inventory scan
F	6044	F6044_PRIM_06_FTL_FreeMemory	PRIM.H;PRIM2B.C	missing	unmapped_or_unverified	no exact identifier found by inventory scan
F	6045	F6045_PRIM_13_Library_InitializeList	PRIM.H;PRIM2B.C	missing	unmapped_or_unverified	no exact identifier found by inventory scan
F	6046	F6046_PRIM_14_Library_FindInList	PRIM.H;PRIM2B.C	missing	unmapped_or_unverified	no exact identifier found by inventory scan
F	6047	F6047_PRIM_11_Library_AddToList	PRIM.H;PRIM2B.C	missing	unmapped_or_unverified	no exact identifier found by inventory scan
F	6048	F6048_PRIM_12_Library_RemoveFromList	PRIM.H;PRIM2B.C	missing	unmapped_or_unverified	no exact identifier found by inventory scan
F	6049	F6049_PRIM_25_FTL_DecompressCODESegment	PRIM.H;APPA.C;PRIM2B.C	referenced-not-verified	referenced_not_verified	exact identifier found by inventory scan; not reviewed as implementation
F	6050	F6050_InitializeFTLLibraryManagement	PRIM.H;PRIM2A.C;PRIM2B.C	missing	unmapped_or_unverified	no exact identifier found by inventory scan
F	6051	F6051_UnLoadFTLLibrary	PRIM.H;PRIM2B.C	missing	unmapped_or_unverified	no exact identifier found by inventory scan
F	6052	F6052_FTL_UnloadAll	PRIM.H;PRIM2A.C;PRIM2B.C	missing	unmapped_or_unverified	no exact identifier found by inventory scan
F	6053	F6053_IsFunctionHooked	PRIM.H;PRIM2B.C	missing	unmapped_or_unverified	no exact identifier found by inventory scan
F	7000	F7000_SavePortrait	CEDT001.C	missing	unmapped_or_unverified	no exact identifier found by inventory scan
F	7001	F7001_SaveChampions	CEDTINCE.C;CEDT006.C;CEDT001.C;UTILITY.H	missing	unmapped_or_unverified	no exact identifier found by inventory scan
F	7002	F7002_ReadCMP	CEDT001.C	missing	unmapped_or_unverified	no exact identifier found by inventory scan
F	7003	F7003_LoadPortrait	CEDT001.C	missing	unmapped_or_unverified	no exact identifier found by inventory scan
F	7004	F7004_LoadChampions	CEDT006.C;CEDTINCG.C;CEDT001.C;UTILITY.H	missing	unmapped_or_unverified	no exact identifier found by inventory scan
F	7005	F7005_Quit	CEDTINCI.C;CEDT006.C;CEDT001.C;UTILITY.H	missing	unmapped_or_unverified	no exact identifier found by inventory scan
F	7006	F7006_IsPointInBox	CEDTINCF.C;COMMAND.C;DEFS.H;CEDT006.C;CEDT002.C;CEDT008.C	referenced-not-verified	referenced_not_verified	exact identifier found by inventory scan; not reviewed as implementation
F	7012	F7012_AddToInputInfoList	COMMAND.C;SWITCH.C;CEDT006.C;HINTINPT.C;UTILITY.H	referenced-not-verified	referenced_not_verified	exact identifier found by inventory scan; not reviewed as implementation
F	7013	F7013_RemoveFromInputInfoList_Unreferenced	COMMAND.C	referenced-not-verified	referenced_not_verified	exact identifier found by inventory scan; not reviewed as implementation
F	7014	F7014_SetCurrentInputInfoList	CEDTINCF.C;CEDTINCI.C;COMMAND.C;CEDTINC4.C;CEDT008.C;UTILITY.H	referenced-not-verified	referenced_not_verified	exact identifier found by inventory scan; not reviewed as implementation
F	7015	F7015_ProcessNextUDCommand	CEDTINCF.C;COMMAND.C;SWITCH.C;CEDTINC4.C;CEDT006.C;HINTINPT.C;CEDT008.C;UTILITY.H	referenced-not-verified	referenced_not_verified	exact identifier found by inventory scan; not reviewed as implementation
F	7016	F7016_GetKeyFromCommand	COMMAND.C;CEDT006.C;UTILITY.H	referenced-not-verified	referenced_not_verified	exact identifier found by inventory scan; not reviewed as implementation
F	7017	F7017_GetIconIndex	CEDT004.C	missing	unmapped_or_unverified	no exact identifier found by inventory scan
F	7018	F7018_GetThingData	CEDT004.C	missing	unmapped_or_unverified	no exact identifier found by inventory scan
F	7019	F7019_GetObjectInfoIndex	CEDT004.C;UTILITY.H	missing	unmapped_or_unverified	no exact identifier found by inventory scan
F	7020	F7020_RemoveObjectModifiersFromStatistics	CEDTINCI.C;CEDT004.C;UTILITY.H	referenced-not-verified	referenced_not_verified	exact identifier found by inventory scan; not reviewed as implementation
F	7021	F7021_InitAllocatedMemoryBlocks	CEDT005.C;CEDTINCI.C;UTIO.C;CEDT018.C;UTILITY.H	missing	unmapped_or_unverified	no exact identifier found by inventory scan
F	7022	F7022_FreeAllAllocatedBlocks	CEDT005.C;CEDTINCI.C;UTIO.C;CEDT018.C;UTILITY.H	missing	unmapped_or_unverified	no exact identifier found by inventory scan
F	7023	F7023_Alloc	CEDT005.C;CEDT019.C;CEDTINCF.C;CEDTINCA.C;CEDTINCI.C;CEDTINC8.C;UTIO.C;CEDT006.C;CEDT018.C;CEDT102.C;CEDTINCR.C;CEDT030.C;UTILITY.H;CEDTINCD.C	missing	unmapped_or_unverified	no exact identifier found by inventory scan
F	7024	F7024_Free	CEDT005.C;CEDT019.C;CEDTINCF.C;CEDTINCI.C;PORTRAIT.C;CEDTINCB.C;CEDTINC8.C;UTIO.C;CEDT006.C;CEDT018.C;CEDT102.C;CEDT008.C;CEDTINCR.C;CEDT030.C;UTILITY.H;CEDTINCD.C	referenced-not-verified	referenced_not_verified	exact identifier found by inventory scan; not reviewed as implementation
F	7025	F7025_GetAllocatedBlockCount	CEDT005.C	missing	unmapped_or_unverified	no exact identifier found by inventory scan
F	7026	F7026_EmptyFunction	CEDT005.C	missing	unmapped_or_unverified	no exact identifier found by inventory scan
F	7027	F7027_DrawTextCursor	CEDT006.C	missing	unmapped_or_unverified	no exact identifier found by inventory scan
F	7028	F7028_EditChampionNameOrTitle	CEDT006.C	missing	unmapped_or_unverified	no exact identifier found by inventory scan
F	7030	F7030_DrawFilledBox	CEDTINCF.C;CEDTINC4.C;CEDT006.C;UTILITY.H	missing	unmapped_or_unverified	no exact identifier found by inventory scan
F	7031	F7031_DrawZoomedPortrait	CEDT006.C	missing	unmapped_or_unverified	no exact identifier found by inventory scan
F	7032	F7032_DrawChampionNameOnTopOfScreen	CEDT006.C	missing	unmapped_or_unverified	no exact identifier found by inventory scan
F	7033	F7033_DrawPortraitsAndNamesOnTopOfScreen	CEDT006.C	missing	unmapped_or_unverified	no exact identifier found by inventory scan
F	7034	F7034_DrawButton	CEDTINCF.C;CEDTINC4.C;CEDT006.C;UTILITY.H	missing	unmapped_or_unverified	no exact identifier found by inventory scan
F	7035	F7035_SetSelectedColorBox	CEDT006.C	missing	unmapped_or_unverified	no exact identifier found by inventory scan
F	7036	F7036_SetSelectedColorIndex	CEDT006.C	missing	unmapped_or_unverified	no exact identifier found by inventory scan
F	7037	F7037_UpdateUndoBitmap	CEDT006.C	missing	unmapped_or_unverified	no exact identifier found by inventory scan
F	7038	F7038_PrintChampionNameOrTitleForEdition	CEDT006.C	missing	unmapped_or_unverified	no exact identifier found by inventory scan
F	7039	F7039_DrawHealthOrStaminaOrMana	CEDT006.C	missing	unmapped_or_unverified	no exact identifier found by inventory scan
F	7040	F7040_SelectChampion	CEDT006.C	missing	unmapped_or_unverified	no exact identifier found by inventory scan
F	7041	F7041_ProcessKeyboardInput	CEDT006.C	missing	unmapped_or_unverified	no exact identifier found by inventory scan
F	7042	F7042_DrawChampionEditorScreen	CEDT006.C	missing	unmapped_or_unverified	no exact identifier found by inventory scan
F	7043	F7043_IsClickOnColorPaletteProcessed	CEDT006.C	missing	unmapped_or_unverified	no exact identifier found by inventory scan
F	7044	F7044_DrawPortraitPixel	CEDT006.C	missing	unmapped_or_unverified	no exact identifier found by inventory scan
F	7045	F7045_IsPortraitPixelDrawn	CEDT006.C	missing	unmapped_or_unverified	no exact identifier found by inventory scan
F	7046	F7046_FloodFillBitmapArea	CEDT006.C	missing	unmapped_or_unverified	no exact identifier found by inventory scan
F	7047	F7047_SwapOnDiskAndOnScreenPortraits	CEDT006.C	missing	unmapped_or_unverified	no exact identifier found by inventory scan
F	7048	F7048_CopyPortraitsAfterGameLoaded	CEDT006.C	referenced-not-verified	referenced_not_verified	exact identifier found by inventory scan; not reviewed as implementation
F	7049	F7049_CopyBackupPortrait	CEDT006.C	missing	unmapped_or_unverified	no exact identifier found by inventory scan
F	7050	F7050_MainLoop	CEDTINCI.C;CEDT006.C;UTILITY.H	missing	unmapped_or_unverified	no exact identifier found by inventory scan
F	7051	F7051_LoadGame	CEDTINCI.C;CEDT006.C;CEDTINCG.C;CEDT001.C;UTILITY.H;CEDTINCD.C	referenced-not-verified	referenced_not_verified	exact identifier found by inventory scan; not reviewed as implementation
F	7052	F7052_SaveGame	CEDTINCE.C;CEDTINC8.C;CEDT006.C;CEDT001.C;UTILITY.H	missing	unmapped_or_unverified	no exact identifier found by inventory scan
F	7053	F7053_FreeGame	CEDTINCI.C;CEDTINCB.C;UTILITY.H;CEDTINCD.C	missing	unmapped_or_unverified	no exact identifier found by inventory scan
F	7054	F7054_DetermineGameFormats	CEDT007.C;CEDTINCT.C;CEDTINCD.C	missing	unmapped_or_unverified	no exact identifier found by inventory scan
F	7055	F7055_F0417_SAVEUTIL_GetChecksumAndObfuscate	HINTLOAD.C;CEDTINC6.C;UTILITY.H	missing	unmapped_or_unverified	no exact identifier found by inventory scan
F	7056	F7056_F0418_SAVEUTIL_GetChecksum	HINTLOAD.C;CEDTINC8.C;CEDTINC6.C;CEDT007.C	missing	unmapped_or_unverified	no exact identifier found by inventory scan
F	7057	F7057_ReadSaveGamePartWithChecksum	CEDTINC6.C;CEDT007.C;CEDTINCD.C	referenced-not-verified	referenced_not_verified	exact identifier found by inventory scan; not reviewed as implementation
F	7058	F7058_WriteSavePartWithChecksum	CEDTINC8.C;CEDTINC6.C;CEDT007.C	missing	unmapped_or_unverified	no exact identifier found by inventory scan
F	7059	F7059_ReadDungeonPartWithChecksum	CEDTINCA.C;CEDTINC6.C	referenced-not-verified	referenced_not_verified	exact identifier found by inventory scan; not reviewed as implementation
F	7060	F7060_WriteDungeonPartWithChecksum	CEDTINC8.C;CEDTINC6.C;CEDT007.C	missing	unmapped_or_unverified	no exact identifier found by inventory scan
F	7061	F7061_F0429_STARTEND_IsReadSaveHeaderSuccessful	CEDTINC6.C;CEDT007.C;CEDTINCD.C	missing	unmapped_or_unverified	no exact identifier found by inventory scan
F	7062	F7062_F0430_STARTEND_IsWriteObfuscatedSaveHeaderSuccessful	CEDTINC8.C;CEDTINC6.C;CEDT007.C	missing	unmapped_or_unverified	no exact identifier found by inventory scan
F	7063	F7063_LoadDungeon	CEDTINCA.C;CEDT007.C;CEDTINCD.C	missing	unmapped_or_unverified	no exact identifier found by inventory scan
F	7064	F7064_PadChampionNameAndTitle	CEDT007.C;CEDTINCQ.C;CEDTINCD.C	missing	unmapped_or_unverified	no exact identifier found by inventory scan
F	7065	F7065_ClearChampionPortraitPointersBeforeSavingGame	CEDTINCS.C;CEDTINC8.C;CEDT007.C	missing	unmapped_or_unverified	no exact identifier found by inventory scan
F	7066	F7066_LoadPortraits	CEDTINCS.C;CEDTINC8.C;CEDTINCR.C;UTILITY.H;CEDTINCD.C	missing	unmapped_or_unverified	no exact identifier found by inventory scan
F	7067	F7067_GetChampionInfo	CEDT019.C;CEDTINCI.C;CEDT004.C;CEDTINC8.C;CEDT007.C;CEDT006.C;CEDTINCQ.C;CEDT008.C;CEDTINC7.C;CEDTINCR.C;UTILITY.H;CEDTINCD.C	missing	unmapped_or_unverified	no exact identifier found by inventory scan
F	7068	F7068_SetChampionInfo	CEDTINCI.C;CEDT004.C;CEDTINCS.C;CEDT007.C;CEDTINCR.C;UTILITY.H	missing	unmapped_or_unverified	no exact identifier found by inventory scan
F	7069	F7069_CopyStringFirstLine	CEDTINC4.C	missing	unmapped_or_unverified	no exact identifier found by inventory scan
F	7070	F7070_DrawDialogTitle	CEDTINCF.C;CEDTINC4.C	missing	unmapped_or_unverified	no exact identifier found by inventory scan
F	7072	F7072_GetDialogChoiceOrdinal	CEDT005.C;CEDT019.C;CEDTINCH.C;CEDTINCF.C;CEDTINCE.C;CEDT016.C;CEDTINCC.C;CEDTINC8.C;UTIO.C;CEDTINC4.C;CEDTINCG.C;CEDT008.C;CEDTINC7.C;CEDT001.C;CEDTINCJ.C;UTILITY.H;CEDTINCD.C	missing	unmapped_or_unverified	no exact identifier found by inventory scan
F	7074	F7074_DrawDialogErrorMessage	CEDTINCH.C;CEDTINCF.C;CEDTINCE.C;CEDTINCC.C;CEDTINC8.C;UTIO.C;CEDTINCG.C;CEDT008.C;CEDTINC7.C;CEDT001.C;CEDTINCJ.C;UTILITY.H;CEDTINCD.C	missing	unmapped_or_unverified	no exact identifier found by inventory scan
F	7076	F7076_AreAllChampionNamesUnique	CEDTINCH.C;CEDTINC8.C;CEDTINC7.C;UTILITY.H	missing	unmapped_or_unverified	no exact identifier found by inventory scan
F	7077	F7077_InitCMPStructure	CEDTINCG.C;CEDTINC9.C;UTILITY.H;CEDTINCD.C	missing	unmapped_or_unverified	no exact identifier found by inventory scan
F	7078	F7078_SortFileNames	CEDTINCF.C	missing	unmapped_or_unverified	no exact identifier found by inventory scan
F	7079	F7079_ConvertFileNameToUpperCase	CEDTINCF.C	missing	unmapped_or_unverified	no exact identifier found by inventory scan
F	7080	F7080_DrawFilePickerFileList	CEDTINCF.C;CEDT008.C	missing	unmapped_or_unverified	no exact identifier found by inventory scan
F	7081	F7081_SortFileNamesIfPossible	CEDTINCF.C;CEDT008.C	missing	unmapped_or_unverified	no exact identifier found by inventory scan
F	7082	F7082_DrawFilePickerDialog	CEDTINCF.C;CEDT014.C;CEDTINCG.C;UTILITY.H	missing	unmapped_or_unverified	no exact identifier found by inventory scan
F	7083	F7083_DrawInitialFilePickerFileList	CEDT014.C;CEDT008.C;UTILITY.H	missing	unmapped_or_unverified	no exact identifier found by inventory scan
F	7084	F7084_ProcessFilePickerInput	CEDT014.C;CEDT008.C;UTILITY.H	missing	unmapped_or_unverified	no exact identifier found by inventory scan
F	7086	F7086_IsReadyToMakeNewAdventure	CEDTINCH.C;CEDT006.C;UTILITY.H	missing	unmapped_or_unverified	no exact identifier found by inventory scan
F	7087	F7087_CopyChampionProperty	CEDTINCR.C	missing	unmapped_or_unverified	no exact identifier found by inventory scan
F	7088	F7088_CopyChampionPortraits	CEDTINCI.C;CEDTINCR.C	implemented-narrow	redmcsb_f7088_copy_included_portraits_to_excluded_pc34	PC34 four-portrait included-to-excluded transfer is source-linked and tested
F	7089	F7089_GetFirstCellWithNoChampion	CEDTINCI.C;CEDT008.C	implemented-narrow	redmcsb_f7089_get_first_cell_with_no_champion_pc34	PC34 four-cell source scan order is ported and tested
F	7090	F7090_MakeNewAdventure	CEDTINCI.C;CEDT006.C;UTILITY.H	implemented-narrow	redmcsb_f7090_make_new_adventure_pc34	PC34 imported-party normalization is source-linked and tested; full media interop remains open
F	7091	F7091_RunChampionEditor	CEDT019.C;CEDTINCI.C;UTILITY.H	missing	unmapped_or_unverified	no exact identifier found by inventory scan
F	7092	F7092_Unreferenced	CEDTINCI.C	missing	unmapped_or_unverified	no exact identifier found by inventory scan
F	7093	F7093_GetPointerToLastCharacter	STRING.C	missing	unmapped_or_unverified	no exact identifier found by inventory scan
F	7094	F7094_ConvertLongToString	PRIM.H;STRING.C	missing	unmapped_or_unverified	no exact identifier found by inventory scan
F	7097	F7097_strstr	FIO1.C;CEDT016.C;CEDTINC2.C;STRING.C;CEDT023.C;UTILITY.H	missing	unmapped_or_unverified	no exact identifier found by inventory scan
F	7098	F7098_SubstituteString	FIO1.C;CEDT016.C;STRING.C;CEDT023.C;UTILITY.H	missing	unmapped_or_unverified	no exact identifier found by inventory scan
F	7101	F7101_sprintf	PRIM.H;CEDTINCI.C;HINTEND.C;CEDT016.C;STRING.C;PRIM2A.C;CEDTINC8.C;CEDT006.C;HINTIORQ.C;PRIM2B.C;HINT007.C;UTILITY.H	missing	unmapped_or_unverified	no exact identifier found by inventory scan
F	7102	F7102_DoesFileNameMatchPattern	FIO1.C;STRING.C;CEDTINC1.C;UTILITY.H	missing	unmapped_or_unverified	no exact identifier found by inventory scan
F	7103	F7103_InitUnusedVariables	CEDT010.C;CEDT018.C;UTILITY.H	missing	unmapped_or_unverified	no exact identifier found by inventory scan
F	7104	F7104_EmptyFunction	CEDT010.C;CEDT018.C;UTILITY.H	missing	unmapped_or_unverified	no exact identifier found by inventory scan
F	7105	F7105_HangIfThirdParameterNot0	CEDT011.C	missing	unmapped_or_unverified	no exact identifier found by inventory scan
F	7106	F7106_InitExceptionManagement	CEDT018.C;CEDT011.C;UTILITY.H	missing	unmapped_or_unverified	no exact identifier found by inventory scan
F	7107	F7107_EmptyFunction	CEDT018.C;CEDT011.C;UTILITY.H	missing	unmapped_or_unverified	no exact identifier found by inventory scan
F	7108	F7108_GetG7126_	CEDT013.C;CEDT011.C;UTILITY.H	missing	unmapped_or_unverified	no exact identifier found by inventory scan
F	7109	F7109_AddCleanupHandler	CEDT018.C;CEDT011.C;UTILITY.H	missing	unmapped_or_unverified	no exact identifier found by inventory scan
F	7110	F7110_RemoveCleanupHandlerByID	CEDT018.C;CEDT011.C;UTILITY.H	missing	unmapped_or_unverified	no exact identifier found by inventory scan
F	7111	F7111_RestorePreviousProgramState	CEDTINCI.C;CEDTINC8.C;CEDT013.C;CEDT012.C;CEDT102.C;CEDT001.C;CEDT011.C;UTILITY.H;CEDTINCD.C	missing	unmapped_or_unverified	no exact identifier found by inventory scan
F	7112	F7112_FallbackToLastProgramState	CEDTINCA.C;CEDTINC2.C;CEDTINC8.C;CEDTINC6.C;UTMEMORY.C;CEDT013.C;CEDT012.C;CEDT001.C;CEDT011.C;UTILITY.H	missing	unmapped_or_unverified	no exact identifier found by inventory scan
F	7122	F7122_GetDrivePath	CEDT012.C	missing	unmapped_or_unverified	no exact identifier found by inventory scan
F	7123	F7123_GetFileDestinationUsage	CEDT012.C	missing	unmapped_or_unverified	no exact identifier found by inventory scan
F	7124	F7124_GetFileSourceUsage	CEDT012.C	missing	unmapped_or_unverified	no exact identifier found by inventory scan
F	7128	F7128_Unreferenced	CEDT012.C	missing	unmapped_or_unverified	no exact identifier found by inventory scan
F	7129	F7129_GetEncodedDate_Unreferenced	CEDT012.C	missing	unmapped_or_unverified	no exact identifier found by inventory scan
F	7130	F7130_DecodeDate_Unreferenced	CEDT012.C	missing	unmapped_or_unverified	no exact identifier found by inventory scan
F	7131	F7131_Unreferenced	CEDT012.C	missing	unmapped_or_unverified	no exact identifier found by inventory scan
F	7133	F7133_Unreferenced	CEDT012.C	missing	unmapped_or_unverified	no exact identifier found by inventory scan
F	7134	F7134_Unreferenced	CEDT012.C	missing	unmapped_or_unverified	no exact identifier found by inventory scan
F	7137	F7137_FileOperation	CEDTINCA.C;CEDTINC8.C;CEDTINC6.C;CEDT012.C;CEDT102.C;CEDT001.C;UTILITY.H;CEDTINCD.C	missing	unmapped_or_unverified	no exact identifier found by inventory scan
F	7140	F7140_InitializeUDSTRUCT8	CEDT012.C	missing	unmapped_or_unverified	no exact identifier found by inventory scan
F	7141	F7141_UninitializeUDSTRUCT8	CEDT012.C	missing	unmapped_or_unverified	no exact identifier found by inventory scan
F	7144	F7144_GetFileDescriptor	CEDT013.C;CEDT012.C;UTILITY.H	missing	unmapped_or_unverified	no exact identifier found by inventory scan
F	7149	F7149_GetItemInUDSTRUCT55	CEDT013.C;CEDT012.C;UTILITY.H	missing	unmapped_or_unverified	no exact identifier found by inventory scan
F	7151	F7151_GetItemIndexInUDSTRUCT5	CEDT013.C;CEDT012.C;UTILITY.H	missing	unmapped_or_unverified	no exact identifier found by inventory scan
F	7153	F7153_SetItemInUDSTRUCT55	CEDT013.C;CEDT012.C;UTILITY.H	missing	unmapped_or_unverified	no exact identifier found by inventory scan
F	7162	F7162_GetFTLHeaderChecksum	CEDT013.C	missing	unmapped_or_unverified	no exact identifier found by inventory scan
F	7174	F7174_GetInitializedFTLHeader	FTL.H;CEDT013.C	missing	unmapped_or_unverified	no exact identifier found by inventory scan
F	7189	F7189_ReturnUdStruct77ByteCount	CEDT014.C;CEDT013.C;UTILITY.H	missing	unmapped_or_unverified	no exact identifier found by inventory scan
F	7190	F7190_InitUdStruct77	CEDT014.C;CEDT013.C;UTILITY.H	missing	unmapped_or_unverified	no exact identifier found by inventory scan
F	7192	F7192_GetDataFileInfo	CEDT014.C;CEDT013.C;CEDT023.C;CEDT012.C;UTILITY.H	missing	unmapped_or_unverified	no exact identifier found by inventory scan
F	7193	F7193_RemoveExtensionsFromFileNames	CEDT014.C	missing	unmapped_or_unverified	no exact identifier found by inventory scan
F	7194	F7194_RestoreExtensionsInFileNames	CEDT014.C	missing	unmapped_or_unverified	no exact identifier found by inventory scan
F	7195	F7195_AreFileNamesIdentical	CEDT014.C;CEDT013.C;UTILITY.H	missing	unmapped_or_unverified	no exact identifier found by inventory scan
F	7196	F7196_PrepareAndDrawFilePicker	CEDT014.C;CEDT013.C;UTILITY.H	missing	unmapped_or_unverified	no exact identifier found by inventory scan
F	7201	F7201_GetDataFileIndexByFileID	CEDT014.C	missing	unmapped_or_unverified	no exact identifier found by inventory scan
F	7202	F7202_GetEvenMemoryBlockSize	UTMEMORY.C	missing	unmapped_or_unverified	no exact identifier found by inventory scan
F	7204	F7204_GetMemoryAreaContainingAddress	UTMEMORY.C	missing	unmapped_or_unverified	no exact identifier found by inventory scan
F	7205	F7205_RemoveUDSTRUCT66FromLinkedList	UTMEMORY.C	missing	unmapped_or_unverified	no exact identifier found by inventory scan
F	7206	F7206_InsertUDSTRUCT66InLinkedList	UTMEMORY.C	missing	unmapped_or_unverified	no exact identifier found by inventory scan
F	7207	F7207_AddUsedBlockToList	UTMEMORY.C	missing	unmapped_or_unverified	no exact identifier found by inventory scan
F	7208	F7208_RemoveBlockFromLinkedList	UTMEMORY.C	missing	unmapped_or_unverified	no exact identifier found by inventory scan
F	7216	F7216_AllocateFirstHandleBlock	UTMEMORY.C	missing	unmapped_or_unverified	no exact identifier found by inventory scan
F	7222	F7222_RemoveBlock	UTMEMORY.C;UTILITY.H	missing	unmapped_or_unverified	no exact identifier found by inventory scan
F	7223	F7223_InitMemoryVariables	UTMEMORY.C;CEDT018.C;UTILITY.H	missing	unmapped_or_unverified	no exact identifier found by inventory scan
F	7224	F7224_AddMemoryArea	UTMEMORY.C;CEDT018.C;UTILITY.H	missing	unmapped_or_unverified	no exact identifier found by inventory scan
F	7226	F7226_Unreferenced	UTMEMORY.C	missing	unmapped_or_unverified	no exact identifier found by inventory scan
F	7227	F7227_RequestMemoryHandle	CEDT005.C;ANIM.C;UTMEMORY.C;CEDT013.C;ANIMLOAD.C;CEDT012.C;HINTMEM.C;HINTIORQ.C;UTILITY.H	referenced-not-verified	referenced_not_verified	exact identifier found by inventory scan; not reviewed as implementation
F	7228	F7228_FreeMemory	CEDT005.C;ANIM.C;UTMEMORY.C;CEDT013.C;ANIMLOAD.C;CEDT012.C;HINTMEM.C;HINTIORQ.C;UTILITY.H	referenced-not-verified	referenced_not_verified	exact identifier found by inventory scan; not reviewed as implementation
F	7231	F7231_Unreferenced	UTMEMORY.C	missing	unmapped_or_unverified	no exact identifier found by inventory scan
F	7232	F7232_Unreferenced	UTMEMORY.C	missing	unmapped_or_unverified	no exact identifier found by inventory scan
F	7235	F7235_Unreferenced	UTMEMORY.C	missing	unmapped_or_unverified	no exact identifier found by inventory scan
F	7236	F7236_Unreferenced	UTMEMORY.C	missing	unmapped_or_unverified	no exact identifier found by inventory scan
F	7237	F7237_Unreferenced	UTMEMORY.C	missing	unmapped_or_unverified	no exact identifier found by inventory scan
F	7238	F7238_Unreferenced	UTMEMORY.C	missing	unmapped_or_unverified	no exact identifier found by inventory scan
F	7239	F7239_Unreferenced	UTMEMORY.C	missing	unmapped_or_unverified	no exact identifier found by inventory scan
F	7241	F7241_Unreferenced	UTMEMORY.C	missing	unmapped_or_unverified	no exact identifier found by inventory scan
F	7245	F7245_Unreferenced	CEDT016.C	missing	unmapped_or_unverified	no exact identifier found by inventory scan
F	7248	F7248_InvertBox	CEDTINCF.C;CEDTINC4.C;CEDT006.C;CEDT008.C;CEDTINCN.C;UTILITY.H	missing	unmapped_or_unverified	no exact identifier found by inventory scan
F	7249	F7249_GetBitmapByteCount	CEDT019.C;CEDTINCF.C;CEDTINCI.C;CEDT017.C;CEDT006.C;CEDT018.C;CEDT030.C;UTILITY.H	missing	unmapped_or_unverified	no exact identifier found by inventory scan
F	7250	F7250_GetBitmapByteCount_Unreferenced	CEDT017.C	missing	unmapped_or_unverified	no exact identifier found by inventory scan
F	7251	F7251_ConvertBitmapFromAtariSTPlanar	CEDT019.C;PORTRAIT.C;CEDT006.C;CEDT018.C;UTILITY.H	referenced-not-verified	referenced_not_verified	exact identifier found by inventory scan; not reviewed as implementation
F	7252	F7252_ConvertBitmapToAtariSTPlanar	CEDT019.C;PORTRAIT.C;CEDT006.C;UTILITY.H	referenced-not-verified	referenced_not_verified	exact identifier found by inventory scan; not reviewed as implementation
F	7253	F7253_GetNormalizedPixelWidth_Unreferenced	CEDT017.C	missing	unmapped_or_unverified	no exact identifier found by inventory scan
F	7257	F7257_ClearScreen	CEDT017.C;CEDT006.C;CEDT018.C;UTILITY.H	missing	unmapped_or_unverified	no exact identifier found by inventory scan
F	7258	F7258_DrawScreenPixel	CEDT017.C;CEDT006.C;UTILITY.H	missing	unmapped_or_unverified	no exact identifier found by inventory scan
F	7259	F7259_DrawBitmapOnScreen	CEDTINCF.C;CEDT006.C;CEDTINCM.C;CEDTINCN.C;UTILITY.H	missing	unmapped_or_unverified	no exact identifier found by inventory scan
F	7260	F7260_FillScreenBox	FILLBOX.C;CEDTINCF.C;CEDT006.C;CEDT018.C;CEDTINCM.C;HINT003.C;UTILITY.H	missing	unmapped_or_unverified	no exact identifier found by inventory scan
F	7261	F7261_ClearBitmap	CEDTINCF.C;CEDT017.C;CEDT006.C;UTILITY.H	missing	unmapped_or_unverified	no exact identifier found by inventory scan
F	7262	F7262_IsSemaphoreEnabled	COMMAND.C;CEDT018.C;UTILITY.H	referenced-not-verified	referenced_not_verified	exact identifier found by inventory scan; not reviewed as implementation
F	7263	F7263_InitMemory	CEDT018.C	missing	unmapped_or_unverified	no exact identifier found by inventory scan
F	7264	F7264_EmptyFunction	CEDT018.C	missing	unmapped_or_unverified	no exact identifier found by inventory scan
F	7265	F7265_EmptyFunction	CEDT018.C	missing	unmapped_or_unverified	no exact identifier found by inventory scan
F	7266	F7266_InitScreenVariables	CEDT018.C	missing	unmapped_or_unverified	no exact identifier found by inventory scan
F	7267	F7267_SetPaletteToAllBlack	CEDT018.C	missing	unmapped_or_unverified	no exact identifier found by inventory scan
F	7268	F7268_SetPaletteToNormal	CEDT018.C	missing	unmapped_or_unverified	no exact identifier found by inventory scan
F	7269	F7269_InitChampionEditor	CEDTINCI.C;CEDT018.C;UTILITY.H	missing	unmapped_or_unverified	no exact identifier found by inventory scan
F	7270	F7270_Cleanup	CEDTINCI.C;CEDT018.C;UTILITY.H	missing	unmapped_or_unverified	no exact identifier found by inventory scan
F	7271	F7271_ClearStatisticsArea	CEDT006.C;CEDT018.C;UTILITY.H	missing	unmapped_or_unverified	no exact identifier found by inventory scan
F	7272	F7272_IsDungeonValid	CEDTINCH.C;CEDTINCU.C;UTILITY.H;CEDTINCD.C	missing	unmapped_or_unverified	no exact identifier found by inventory scan
F	7273	F7273_DrawDialogThenHang	CEDT005.C;CEDT019.C;CEDTINCI.C;CEDT022.C;UTILITY.H	missing	unmapped_or_unverified	no exact identifier found by inventory scan
F	7274	F7274_GetMouseStatus	CEDT020.C;CEDT006.C;CEDT008.C;UTILITY.H	missing	unmapped_or_unverified	no exact identifier found by inventory scan
F	7275	F7275_EmptyFunction	CEDT020.C;CEDT018.C;UTILITY.H	missing	unmapped_or_unverified	no exact identifier found by inventory scan
F	7276	F7276_GetPixelColor	CEDTINCO.C;CEDT006.C;UTILITY.H	missing	unmapped_or_unverified	no exact identifier found by inventory scan
F	7277	F7277_SetPixelColor	CEDTINCP.C;CEDT006.C;UTILITY.H	missing	unmapped_or_unverified	no exact identifier found by inventory scan
F	7278	F7278_Unreferenced	CEDT022.C	missing	unmapped_or_unverified	no exact identifier found by inventory scan
F	7279	F7279_EmptyFunction	CEDT010.C;CEDT022.C;UTILITY.H	missing	unmapped_or_unverified	no exact identifier found by inventory scan
F	7280	F7280__GetFileDescriptorByteCount	CEDT013.C;CEDT023.C;UTILITY.H	missing	unmapped_or_unverified	no exact identifier found by inventory scan
F	7281	F7281__EmptyFunction	CEDT013.C;CEDT023.C;UTILITY.H	missing	unmapped_or_unverified	no exact identifier found by inventory scan
F	7282	F7282__TryOpenFile	CEDT013.C;CEDT023.C;UTILITY.H	missing	unmapped_or_unverified	no exact identifier found by inventory scan
F	7283	F7283__CreateFile	CEDT013.C;CEDT023.C;UTILITY.H	missing	unmapped_or_unverified	no exact identifier found by inventory scan
F	7286	F7286__Fread	CEDT013.C;CEDT023.C;CEDT012.C;UTILITY.H	missing	unmapped_or_unverified	no exact identifier found by inventory scan
F	7287	F7287__GetDataDriveOrdinal	CEDT023.C;CEDT012.C;UTILITY.H	missing	unmapped_or_unverified	no exact identifier found by inventory scan
F	7292	F7292_SubstituteStringInFileName	CEDT023.C;CEDT012.C;UTILITY.H	missing	unmapped_or_unverified	no exact identifier found by inventory scan
F	7296	F7296_OpenFile	CEDT013.C;CEDT023.C;UTILITY.H	missing	unmapped_or_unverified	no exact identifier found by inventory scan
F	7297	F7297_CloseFile	CEDT013.C;CEDT023.C;UTILITY.H	missing	unmapped_or_unverified	no exact identifier found by inventory scan
F	7298	F7298_GetFileSize	CEDT013.C;CEDT023.C;CEDT012.C;UTILITY.H	missing	unmapped_or_unverified	no exact identifier found by inventory scan
F	7299	F7299_FSeek_FromCurrent_Unreferenced	CEDT023.C	missing	unmapped_or_unverified	no exact identifier found by inventory scan
F	7300	F7300_Fseek	CEDT013.C;CEDT023.C;CEDT012.C;UTILITY.H	missing	unmapped_or_unverified	no exact identifier found by inventory scan
F	7301	F7301_Fwrite	CEDT013.C;CEDT023.C;CEDT012.C;UTILITY.H	missing	unmapped_or_unverified	no exact identifier found by inventory scan
F	7303	F7303_Fdelete	CEDT023.C;CEDT012.C;UTILITY.H	missing	unmapped_or_unverified	no exact identifier found by inventory scan
F	7304	F7304_Frename_Unreferenced	CEDT023.C	missing	unmapped_or_unverified	no exact identifier found by inventory scan
F	7307	F7307_GetDrivePath	CEDT023.C;CEDT012.C;UTILITY.H	missing	unmapped_or_unverified	no exact identifier found by inventory scan
F	7308	F7308_Return0	CEDTINC2.C;CEDT023.C	missing	unmapped_or_unverified	no exact identifier found by inventory scan
F	7310	F7310_Unreferenced	CEDTINC2.C	missing	unmapped_or_unverified	no exact identifier found by inventory scan
F	7313	F7313_GetDriveIndex	CEDTINC2.C;CEDT023.C	missing	unmapped_or_unverified	no exact identifier found by inventory scan
F	7314	F7314_FindFirst	CEDTINC1.C;UTILITY.H	missing	unmapped_or_unverified	no exact identifier found by inventory scan
F	7315	F7315_FindNext	CEDTINC1.C;UTILITY.H	missing	unmapped_or_unverified	no exact identifier found by inventory scan
F	7316	F7316_GetFileNamesArray	CEDTINCF.C;CEDTINC1.C;CEDT013.C;UTILITY.H	missing	unmapped_or_unverified	no exact identifier found by inventory scan
F	7317	F7317_MAIN_CopyBytes_Alt	CEDT019.C;CPCLRBYT.C;CEDTINCF.C;UTERROR.C;CEDTINCI.C;ANIM.C;HINTGRAP.C;COMMAND.C;PORTRAIT.C;HINT001.C;SWITCH.C;CEDTINC8.C;UTMEMORY.C;ANIMLOAD.C;CEDT006.C;HINTSCR.C;HINTMEM.C;HINTINPT.C;CEDT102.C;CEDT008.C;CEDTINCR.C;HINT007.C;CEDT011.C;UTILITY.H;CEDTINCD.C	referenced-not-verified	referenced_not_verified	exact identifier found by inventory scan; not reviewed as implementation
F	7317	F7317_MEM1_04_CopyBytes	MEM1CLCP.C;COMPILE.H;MEM1MAIN.C	referenced-not-verified	referenced_not_verified	exact identifier found by inventory scan; not reviewed as implementation
F	7319	F7319_Crawcin	CEDT025.C;CEDTINCI.C;COMMAND.C;CEDT022.C;UTILITY.H	referenced-not-verified	referenced_not_verified	exact identifier found by inventory scan; not reviewed as implementation
F	7320	F7320_CallF0760_Cconis	CEDT025.C;CEDTINCI.C;COMMAND.C;CEDT022.C;UTILITY.H	referenced-not-verified	referenced_not_verified	exact identifier found by inventory scan; not reviewed as implementation
F	7321	F7321_Unreferenced	CEDT025.C	missing	unmapped_or_unverified	no exact identifier found by inventory scan
F	7322	F7322_EmptyFunction	CEDT025.C;CEDTINCI.C;CEDT022.C;UTILITY.H	missing	unmapped_or_unverified	no exact identifier found by inventory scan
F	7323	F7323_WaitVerticalBlank	CEDT025.C;CEDTINCF.C;CEDT016.C;UTIO.C;CEDT006.C;HINTSCR.C;CEDT008.C;CEDT001.C;UTILITY.H;CEDTINCD.C	missing	unmapped_or_unverified	no exact identifier found by inventory scan
F	7324	F7324_EmptyFunction	CEDT010.C;CEDT025.C;UTILITY.H	missing	unmapped_or_unverified	no exact identifier found by inventory scan
F	7325	F7325_VerticalBlankRoutine	CEDT026.C	missing	unmapped_or_unverified	no exact identifier found by inventory scan
F	7326	F7326_MouseClickHandler	CEDT026.C	missing	unmapped_or_unverified	no exact identifier found by inventory scan
F	7327	F7327_GetCharacterFromKeyboard	CEDT025.C;CEDT026.C;CEDT029.C;UTILITY.H	missing	unmapped_or_unverified	no exact identifier found by inventory scan
F	7329	F7329_FillBox	CEDT017.C;CEDT027.C;CEDTINCM.C;UTILITY.H	missing	unmapped_or_unverified	no exact identifier found by inventory scan
F	7330	F7330_DrawBitmap	CEDTTXT.C;EXPAND.C;CEDT027.C;CEDTINCM.C;CEDT030.C;UTILITY.H	referenced-not-verified	referenced_not_verified	exact identifier found by inventory scan; not reviewed as implementation
F	7332	F7332_GetPrefixedBitmapByteCount	CEDT017.C;CEDT027.C;UTILITY.H	missing	unmapped_or_unverified	no exact identifier found by inventory scan
F	7333	F7333_BlitFromScreenNoTransparency	CEDT017.C;CEDT027.C;UTILITY.H	missing	unmapped_or_unverified	no exact identifier found by inventory scan
F	7334	F7334_BlitToScreenNoTransparency	CEDT017.C;CEDT027.C;UTILITY.H	missing	unmapped_or_unverified	no exact identifier found by inventory scan
F	7335	F7335_AllocateAllRAM	CEDT028.C;CEDT018.C;UTILITY.H	missing	unmapped_or_unverified	no exact identifier found by inventory scan
F	7336	F7336_FreeAllRAM	CEDT028.C;CEDT018.C;UTILITY.H	missing	unmapped_or_unverified	no exact identifier found by inventory scan
F	7339	F7339_PrintTextToScreen	CEDTINCF.C;CEDTINC4.C;CEDT006.C;CEDTINC3.C;UTILITY.H	missing	unmapped_or_unverified	no exact identifier found by inventory scan
F	7341	F7341_DrawText	CEDTINCK.C;CEDTINCF.C;CEDTINC3.C;CEDT030.C;UTILITY.H	missing	unmapped_or_unverified	no exact identifier found by inventory scan
F	7342	F7342_BuildUDSTRUCT3	CEDTINC4.C;CEDT006.C;CEDT030.C;UTILITY.H	missing	unmapped_or_unverified	no exact identifier found by inventory scan
F	8022	F8022_IsSoundBlasterPresent	IBMIO.C;STATS.C	referenced-not-verified	referenced_not_verified	exact identifier found by inventory scan; not reviewed as implementation
F	8024	F8024_GetEMSDriverVersion	STATS.C	referenced-not-verified	referenced_not_verified	exact identifier found by inventory scan; not reviewed as implementation
F	8025	F8025_GetEMSMemorySize	STATS.C	referenced-not-verified	referenced_not_verified	exact identifier found by inventory scan; not reviewed as implementation
F	8026	F8026_GetEMSPageFrameSegment	STATS.C	referenced-not-verified	referenced_not_verified	exact identifier found by inventory scan; not reviewed as implementation
F	8027	F8027_HasLPTInitializationFailed	STATS.C	referenced-not-verified	referenced_not_verified	exact identifier found by inventory scan; not reviewed as implementation
F	8028	F8028_GetFTLSoundAdapterPort	STATS.C	referenced-not-verified	referenced_not_verified	exact identifier found by inventory scan; not reviewed as implementation
F	8029	F8029_ReplaceInterrupt8Vector	STATS.C	referenced-not-verified	referenced_not_verified	exact identifier found by inventory scan; not reviewed as implementation
F	8030	F8030_RestoreInterrupt8Vector	STATS.C	referenced-not-verified	referenced_not_verified	exact identifier found by inventory scan; not reviewed as implementation
F	8032	F8032_GetCPUType	STATS.C	referenced-not-verified	referenced_not_verified	exact identifier found by inventory scan; not reviewed as implementation
F	8033	F8033_IsNECTProcessorPresent	STATS.C	referenced-not-verified	referenced_not_verified	exact identifier found by inventory scan; not reviewed as implementation
F	8034	F8034_IsMousePresent	STATS.C	referenced-not-verified	referenced_not_verified	exact identifier found by inventory scan; not reviewed as implementation
F	8035	F8035_GetMouseVersionAndType	STATS.C	referenced-not-verified	referenced_not_verified	exact identifier found by inventory scan; not reviewed as implementation
F	8036	F8036_Tandy_WritableMemory	STATS.C	referenced-not-verified	referenced_not_verified	exact identifier found by inventory scan; not reviewed as implementation
F	8037	F8037_IsTandyVideoPresent	STATS.C	referenced-not-verified	referenced_not_verified	exact identifier found by inventory scan; not reviewed as implementation
F	8038	F8038_GetTandy1000MachineID	STATS.C	referenced-not-verified	referenced_not_verified	exact identifier found by inventory scan; not reviewed as implementation
F	8039	F8039_IsTandySoundPresent	STATS.C	referenced-not-verified	referenced_not_verified	exact identifier found by inventory scan; not reviewed as implementation
F	8040	F8040_IsVGAVideoPresent	STATS.C	referenced-not-verified	referenced_not_verified	exact identifier found by inventory scan; not reviewed as implementation
F	8041	F8041_IsEGAVideoPresent	STATS.C	referenced-not-verified	referenced_not_verified	exact identifier found by inventory scan; not reviewed as implementation
F	8042	F8042_IsHerculesVideoPresent	STATS.C	referenced-not-verified	referenced_not_verified	exact identifier found by inventory scan; not reviewed as implementation
F	8043	F8043_GetVGAMonitorType	STATS.C	referenced-not-verified	referenced_not_verified	exact identifier found by inventory scan; not reviewed as implementation
F	8044	F8044_GetEGAMonitorType	STATS.C	referenced-not-verified	referenced_not_verified	exact identifier found by inventory scan; not reviewed as implementation
F	8052	F8052_DOS_KeyboardInput	DM.C;INSTALL.C	missing	unmapped_or_unverified	no exact identifier found by inventory scan
F	8054	F8054_DOS_PrintString	DM.C;INSTALL.C	missing	unmapped_or_unverified	no exact identifier found by inventory scan
F	8062	F8062_HasLPTInitializationFailed	DM.C	missing	unmapped_or_unverified	no exact identifier found by inventory scan
F	8063	F8063_GetFTLSoundAdapterPort	DM.C	missing	unmapped_or_unverified	no exact identifier found by inventory scan
F	8064	F8064_OutPort_ForAdLib	DM.C	missing	unmapped_or_unverified	no exact identifier found by inventory scan
F	8065	F8065_InPort_ForAdLib	DM.C	missing	unmapped_or_unverified	no exact identifier found by inventory scan
F	8066	F8066_IsAdLibSoundDetected	DM.C	missing	unmapped_or_unverified	no exact identifier found by inventory scan
F	8067	F8067_IsDisneySoundSourceDetected	DM.C	missing	unmapped_or_unverified	no exact identifier found by inventory scan
F	8068	F8068_GetDisneySoundSourcePort	DM.C	missing	unmapped_or_unverified	no exact identifier found by inventory scan
F	8069	F8069_IsAnalogJoystickDetected	DM.C	missing	unmapped_or_unverified	no exact identifier found by inventory scan
F	8070	F8070_IsMouseDetected	DM.C	missing	unmapped_or_unverified	no exact identifier found by inventory scan
F	8071	F8071_Tandy_WritableMemory	DM.C	missing	unmapped_or_unverified	no exact identifier found by inventory scan
F	8072	F8072_Tandy_MemoryAllocate	DM.C	missing	unmapped_or_unverified	no exact identifier found by inventory scan
F	8073	F8073_IsTandy1000ComputerDetected	DM.C	missing	unmapped_or_unverified	no exact identifier found by inventory scan
F	8074	F8074_IsTandy1000TLSLSoundDetected	DM.C	missing	unmapped_or_unverified	no exact identifier found by inventory scan
F	8075	F8075_IsSoundBlasterDetected	DM.C	missing	unmapped_or_unverified	no exact identifier found by inventory scan
F	8076	F8076_IsVGAGraphicsDetected	DM.C	missing	unmapped_or_unverified	no exact identifier found by inventory scan
F	8077	F8077_IsEGAGraphicsDetected	DM.C	missing	unmapped_or_unverified	no exact identifier found by inventory scan
F	8078	F8078_strcpy	DM.C	missing	unmapped_or_unverified	no exact identifier found by inventory scan
F	8079	F8079_strcat	DM.C	missing	unmapped_or_unverified	no exact identifier found by inventory scan
F	8080	F8080_AddCommandLineParameter	DM.C	missing	unmapped_or_unverified	no exact identifier found by inventory scan
F	8082	F8082_ExitBecauseFileNotFound	DM.C	missing	unmapped_or_unverified	no exact identifier found by inventory scan
F	8083	F8083_DOS_OpenFile	DM.C	missing	unmapped_or_unverified	no exact identifier found by inventory scan
F	8084	F8084_DOS_CloseFile	DM.C	missing	unmapped_or_unverified	no exact identifier found by inventory scan
F	8085	F8085_FileExists	DM.C	missing	unmapped_or_unverified	no exact identifier found by inventory scan
F	8086	F8086_GetMenuChoice	DM.C	missing	unmapped_or_unverified	no exact identifier found by inventory scan
F	8092	F8092_ConvertScanCodeToASCII	IBMIO.C	missing	unmapped_or_unverified	no exact identifier found by inventory scan
F	8094	F8094_ProcessMouseMovement	IO.C;IBMIO.C	referenced-not-verified	referenced_not_verified	exact identifier found by inventory scan; not reviewed as implementation
F	8096	F8096_ProcessMouseState	IBMIO.C	missing	unmapped_or_unverified	no exact identifier found by inventory scan
F	8098	F8098_ProcessMouseStateHistory	IBMIO.C	missing	unmapped_or_unverified	no exact identifier found by inventory scan
F	8099	F8099_LockMouse	IBMIO.C	missing	unmapped_or_unverified	no exact identifier found by inventory scan
F	8100	F8100_UnlockMouse	IBMIO.C	missing	unmapped_or_unverified	no exact identifier found by inventory scan
F	8101	F8101_SetMouseHandler	IBMIO.C	missing	unmapped_or_unverified	no exact identifier found by inventory scan
F	8108	F8108_RegisterMousePointerBitmap	IBMIO.C	missing	unmapped_or_unverified	no exact identifier found by inventory scan
F	8109	F8109_SetMousePointer	IBMIO.C	missing	unmapped_or_unverified	no exact identifier found by inventory scan
F	8111	F8111_SetMousePointerCoordinates	IBMIO.C	missing	unmapped_or_unverified	no exact identifier found by inventory scan
F	8112	F8112_GetMouseState	IBMIO.C	missing	unmapped_or_unverified	no exact identifier found by inventory scan
F	8123	F8123_PlayAudioCDTrack	IBMIO.C	missing	unmapped_or_unverified	no exact identifier found by inventory scan
F	8124	F8124_IsSoundPlayComplete	IBMIO.C	missing	unmapped_or_unverified	no exact identifier found by inventory scan
F	8128	F8128_WaitSoundPlayComplete	IBMIO.C	missing	unmapped_or_unverified	no exact identifier found by inventory scan
F	8129	F8129_GetConvertedDeviceType	IBMIO.C	missing	unmapped_or_unverified	no exact identifier found by inventory scan
F	8130	F8130_GetReadFirstSectorResult	IBMIO.C	missing	unmapped_or_unverified	no exact identifier found by inventory scan
F	8131	F8131_GetVolumeName	IBMIO.C	missing	unmapped_or_unverified	no exact identifier found by inventory scan
F	8132	F8132_GetRandomSeed	IBMIO.C	missing	unmapped_or_unverified	no exact identifier found by inventory scan
F	8133	F8133_ReadFloppySector	IBMIO.C	missing	unmapped_or_unverified	no exact identifier found by inventory scan
F	8134	F8134_ExecuteProgramWithParameters	IBMIO.C	missing	unmapped_or_unverified	no exact identifier found by inventory scan
F	8137	F8137_SetMultiplePixels	NEC816.C;VIDEODRV.C	implemented-narrow	redmcsb_f8137_set_multiple_pixels_nec16_compat;redmcsb_f8137_set_multiple_pixels_c25_pc34_compat	MEDIA457 packed-nibble and PC 3.4 C25 byte-aperture fills are source-linked and focused-tested; runtime call-site consumption remains outside these adapters.
F	8139	F8139_Unreferenced	VIDEODRV.C	implemented-narrow	redmcsb_f8139_copy_packed_pixels_c25_pc34_compat	PC 3.4 C25 packed-4bpp source to viewport-bank OR aperture transfer ported and focused-tested
F	8140	F8140_ScrollMessageAreaUp	NEC816.C;VIDEODRV.C	implemented-narrow	redmcsb_f8140_scroll_message_area_up_pc34_compat	PC 3.4 source-defined overlap-copy direction is ported and focused-tested
F	8143	F8143_CopyPixelLineFromScreenWithoutTransparency	NEC816.C;VIDEODRV.C	implemented-narrow	redmcsb_f8143_copy_pixel_line_from_screen_pc34_compat	PC 3.4 C25 aperture packed-readback ported and focused-tested
F	8144	F8144_CopyPixelLineFromScreenWithoutTransparencyFlippedHorizontally	NEC816.C;VIDEODRV.C	missing	unmapped_or_unverified	no exact identifier found by inventory scan
F	8151	F8151_VIDRV_02_Blit	NEC816.C;VIDEODRV.C;IMAGE3.C	implemented-narrow	redmcsb_f8151_vidrv_blit_pc34_compat	PC 3.4 C25 source-to-screen blit branch ported and focused-tested; F8143 readback is separately ported
F	8152	F8152_VIDRV_01_FillBox	NEC816.C;VIDEODRV.C	implemented-narrow	redmcsb_f8152_vidrv_fill_box_pc34_compat	PC 3.4 C25 row fill ported and focused-tested
F	8153	F8153_VIDRV_07_WaitVerticalBlank	NEC816.C;VIDEODRV.C	implemented-narrow	redmcsb_f8153_wait_vertical_blank_c25_pc34_compat	PC 3.4 C25 VGA status bit-3 inactive-then-active vertical-blank poll ported and focused-tested
F	8154	F8154_VIDRV_05_InvertBox	NEC816.C;VIDEODRV.C	implemented-narrow	redmcsb_f8154_vidrv_invert_box_pc34_compat	PC 3.4 C25 aperture invert ported and focused-tested
F	8155	F8155_VIDRV_06_HatchScreenBox	NEC816.C;VIDEODRV.C	implemented-narrow	redmcsb_f8155_vidrv_hatch_screen_box_pc34_compat	PC 3.4 C25 hatch aperture route ported and focused-tested
F	8156	F8156_SetPalette	DRAWVIEW.C;SWITCH.C;ANIMTOWN.C;VIDEODRV.C;CEDT027.C	implemented-narrow	redmcsb_f8156_f8157_c25_palette_pc34_compat	PC 3.4 C25 RGB6 DAC copy is ported and focused-tested
F	8157	F8157_VIDRV_08_SetMultipleColorsInPalette	DRAWVIEW.C;SWITCH.C;NEC816.C;ANIMTOWN.C;VIDEODRV.C	implemented-narrow	redmcsb_f8156_f8157_c25_palette_pc34_compat	PC 3.4 C25 terminated RGB6 patch-table route is ported and focused-tested
F	8158	F8158_VIDRV_18_SetSingleColorInPalette	VIDEODRV.C	source-nonapplicable	pc34_c25_absent	F8158 is compiled only for EGA/Tandy, not PC 3.4 C25 VGA
F	8159	F8159_VIDRV_11_PALETTE_SetCurtain	NEC816.C;VIDEODRV.C	implemented-narrow	redmcsb_f8159_palette_curtain_c25_pc34_compat	PC 3.4 C25 RGB6 curtain route ported and focused-tested
F	8160	F8160_VIDRV_12_SetCreatureReplacementColors	NEC816.C;VIDEODRV.C;CEDT027.C	implemented-narrow	redmcsb_f8160_creature_palette_c25_pc34_compat	PC 3.4 C25 six-table creature RGB replacement ported and focused-tested
F	8161	F8161_VIDRV_09_BlitViewPort	NEC816.C;VIDEODRV.C	implemented-narrow	redmcsb_f8161_vidrv_blit_viewport_pc34_compat	PC 3.4 C25 viewport 224-to-320 RGB-bank blit ported and focused-tested
F	8162	F8162_VIDRV_10_ScrollMessageAreaUp	NEC816.C;VIDEODRV.C	implemented-narrow	redmcsb_f8162_vidrv_scroll_message_area_up_pc34_compat	PC 3.4 source-defined multi-plane message-area transfer is ported and focused-tested
F	8163	F8163_VIDRV_00_CopyPixelsToScreenWithoutTransparency	NEC816.C;VIDEODRV.C	implemented-narrow	redmcsb_f8163_copy_pixels_to_screen_c25_pc34_compat	PC 3.4 C25 caller-bitmap-to-aperture F0680 delegation ported and focused-tested
F	8164	F8164_VIDRV_13_InitializeUnusedGlobalVariables	NEC816.C;VIDEODRV.C	missing	unmapped_or_unverified	no exact identifier found by inventory scan
F	8165	F8165_VIDRV_14_GetPrefixedBitmapByteCountOrBlitFromScreenNoTransparency	NEC816.C;VIDEODRV.C	implemented-narrow	redmcsb_f8165_prefixed_bitmap_c25_pc34_compat	PC 3.4 C25 six-byte prefixed aperture capture ported and focused-tested
F	8166	F8166_VIDRV_15_BlitToScreenNoTransparency	NEC816.C;VIDEODRV.C	implemented-narrow	redmcsb_f8166_blit_prefixed_bitmap_c25_pc34_compat	PC 3.4 C25 six-byte prefixed aperture playback ported and focused-tested
F	8167	F8167_VIDRV_03_BlitMousePointerPrefixedBitmapFromScreen	NEC816.C;VIDEODRV.C	implemented-narrow	redmcsb_f8167_f8168_mouse_pointer_c25_pc34_compat	PC 3.4 C25 18x18 edge-clamped mouse aperture capture ported and focused-tested
F	8168	F8168_VIDRV_04_BlitMousePointerPrefixedBitmapToScreen	NEC816.C;VIDEODRV.C	implemented-narrow	redmcsb_f8167_f8168_mouse_pointer_c25_pc34_compat	PC 3.4 C25 captured mouse aperture restore through F8166 ported and focused-tested
F	8169	F8169_VIDRV_19_BlackenAllPixelsOneByOne	VIDEODRV.C	implemented-narrow	redmcsb_f8169_blacken_pixels_c25_pc34_compat	PC 3.4 C25 LFSR-ordered aperture blackening ported and focused-tested
F	8170	F8170_Return0	NEC816.C;VIDEODRV.C	missing	unmapped_or_unverified	no exact identifier found by inventory scan
F	8171	F8171_ExecuteProgram	NEC816.C;VIDEODRV.C	missing	unmapped_or_unverified	no exact identifier found by inventory scan
F	8213	F8213_SetSinglePixel_Unreferenced	VIDEODRV.C	implemented-narrow	redmcsb_f8213_set_single_pixel_c25_pc34_compat	PC 3.4 C25 viewport-bank OR aperture-byte write ported and focused-tested
F	8216	F8216_Unreferenced	VIDEODRV.C	implemented-narrow	redmcsb_f8216_copy_previous_row_c25_pc34_compat	PC 3.4 C25 forward previous-row aperture copy ported and focused-tested
F	8230	F8230_VIDRV_16_SetSingleColorComponentsInPalette	NEC816.C;VIDEODRV.C	implemented-narrow	redmcsb_f8230_palette_components_c25_pc34_compat	PC 3.4 C25 RGB4-to-RGB6 component update and active-curtain publish ported and focused-tested
F	8232	F8232_VIDRV_12_SetCreatureReplacementColors	DRAWVIEW.C	source-nonapplicable	pc34_no_f8232_definition	DRAWVIEW.C:684 contains only a comment that F0695 is similar; no PC34 F8232 definition/body exists to port.
F	8271	F8271_PlayMIDIMusic	ANIM.C	referenced-not-verified	referenced_not_verified	exact identifier found by inventory scan; not reviewed as implementation
F	8272	F8272_StopMIDIMusic	ANIM.C	referenced-not-verified	referenced_not_verified	exact identifier found by inventory scan; not reviewed as implementation
F	8273	F8273_TRansition_MIDIMusic	ANIM.C	referenced-not-verified	referenced_not_verified	exact identifier found by inventory scan; not reviewed as implementation
F	8275	F8275_IsMIDIMusicPlaying	ANIM.C	referenced-not-verified	referenced_not_verified	exact identifier found by inventory scan; not reviewed as implementation
F	8290	F8290_ClearScreen	ANIM.C	referenced-not-verified	referenced_not_verified	exact identifier found by inventory scan; not reviewed as implementation
F	8294	F8294_SetSingleColorInPalette	ANIM.C	referenced-not-verified	referenced_not_verified	exact identifier found by inventory scan; not reviewed as implementation
F	8296	F8296_PALETTE_SetCurtain	ANIM.C;SELECTOR.C	referenced-not-verified	referenced_not_verified	exact identifier found by inventory scan; not reviewed as implementation
F	8303	F8303_WaitSoundPlayComplete	ANIM.C	referenced-not-verified	referenced_not_verified	exact identifier found by inventory scan; not reviewed as implementation
F	8316	F8316_InitMouse	SELECTOR.C	referenced-not-verified	referenced_not_verified	exact identifier found by inventory scan; not reviewed as implementation
F	8323	F8323_WaitSoundPlayComplete	SELECTOR.C	referenced-not-verified	referenced_not_verified	exact identifier found by inventory scan; not reviewed as implementation
F	8328	F8328_GetVideoInterrupt	SELECTOR.C	referenced-not-verified	referenced_not_verified	exact identifier found by inventory scan; not reviewed as implementation
F	8353	F8353_WaitVerticalBlank	SELECTOR.C	referenced-not-verified	referenced_not_verified	exact identifier found by inventory scan; not reviewed as implementation
F	8354	F8354_AddMouseInput	SELECTOR.C	referenced-not-verified	referenced_not_verified	exact identifier found by inventory scan; not reviewed as implementation
F	8356	F8356_AllocateGraphicData	SELECTOR.C	referenced-not-verified	referenced_not_verified	exact identifier found by inventory scan; not reviewed as implementation
F	8358	F8358_DrawGraphicData	SELECTOR.C	referenced-not-verified	referenced_not_verified	exact identifier found by inventory scan; not reviewed as implementation
F	8359	F8359_GetSubGraphic	SELECTOR.C	referenced-not-verified	referenced_not_verified	exact identifier found by inventory scan; not reviewed as implementation
F	8363	F8363_GetGraphicDimensions	SELECTOR.C	referenced-not-verified	referenced_not_verified	exact identifier found by inventory scan; not reviewed as implementation
F	8364	F8364_DecodeSound	SELECTOR.C	referenced-not-verified	referenced_not_verified	exact identifier found by inventory scan; not reviewed as implementation
F	8365	F8365_LoadSoundGraphic	SELECTOR.C	referenced-not-verified	referenced_not_verified	exact identifier found by inventory scan; not reviewed as implementation
F	8366	F8366_LoadGraphic	SELECTOR.C	referenced-not-verified	referenced_not_verified	exact identifier found by inventory scan; not reviewed as implementation
F	8372	F8372_PrintString	DMSTART.C	missing	unmapped_or_unverified	no exact identifier found by inventory scan
F	8373	F8373_GetKeyboardCharacter	DMSTART.C	missing	unmapped_or_unverified	no exact identifier found by inventory scan
F	8374	F8374_IsSpaceBarPressed	DMSTART.C	missing	unmapped_or_unverified	no exact identifier found by inventory scan
F	8377	F8377_IsDiskWriteProtected	DMSTART.C	missing	unmapped_or_unverified	no exact identifier found by inventory scan
F	8378	F8378_PrintRemoveDiskProtectionMessage	DMSTART.C	missing	unmapped_or_unverified	no exact identifier found by inventory scan
F	8379	F8379_PrintDiskIsWriteProtectedMessage	DMSTART.C	missing	unmapped_or_unverified	no exact identifier found by inventory scan
F	8380	F8380_GetUserChoice	DMSTART.C	missing	unmapped_or_unverified	no exact identifier found by inventory scan
F	8382	F8382_PrepareV8382000FromPalette	NEC816.C	missing	unmapped_or_unverified	no exact identifier found by inventory scan
F	8383	F8383_Unreferenced	NEC816.C	missing	unmapped_or_unverified	no exact identifier found by inventory scan
F	8390	F8390_Unreferenced	NEC816.C	missing	unmapped_or_unverified	no exact identifier found by inventory scan
F	8399	F8399_ReplaceInterrupt10VectorVerticalBlank	NEC816.C	missing	unmapped_or_unverified	no exact identifier found by inventory scan
F	8400	F8400_RestoreInterrupt10Vector	NEC816.C	missing	unmapped_or_unverified	no exact identifier found by inventory scan
F	8409	F8409_VIDRV_17_SetSingleColorInPalette1	NEC816.C	missing	unmapped_or_unverified	no exact identifier found by inventory scan
F	8422	F8422_LoadANKCharacterPatterns	NEC816.C;JAPANESE.C	missing	unmapped_or_unverified	no exact identifier found by inventory scan
F	8425	F8425_ClearAllVRAM	NEC816.C	missing	unmapped_or_unverified	no exact identifier found by inventory scan
F	8447	F8447_ReplaceInterrupt9Vector	NECIO.C	missing	unmapped_or_unverified	no exact identifier found by inventory scan
F	8448	F8448_RestoreInterrupt9Vector	NECIO.C	missing	unmapped_or_unverified	no exact identifier found by inventory scan
F	8453	F8453_ReadFloppyDiskSector	NECIO.C	missing	unmapped_or_unverified	no exact identifier found by inventory scan
F	8459	F8459_LockMouse	NECIO.C	missing	unmapped_or_unverified	no exact identifier found by inventory scan
F	8460	F8460_UnlockMouse	NECIO.C	missing	unmapped_or_unverified	no exact identifier found by inventory scan
F	8461	F8461_SetMouseHandler	NECIO.C	missing	unmapped_or_unverified	no exact identifier found by inventory scan
F	8462	F8462_ReplaceMouseInterruptHandler	NECIO.C	missing	unmapped_or_unverified	no exact identifier found by inventory scan
F	8463	F8463_RemoveMouseInterruptHandler	NECIO.C	missing	unmapped_or_unverified	no exact identifier found by inventory scan
F	8464	F8464_IsMouseDriverInstalled	NECIO.C	missing	unmapped_or_unverified	no exact identifier found by inventory scan
F	8470	F8470_SetMousePointerCoordinates	NECIO.C	missing	unmapped_or_unverified	no exact identifier found by inventory scan
F	8471	F8471_GetMouseState	NECIO.C	missing	unmapped_or_unverified	no exact identifier found by inventory scan
F	8472	F8472_SetCustomVerticalBlankRoutine	NECIO.C	missing	unmapped_or_unverified	no exact identifier found by inventory scan
F	8477	F8477_RestoreInterrupt20Or21Vector	NECIO.C	missing	unmapped_or_unverified	no exact identifier found by inventory scan
F	8478	F8478_ReplaceInterrupt20Or21Vector	NECIO.C	missing	unmapped_or_unverified	no exact identifier found by inventory scan
F	8479	F8479_Output_Music_Bytes	NECIO.C	missing	unmapped_or_unverified	no exact identifier found by inventory scan
F	8491	F8491_GetBigEndianInt	MUSCMIDI.C;NECIO.C	missing	unmapped_or_unverified	no exact identifier found by inventory scan
F	8492	F8492_GetBigEndianLong	MUSCMIDI.C;NECIO.C	missing	unmapped_or_unverified	no exact identifier found by inventory scan
F	8493	F8493_GetTrackAddresses	MUSCMIDI.C;NECIO.C	missing	unmapped_or_unverified	no exact identifier found by inventory scan
F	8494	F8494_GetVariableLengthQuantity	MUSCMIDI.C;NECIO.C	missing	unmapped_or_unverified	no exact identifier found by inventory scan
F	8495	F8495_LoadMIDIData	MUSCMIDI.C;NECIO.C	missing	unmapped_or_unverified	no exact identifier found by inventory scan
F	8504	F8504_PlayMIDIMusic	NECIO.C	missing	unmapped_or_unverified	no exact identifier found by inventory scan
F	8505	F8505_ReplaceInterrupt10Vector	NECIO.C	missing	unmapped_or_unverified	no exact identifier found by inventory scan
F	8506	F8506_RestoreInterrupt10Vector	NECIO.C	missing	unmapped_or_unverified	no exact identifier found by inventory scan
F	8507	F8507_ReplaceInterrupt8Vector	NECIO.C	missing	unmapped_or_unverified	no exact identifier found by inventory scan
F	8508	F8508_RestoreInterrupt8Vector	NECIO.C	missing	unmapped_or_unverified	no exact identifier found by inventory scan
F	8510	F8510_ReplaceInterrupt8Vector	NECIO.C	missing	unmapped_or_unverified	no exact identifier found by inventory scan
F	8511	F8511_RestoreInterrupt8Vector	NECIO.C	missing	unmapped_or_unverified	no exact identifier found by inventory scan
F	8515	F8515_WaitSoundPlayComplete	NECIO.C	missing	unmapped_or_unverified	no exact identifier found by inventory scan
F	8521	F8521_MIDIMusicControl	NECIO.C	missing	unmapped_or_unverified	no exact identifier found by inventory scan
F	8524	F8524_GetDiskState	NECIO.C	missing	unmapped_or_unverified	no exact identifier found by inventory scan
F	8525	F8525_GetVolumeName_CPSX	NECIO.C	missing	unmapped_or_unverified	no exact identifier found by inventory scan
F	8526	F8526_GetRandomSeed	NECIO.C	missing	unmapped_or_unverified	no exact identifier found by inventory scan
F	8527	F8527_ExecuteProgram	NECIO.C	missing	unmapped_or_unverified	no exact identifier found by inventory scan
F	8532	F8532_MOUSE_ShowPointer	SWITCH.C	referenced-not-verified	referenced_not_verified	exact identifier found by inventory scan; not reviewed as implementation
F	8533	F8533_MOUSE_HidePointer	SWITCH.C	referenced-not-verified	referenced_not_verified	exact identifier found by inventory scan; not reviewed as implementation
F	8534	F8534_InitVideoInterrupt	SWITCH.C	referenced-not-verified	referenced_not_verified	exact identifier found by inventory scan; not reviewed as implementation
F	8545	F8545_PALETTE_SetCurtain	SWITCH.C	referenced-not-verified	referenced_not_verified	exact identifier found by inventory scan; not reviewed as implementation
F	9000	F9000_OpenGRF1	CEDT019.C;USIO2.C;ANIM.C;VDEO2.C;APPA.C;SWITCH.C;VDEO1.C;MAINLIB.C;GRF1STUB.C	referenced-not-verified	referenced_not_verified	exact identifier found by inventory scan; not reviewed as implementation
F	9001	F9001_CloseGRF1	CEDT019.C;USIO2.C;ANIM.C;VDEO2.C;APPA.C;SWITCH.C;MAINLIB.C;GRF1STUB.C	referenced-not-verified	referenced_not_verified	exact identifier found by inventory scan; not reviewed as implementation
F	9002	F9002_OpenUSIO	CEDT019.C;ANIM.C;APPA.C;SWITCH.C;USIOSTUB.C	referenced-not-verified	referenced_not_verified	exact identifier found by inventory scan; not reviewed as implementation
F	9003	F9003_CloseUSIO	CEDT019.C;ANIM.C;APPA.C;SWITCH.C;USIOSTUB.C	referenced-not-verified	referenced_not_verified	exact identifier found by inventory scan; not reviewed as implementation
F	9004	F9004_OpenVDEO	CEDT019.C;USIO2.C;VDEOSTUB.C;ANIM.C;APPA.C;SWITCH.C;MAINLIB.C;CNFG.C;SWSH.C	referenced-not-verified	referenced_not_verified	exact identifier found by inventory scan; not reviewed as implementation
F	9005	F9005_CloseVDEO	CEDT019.C;USIO2.C;VDEOSTUB.C;ANIM.C;APPA.C;SWITCH.C;MAINLIB.C;CNFG.C;SWSH.C	referenced-not-verified	referenced_not_verified	exact identifier found by inventory scan; not reviewed as implementation
F	9006	F9006_OpenMEM1	CEDT019.C;USIO2.C;MEM1STUB.C;ANIM.C;VDEO2.C;SWITCH.C;GRF1.C;VDEO1.C	referenced-not-verified	referenced_not_verified	exact identifier found by inventory scan; not reviewed as implementation
F	9007	F9007_CloseMEM1	CEDT019.C;USIO2.C;MEM1STUB.C;ANIM.C;VDEO2.C;SWITCH.C;GRF1.C	referenced-not-verified	referenced_not_verified	exact identifier found by inventory scan; not reviewed as implementation
F	9008	F9008_OpenPRIM	FIO1MAIN.C;CEDT019.C;USIO2.C;INT1.C;CEDTINCI.C;ANIM.C;VDEO2.C;HINTMAIN.C;APPA.C;SWITCH.C;GRF1.C;VDEO1.C;MAINLIB.C;CNFG.C;MUSCMIDI.C;SWSH.C;PRIMSTUB.C;UTILITY.H	referenced-not-verified	referenced_not_verified	exact identifier found by inventory scan; not reviewed as implementation
F	9009	F9009_ClosePRIM	FIO1MAIN.C;CEDT019.C;USIO2.C;INT1.C;VDEO2.C;APPA.C;GRF1.C;MAINLIB.C;MUSCMIDI.C;SWSH.C;PRIMSTUB.C	referenced-not-verified	referenced_not_verified	exact identifier found by inventory scan; not reviewed as implementation
F	9010	F9010_MEM1_06_Allocate	MEM1.C;COMPILE.H;MEM1MAIN.C	referenced-not-verified	referenced_not_verified	exact identifier found by inventory scan; not reviewed as implementation
F	9011	F9011_MEM1_07_Free	MEM1.C;COMPILE.H;MEM1MAIN.C	referenced-not-verified	referenced_not_verified	exact identifier found by inventory scan; not reviewed as implementation
F	9012	F9012_MEM1_08_Available	MEM1.C;COMPILE.H;MEM1MAIN.C	referenced-not-verified	referenced_not_verified	exact identifier found by inventory scan; not reviewed as implementation
F	9013	F9013_MEM1_09_EmptyFunction	MEM1.C;COMPILE.H;MEM1MAIN.C	missing	unmapped_or_unverified	no exact identifier found by inventory scan
F	9014	F9014_MEM1_Initialize	MEM1.C;MEM1MAIN.C	missing	unmapped_or_unverified	no exact identifier found by inventory scan
F	9015	F9015_ExpungeMEM1	COMPILE.H	missing	unmapped_or_unverified	no exact identifier found by inventory scan
F	9015	F9015_MEM1_03_Expunge	MEM1.C;COMPILE.H;MEM1MAIN.C	missing	unmapped_or_unverified	no exact identifier found by inventory scan
F	9016	F9016_OpenMUSC	MUSCSTUB.C;ANIM.C;MAINLIB.C	referenced-not-verified	referenced_not_verified	exact identifier found by inventory scan; not reviewed as implementation
F	9017	F9017_CloseMUSC	MUSCSTUB.C;ANIM.C;MAINLIB.C	referenced-not-verified	referenced_not_verified	exact identifier found by inventory scan; not reviewed as implementation
F	9018	F9018_OpenINT1	USIO2.C;VDEO2.C;INT1STUB.C;MAINLIB.C	missing	unmapped_or_unverified	no exact identifier found by inventory scan
F	9019	F9019_CloseINT1	USIO2.C;VDEO2.C;INT1STUB.C;MAINLIB.C	missing	unmapped_or_unverified	no exact identifier found by inventory scan
F	9021	F9021_VDEO_16_PaletteControl	VDEOMAIN.C;VDEO1.C	missing	unmapped_or_unverified	no exact identifier found by inventory scan
F	9022	F9022_SetNormalColorPalette	VDEO1.C	missing	unmapped_or_unverified	no exact identifier found by inventory scan
F	9023	F9023_VDEO_14_SetNormalColorPalette	VDEOMAIN.C;VDEO1.C	missing	unmapped_or_unverified	no exact identifier found by inventory scan
F	9024	F9024_VDEO_15_ApplyNormalColorPalette	VDEOMAIN.C;VDEO1.C	missing	unmapped_or_unverified	no exact identifier found by inventory scan
F	9025	F9025_VDEO_17_GetColorPalette	VDEOMAIN.C;VDEO1.C	missing	unmapped_or_unverified	no exact identifier found by inventory scan
F	9026	F9026_SetColorPalette	VDEO1.C	missing	unmapped_or_unverified	no exact identifier found by inventory scan
F	9027	F9027_VDEO_18_SetColorPalette	VDEOMAIN.C;VDEO1.C	missing	unmapped_or_unverified	no exact identifier found by inventory scan
F	9030	F9030_VDEO_05_ExpandGraphicToBitmap	VDEOMAIN.C;VDEO1.C	missing	unmapped_or_unverified	no exact identifier found by inventory scan
F	9032	F9032_VDEO_08_FillScreenBox	VDEOMAIN.C;VDEO1.C	missing	unmapped_or_unverified	no exact identifier found by inventory scan
F	9033	F9033_VDEO_09_HatchScreenBox	VDEOMAIN.C;VDEO1.C	missing	unmapped_or_unverified	no exact identifier found by inventory scan
F	9034	F9034_VDEO_10_InvertScreenBox	VDEOMAIN.C;VDEO1.C	missing	unmapped_or_unverified	no exact identifier found by inventory scan
F	9035	F9035_VDEO_11_BlitFromScreenNoTransparency	VDEOMAIN.C;VDEO1.C	missing	unmapped_or_unverified	no exact identifier found by inventory scan
F	9036	F9036_VDEO_12_BlitToScreenNoTransparency	VDEOMAIN.C;VDEO1.C	missing	unmapped_or_unverified	no exact identifier found by inventory scan
F	9041	F9041_VDEO_06_BlitToScreen	VDEOMAIN.C;VDEO1.C	missing	unmapped_or_unverified	no exact identifier found by inventory scan
F	9042	F9042_VDEO_07_Empty	VDEOMAIN.C;VDEO1.C	missing	unmapped_or_unverified	no exact identifier found by inventory scan
F	9043	F9043_VDEO_04_GetBitmapByteCount	VDEOMAIN.C;VDEO2.C;VDEO1.C	missing	unmapped_or_unverified	no exact identifier found by inventory scan
F	9044	F9044_VDEO_13_WaitVerticalBlank	VDEOMAIN.C;VDEO1.C	missing	unmapped_or_unverified	no exact identifier found by inventory scan
F	9045	F9045_VDEO_19_Operation	VDEOMAIN.C;VDEO2.C	missing	unmapped_or_unverified	no exact identifier found by inventory scan
F	9047	F9047_VDEO_03_Expunge	VDEOMAIN.C;VDEO2.C	missing	unmapped_or_unverified	no exact identifier found by inventory scan
F	9057	F9057_CopySpriteDataToChipMemory	VDEOAMIG.C	missing	unmapped_or_unverified	no exact identifier found by inventory scan
F	9058	F9058_CopperList0	VDEOAMIG.C	missing	unmapped_or_unverified	no exact identifier found by inventory scan
F	9059	F9059_CopperList1	VDEOAMIG.C	missing	unmapped_or_unverified	no exact identifier found by inventory scan
F	9060	F9060_CopperList2	VDEOAMIG.C	missing	unmapped_or_unverified	no exact identifier found by inventory scan
F	9069	F9069_InstallMsgPort	VDEOAMIG.C	missing	unmapped_or_unverified	no exact identifier found by inventory scan
F	9073	F9073_DisplayError	SWSHSND.C;AMIGINIT.C;FLOPPYAM.C;ANIM.C;APPBLANG.C;UTAMSCR.C;VDEOAMIG.C;CEDT018.C;ANIMSND.C;SWSH.C	referenced-not-verified	referenced_not_verified	exact identifier found by inventory scan; not reviewed as implementation
F	9077	F9077_GRF1_08_FillBox	GRF1MAIN.C;GRF1.C	missing	unmapped_or_unverified	no exact identifier found by inventory scan
F	9079	F9079_GRF1_13_InvertBox	GRF1MAIN.C;GRF1.C	missing	unmapped_or_unverified	no exact identifier found by inventory scan
F	9086	F9086_GRF1_06_Blit	GRF1MAIN.C;BLITMASK.C;GRF1.C	missing	unmapped_or_unverified	no exact identifier found by inventory scan
F	9087	F9087_GRF1_07_Empty	GRF1MAIN.C;GRF1.C	missing	unmapped_or_unverified	no exact identifier found by inventory scan
F	9089	F9089_GRF1_04_GetBitmapMemorySize	GRF1MAIN.C;GRF1.C	missing	unmapped_or_unverified	no exact identifier found by inventory scan
F	9090	F9090_GRF1_15_GetBlitterTemporaryBitplane	GRF1MAIN.C;GRF1.C	missing	unmapped_or_unverified	no exact identifier found by inventory scan
F	9092	F9092_GRF1_03_Expunge	GRF1MAIN.C;GRF1.C	missing	unmapped_or_unverified	no exact identifier found by inventory scan
F	9093	F9093_AllocateWorkingMemory	GRF1.C;CEDT018.C	missing	unmapped_or_unverified	no exact identifier found by inventory scan
F	9094	F9094_FreeWorkingMemory	GRF1.C	missing	unmapped_or_unverified	no exact identifier found by inventory scan
R	0055	R0055_TOS_CallBIOS	ATARIST.H;DEFS.H;TOS.C	missing	unmapped_or_unverified	no exact identifier found by inventory scan
R	055	R055_xxxx_	ATARIST.H	missing	unmapped_or_unverified	no exact identifier found by inventory scan
R	0056	R0056_TOS_CallXBIOS	CEDT005.C;ATARIST.H;PRIM1.C;PRIM.H;DEFS.H;UTIO.C;TOS.C;CEDT006.C;HINTIORQ.C	missing	unmapped_or_unverified	no exact identifier found by inventory scan
R	056	R056_aaal_	ATARIST.H;PRIM1.C	missing	unmapped_or_unverified	no exact identifier found by inventory scan
R	0057	R0057_TOS_CallGEMDOS	CEDT005.C;ATARIST.H;PRIM1.C;PRIM.H;DEFS.H;TOS.C;CEDT006.C;CEDTINC7.C	missing	unmapped_or_unverified	no exact identifier found by inventory scan
R	057	R057_rzzz_	ATARIST.H;PRIM1.C	missing	unmapped_or_unverified	no exact identifier found by inventory scan
R	0138	R0138_CPSEF_HiddenCodeLauncher	GRAPH21.C;ATARIST.H;GRAPH538.C;COPYPRO3.C;IIGS.H;DEFS.H;COPYPRO4.C;GRAPH548.C	missing	unmapped_or_unverified	no exact identifier found by inventory scan
R	138	R138_lzzz_	ATARIST.H	missing	unmapped_or_unverified	no exact identifier found by inventory scan
S	0016	S0016_MAIN_DrawMousePointerHiddenScreenAreaIfNecessary_CPSDF	BASE.C;DEFS.H	missing	unmapped_or_unverified	no exact identifier found by inventory scan
S	0058	S0058_TOS_Exception257Handler_CriticalError	DEFS.H;TOS.C	missing	unmapped_or_unverified	no exact identifier found by inventory scan
S	0059	S0059_TOS_SetException257Vector_CriticalError	ATARIST.H;DEFS.H;TOS.C;STARTUP2.C;STARTUP1.C	missing	unmapped_or_unverified	no exact identifier found by inventory scan
S	059	S059_aaac_	ATARIST.H	missing	unmapped_or_unverified	no exact identifier found by inventory scan
S	0072	S0072_MOUSE_DrawPointerHiddenScreenArea	IO.C;BASE.C;DEFS.H	missing	unmapped_or_unverified	no exact identifier found by inventory scan
S	0074	S0074_MOUSE_DrawPointerScreenArea	IO.C;BASE.C;DEFS.H	missing	unmapped_or_unverified	no exact identifier found by inventory scan
S	0075	S0075_MOUSE_Exception70Handler_IKBD_MIDI_MouseStatus	IO.C;DEFS.H	missing	unmapped_or_unverified	no exact identifier found by inventory scan
S	0076	S0076_MOUSE_OnMouseButtonsStatusChange	IO.C;DEFS.H;GAMELOOP.C	missing	unmapped_or_unverified	no exact identifier found by inventory scan
S	0080	S0080_CPSDF_CheckDMATransferCompletion	ATARIST.H;VBLANK.C;LOADSAVE.C;DEFS.H;STARTUP2.C;COPYPRO2.C;STARTUP1.C	missing	unmapped_or_unverified	no exact identifier found by inventory scan
S	080	S080_aaat_	ATARIST.H	missing	unmapped_or_unverified	no exact identifier found by inventory scan
S	0081	S0081_CPSDF_TurnOffFloppyDrive	ATARIST.H;VBLANK.C;DEFS.H;STARTUP2.C;COPYPRO2.C;STARTUP1.C	missing	unmapped_or_unverified	no exact identifier found by inventory scan
S	081	S081_aaao_	ATARIST.H	missing	unmapped_or_unverified	no exact identifier found by inventory scan
S	0287	S0287_CHAMPION_DrawChampionBarGraphs_Subroutine	CHAMDRAW.C;DEFS.H	missing	unmapped_or_unverified	no exact identifier found by inventory scan
S	0465	S0465_CPSD_ReadSector247	ATARIST.H;GRAPH538.C;COPYPRO9.C;DEFS.H;SOUND.C	missing	unmapped_or_unverified	no exact identifier found by inventory scan
S	465	S465_qzzz_	ATARIST.H	missing	unmapped_or_unverified	no exact identifier found by inventory scan
S	0542	S0542_INPUT_DeviceInterruptStub	AMIGA.H;INPUT.C	missing	unmapped_or_unverified	no exact identifier found by inventory scan
S	0570	S0570_COPYPROA_IntHandlerStub_CPSX	AMIGA.H;COPYPROA.C	missing	unmapped_or_unverified	no exact identifier found by inventory scan
S	0574	S0574_COPYPROB_DiskChangeStub_CPSX	AMIGA.H;COPYPROB.C	missing	unmapped_or_unverified	no exact identifier found by inventory scan
S	0578	S0578_VerticalBlank_HandlerStub	AMIGA.H;VBLANK.C	missing	unmapped_or_unverified	no exact identifier found by inventory scan
