reference	symbol	disposition	owner	evidence	notes
ReDMCSB	F0142_DUNGEON_GetProjectileAspect	VERIFIED_SOURCE_MAPPING	DM1	tests/test_dm1_v1_f0142_projectile_aspect_pc34_compat.c; src/dm1/dm1_v1_projectile_explosion_render_pc34_compat.c	Models DUNGEON.C:1165-1224 signed return contract: negative PROJECTIL_ASPECT ordinal for spells/weapon M066 projectile art, zero/positive G0237 OBJECT_ASPECT index for ordinary thrown objects; consumed by DM1 projectile material resolution.
ReDMCSB	F0222_GROUP_IsLordChaosOnSquare	VERIFIED_SOURCE_MAPPING	DM1	tests/test_dm1_v1_endgame_system_pc34_compat.c; src/dm1/dm1_v1_endgame_system_pc34_compat.c	Models PROJEXPL.C F0222 over the loaded raw C04 square chain and returns the exact Lord Chaos Thing only when the source creature type is C23; absence does not synthesize a target.
ReDMCSB	F0223_GROUP_IsLordChaosAllowed	VERIFIED_SOURCE_MAPPING	DM1	tests/test_dm1_v1_endgame_system_pc34_compat.c; src/dm1/dm1_v1_endgame_system_pc34_compat.c	Models GROUP.C F0223 square-type allow gate for Lord Chaos escape: corridor, teleporter, pit, and door are allowed; wall and stairs are rejected from loaded tile data.
ReDMCSB	F0224_GROUP_FluxCageAction	VERIFIED_SOURCE_MAPPING	DM1	tests/test_dm1_v1_endgame_system_pc34_compat.c; src/dm1/dm1_v1_endgame_system_pc34_compat.c	Models PROJEXPL.C F0224 fluxcage action: wall/stairs and no-unused-C15 gates, C050 explosion Thing, C24 remove event fields, adjacent Lord Chaos north/west/east/south scan, and C29 danger reaction at two other fluxcages; live M11 consumption remains separate from the source-map closure.
ReDMCSB	F0225_GROUP_FuseAction	VERIFIED_SOURCE_MAPPING	DM1	tests/test_dm1_v1_endgame_system_pc34_compat.c; src/dm1/dm1_v1_endgame_system_pc34_compat.c	Models PROJEXPL.C F0225 Fuse action over loaded Lord Chaos and fluxcage state; no synthetic target is created.
ReDMCSB	F0226_GROUP_GetDistanceBetweenSquares	VERIFIED_SOURCE_MAPPING	DM1	tests/test_dm1_v1_creature_ai_behavior_pc34_compat.c; src/dm1/dm1_v1_creature_ai_behavior_pc34_compat.c; include/dm1_v1_creature_ai_behavior_pc34_compat.h	Models GROUP.C F0226 Manhattan square-distance helper over caller-owned loaded-map coordinates.
ReDMCSB	F0227_GROUP_IsDestinationVisibleFromSource	VERIFIED_SOURCE_MAPPING	DM1	tests/test_dm1_v1_creature_ai_behavior_pc34_compat.c; src/dm1/dm1_v1_creature_ai_behavior_pc34_compat.c; include/dm1_v1_creature_ai_behavior_pc34_compat.h	Models GROUP.C F0227 rotated 90-degree coordinate-cone predicate; loaded-map path occlusion remains owned by F0199.
ReDMCSB	F0228_GROUP_GetDirectionsWhereDestinationIsVisibleFromSource	VERIFIED_SOURCE_MAPPING	DM1	tests/test_dm1_v1_creature_ai_behavior_pc34_compat.c; src/dm1/dm1_v1_creature_ai_behavior_pc34_compat.c; include/dm1_v1_creature_ai_behavior_pc34_compat.h	Models GROUP.C F0228 primary/secondary visible direction selection and source RNG consumption for cardinal and diagonal ties.
ReDMCSB	F0229_GROUP_SetOrderedCellsToAttack	VERIFIED_SOURCE_MAPPING	DM1	tests/test_dm1_v1_creature_ai_behavior_pc34_compat.c; tests/test_dm1_v1_ordered_cells_to_attack_pc34_compat.c; src/dm1/dm1_v1_creature_ai_behavior_pc34_compat.c; include/dm1_v1_creature_ai_behavior_pc34_compat.h	Models GROUP.C/PROJEXPL.C F0229 G0023 ordered-cell table selection from F0228 direction and source cell ordinal.
ReDMCSB	F0230_GROUP_GetChampionDamage	VERIFIED_SOURCE_MAPPING	DM1	tests/test_dm1_v1_combat_pc34_compat_integration.c; tests/test_dm1_v1_sleep_wake_poison_gate_pc34_compat.c; src/dm1/dm1_v1_combat_pc34_compat.c	Models PROJEXPL.C F0230 creature-to-champion melee over source-shaped combat state: hit/luck/wound/staged attack rolls, F0308 luck mutation, F0321 damage/wound handoff, and poison gate; map-light/invisibility difficulty is caller-owned and not synthesized.
ReDMCSB	F0231_GROUP_GetMeleeActionDamage	VERIFIED_SOURCE_MAPPING	DM1	tests/test_dm1_v1_action_f0407_tail_pc34_compat.c; src/dm1/dm1_v1_melee_action_f0402_pc34_compat.c; include/dm1_v1_melee_action_f0402_pc34_compat.h	Models PROJEXPL.C F0231 damage resolver, runtime side effects, luck writeback, group-damage, and aftermath dispatch over source-shaped combat snapshots.
ReDMCSB	F0232_GROUP_IsDoorDestroyedByAttack	VERIFIED_SOURCE_MAPPING	DM1	tests/test_dm1_v1_action_f0407_tail_pc34_compat.c; tests/test_dm1_v1_ra_door_projectile_reject_pc34_compat.c; src/dm1/dm1_v1_action_xp_graphic560_pc34_compat.c; src/dm1/dm1_v1_ra_door_projectile_reject_pc34_compat.c	Models PROJEXPL.C F0232 closed-door destruction gates for melee and projectile impact paths, including door defense, closed-state, delay, Open Door skip, and RA-door rejection.
ReDMCSB	F0208_GROUP_AddEvent	IMPLEMENTED_NARROW	DM1	tests/test_dm1_v1_creature_ai_behavior_pc34_compat.c; src/dm1/dm1_v1_creature_ai_behavior_pc34_compat.c	Models GROUP.C:1820-1834 event scheduling plan: earlier requested aspect-update time demotes C38-C41 to C33-C36, stores the behavior delay in C.Ticks, updates Map_Time, and leaves F0238 timeline insertion to the caller; broader M10 initial-attack consumption remains open.
ReDMCSB	F0233_TIMELINE_Initialize_CPSE	VERIFIED_SOURCE_MAPPING	DM1	tests/test_dm1_v1_event_timer_pc34_compat.c; src/dm1/dm1_v1_event_timer_pc34_compat.c; include/dm1_v1_event_timer_pc34_compat.h	Models TIMELINE.C F0233 event/timeline owner initialization: C00 event records, zero count, first unused slot, and caller-supplied game tick.
ReDMCSB	F0234_TIMELINE_IsEventABeforeEventB	VERIFIED_SOURCE_MAPPING	DM1	tests/test_dm1_v1_event_timer_pc34_compat.c; src/dm1/dm1_v1_event_timer_pc34_compat.c	Models TIMELINE.C F0234 heap ordering by time ascending, Type descending, Priority descending, then lower EVENT-array index/address; focused coverage includes exact ties.
ReDMCSB	F0235_TIMELINE_GetIndex	VERIFIED_SOURCE_MAPPING	DM1	tests/test_dm1_v1_event_timer_pc34_compat.c; src/dm1/dm1_v1_event_timer_pc34_compat.c	Models TIMELINE.C F0235 live timeline lookup for caller-owned event indices; deleted/extracted entries fail closed in the bounded API.
ReDMCSB	F0236_TIMELINE_FixPlacement	VERIFIED_SOURCE_MAPPING	DM1	tests/test_dm1_v1_event_timer_pc34_compat.c; src/dm1/dm1_v1_event_timer_pc34_compat.c	Models TIMELINE.C F0236 binary-heap sift-up/sift-down repair for insertion, deletion, and caller reschedule over F0234 ordering.
ReDMCSB	F0237_TIMELINE_DeleteEvent	VERIFIED_SOURCE_MAPPING	DM1	tests/test_dm1_v1_event_timer_pc34_compat.c; src/dm1/dm1_v1_event_timer_pc34_compat.c	Models TIMELINE.C F0237 C00 deletion, reusable source slot, heap tail replacement, and repair; consumed by F0239, F0181, and F0238 C02 conflict cleanup.
ReDMCSB	F0238_TIMELINE_AddEvent_GetEventIndex_CPSE	VERIFIED_SOURCE_MAPPING	DM1	tests/test_dm1_v1_event_timer_pc34_compat.c; src/dm1/dm1_v1_event_timer_pc34_compat.c	Models TIMELINE.C F0238/F0652 non-C00 admission, C05-C10 merge, wall-cell distinction, C01/C10 toggle merge, C02 same-map door/animation deletion, and source heap insertion; capacity stop is represented as bounded fail-closed rejection.
ReDMCSB	F0239_TIMELINE_ExtractFirstEvent	VERIFIED_SOURCE_MAPPING	DM1	tests/test_dm1_v1_event_timer_pc34_compat.c; src/dm1/dm1_v1_event_timer_pc34_compat.c	Models TIMELINE.C F0239 copy-first-heap-event plus F0237 deletion/repair; focused coverage proves F0234 extraction order.
ReDMCSB	F0240_TIMELINE_IsFirstEventExpired_CPSE	VERIFIED_SOURCE_MAPPING	DM1/CSB	tests/test_dm1_v1_event_timer_pc34_compat.c; tests/test_csb_v1_boot_runtime_handoff.c; src/dm1/dm1_v1_event_timer_pc34_compat.c; src/csb/csb_v1_runtime_pc34_compat.c; include/csb_v1_runtime_pc34_compat.h	Models TIMELINE.C F0240 first-heap expiry predicate: low-24-bit TIME(Map_Time) <= caller-owned GameTime. CSB consumes the live runtime timeline_queue/game_time through a source-named receipt and rejects malformed heap roots rather than creating substitute events.
ReDMCSB	F0241_TIMELINE_ProcessEvent1_DoorAnimation	VERIFIED_SOURCE_MAPPING	DM1	tests/test_dm1_v1_square_state_dispatch_pc34_compat.c; src/memory/memory_tick_orchestrator_pc34_compat.c; src/memory/memory_door_action_pc34_compat.c	Models TIMELINE.C F0241 door animation as the live M10 C01 door-state step/reschedule owner after F0244 resolves C10 into C01.
ReDMCSB	F0242_TIMELINE_ProcessEvent7_Square_FakeWall	VERIFIED_SOURCE_MAPPING	DM1	tests/test_dm1_v1_square_state_dispatch_pc34_compat.c; tests/test_dm1_v1_f0242_fakewall_material_group_deferral_pc34_compat.c; src/memory/memory_tick_orchestrator_pc34_compat.c	Models TIMELINE.C F0242 over loaded fakewall square state: SET/CLEAR/TOGGLE bit mutation plus party/material-group CLEAR deferral.
ReDMCSB	F0244_TIMELINE_ProcessEvent10_Square_Door	VERIFIED_SOURCE_MAPPING	DM1	tests/test_dm1_v1_square_state_dispatch_pc34_compat.c; tests/test_dm1_v1_original_save_pc34_handoff.c; src/memory/memory_tick_orchestrator_pc34_compat.c; src/memory/memory_door_action_pc34_compat.c	Models TIMELINE.C F0244 door SET/CLEAR/TOGGLE resolution and C01 handoff without directly mutating door state.
ReDMCSB	F0245_TIMELINE_ProcessEvent5_Square_Corridor	VERIFIED_SOURCE_MAPPING	DM1	tests/test_dm1_v1_square_state_dispatch_pc34_compat.c; tests/test_dm1_v1_f0245_corridor_pc34_compat.c; src/memory/memory_tick_orchestrator_pc34_compat.c; src/dm1/dm1_v1_f0245_corridor_pc34_compat.c	Models TIMELINE.C F0245 loaded corridor Thing-chain walk: TextString visibility/message emission and C006 generator triggering through F0185.
ReDMCSB	F0246_TIMELINE_ProcessEvent65_EnableGroupGenerator	VERIFIED_SOURCE_MAPPING	DM1	tests/test_dm1_v1_square_state_dispatch_pc34_compat.c; src/memory/memory_tick_orchestrator_pc34_compat.c	Models TIMELINE.C F0246 C65 re-enable by scanning the source square chain and restoring the first disabled C006 floor group generator.
ReDMCSB	F0247_TIMELINE_TriggerProjectileLauncher	VERIFIED_SOURCE_MAPPING	DM1	tests/test_dm1_v1_sensor_trigger_pc34_compat.c; tests/test_dm1_v1_f0248_explosion_launcher_runtime_pc34_compat.c; tests/test_dm1_v1_f0248_square_object_launcher_runtime_pc34_compat.c; tests/test_dm1_v1_f0248_new_object_launcher_runtime_pc34_compat.c; src/memory/memory_tick_orchestrator_pc34_compat.c; src/dm1/dm1_v1_sensor_trigger_pc34_compat.c	Models TIMELINE.C F0247 launchers selected by F0248 wall events, including source RNG timing, object allocation/unlink, explosion mapping, and first projectile movement scheduling.
ReDMCSB	F0248_TIMELINE_ProcessEvent6_Square_Wall	VERIFIED_SOURCE_MAPPING	DM1	tests/test_dm1_v1_square_state_dispatch_pc34_compat.c; tests/test_dm1_v1_sensor_trigger_pc34_compat.c; src/memory/memory_tick_orchestrator_pc34_compat.c; src/dm1/dm1_v1_sensor_trigger_pc34_compat.c	Models TIMELINE.C F0248 complete loaded wall-chain scan, cell-filtered text/launcher handling, C006 countdown/local rotation, and F0272/F0268 remote effects.
ReDMCSB	F0249_TIMELINE_MoveTeleporterOrPitSquareThings	IMPLEMENTED_NARROW	DM1	tests/test_dm1_v1_square_state_dispatch_pc34_compat.c; tests/test_dm1_v1_f0249_timeline_relocation_pc34_compat.c; src/memory/memory_tick_orchestrator_pc34_compat.c; src/dm1/dm1_v1_f0249_timeline_relocation_pc34_compat.c	Models TIMELINE.C F0249 open-square occupant movement through F0267 for party and ordinary C05..C15 Things plus C14/C15 timeline relocation; C04 group insertion/rotation remains separate F0249/F0252/F0267 work.
ReDMCSB	F0250_TIMELINE_ProcessEvent8_Square_Teleporter	VERIFIED_SOURCE_MAPPING	DM1	tests/test_dm1_v1_square_state_dispatch_pc34_compat.c; src/memory/memory_tick_orchestrator_pc34_compat.c	Models TIMELINE.C F0250 teleporter open-bit SET/CLEAR/TOGGLE and SET-time F0249 party/ordinary occupant movement.
ReDMCSB	F0251_TIMELINE_ProcessEvent9_Square_Pit	VERIFIED_SOURCE_MAPPING	DM1	tests/test_dm1_v1_square_state_dispatch_pc34_compat.c; src/memory/memory_tick_orchestrator_pc34_compat.c	Models TIMELINE.C F0251 pit open-bit SET/CLEAR/TOGGLE and SET-time F0249 party/ordinary occupant movement.
ReDMCSB	F0252_TIMELINE_ProcessEvents60to61_MoveGroup	VERIFIED_SOURCE_MAPPING	DM1	tests/test_dm1_v1_movement_pipeline_pc34_compat.c; src/dm1/dm1_v1_teleporter_pit_pc34_compat.c; src/memory/memory_tick_orchestrator_pc34_compat.c	Models TIMELINE.C F0252 C60/C61 deferred group handling: insertion, Lord Chaos adjacent random attempt, audible buzz, removal for fall/disallowed destinations, and +5 retry scheduling through the existing F0267 group route owner.
ReDMCSB	F0253_TIMELINE_ProcessEvent11Part1_EnableChampionAction	IMPLEMENTED_NARROW	DM1	tests/test_dm1_v1_original_save_c11_m11_runtime.c; tests/test_dm1_v1_square_state_dispatch_pc34_compat.c; src/memory/memory_tick_orchestrator_pc34_compat.c; src/dm1/dm1_v1_f0259_quiver_refill_pc34_compat.c	Models TIMELINE.C F0253 for the bounded C11 action-enable receipt and ordinal-two quiver-refill handoff into F0259; broader action-panel redraw and disable/enable UI behavior remains adjacent CHAMPION/action work.
ReDMCSB	F0254_TIMELINE_ProcessEvent12_HideDamageReceived	VERIFIED_SOURCE_MAPPING	DM1	tests/test_dm1_v1_champion_panel_damage_flash_decay_pc34_compat.c; tests/test_dm1_v1_champion_panel_portrait_box_blit_gate_pc34_compat.c; src/dm1/dm1_v1_champion_panel_damage_flash_decay_pc34_compat.c; src/dm1/dm1_v1_champion_panel_portrait_box_blit_gate_pc34_compat.c	Models TIMELINE.C F0254 dead-champion early return, inventory portrait overdraw, and non-inventory name/title status-box redraw gates without host repaint substitutes.
ReDMCSB	F0255_TIMELINE_ProcessEvent13_ViAltarRebirth	VERIFIED_SOURCE_MAPPING	DM1	tests/test_dm1_v1_resurrection_pc34_compat.c; tests/test_dm1_v1_original_save_pc34_handoff.c; src/dm1/dm1_v1_resurrection_pc34_compat.c; src/dm1/dm1_v1_original_save_pc34_handoff.c; src/memory/memory_tick_orchestrator_pc34_compat.c	Models TIMELINE.C F0255 C13 three-step Vi Altar rebirth transaction, matching-bones lookup/unlink, champion priority, B.Location, and C.A.Cell/Effect native union through runtime and original-save handoff.
ReDMCSB	F0256_TIMELINE_ProcessEvent53_Watchdog_CPSE	IMPLEMENTED_NARROW	DM1	tests/test_dm1_v1_original_save_pc34_handoff.c; src/dm1/dm1_v1_original_save_pc34_handoff.c; src/memory/memory_savegame_pc34_native_export_pc34_compat.c	Models TIMELINE.C F0256 C53 as a typed original-save/runtime receipt retaining Type and Map_Time only; unowned Priority/B/C bytes are canonicalized on export and no copy-protection side effect is implemented.
ReDMCSB	F0257_TIMELINE_ProcessEvent70_Light	VERIFIED_SOURCE_MAPPING	DM1	tests/test_dm1_v1_runtime_light_decay_pc34_compat.c; tests/test_dm1_v1_original_save_pc34_handoff.c; src/memory/memory_runtime_dynamics_pc34_compat.c; src/dm1/dm1_v1_original_save_pc34_handoff.c; src/memory/memory_savegame_pc34_native_export_pc34_compat.c	Models TIMELINE.C F0257 signed B.LightPower decay, weaker-light recurrence, negative darkness values, and C70 original-save admission/export without an M11-only light fallback model.
ReDMCSB	F0258_TIMELINE_HasWeaponMovedToSlot	IMPLEMENTED_NARROW	DM1	tests/test_dm1_v1_square_state_dispatch_pc34_compat.c; src/dm1/dm1_v1_f0259_quiver_refill_pc34_compat.c	Models TIMELINE.C F0258/F0259 weapon-only quiver scan in C12/C07/C08/C09 source priority, with an empty action-hand gate; represented as the F0259 movement planner rather than a standalone UI query.
ReDMCSB	F0259_TIMELINE_ProcessEvent11Part2_MoveWeaponFromQuiverToSlot	VERIFIED_SOURCE_MAPPING	DM1	tests/test_dm1_v1_square_state_dispatch_pc34_compat.c; src/dm1/dm1_v1_f0259_quiver_refill_pc34_compat.c	Models TIMELINE.C F0259 C11 ordinal-two quiver refill after F0253: C12/C07/C08/C09 source slot order, weapon-only transfer, and nonempty action-hand fail-closed behavior.
ReDMCSB	F0260_TIMELINE_RefreshAllChampionStatusBoxes	IMPLEMENTED_NARROW	DM1	tests/test_dm1_v1_champion_panel_hud_pc34_compat.c; src/dm1/dm1_v1_champion_panel_hud_pc34_compat.c; src/dm1v2/dm1_v2_hud_overlay_pc34.c	Models TIMELINE.C F0260 at the HUD receipt boundary for health/stamina/mana/status redraw cadence; full-panel pixel parity and every champion overlay branch remain separate renderer work.
ReDMCSB	F0261_TIMELINE_Process_CPSEF	VERIFIED_SOURCE_MAPPING	DM1/CSB	tests/test_dm1_v1_event_timer_pc34_compat.c; tests/test_csb_v1_boot_runtime_handoff.c; src/dm1/dm1_v1_event_timer_pc34_compat.c; src/csb/csb_v1_runtime_pc34_compat.c; include/csb_v1_runtime_pc34_compat.h	Models TIMELINE.C F0261's expired-event drain over F0239 order and source event-family dispatch publication; DM1 preserves unrecorded expired EVENTs on bounded output, and CSB records a live runtime tick receipt that drains expired heap events while preserving future events without fabricating timers.
ReDMCSB	F0262_MOVE_GetTeleporterRotatedGroupResult	VERIFIED_SOURCE_MAPPING	DM1	tests/test_dm1_v1_movement_pipeline_pc34_compat.c; src/dm1/dm1_v1_teleporter_pit_pc34_compat.c; include/dm1_v1_teleporter_pit_pc34_compat.h	Models MOVESENS.C F0262 packed C04 group direction/cell rotation through F0178 two-bit replacement for absolute/relative teleporters, including single-centered cells and creature-size cell rotation gates.
ReDMCSB	F0263_MOVE_GetTeleporterRotatedProjectileThing	VERIFIED_SOURCE_MAPPING	DM1	tests/test_dm1_v1_movement_pipeline_pc34_compat.c; src/dm1/dm1_v1_teleporter_pit_pc34_compat.c; include/dm1_v1_teleporter_pit_pc34_compat.h; src/memory/memory_tick_orchestrator_pc34_compat.c	Models MOVESENS.C F0263 projectile direction and relative-cell teleporter rotation, including the F0267 associated-object exception.
ReDMCSB	F0264_MOVE_IsLevitating	VERIFIED_SOURCE_MAPPING	DM1	tests/test_dm1_v1_creature_ai_behavior_pc34_compat.c; src/dm1/dm1_v1_creature_ai_behavior_pc34_compat.c; include/dm1_v1_creature_ai_behavior_pc34_compat.h	Models MOVESENS.C F0264: raw C04 creature attributes MASK0x0020 gate, unconditional C14/C15 levitation, and rejection for all other Thing types.
ReDMCSB	F0265_MOVE_CreateEvent60To61_MoveGroup	VERIFIED_SOURCE_MAPPING	DM1	tests/test_dm1_v1_event_timer_pc34_compat.c; src/dm1/dm1_v1_event_timer_pc34_compat.c; include/dm1_v1_event_timer_pc34_compat.h	Models MOVESENS.C F0265 C60/C61 retry EVENT shape: gameTime+5, silent/audible type, zero priority, destination B.Location, and exact C04 Thing word stored in C.Slot; caller-owned movement validation remains outside the receipt.
ReDMCSB	F0266_MOVE_IsKilledByProjectileImpact	IMPLEMENTED_NARROW	DM1	tests/test_dm1_v1_movement_pipeline_pc34_compat.c; src/memory/memory_tick_orchestrator_pc34_compat.c; src/dm1/dm1_v1_teleporter_pit_pc34_compat.c	Models MOVESENS.C F0266 for moving C04 groups through F0217/F0190 projectile aftermath, fixed/slot possession handling, and F0267 removal/retry receipts; non-group projectile-impact breadth remains separate.
ReDMCSB	F0267_MOVE_GetMoveRes	IMPLEMENTED_NARROW	DM1	tests/test_dm1_v1_movement_pipeline_pc34_compat.c; src/dm1/dm1_v1_movement_pipeline_pc34_compat.c; src/dm1/dm1_v1_teleporter_pit_pc34_compat.c; src/memory/memory_tick_orchestrator_pc34_compat.c; src/memory/memory_movement_pc34_compat.c	Models the IIGS F0267 alias through the same DM1 movement result implementation as F0267_MOVE_GetMoveResult_CPSCE: party, C04 group, ordinary Thing, teleporter/pit chaining, sensors, projectile precheck, retry/removal, and coordinate-publication receipts where implemented.
ReDMCSB	F0267_MOVE_GetMoveResult_CPSCE	IMPLEMENTED_NARROW	DM1	tests/test_dm1_v1_movement_pipeline_pc34_compat.c; src/dm1/dm1_v1_movement_pipeline_pc34_compat.c; src/dm1/dm1_v1_teleporter_pit_pc34_compat.c; src/memory/memory_tick_orchestrator_pc34_compat.c; src/memory/memory_movement_pc34_compat.c	Models MOVESENS.C F0267 source/destination sentinel contract, party teleporter/pit consequences, C04 movement routes, ordinary C05..C15 loaded-chain movement, C14/C15 timeline relocation, destination sensor ordering, and map-coordinate publication; wider original-data route breadth remains open.
ReDMCSB	F0278_CHAMPION_ResetDataToStartGame	IMPLEMENTED_NARROW	DM1	tests/test_dm1_v1_resurrection_pc34_compat.c; src/dm1/dm1_v1_resurrection_pc34_compat.c; include/dm1_v1_resurrection_pc34_compat.h	Models CHAMPRST.C F0278 reset-to-start-game side-effect plan: new-game leader-hand clear, resume/restart empty-hand pointer reset, saved leader-hand F0297 restore, champion dirty-attribute clear, F0293 action/status/icon redraw, leader restore, and magic-caster restore. Actual global mutation remains caller-owned.
ReDMCSB	F278_apzz_	IMPLEMENTED_NARROW	DM1	tests/test_dm1_v1_resurrection_pc34_compat.c; src/dm1/dm1_v1_resurrection_pc34_compat.c	Alias disposition follows F0278_CHAMPION_ResetDataToStartGame for the bounded DM1 reset-to-start-game side-effect plan.
ReDMCSB	F0279_CHAMPION_GetDecodedValue	IMPLEMENTED_NARROW	DM1	tests/test_dm1_v1_resurrection_pc34_compat.c; src/dm1/dm1_v1_resurrection_pc34_compat.c; include/dm1_v1_resurrection_pc34_compat.h	Models REVIVE.C F0279 as the source A..P nibble decoder used by F0280 for four-character health/stamina/mana values and two-character statistics; broader F0280 champion text/materialization remains separate.
ReDMCSB	F0280_CHAMPION_AddCandidateChampionToParty	IMPLEMENTED_NARROW	DM1	tests/test_dm1_v1_resurrection_pc34_compat.c; src/dm1/dm1_v1_resurrection_pc34_compat.c; include/dm1_v1_resurrection_pc34_compat.h	Models REVIVE.C F0280 for the bounded C080/C127 Hall portrait candidate append route, including empty-hand/full-party/cell gates, sensorData portrait index, G0299 ordinal, next party count, first-leader publication, and candidate panel ordering; full champion text/stat decode remains open.
ReDMCSB	F280_agzz_	IMPLEMENTED_NARROW	DM1	tests/test_dm1_v1_resurrection_pc34_compat.c; src/dm1/dm1_v1_resurrection_pc34_compat.c	Alias disposition follows F0280_CHAMPION_AddCandidateChampionToParty for the bounded DM1 candidate append route.
ReDMCSB	F0281_CHAMPION_Rename	IMPLEMENTED_NARROW	DM1	tests/test_dm1_v1_resurrection_rename_ui_gate_pc34_compat.c; src/dm1/dm1_v1_resurrection_rename_ui_gate_pc34_compat.c; include/firestaff/dm1/v1/resurrection_rename_ui_gate_pc34_compat.h	Models REVIVE.C F0281 reincarnate-only rename gate, C027 panel geometry, name/title cursor positions, accepted characters, leading-space/full-title/backspace/title/OK behavior, and host-active gate; live blocking UI/pixel capture remains separate.
ReDMCSB	F282_xzzz_	IMPLEMENTED_NARROW	DM1	tests/test_dm1_v1_resurrection_pc34_compat.c; src/dm1/dm1_v1_resurrection_pc34_compat.c; src/engine/m11_game_view.c	Alias disposition follows the existing F0282 bounded candidate-panel and C160/C161 mirror-sensor clear mapping.
ReDMCSB	F0283_CHAMPION_ViAltarRebirth	VERIFIED_SOURCE_MAPPING	DM1	tests/test_dm1_v1_resurrection_pc34_compat.c; src/dm1/dm1_v1_resurrection_pc34_compat.c; include/dm1_v1_resurrection_pc34_compat.h	Models REVIVE.C F0283 through the C13 Vi Altar full cycle: champion-bones event creation, step 2 explosion/delay, step 1 matching-bones unlink, step 0 rebirth, occupied-cell relocation, health penalty, party-direction copy, and action/status/icon dirty attributes.
ReDMCSB	F283_azzz_	VERIFIED_SOURCE_MAPPING	DM1	tests/test_dm1_v1_resurrection_pc34_compat.c; src/dm1/dm1_v1_resurrection_pc34_compat.c	Alias disposition follows F0283_CHAMPION_ViAltarRebirth for the DM1 C13 Vi Altar rebirth route.
ReDMCSB	F0284_CHAMPION_SetPartyDirection	VERIFIED_SOURCE_MAPPING	DM1	tests/test_dm1_v1_mov05_f0284_cell_rotation_pc34_compat.c; tests/test_dm1_v1_movement_command_core_pc34_compat.c; src/memory/memory_mov05_f0284_cell_rotation_pc34_compat.c; include/memory_mov05_f0284_cell_rotation_pc34_compat.h; src/dm1/dm1_v1_movement_command_core_pc34_compat.c	Models CHAMPION.C F0284 party-direction delta rotation of each present champion Cell and Direction while preserving champion array slots and activeChampionIndex.
ReDMCSB	F284_czzz_	VERIFIED_SOURCE_MAPPING	DM1	tests/test_dm1_v1_mov05_f0284_cell_rotation_pc34_compat.c; src/memory/memory_mov05_f0284_cell_rotation_pc34_compat.c	Alias disposition follows F0284_CHAMPION_SetPartyDirection for source-locked DM1 Cell and Direction rotation.
ReDMCSB	F0285_CHAMPION_GetIndexInCell	IMPLEMENTED_NARROW	DM1	tests/test_dm1_v1_mov05_f0284_cell_rotation_pc34_compat.c; src/memory/memory_mov05_f0284_cell_rotation_pc34_compat.c; include/memory_mov05_f0284_cell_rotation_pc34_compat.h	Models F0285 as consumed by F0286: scan original party slots for the first present living champion matching the ordered target Cell; no standalone all-callers helper is claimed.
ReDMCSB	F285_szzz_	IMPLEMENTED_NARROW	DM1	tests/test_dm1_v1_mov05_f0284_cell_rotation_pc34_compat.c; src/memory/memory_mov05_f0284_cell_rotation_pc34_compat.c	Alias disposition follows F0285_CHAMPION_GetIndexInCell for the bounded F0286 cell scan.
ReDMCSB	F0286_CHAMPION_GetTargetChampionIndex	VERIFIED_SOURCE_MAPPING	DM1	tests/test_dm1_v1_mov05_f0284_cell_rotation_pc34_compat.c; src/memory/memory_mov05_f0284_cell_rotation_pc34_compat.c; include/memory_mov05_f0284_cell_rotation_pc34_compat.h	Models CHAMPION.C F0286 adjacent-attacker target selection through the source F0229/G0023 ordered-cell RNG route, F0285 living champion scan, original party slot order, and no RNG consumption outside the range gate.
ReDMCSB	F286_hzzz_	VERIFIED_SOURCE_MAPPING	DM1	tests/test_dm1_v1_mov05_f0284_cell_rotation_pc34_compat.c; src/memory/memory_mov05_f0284_cell_rotation_pc34_compat.c	Alias disposition follows F0286_CHAMPION_GetTargetChampionIndex for the DM1 adjacent-attacker ordered-cell target route.
ReDMCSB	F0287_CHAMPION_DrawBarGraphs	VERIFIED_SOURCE_MAPPING	DM1	tests/test_dm1_v1_champion_panel_bar_pixels_pc34_compat.c; tests/test_dm1_v1_champion_panel_hud_pc34_compat.c; src/dm1/dm1_v1_champion_panel_hud_pc34_compat.c	Models CHAMDRAW.C F0287 PC34 bar graph zone selection, 4x25 geometry, top C12 blank band, bottom champion-colour fill band, and invalid-input rejection.
ReDMCSB	F0288_CHAMPION_GetStringFromInteger	IMPLEMENTED_NARROW	DM1	tests/test_dm1_v1_champion_panel_hud_pc34_compat.c; tests/test_dm1_v1_champion_panel_damage_indicator_pc34_compat.c; src/dm1/dm1_v1_champion_panel_hud_pc34_compat.c; src/dm1/dm1_v1_champion_panel_damage_indicator_pc34_compat.c	Models CHAMDRAW.C F0288 padded and unpadded integer strings for champion HUD/status/load and damage text routes; live centered drawing remains caller-owned.
ReDMCSB	F0289_CHAMPION_DrawHealthOrStaminaOrManaValue	VERIFIED_SOURCE_MAPPING	DM1	tests/test_dm1_v1_champion_panel_hud_pc34_compat.c; src/dm1/dm1_v1_champion_panel_hud_pc34_compat.c	Models CHAMDRAW.C F0289 value text through shared F0288 formatting and C550/C551/C552 zone selection.
ReDMCSB	F0290_CHAMPION_DrawHealthStaminaManaValues	VERIFIED_SOURCE_MAPPING	DM1	tests/test_dm1_v1_champion_panel_hud_pc34_compat.c; src/dm1/dm1_v1_champion_panel_hud_pc34_compat.c	Models CHAMDRAW.C F0290 dispatch order, stamina /10 conversion, and PC34 zone routing for health/stamina/mana.
ReDMCSB	F292_arzz_	IMPLEMENTED_NARROW	DM1	src/engine/m11_game_view.c; tests/test_m11_dm1_status_aux_source_gate.c; tests/test_m11_dm1_champion_panel_asset_fail_closed.c	Alias disposition follows F0292_CHAMPION_DrawState for the existing live normal-V1 source-material status composition gate; original capture parity remains open.
ReDMCSB	F0293_CHAMPION_DrawAllChampionStates	IMPLEMENTED_NARROW	DM1	src/dm1/dm1_v1_champion_panel_all_states_pc34_compat.c; include/dm1_v1_champion_panel_all_states_pc34_compat.h; tests/test_dm1_v1_champion_panel_all_states_pc34_compat.c	Models F0293 as a contract-only active-party loop: OR dirty mask into each active champion, call F0292 in champion-index order, and clear G2149; F0292 bitmap internals and original pixel parity remain separate.
ReDMCSB	F293_ahzz_	IMPLEMENTED_NARROW	DM1	src/dm1/dm1_v1_champion_panel_all_states_pc34_compat.c; tests/test_dm1_v1_champion_panel_all_states_pc34_compat.c	Alias disposition follows F0293_CHAMPION_DrawAllChampionStates for the bounded active-party redraw loop.
ReDMCSB	F0295_CHAMPION_HasObjectIconInSlotBoxChanged	IMPLEMENTED_NARROW	DM1	src/dm1/dm1_v1_champion_panel_hand_slot_refresh_pc34_compat.c; include/firestaff/dm1/v1/champion_panel/hand_slot_refresh_pc34_compat.h; tests/test_dm1_v1_champion_panel_hand_slot_refresh_pc34_compat.c	Models the F0295 mutable-icon test for C000..C031, C148..C163, and C195 slot-box icons: compare current box icon to object icon, repaint through F0038 only when changed, and return false for immutable/no-change cases; real icon bitmap sampling remains separate.
ReDMCSB	F0296_CHAMPION_DrawChangedObjectIcons	IMPLEMENTED_NARROW	DM1	src/dm1/dm1_v1_champion_panel_hand_slot_refresh_pc34_compat.c; tests/test_dm1_v1_champion_panel_hand_slot_refresh_pc34_compat.c; tests/test_dm1_v1_champion_panel_portrait_box_redraw_states_pc34_compat.c	Models F0296 candidate early return, leader-hand icon/name refresh precedence, party action-hand slot walk, inventory-owner skip, inventory/chest secondary walks, viewport dirty plus F0292 dispatch, and F0078 tail; renderer pixel parity remains open.
ReDMCSB	F296_aizz_	IMPLEMENTED_NARROW	DM1	src/dm1/dm1_v1_champion_panel_hand_slot_refresh_pc34_compat.c; tests/test_dm1_v1_champion_panel_hand_slot_refresh_pc34_compat.c	Alias disposition follows F0296_CHAMPION_DrawChangedObjectIcons for the bounded changed-object icon refresh contract.
ReDMCSB	F0297_CHAMPION_PutObjectInLeaderHand	IMPLEMENTED_NARROW	DM1	src/dm1/dm1_v1_champion_panel_action_hand_slot_priority_pc34_compat.c; src/dm1/dm1_v1_champion_panel_hand_slot_priority_pc34_compat.c; tests/test_dm1_v1_champion_panel_action_hand_slot_priority_pc34_compat.c	Models the leader-hand put helper as consumed by F0302 slot-box routes, including slot priority and helper ordering around F0298/F0300/F0301/F0292; standalone all-callers behavior remains open.
ReDMCSB	F297_atzz_	IMPLEMENTED_NARROW	DM1	src/dm1/dm1_v1_champion_panel_action_hand_slot_priority_pc34_compat.c; tests/test_dm1_v1_champion_panel_action_hand_slot_priority_pc34_compat.c	Alias disposition follows F0297_CHAMPION_PutObjectInLeaderHand for the bounded F0302 action-hand route.
ReDMCSB	F0298_CHAMPION_GetObjectRemovedFromLeaderHand	IMPLEMENTED_NARROW	DM1	src/dm1/dm1_v1_champion_panel_action_hand_slot_priority_pc34_compat.c; src/dm1/dm1_v1_champion_panel_hand_slot_priority_pc34_compat.c; tests/test_dm1_v1_champion_panel_action_hand_slot_priority_pc34_compat.c	Models leader-hand removal as consumed by F0302 slot-box swaps, preserving source helper order and load/state refresh effects in the bounded route; standalone all-callers behavior remains open.
ReDMCSB	F298_aqzz_	IMPLEMENTED_NARROW	DM1	src/dm1/dm1_v1_champion_panel_action_hand_slot_priority_pc34_compat.c; tests/test_dm1_v1_champion_panel_action_hand_slot_priority_pc34_compat.c	Alias disposition follows F0298_CHAMPION_GetObjectRemovedFromLeaderHand for the bounded F0302 action-hand route.
ReDMCSB	F0299_CHAMPION_ApplyObjectModifiersToStatistics	IMPLEMENTED_NARROW	DM1	src/dm1/dm1_v1_inventory_pc34_compat.c; tests/test_dm1_v1_inventory_backpack_chest_pc34_compat.c; src/dm1/dm1_v1_chest_action_hand_owner_change_pc34_compat.c; tests/test_dm1_v1_chest_action_hand_owner_change_pc34_compat.c	Models the source-backed Rabbit's Foot luck modifier exclusion for open-chest slots C30..C37 and the F0300/F0301 modifier-apply cadence in the action-hand owner-change route; the full all-item modifier matrix remains open.
ReDMCSB	F0300_CHAMPION_GetObjectRemovedFromSlot	IMPLEMENTED_NARROW	DM1	src/dm1/dm1_v1_champion_panel_action_hand_slot_priority_pc34_compat.c; src/dm1/dm1_v1_champion_panel_hand_slot_priority_pc34_compat.c; src/dm1/dm1_v1_chest_action_hand_owner_change_pc34_compat.c; tests/test_dm1_v1_champion_panel_action_hand_slot_priority_pc34_compat.c	Models slot removal as consumed by F0302, including status-hand/action-hand/backpack/belt priority and C30+ chest/action-hand scratch clearing where represented; full all-callers forced-drop behavior remains separate.
ReDMCSB	F300_aozz_	IMPLEMENTED_NARROW	DM1	src/dm1/dm1_v1_champion_panel_action_hand_slot_priority_pc34_compat.c; tests/test_dm1_v1_champion_panel_action_hand_slot_priority_pc34_compat.c	Alias disposition follows F0300_CHAMPION_GetObjectRemovedFromSlot for the bounded F0302 slot-box route.
ReDMCSB	F0301_CHAMPION_AddObjectInSlot	IMPLEMENTED_NARROW	DM1	src/dm1/dm1_v1_champion_panel_action_hand_slot_priority_pc34_compat.c; src/dm1/dm1_v1_champion_panel_hand_slot_priority_pc34_compat.c; src/dm1/dm1_v1_chest_action_hand_owner_change_pc34_compat.c; tests/test_dm1_v1_champion_panel_action_hand_slot_priority_pc34_compat.c	Models slot insertion as consumed by F0302, including status-hand/action-hand/backpack/belt priority and C30+ chest/action-hand scratch writes where represented; full all-callers inventory mutation remains separate.
ReDMCSB	F301_apzz_	IMPLEMENTED_NARROW	DM1	src/dm1/dm1_v1_champion_panel_action_hand_slot_priority_pc34_compat.c; tests/test_dm1_v1_champion_panel_action_hand_slot_priority_pc34_compat.c	Alias disposition follows F0301_CHAMPION_AddObjectInSlot for the bounded F0302 slot-box route.
ReDMCSB	F0302_CHAMPION_ProcessCommands28To65_ClickOnSlotBox	IMPLEMENTED_NARROW	DM1	src/dm1/dm1_v1_champion_panel_action_hand_slot_priority_pc34_compat.c; src/dm1/dm1_v1_champion_panel_second_leader_hand_slot_priority_pc34_compat.c; src/dm1/dm1_v1_chest_action_hand_owner_change_pc34_compat.c; tests/test_dm1_v1_champion_panel_action_hand_slot_priority_pc34_compat.c; tests/test_dm1_v1_champion_panel_second_leader_hand_slot_priority_pc34_compat.c	Models the F0302 C020..C065 slot-box dispatcher for candidate/party/inventory guards, status vs inventory/chest slot resolution, allowed-slot rejection, F0298/F0300/F0297/F0301/F0292 helper order, F0077/F0078 bracketing, and BUG0_39 ordering; live renderer/original-pixel parity remains open.
ReDMCSB	F302_mzzz_	IMPLEMENTED_NARROW	DM1	src/dm1/dm1_v1_champion_panel_action_hand_slot_priority_pc34_compat.c; tests/test_dm1_v1_champion_panel_action_hand_slot_priority_pc34_compat.c	Alias disposition follows F0302_CHAMPION_ProcessCommands28To65_ClickOnSlotBox for the bounded slot-box dispatcher.
ReDMCSB	F0303_CHAMPION_GetSkillLevel	IMPLEMENTED_NARROW	DM1	src/dm1/dm1_v1_skill_experience_pc34_compat.c; include/dm1_v1_skill_experience_pc34_compat.h; tests/test_dm1_v1_skill_experience_pc34_compat.c; tests/test_m11_dm1_skill_query_runtime_pc34_compat.c	Models F0303 XP-to-level query for base/sub skills, temporary XP flags, resting gate, action-hand/neck object modifiers, and inventory-built query inputs; live all-callers are covered only where routed through the tested DM1 skill/M11 paths.
ReDMCSB	F303_AA09_	IMPLEMENTED_NARROW	DM1	src/dm1/dm1_v1_skill_experience_pc34_compat.c; tests/test_dm1_v1_skill_experience_pc34_compat.c	Alias disposition follows F0303_CHAMPION_GetSkillLevel for the bounded DM1 skill-level query.
ReDMCSB	F0304_CHAMPION_AddSkillExperience	IMPLEMENTED_NARROW	DM1	src/dm1/dm1_v1_skill_experience_pc34_compat.c; include/dm1_v1_skill_experience_pc34_compat.h; tests/test_dm1_v1_skill_experience_pc34_compat.c; tests/test_dm1_v1_skill_levelup_formula_gate_pc34_compat.c	Models F0304 skill XP gain with map difficulty, combat proximity halving/doubling, temporary XP cap, sub-skill-to-base propagation, pre/post level query, and source-shaped level-up bonus deltas; broader runtime award sites remain caller-owned.
ReDMCSB	F304_apzz_	IMPLEMENTED_NARROW	DM1	src/dm1/dm1_v1_skill_experience_pc34_compat.c; tests/test_dm1_v1_skill_experience_pc34_compat.c	Alias disposition follows F0304_CHAMPION_AddSkillExperience for the bounded DM1 skill-XP mutation route.
ReDMCSB	F0305_CHAMPION_GetThrowingStaminaCost	VERIFIED_SOURCE_MAPPING	DM1	src/dm1/dm1_v1_throw_shoot_pc34_compat.c; include/dm1_v1_throw_shoot_pc34_compat.h; tests/test_dm1_v1_throw_shoot_pc34_compat.c	Maps F0305 object-weight throwing stamina cost through the throw/shoot source helper and F0328 projectile plan; object weight ownership stays with F0140/object data callers.
ReDMCSB	F0306_CHAMPION_GetStaminaAdjustedValue	VERIFIED_SOURCE_MAPPING	DM1	src/dm1/dm1_v1_champion_stats_pc34_compat.c; include/dm1_v1_champion_stats_pc34_compat.h; tests/test_dm1_v1_champion_stats_pc34_compat.c; tests/test_dm1_v1_f0306_stamina_pc34_compat.c	Maps F0306 stamina-adjusted value, preserving the PC34 halved-value compiler-order behavior for low stamina and no-op behavior at/above half stamina; also consumed by F0309 maximum-load tests.
ReDMCSB	F0307_CHAMPION_GetStatisticAdjustedAttack	IMPLEMENTED_NARROW	DM1	src/dm1/dm1_v1_combat_pc34_compat.c; include/dm1_v1_combat_pc34_compat.h; tests/test_dm1_v1_combat_pc34_compat_integration.c	Models F0307 statistic-adjusted attack scaling via factor 170-current statistic, the factor<16 attack>>3 branch, and scaled-product fallback; all live callers remain bounded to tested combat routes.
ReDMCSB	F307_fzzz_	IMPLEMENTED_NARROW	DM1	src/dm1/dm1_v1_combat_pc34_compat.c; tests/test_dm1_v1_combat_pc34_compat_integration.c	Alias disposition follows F0307_CHAMPION_GetStatisticAdjustedAttack for the bounded DM1 combat scaling helper.
ReDMCSB	F0308_CHAMPION_IsLucky	IMPLEMENTED_NARROW	DM1	src/dm1/dm1_v1_combat_pc34_compat.c; include/dm1_v1_combat_pc34_compat.h; tests/test_dm1_v1_combat_pc34_compat_integration.c	Models F0308 luck gate and bounded luck-stat writeback for tested melee/creature-damage routes, including lucky/unlucky mutation and zero-luck fail-closed behavior; broader all-callers RNG replay remains separate.
ReDMCSB	F308_vzzz_	IMPLEMENTED_NARROW	DM1	src/dm1/dm1_v1_combat_pc34_compat.c; tests/test_dm1_v1_combat_pc34_compat_integration.c	Alias disposition follows F0308_CHAMPION_IsLucky for the bounded DM1 luck gate/writeback route.
ReDMCSB	F0309_CHAMPION_GetMaximumLoad	VERIFIED_SOURCE_MAPPING	DM1	src/dm1/dm1_v1_champion_stats_pc34_compat.c; include/dm1_v1_champion_stats_pc34_compat.h; tests/test_dm1_v1_champion_stats_pc34_compat.c	Maps F0309 maximum-load formula over strength, F0306 stamina adjustment, wound penalty, Elven Boots bonus, and source tenths rounding; live load mutation remains caller-owned.
ReDMCSB	F309_awzz_	VERIFIED_SOURCE_MAPPING	DM1	src/dm1/dm1_v1_champion_stats_pc34_compat.c; tests/test_dm1_v1_champion_stats_pc34_compat.c	Alias disposition follows F0309_CHAMPION_GetMaximumLoad for the DM1 maximum-load formula.
ReDMCSB	F0310_CHAMPION_GetMovementTicks	VERIFIED_SOURCE_MAPPING	DM1	src/dm1/dm1_v1_champion_stats_pc34_compat.c; include/dm1_v1_champion_stats_pc34_compat.h; tests/test_dm1_v1_champion_stats_pc34_compat.c; src/dm1/dm1_v1_movement_pipeline_pc34_compat.c; tests/test_dm1_v1_movement_pipeline_pc34_compat.c	Maps F0310 movement ticks from current load versus F0309 maximum load, including BUG0_72 load==maximum overloaded branch, feet wound tick penalty, Boots of Speed reduction, and minimum-one clamp; command pipeline consumption is tested separately.
ReDMCSB	F310_AA08_	VERIFIED_SOURCE_MAPPING	DM1	src/dm1/dm1_v1_champion_stats_pc34_compat.c; tests/test_dm1_v1_champion_stats_pc34_compat.c	Alias disposition follows F0310_CHAMPION_GetMovementTicks for the DM1 movement-tick formula.
ReDMCSB	F0311_CHAMPION_GetDexterity	IMPLEMENTED_NARROW	DM1	src/dm1/dm1_v1_combat_pc34_compat.c; include/dm1_v1_combat_pc34_compat.h; tests/test_dm1_v1_combat_pc34_compat_integration.c	Models F0311 dexterity over base dexterity, three PC34 combat RNG draws, F0309 maximum-load penalty, and bounded result; live all-callers remain limited to the tested combat path.
ReDMCSB	F311_wzzz_	IMPLEMENTED_NARROW	DM1	src/dm1/dm1_v1_combat_pc34_compat.c; tests/test_dm1_v1_combat_pc34_compat_integration.c	Alias disposition follows F0311_CHAMPION_GetDexterity for the bounded DM1 combat dexterity helper.
ReDMCSB	F0312_CHAMPION_GetStrength	IMPLEMENTED_NARROW	DM1	src/dm1/dm1_v1_combat_pc34_compat.c; src/dm1/dm1_v1_melee_action_f0402_pc34_compat.c; src/dm1/dm1_v1_throw_shoot_pc34_compat.c; src/dm1/dm1_v1_door_bash_feedback_pc34_compat.c; tests/test_dm1_v1_combat_pc34_compat_integration.c; tests/test_m11_f0407_f0231_stamina_order_pc34_compat.c	Models F0312 strength for tested combat/melee/throw and door-bash routes: object-weight tiers, weapon strength/class skill bonus via F0303, F0306 stamina adjustment, hand-wound penalty, and [0,100] clamp; broader all-callers remain route-owned.
ReDMCSB	F312_xzzz_	IMPLEMENTED_NARROW	DM1	src/dm1/dm1_v1_combat_pc34_compat.c; tests/test_dm1_v1_combat_pc34_compat_integration.c	Alias disposition follows F0312_CHAMPION_GetStrength for the bounded DM1 combat strength helper.
ReDMCSB	F0313_CHAMPION_GetWoundDefense	IMPLEMENTED_NARROW	DM1	src/dm1/dm1_v1_combat_pc34_compat.c; include/dm1_v1_combat_pc34_compat.h; src/dm1/dm1_v1_wound_defense_factor_pc34_compat.c; tests/test_dm1_v1_combat_pc34_compat_integration.c	Models F0313 wound defense for tested combat damage routes, including hand-shield weighted defense, F0312 hand strength contribution, vitality RNG, sharp-defense halving, action/shield/party defense, armor defense, existing-wound penalty, and clamp.
ReDMCSB	F0314_CHAMPION_WakeUp	IMPLEMENTED_NARROW	DM1	src/dm1/dm1_v1_mirror_candidate_c146_sleep_wakeup_repaint_gate_pc34_compat.c; include/dm1_v1_mirror_candidate_c146_sleep_wakeup_repaint_gate_pc34_compat.h; tests/test_dm1_v1_mirror_candidate_c146_sleep_wakeup_repaint_gate_pc34_compat.c	Models the F0314 wake-up side-effect order for the C146 command route: clear resting, set wait-for-input vertical blanks, draw floor/ceiling, restore input handlers, discard input, redraw enabled menus, and preserve the C040 mirror-candidate panel boundary.
ReDMCSB	F314_gzzz_	IMPLEMENTED_NARROW	DM1	src/dm1/dm1_v1_mirror_candidate_c146_sleep_wakeup_repaint_gate_pc34_compat.c; tests/test_dm1_v1_mirror_candidate_c146_sleep_wakeup_repaint_gate_pc34_compat.c	Alias disposition follows F0314_CHAMPION_WakeUp for the bounded DM1 C146 wake-up route.
ReDMCSB	F0315_CHAMPION_GetScentOrdinal	IMPLEMENTED_NARROW	DM1	src/dm1/dm1_v1_champion_needs_pc34_compat.c; include/dm1_v1_champion_needs_pc34_compat.h; tests/test_dm1_v1_champion_needs_pc34_compat_integration.c	Models F0315 over the champion-needs scent list: packed mapX/mapY/current-map match, newest-to-oldest scan, 1-based ordinal return, and zero when absent; live consumers remain route-owned by Footprints/Thieves Eye/group smell paths.
ReDMCSB	F315_arzz_	IMPLEMENTED_NARROW	DM1	src/dm1/dm1_v1_champion_needs_pc34_compat.c; tests/test_dm1_v1_champion_needs_pc34_compat_integration.c	Alias disposition follows F0315_CHAMPION_GetScentOrdinal for the bounded DM1 scent lookup helper.
ReDMCSB	F0316_CHAMPION_DeleteScent	IMPLEMENTED_NARROW	DM1	src/dm1/dm1_v1_champion_needs_pc34_compat.c; include/dm1_v1_champion_needs_pc34_compat.h; tests/test_dm1_v1_champion_needs_pc34_compat_integration.c	Models F0316 zero-based scent deletion for the champion-needs scent list, shifting scent records and strengths together, decrementing count, clearing the unused tail slot, and adjusting FirstScentIndex/LastScentIndex when the deleted index precedes them; invalid indices fail closed.
ReDMCSB	F316_aizz_	IMPLEMENTED_NARROW	DM1	src/dm1/dm1_v1_champion_needs_pc34_compat.c; tests/test_dm1_v1_champion_needs_pc34_compat_integration.c	Alias disposition follows F0316_CHAMPION_DeleteScent for the bounded DM1 scent delete helper.
ReDMCSB	F0317_CHAMPION_AddScentStrength	IMPLEMENTED_NARROW	DM1	src/dm1/dm1_v1_champion_needs_pc34_compat.c; include/dm1_v1_champion_needs_pc34_compat.h; tests/test_dm1_v1_champion_needs_pc34_compat_integration.c	Models F0317 for existing scent records only: packed mapX/mapY/current-map match, normal cycle addition capped at 80, MASK0x8000_MERGE_CYCLES max merge after clearing the flag, and source-shaped reuse of the first matched cycle result for duplicate scent records; appending new movement scents remains caller-owned.
ReDMCSB	F317_adzz_	IMPLEMENTED_NARROW	DM1	src/dm1/dm1_v1_champion_needs_pc34_compat.c; tests/test_dm1_v1_champion_needs_pc34_compat_integration.c	Alias disposition follows F0317_CHAMPION_AddScentStrength for the bounded DM1 scent strength helper.
ReDMCSB	F0318_CHAMPION_DropAllObjects	IMPLEMENTED_NARROW	DM1	src/dm1/dm1_v1_chest_auto_close_on_leader_death_pc34_compat.c; include/firestaff/dm1/v1/chest/auto_close_on_leader_death_pc34_compat.h; tests/test_dm1_v1_chest_auto_close_on_leader_death_pc34_compat.c	Models F0318 as the bounded death-route drop-all contract for C00..C29 slot objects after F0319/F0334 chest close, preserving leader-hand byte stability until the drop step; full item placement/all-callers mutation remains route-owned.
ReDMCSB	F0319_CHAMPION_Kill	IMPLEMENTED_NARROW	DM1	src/dm1/dm1_v1_chest_auto_close_on_leader_death_pc34_compat.c; src/dm1/dm1_v1_champion_panel_pending_damage_apply_pc34_compat.c; src/dm1/dm1_v1_resurrection_pc34_compat.c; tests/test_dm1_v1_chest_auto_close_on_leader_death_pc34_compat.c; tests/test_dm1_v1_champion_panel_pending_damage_apply_pc34_compat.c; tests/test_dm1_v1_resurrection_pc34_compat.c	Models F0319 kill effects across tested death routes: health zeroing, status-box redraw flag, inventory close before F0318, pressing eye/mouth clear, bones creation with champion charge, and pending-damage kill dispatch; full party-dead/original runtime breadth remains separate.
ReDMCSB	F0320_CHAMPION_ApplyAndDrawPendingDamageAndWounds	IMPLEMENTED_NARROW	DM1	src/dm1/dm1_v1_combat_pc34_compat.c; src/dm1/dm1_v1_champion_panel_pending_damage_apply_pc34_compat.c; tests/test_dm1_v1_combat_pc34_compat_integration.c; tests/test_dm1_v1_champion_panel_pending_damage_apply_pc34_compat.c	Models F0320 pending wounds/damage mutation path: party loop, wounds mounted and cleared before pending-damage branches, pending damage cleared before dead skip, lethal health zeroing through the kill boundary, and nonlethal health subtraction; damage-number bitmap/C12 hide event rendering remains panel/timeline route-owned.
ReDMCSB	F320_akzz_	IMPLEMENTED_NARROW	DM1	src/dm1/dm1_v1_combat_pc34_compat.c; tests/test_dm1_v1_combat_pc34_compat_integration.c	Alias disposition follows F0320_CHAMPION_ApplyAndDrawPendingDamageAndWounds for the bounded DM1 pending-damage helper.
ReDMCSB	F0321_CHAMPION_AddPendingDamageAndWounds_GetDamage	IMPLEMENTED_NARROW	DM1	src/dm1/dm1_v1_combat_pc34_compat.c; include/dm1_v1_combat_pc34_compat.h; tests/test_dm1_v1_combat_pc34_compat_integration.c	Models the tested F0321 champion damage pipeline: dead/zero attack rejection, normal damage staging, wound-defense averaging, attack-type defense adjustments, vitality wound gate, pending wound OR staging, and pending damage accumulation; candidate/game-won edge cases and every live projectile/caller variant remain route-owned.
ReDMCSB	F321_AA29_	IMPLEMENTED_NARROW	DM1	src/dm1/dm1_v1_combat_pc34_compat.c; tests/test_dm1_v1_combat_pc34_compat_integration.c	Alias disposition follows F0321_CHAMPION_AddPendingDamageAndWounds_GetDamage for the bounded DM1 combat damage helper.
ReDMCSB	F0322_CHAMPION_Poison	IMPLEMENTED_NARROW	DM1	src/dm1/dm1_v1_combat_pc34_compat.c; include/dm1_v1_combat_pc34_compat.h; tests/test_dm1_v1_combat_pc34_compat_integration.c	Models F0322 poison at the combat-state boundary: immediate max(1, attack >> 6) normal pending damage through F0321, decrementing attack before follow-up scheduling, 36-tick poison continuation, event-count tracking, and no follow-up for attack one; panel redraw/food-water-poisoned UI attributes remain route-owned.
ReDMCSB	F322_lzzz_	IMPLEMENTED_NARROW	DM1	src/dm1/dm1_v1_combat_pc34_compat.c; tests/test_dm1_v1_combat_pc34_compat_integration.c	Alias disposition follows F0322_CHAMPION_Poison for the bounded DM1 poison combat helper.
ReDMCSB	F0324_CHAMPION_DamageAll_GetDamagedChampionCount	IMPLEMENTED_NARROW	DM1	src/dm1/dm1_v1_combat_pc34_compat.c; include/dm1_v1_combat_pc34_compat.h; tests/test_dm1_v1_combat_pc34_compat_integration.c	Models F0324 all-party damage fanout over the combat state: zero attack returns zero without side effects, attack variance uses attack/8 source bounds, each living champion routes through F0321 with caller-supplied wounds/type, and the return value counts champions with nonzero staged damage.
ReDMCSB	F324_aezz_	IMPLEMENTED_NARROW	DM1	src/dm1/dm1_v1_combat_pc34_compat.c; tests/test_dm1_v1_combat_pc34_compat_integration.c	Alias disposition follows F0324_CHAMPION_DamageAll_GetDamagedChampionCount for the bounded DM1 all-champion damage helper.
ReDMCSB	F0325_CHAMPION_DecrementStamina	IMPLEMENTED_NARROW	DM1	src/dm1/dm1_v1_action_xp_graphic560_pc34_compat.c; include/dm1_v1_action_xp_graphic560_pc34_compat.h; src/dm1/dm1_v1_movement_command_core_pc34_compat.c; tests/test_dm1_v1_action_f0407_tail_pc34_compat.c; tests/test_dm1_v1_movement_command_core_pc34_compat.c	Models F0325 stamina mutation for action and movement callers: positive decrement, clamp to zero/max, underflow conversion to pending normal HP damage magnitude (-stamina)>>1, and LOAD|STATISTICS dirty mask; the actual F0321 enqueue and caller-specific redraw/timeline side effects remain route-owned.
ReDMCSB	F325_bzzz_	IMPLEMENTED_NARROW	DM1	src/dm1/dm1_v1_action_xp_graphic560_pc34_compat.c; tests/test_dm1_v1_action_f0407_tail_pc34_compat.c	Alias disposition follows F0325_CHAMPION_DecrementStamina for the bounded DM1 stamina-decrement planner.
ReDMCSB	F0326_CHAMPION_ShootProjectile	IMPLEMENTED_NARROW	DM1	src/dm1/dm1_v1_combat_pc34_compat.c; src/dm1/dm1_v1_throw_shoot_pc34_compat.c; include/dm1_v1_throw_shoot_pc34_compat.h; tests/test_dm1_v1_combat_pc34_compat_integration.c; tests/test_dm1_v1_throw_shoot_pc34_compat.c	Models the bounded F0326 launch contract for shoot/throw helpers: source launch-cell normalization, facing direction handoff, kinetic/attack/step-energy create-input fields, and four-tick projectile movement-disable state where covered; live projectile queue/render ownership remains with projectile runtime routes.
ReDMCSB	F326_ozzz_	IMPLEMENTED_NARROW	DM1	src/dm1/dm1_v1_combat_pc34_compat.c; src/dm1/dm1_v1_throw_shoot_pc34_compat.c; tests/test_dm1_v1_combat_pc34_compat_integration.c; tests/test_dm1_v1_throw_shoot_pc34_compat.c	Alias disposition follows F0326_CHAMPION_ShootProjectile for the bounded DM1 projectile launch contract.
ReDMCSB	F0327_CHAMPION_IsProjectileSpellCast	IMPLEMENTED_NARROW	DM1	src/dm1/dm1_v1_action_xp_graphic560_pc34_compat.c; src/dm1/dm1_v1_throw_shoot_pc34_compat.c; include/dm1_v1_throw_shoot_pc34_compat.h; tests/test_dm1_v1_action_f0407_tail_pc34_compat.c; tests/test_dm1_v1_throw_shoot_pc34_compat.c	Models the F0327 projectile-spell handoff through F0412/F0407 receipts: mana gate/cost, required-mana receipt validation, kinetic and step-energy adjustment, fixed attack 90, source projectile family mapping, and rejected tampered receipts; live projectile insertion/render remains route-owned.
ReDMCSB	F327_kzzz_	IMPLEMENTED_NARROW	DM1	src/dm1/dm1_v1_action_xp_graphic560_pc34_compat.c; src/dm1/dm1_v1_throw_shoot_pc34_compat.c; tests/test_dm1_v1_action_f0407_tail_pc34_compat.c; tests/test_dm1_v1_throw_shoot_pc34_compat.c	Alias disposition follows F0327_CHAMPION_IsProjectileSpellCast for the bounded DM1 projectile-spell launch helper.
ReDMCSB	F0328_CHAMPION_IsObjectThrown	IMPLEMENTED_NARROW	DM1	src/dm1/dm1_v1_throw_shoot_pc34_compat.c; include/dm1_v1_throw_shoot_pc34_compat.h; src/dm1/dm1_v1_action_xp_graphic560_pc34_compat.c; tests/test_dm1_v1_throw_shoot_pc34_compat.c; tests/test_dm1_v1_action_f0407_tail_pc34_compat.c	Models the bounded F0328 thrown-object plan: action-hand object gate, F0312 strength input, F0305 stamina cost, F0330 four-tick action disable, Throw XP, sound request, potion subtype/power, launch cell/direction, kinetic/attack/step math, and projectile movement-disable state; live slot mutation and deeper impact/render behavior remain caller/runtime-owned.
ReDMCSB	F328_nzzz_	IMPLEMENTED_NARROW	DM1	src/dm1/dm1_v1_throw_shoot_pc34_compat.c; src/dm1/dm1_v1_action_xp_graphic560_pc34_compat.c; tests/test_dm1_v1_throw_shoot_pc34_compat.c; tests/test_dm1_v1_action_f0407_tail_pc34_compat.c	Alias disposition follows F0328_CHAMPION_IsObjectThrown for the bounded DM1 thrown-object projectile plan.
ReDMCSB	F0330_CHAMPION_DisableAction	IMPLEMENTED_NARROW	DM1	src/memory/memory_tick_orchestrator_pc34_compat.c; include/memory_tick_orchestrator_pc34_compat.h; src/dm1/dm1_v1_champion_panel_disabled_icon_state_pc34_compat.c; include/dm1_v1_champion_panel_disabled_icon_state_pc34_compat.h; tests/test_dm1_v1_f0330_c11_production_pc34_compat.c; tests/test_dm1_v1_champion_panel_disabled_icon_state_pc34_compat.c; tests/test_dm1_v1_action_f0407_tail_pc34_compat.c	Models F0330 action-disable production: per-champion action-hand disable bit, disabled-icon/panel predicate, source C11 enable-action event shape, and existing-event time blending/deletion for the bounded scheduler path; broader live UI redraw consumption remains timeline/panel route-owned.
ReDMCSB	F330_szzz_	IMPLEMENTED_NARROW	DM1	src/memory/memory_tick_orchestrator_pc34_compat.c; tests/test_dm1_v1_f0330_c11_production_pc34_compat.c; tests/test_dm1_v1_champion_panel_disabled_icon_state_pc34_compat.c	Alias disposition follows F0330_CHAMPION_DisableAction for the bounded DM1 C11 action-enable scheduler.
ReDMCSB	F0331_CHAMPION_ApplyTimeEffects_CPSF	IMPLEMENTED_NARROW	DM1	src/dm1/dm1_v1_champion_needs_pc34_compat.c; include/dm1_v1_champion_needs_pc34_compat.h; src/dm1/dm1_v1_champion_panel_clock_tick_stat_repaint_pc34_compat.c; include/firestaff/dm1/v1/champion_panel/clock_tick_stat_repaint_pc34_compat.h; tests/test_dm1_v1_champion_needs_pc34_compat_integration.c; tests/test_dm1_v1_lif01_f0830_time_criteria_source_lock_pc34_compat.c; tests/test_dm1_v1_champion_panel_clock_tick_stat_repaint_pc34_compat.c	Models bounded F0331 time effects: no-party guard, scent decay helpers, source time criteria, food/water/stamina/mana/HP arithmetic, temporary XP/stat recovery cadence, direction resync, dirty attribute masks, and F0293 repaint sweep; full live M516 mutation and every panel redraw branch remain route-owned.
ReDMCSB	F331_auzz_	IMPLEMENTED_NARROW	DM1	src/dm1/dm1_v1_champion_needs_pc34_compat.c; src/dm1/dm1_v1_champion_panel_clock_tick_stat_repaint_pc34_compat.c; tests/test_dm1_v1_champion_needs_pc34_compat_integration.c; tests/test_dm1_v1_champion_panel_clock_tick_stat_repaint_pc34_compat.c	Alias disposition follows F0331_CHAMPION_ApplyTimeEffects_CPSF for the bounded DM1 champion time-effects route.
ReDMCSB	F0514_MOVE_GetSound	VERIFIED_SOURCE_MAPPING	DM1	tests/test_dm1_v1_creature_sound_pc34_compat.c; src/dm1/dm1_v1_creature_sound_pc34_compat.c	Models MOVESENS.C F0514 resting gate and I34E AttackSoundOrdinal -> G2003 movement-sound lookup; attack sounds and Couatl idle aspect-update calls consume the same source table without fallback sounds.
ReDMCSB	F0515_CHAMPION_ConvertPortraitsToAtariSTPlanar	IMPLEMENTED_NARROW	DM1	src/dm1/dm1_v1_portrait_panel_pc34_compat.c; include/dm1_v1_portrait_panel_pc34_compat.h; tests/test_dm1_v1_portrait_planar_conversion_pc34_compat.c	Models the bounded 32x29 champion portrait chunky-to-Atari-ST-planar conversion and is CTest-verified; file/save envelope integration remains caller-owned.
ReDMCSB	F0516_CHAMPION_ConvertPortraitsFromAtariSTPlanar	IMPLEMENTED_NARROW	DM1	src/dm1/dm1_v1_portrait_panel_pc34_compat.c; include/dm1_v1_portrait_panel_pc34_compat.h; tests/test_dm1_v1_portrait_planar_conversion_pc34_compat.c	Models the bounded 32x29 champion portrait Atari-ST-planar-to-chunky conversion and is CTest-verified; save/load file transport remains caller-owned.
ReDMCSB	F2104_CHAMPION_ConvertBitmapToAtariSTPlanar	IMPLEMENTED_NARROW	DM1	src/dm1/dm1_v1_portrait_panel_pc34_compat.c; include/dm1_v1_portrait_panel_pc34_compat.h; tests/test_dm1_v1_portrait_planar_conversion_pc34_compat.c	Models the same bounded 4bpp chunky-to-Atari-ST-planar bitmap packing for the fixed 32x29 champion bitmap span; arbitrary editor bitmap dimensions and file IO remain outside this helper.
ReDMCSB	F2105_CHAMPION_ConvertBitmapFromAtariSTPlanar	IMPLEMENTED_NARROW	DM1	src/dm1/dm1_v1_portrait_panel_pc34_compat.c; include/dm1_v1_portrait_panel_pc34_compat.h; tests/test_dm1_v1_portrait_planar_conversion_pc34_compat.c	Models the same bounded Atari-ST-planar-to-4bpp chunky bitmap unpacking for the fixed 32x29 champion bitmap span; arbitrary editor bitmap dimensions and file IO remain outside this helper.
ReDMCSB	S0287_CHAMPION_DrawChampionBarGraphs_Subroutine	IMPLEMENTED_NARROW	DM1	src/dm1/dm1_v1_champion_panel_hud_pc34_compat.c; include/dm1_v1_champion_panel_hud_pc34_compat.h; src/dm1/dm1_v1_bar_graph_masks_pc34_compat.c; src/dm1/dm1_v1_bar_graph_byte_offsets_pc34_compat.c; tests/test_dm1_v1_champion_panel_hud_pc34_compat.c; tests/test_dm1_v1_champion_panel_bar_pixels_pc34_compat.c; tests/test_dm1_v1_bar_graph_masks_pc34_compat.c; tests/test_dm1_v1_bar_graph_byte_offsets_pc34_compat.c	Models the bounded DM1 champion bar-graph subroutine data and PC34 fill contract: source mask/byte-offset tables, champion/stat bar zones, 25-pixel height math, blank/fill split, and HP/stamina/mana bar rectangles; live bitmap blitter pixels and broader status-box redraw sequencing remain route-owned.
ReDMCSB	F2262_TIMER_A_EVENT	IMPLEMENTED_NARROW	CSB	src/csb/csb_v1_f2262_timer_a_event_pc34_compat.c; include/csb_v1_f2262_timer_a_event_pc34_compat.h; tests/test_csb_v1_f2262_timer_a_event_pc34_compat.c	Models ANIMTOWN/TOWNSIO F2262 for the PC34 input-wait Timer A boundary: vertical-blank wait counter increment, stop-waiting threshold, and explicit unavailable FM-Towns sound counter/fade branch rather than substituted audio state.
ReDMCSB	F7055_F0417_SAVEUTIL_GetChecksumAndObfuscate	IMPLEMENTED_NARROW	CSB	src/csb/redmcsb_f7055_saveutil_pc34_compat.c; include/redmcsb_f7055_saveutil_pc34_compat.h; tests/test_redmcsb_f7055_saveutil_pc34_compat.c	Models the PC34 even-word save-part checksum/XOR mutation; malformed byte spans reject without fallback.
ReDMCSB	F7056_F0418_SAVEUTIL_GetChecksum	IMPLEMENTED_NARROW	CSB	src/csb/redmcsb_f7055_saveutil_pc34_compat.c; include/redmcsb_f7055_saveutil_pc34_compat.h; tests/test_redmcsb_f7055_saveutil_pc34_compat.c	Models the non-mutating checksum verifier for the same PC34 save-part word stream.
ReDMCSB	F7057_ReadSaveGamePartWithChecksum	IMPLEMENTED_NARROW	CSB	src/csb/redmcsb_f7055_saveutil_pc34_compat.c; include/redmcsb_f7055_saveutil_pc34_compat.h; tests/test_redmcsb_f7055_saveutil_pc34_compat.c	Models authenticated save-part deobfuscation only when the supplied checksum matches; no substitute save part is created.
ReDMCSB	F7058_WriteSavePartWithChecksum	IMPLEMENTED_NARROW	CSB	src/csb/redmcsb_f7055_saveutil_pc34_compat.c; include/redmcsb_f7055_saveutil_pc34_compat.h; tests/test_redmcsb_f7055_saveutil_pc34_compat.c	Models write-preparation checksum reporting while restoring caller plaintext after obfuscation.
ReDMCSB	F7059_ReadDungeonPartWithChecksum	IMPLEMENTED_NARROW	CSB	src/csb/redmcsb_f7059_dungeon_part_checksum_pc34_compat.c; include/redmcsb_f7059_dungeon_part_checksum_pc34_compat.h; tests/test_redmcsb_f7059_dungeon_part_checksum_pc34_compat.c	Models the PC34 modular byte checksum over caller-owned already-read dungeon-part bytes; no file transport, dungeon layout, DSA, or runtime state is inferred.
ReDMCSB	F7060_WriteDungeonPartWithChecksum	IMPLEMENTED_NARROW	CSB	src/csb/redmcsb_f7059_dungeon_part_checksum_pc34_compat.c; include/redmcsb_f7059_dungeon_part_checksum_pc34_compat.h; tests/test_redmcsb_f7059_dungeon_part_checksum_pc34_compat.c	Models the same PC34 modular byte checksum before writing caller-owned dungeon-part bytes; no write transport or layout fallback is created.
ReDMCSB	F7061_F0429_STARTEND_IsReadSaveHeaderSuccessful	IMPLEMENTED_NARROW	CSB	src/csb/redmcsb_f7061_save_header_pc34_compat.c; include/redmcsb_f7061_save_header_pc34_compat.h; tests/test_redmcsb_f7061_save_header_pc34_compat.c	Models exact 512-byte PC34 save-header validation and second-half deobfuscation before the source checksum verdict.
ReDMCSB	F7062_F0430_STARTEND_IsWriteObfuscatedSaveHeaderSuccessful	IMPLEMENTED_NARROW	CSB	src/csb/redmcsb_f7062_save_header_pc34_compat.c; include/redmcsb_f7062_save_header_pc34_compat.h; tests/test_redmcsb_f7062_save_header_pc34_compat.c	Models source-RNG save-header obfuscation image preparation and plaintext restoration, verified through F7061.
ReDMCSB	F7063_LoadDungeon	IMPLEMENTED_NARROW	CSB	src/csb/redmcsb_f7063_dungeon_stream_pc34_compat.c; include/redmcsb_f7063_dungeon_stream_pc34_compat.h; tests/test_redmcsb_f7063_dungeon_stream_pc34_compat.c	Models F7063's fixed 22-part opaque dungeon stream checksum; map/ThingData/runtime decode remains outside this boundary.
ReDMCSB	F7064_PadChampionNameAndTitle	IMPLEMENTED_NARROW	CSB	src/csb/redmcsb_f7064_champion_text_pc34_compat.c; include/redmcsb_f7064_champion_text_pc34_compat.h; tests/test_redmcsb_f7064_champion_text_pc34_compat.c	Models PC34 fixed-field champion name/title NUL padding without character-conversion fallback.
ReDMCSB	F7065_ClearChampionPortraitPointersBeforeSavingGame	IMPLEMENTED_NARROW	CSB	src/csb/redmcsb_f7065_portrait_slots_pc34_compat.c; include/redmcsb_f7065_portrait_slots_pc34_compat.h; tests/test_redmcsb_f7065_portrait_slots_pc34_compat.c	Models excluded-format portrait pointer clearing before save.
ReDMCSB	F7066_LoadPortraits	IMPLEMENTED_NARROW	CSB	src/csb/redmcsb_f7065_portrait_slots_pc34_compat.c; include/redmcsb_f7065_portrait_slots_pc34_compat.h; tests/test_redmcsb_f7065_portrait_slots_pc34_compat.c	Models complete sequential portrait-buffer rebinding after load and rejects undersized storage without partial mutation.
ReDMCSB	F7067_GetChampionInfo	IMPLEMENTED_NARROW	CSB	src/csb/redmcsb_f7067_portrait_info_pc34_compat.c; include/redmcsb_f7067_portrait_info_pc34_compat.h; tests/test_redmcsb_f7067_portrait_info_pc34_compat.c	Models C31_CHAMPION_INFO_PORTRAIT get for supported source champion formats only.
ReDMCSB	F7068_SetChampionInfo	IMPLEMENTED_NARROW	CSB	src/csb/redmcsb_f7067_portrait_info_pc34_compat.c; include/redmcsb_f7067_portrait_info_pc34_compat.h; tests/test_redmcsb_f7067_portrait_info_pc34_compat.c	Models C31_CHAMPION_INFO_PORTRAIT set for supported source champion formats only; unknown formats and out-of-range champions do not mutate.
ReDMCSB	F7088_CopyChampionPortraits	IMPLEMENTED_NARROW	CSB	src/csb/redmcsb_f7088_portrait_transfer_pc34_compat.c; include/redmcsb_f7088_portrait_transfer_pc34_compat.h; tests/test_redmcsb_f7088_portrait_transfer_pc34_compat.c	Models the PC34 included-to-excluded four-portrait transfer over exact 464-byte source portrait spans and rejects missing or mismatched spans without partial copy.
ReDMCSB	F7089_GetFirstCellWithNoChampion	IMPLEMENTED_NARROW	CSB	src/csb/redmcsb_f7090_make_new_adventure_pc34_compat.c; include/redmcsb_f7090_make_new_adventure_pc34_compat.h; tests/test_redmcsb_f7090_make_new_adventure_pc34_compat.c	Models the four-cell imported-party collision scan used by F7090; broader party layout remains caller-owned.
ReDMCSB	F7090_MakeNewAdventure	IMPLEMENTED_NARROW	CSB	src/csb/redmcsb_f7090_make_new_adventure_pc34_compat.c; include/redmcsb_f7090_make_new_adventure_pc34_compat.h; tests/test_redmcsb_f7090_make_new_adventure_pc34_compat.c	Models the bounded PC34 imported-party normalization: header tail copy, GameID increment, platform/useless fields, rotation, reset fields, modifier callback, and F7089 collision repair.
skproject	DM2_CALC_VECTOR_W_DIR	VERIFIED_SOURCE_MAPPING	DM2	tests/test_dm2_v1_skproject_core.c; src/dm2/dm2_v1_skproject_core.c; include/dm2_v1_skproject_core.h	Models SKULLWIN/util.cpp:48 additive vector rotation over table1d27fc/table1d2804. The helper consumes caller-owned accumulators and source-shaped signed operands; it does not perform collision, map mutation, movement timing, or runtime input dispatch.
skproject	CALC_VECTOR_W_DIR	VERIFIED_SOURCE_MAPPING	DM2	tests/test_dm2_v1_skproject_core.c; src/dm2/dm2_v1_skproject_core.c; include/dm2_v1_skproject_core.h	Models SKWIN/SkWinCore.cpp:9220 additive vector rotation over glbXAxisDelta/glbYAxisDelta. The helper consumes caller-owned accumulators and source-shaped signed operands; it does not perform collision, map mutation, movement timing, or runtime input dispatch.
skproject	DM2_COUNT_BY_COIN_TYPES	VERIFIED_SOURCE_MAPPING	DM2	tests/test_dm2_v1_skproject_core.c; src/dm2/dm2_v1_skproject_core.c; include/dm2_v1_skproject_core.h	Models SKULLWIN/c_querydb.cpp:2088 moneybox counting over caller-supplied source-shaped contained records, currency flags, distinctive item types, charge bits, and the ten-entry money item table; it does not fabricate item definitions, GDAT DBSPEC flags, or container contents.
skproject	COUNT_BY_COIN_TYPES	VERIFIED_SOURCE_MAPPING	DM2	tests/test_dm2_v1_skproject_core.c; src/dm2/dm2_v1_skproject_core.c; include/dm2_v1_skproject_core.h	Models SKWIN/SkWinCore.cpp:13651 moneybox counting over caller-supplied source-shaped contained records, currency flags, distinctive item types, charge bits, and the ten-entry money item table; it does not fabricate item definitions, GDAT DBSPEC flags, or container contents.
skproject	DM2_ABS	VERIFIED_SOURCE_MAPPING	DM2	tests/test_dm2_v1_skproject_core.c; src/dm2/dm2_v1_skproject_core.c; include/dm2_v1_skproject_core.h	Models SKULLWIN/util.cpp:9 signed absolute-value return over caller-supplied scalar input; it does not imply any higher-level movement, map, or geometry consumer.
skproject	DM2_CALC_SQUARE_DISTANCE	VERIFIED_SOURCE_MAPPING	DM2	tests/test_dm2_v1_skproject_core.c; src/dm2/dm2_v1_skproject_core.c; include/dm2_v1_skproject_core.h	Models SKULLWIN/util.cpp:23 Manhattan square-distance helper as absolute x delta plus absolute y delta over source-shaped coordinates; it does not perform collision, pathfinding, or dungeon mutation.
skproject	DM2_CALC_VECTOR_DIR	VERIFIED_SOURCE_MAPPING	DM2	tests/test_dm2_v1_skproject_core.c; src/dm2/dm2_v1_skproject_core.c; include/dm2_v1_skproject_core.h	Models SKULLWIN/util.cpp:30 dominant-axis direction selection and DM2_RANDBIT diagonal tie break; tied inputs require caller-owned random state and do not synthesize movement intent, collision, or runtime input.
skproject	DM2_COMPUTE_POWER_4_WITHIN	VERIFIED_SOURCE_MAPPING	DM2	tests/test_dm2_v1_skproject_core.c; src/dm2/dm2_v1_skproject_core.c; include/dm2_v1_skproject_core.h	Models SKULLWIN/util.cpp:60 scan for the requested set-bit ordinal across 32 left shifts, returning shifted-out zero when absent; it does not fabricate bitmask semantics for callers.
skproject	DM2_FILL_I16TABLE	VERIFIED_SOURCE_MAPPING	DM2	tests/test_dm2_v1_skproject_core.c; src/dm2/dm2_v1_skproject_core.c; include/dm2_v1_skproject_core.h	Models SKULLWIN/util.cpp:78 contiguous i16 fill over caller-owned table storage; nonzero entries require real output storage and no table allocation is performed.
skproject	DM2_ATIMESB_RSHIFTC	VERIFIED_SOURCE_MAPPING	DM2	tests/test_dm2_v1_skproject_core.c; src/dm2/dm2_v1_skproject_core.c; include/dm2_v1_skproject_core.h	Models SKULLWIN/util.cpp:85 unsigned-word multiplication before right shift over caller-supplied scalar inputs; it does not claim fixed-point semantics beyond the source helper.
skproject	BOOST_ATTRIBUTE	VERIFIED_SOURCE_MAPPING	DM2	tests/test_dm2_v1_skproject_core.c; src/dm2/dm2_v1_skproject_core.c; include/dm2_v1_skproject_core.h	Models SKWIN/SkWinCore.cpp:5249 champion attribute boost decay and 10..220 clamp over caller-supplied champion attribute bytes; it does not consume items, fabricate champion state, or apply inventory bonus scans.
skproject	DM2_ADJUST_UI_EVENT	VERIFIED_SOURCE_MAPPING	DM2	tests/test_dm2_v1_skproject_core.c; src/dm2/dm2_v1_skproject_core.c; include/dm2_v1_skproject_core.h	Models SKULLWIN/c_input.cpp:112 UI event adjustment for champion hand and spell/leader event families over caller-supplied player-position, cooldown, and activable-hand state; it does not synthesize UI events or dispatch them.
skproject	ADJUST_UI_EVENT	VERIFIED_SOURCE_MAPPING	DM2	tests/test_dm2_v1_skproject_core.c; src/dm2/dm2_v1_skproject_core.c; include/dm2_v1_skproject_core.h	Models SKWIN/SkWinCore.cpp:12355 UI event adjustment for champion hand and spell/leader event families over caller-supplied player-position, cooldown, and activable-hand state; it does not synthesize UI events or dispatch them.
skproject	DM2_QUERY_NEXT_GDAT_ENTRY	VERIFIED_SOURCE_MAPPING	DM2	tests/test_dm2_v1_gdat_querydb_receipts.c; src/dm2/dm2_v1_asset_loader.c; include/dm2_v1_asset_loader.h	Models SKULLWIN/c_gdatfile.cpp:31 iterator traversal over the parsed ENT1 table with source-shaped category range and optional index/type/field filters; scalar rows remain scalar and no fallback buffers are created.
skproject	DM2_LOAD_GDAT_ENTRIES	VERIFIED_SOURCE_MAPPING	DM2	tests/test_dm2_v1_gdat_querydb_receipts.c; src/dm2/dm2_v1_asset_loader.c; include/dm2_v1_asset_loader.h	Models SKULLWIN/c_gdatfile.cpp:823 non-scalar raw GDAT preload accounting from the parsed ENT1/raw tables, including source length-word allocation bytes; it does not allocate CPX nodes, decoded images, or substitute payloads.
skproject	DM2_47eb_00a4	VERIFIED_SOURCE_MAPPING	DM2	tests/test_dm2_v1_gdat_querydb_receipts.c; src/dm2/dm2_v1_asset_loader.c; include/dm2_v1_asset_loader.h	Models SKULLWIN/c_gdatfile.cpp:850 sound payload conversion gate: header state one rejects, nonzero state marks converted, zero state requires and clears the pending flag, and admitted caller-owned bytes are XORed with 0x80.
skproject	DM2_LOAD_ENT1	VERIFIED_SOURCE_MAPPING	DM2	tests/test_dm2_v1_gdat_querydb_receipts.c; src/dm2/dm2_v1_asset_loader.c; include/dm2_v1_asset_loader.h	Models SKULLWIN/c_gdatfile.cpp:884 raw data zero ENT1 admission: endian tag check, entry/group counts, T/I/D/S/P/F/G group mapping, stride, raw0 bounds, and receipt hash before any higher-level GDAT consumer.
skproject	DM2_482b_0684	VERIFIED_SOURCE_MAPPING	DM2	tests/test_dm2_v1_gdat_querydb_receipts.c; src/dm2/dm2_v1_asset_loader.c; include/dm2_v1_asset_loader.h	Models SKULLWIN/c_gdatfile.cpp:932 sound-entry binding from dt02 GDAT row to raw payload span after the source two-byte or six-byte header; SOUND7 rejection and undersized raw payloads fail closed.
skproject	DM2_QUERY_ORNATE_ANIM_FRAME	VERIFIED_SOURCE_MAPPING	DM2	tests/test_dm2_v1_gdat_querydb_receipts.c; src/dm2/dm2_v1_asset_loader.c; include/dm2_v1_asset_loader.h	Models SKULLWIN/c_querydb.cpp:449 field 0x0d through real dtWordValue length/high-bit base or real dtText base36 sequence; malformed or absent source rows fail closed.
skproject	QUERY_ORNATE_ANIM_FRAME	VERIFIED_SOURCE_MAPPING	DM2	tests/test_dm2_v1_gdat_querydb_receipts.c; src/dm2/dm2_v1_asset_loader.c; include/dm2_v1_asset_loader.h	SKWIN alias disposition follows DM2_QUERY_ORNATE_ANIM_FRAME over the same real parsed GDAT query rows.
skproject	DM2_GET_ORNATE_ANIM_LEN	VERIFIED_SOURCE_MAPPING	DM2	tests/test_dm2_v1_gdat_querydb_receipts.c; src/dm2/dm2_v1_asset_loader.c; include/dm2_v1_asset_loader.h	Models SKULLWIN/c_querydb.cpp:992 real ornate animation length lookup through dtWordValue or dtText-backed animation rows with missing/malformed rows rejected.
skproject	DM2_QUERY_DOOR_DAMAGE_RESIST	VERIFIED_SOURCE_MAPPING	DM2	tests/test_dm2_v1_gdat_querydb_receipts.c; src/dm2/dm2_v1_asset_loader.c; include/dm2_v1_asset_loader.h	Models SKULLWIN/c_querydb.cpp:713 door damage-resistance word lookup from real GDAT query rows.
skproject	DM2_QUERY_DOOR_STRENGTH	VERIFIED_SOURCE_MAPPING	DM2	tests/test_dm2_v1_gdat_querydb_receipts.c; src/dm2/dm2_v1_asset_loader.c; include/dm2_v1_asset_loader.h	Models SKULLWIN/c_querydb.cpp:5007 door strength as the source word fallback chain, including defaulting rules for absent rows.
skproject	DM2_QUERY_GDAT_CREATURE_WORD_VALUE	VERIFIED_SOURCE_MAPPING	DM2	tests/test_dm2_v1_gdat_querydb_receipts.c; src/dm2/dm2_v1_asset_loader.c; include/dm2_v1_asset_loader.h	Models SKULLWIN/c_querydb.cpp:722 creature word-value query against real parsed GDAT rows; absent rows fail closed.
skproject	QUERY_GDAT_CREATURE_WORD_VALUE	VERIFIED_SOURCE_MAPPING	DM2	tests/test_dm2_v1_gdat_querydb_receipts.c; src/dm2/dm2_v1_asset_loader.c; include/dm2_v1_asset_loader.h	SKWIN alias disposition follows DM2_QUERY_GDAT_CREATURE_WORD_VALUE over the same real parsed GDAT query rows.
skproject	DM2_QUERY_GDAT_FOOD_VALUE_FROM_RECORD	VERIFIED_SOURCE_MAPPING	DM2	tests/test_dm2_v1_gdat_querydb_receipts.c; src/dm2/dm2_v1_asset_loader.c; include/dm2_v1_asset_loader.h	Models SKULLWIN/c_querydb.cpp:1038 food value query from source-shaped item records and real GDAT rows without substitute nutrition data.
skproject	DM2_3D93B	VERIFIED_SOURCE_MAPPING	DM2	tests/test_dm2_v1_c_map_tile_access.c; src/dm2/dm2_v1_dungeon_loader.c; include/dm2_v1_dungeon_loader.h	Models SKULLWIN/c_gdatfile.cpp:2108 map/text scan over source-owned byte maps and DB2 Text records: ext-0x0B count/select, ext-0x10 deferred coordinate capture, mode-5 visible ext-0x0F select, and mode-4 source visibility-bit clear. Incomplete G1 record graphs fail closed.
skproject	DM2_GRAPHICS_DATA_OPEN	IMPLEMENTED_NARROW	DM2	tests/test_dm2_v1_gdat_querydb_receipts.c; src/dm2/dm2_v1_asset_loader.c; include/dm2_v1_asset_loader.h	Models SKULLWIN/c_gdatfile.cpp:368 file-open counter increment, first-open primary handle, optional secondary handle, and source sys-error codes 0x29/0x1f; actual OS file open remains caller-owned.
skproject	DM2_GRAPHICS_DATA_CLOSE	IMPLEMENTED_NARROW	DM2	tests/test_dm2_v1_gdat_querydb_receipts.c; src/dm2/dm2_v1_asset_loader.c; include/dm2_v1_asset_loader.h	Models SKULLWIN/c_gdatfile.cpp:384 counter decrement and final-close primary/secondary handle routing; actual OS close remains caller-owned.
skproject	DM2_GRAPHICS_DATA_READ	IMPLEMENTED_NARROW	DM2	tests/test_dm2_v1_gdat_querydb_receipts.c; src/dm2/dm2_v1_asset_loader.c; include/dm2_v1_asset_loader.h	Models SKULLWIN/c_gdatfile.cpp:399 primary/secondary GRAPHICS.DAT split-read planning across gdat.filesize; seek/read failure and real buffer IO remain caller-owned.
skproject	init	IMPLEMENTED_NARROW	DM2	tests/test_dm2_v1_skproject_core.c; src/dm2/dm2_v1_skproject_core.c; include/dm2_v1_skproject_core.h	Models SKULLWIN/c_gfx_str.cpp:20 text constants used by c_gfx_str: six-row font, strxplus=7, glyph width 6, left trim 1, top trim 1, glyph stride 6; this is not a live global c_stringdata owner.
skproject	DM2_QUERY_FONT	VERIFIED_SOURCE_MAPPING	DM2	tests/test_dm2_v1_skproject_core.c; src/dm2/dm2_v1_skproject_core.c; include/dm2_v1_skproject_core.h	Models SKULLWIN/c_gfx_str.cpp:39 six 128-byte font rows expanded into 18 packed 4bpp glyph bytes using caller foreground/background nibbles; missing font planes fail closed.
skproject	DM2_QUERY_STR_METRICS	VERIFIED_SOURCE_MAPPING	DM2	tests/test_dm2_v1_skproject_core.c; src/dm2/dm2_v1_skproject_core.c; include/dm2_v1_skproject_core.h	Models SKULLWIN/c_gfx_str.cpp:64 metrics as width=-gfxstrw2+len*gfxstrw4 and height=gfxstrw1-gfxstrw3 with the initialized 6/1/1/6 text constants.
skproject	DM2_DRAW_STRING	IMPLEMENTED_NARROW	DM2	tests/test_dm2_v1_skproject_core.c; src/dm2/dm2_v1_skproject_core.c; include/dm2_v1_skproject_core.h	Models SKULLWIN/c_gfx_str.cpp:81 as a source-shaped draw receipt over baseline, glyph rectangles, destination width, alpha-mask flag, colours, and character count; it does not blit pixels.
skproject	DM2_DRAW_STRONG_TEXT	IMPLEMENTED_NARROW	DM2	tests/test_dm2_v1_skproject_core.c; src/dm2/dm2_v1_skproject_core.c; include/dm2_v1_skproject_core.h	Models SKULLWIN/c_gfx_str.cpp:141 strong-text background fill rectangle and two shadow passes plus final string pass; live palette/blitter output remains separate renderer work.
skproject	DM2_DRAW_BUTTON_STR	IMPLEMENTED_NARROW	DM2	tests/test_dm2_v1_skproject_core.c; src/dm2/dm2_v1_skproject_core.c; include/dm2_v1_skproject_core.h	Models SKULLWIN/c_gfx_str.cpp:166 button-string placement as measured text plus button-rect adjustment intent; it does not allocate button bitmaps.
skproject	DM2_DRAW_NAME_STR	IMPLEMENTED_NARROW	DM2	tests/test_dm2_v1_skproject_core.c; src/dm2/dm2_v1_skproject_core.c; include/dm2_v1_skproject_core.h	Models SKULLWIN/c_gfx_str.cpp:185 button-name placement as measured text plus strong-text receipt and button-rect adjustment intent.
skproject	DM2_DRAW_VP_STR	IMPLEMENTED_NARROW	DM2	tests/test_dm2_v1_skproject_core.c; src/dm2/dm2_v1_skproject_core.c; include/dm2_v1_skproject_core.h	Models SKULLWIN/c_gfx_str.cpp:203 viewport-string draw plan using measured text and source baseline semantics; live bitmap destination is caller-owned.
skproject	DM2_DRAW_GUIDED_STR	IMPLEMENTED_NARROW	DM2	tests/test_dm2_v1_skproject_core.c; src/dm2/dm2_v1_skproject_core.c; include/dm2_v1_skproject_core.h	Models SKULLWIN/c_gfx_str.cpp:208 guided-text wrapping and strxplus=7 line advancement at receipt level; rectangle lookup and viewport blit remain caller-owned.
skproject	DM2_PRINT_SYSERR_TEXT	IMPLEMENTED_NARROW	DM2	tests/test_dm2_v1_skproject_core.c; src/dm2/dm2_v1_skproject_core.c; include/dm2_v1_skproject_core.h	Models SKULLWIN/c_gfx_str.cpp:247 as a screen-width DM2_DRAW_STRING route receipt; it does not draw the system error screen.
skproject	DM2_DRAW_VP_RC_STR	IMPLEMENTED_NARROW	DM2	tests/test_dm2_v1_skproject_core.c; src/dm2/dm2_v1_skproject_core.c; include/dm2_v1_skproject_core.h	Models SKULLWIN/c_gfx_str.cpp:252 as measured text plus rectangle-based viewport draw receipt; raw4 rectangle expansion is separate code.
skproject	DM2_DRAW_LOCAL_TEXT	IMPLEMENTED_NARROW	DM2	tests/test_dm2_v1_skproject_core.c; src/dm2/dm2_v1_skproject_core.c; include/dm2_v1_skproject_core.h	Models SKULLWIN/c_gfx_str.cpp:263 as measured local-text strong draw receipt over caller-provided coordinates and colour words.
skproject	DM2_FORMAT_SKSTR	IMPLEMENTED_NARROW	DM2	tests/test_dm2_v1_skproject_core.c; src/dm2/dm2_v1_skproject_core.c; include/dm2_v1_skproject_core.h	Models SKULLWIN/c_gfx_str.cpp:290 literal-copy path and fail-closed handling for .Z/0x01 substitutions; dynamic substitution variables remain backlog.
skproject	DM2_QUERY_GDAT_TEXT	IMPLEMENTED_NARROW	DM2	tests/test_dm2_v1_skproject_core.c; src/dm2/dm2_v1_skproject_core.c; include/dm2_v1_skproject_core.h	Models SKULLWIN/c_gfx_str.cpp:566 encrypted literal dtText decode using ~byte-ordinal transform before FORMAT_SKSTR; GDAT lookup and dynamic substitutions remain backlog.
skproject	DM2_DRAW_TEXT_TO_BACKBUFF	IMPLEMENTED_NARROW	DM2	tests/test_dm2_v1_skproject_core.c; src/dm2/dm2_v1_skproject_core.c; include/dm2_v1_skproject_core.h	Models SKULLWIN/c_gfx_str.cpp:590 as a measured centered strong-text backbuffer receipt; palette query and pixel blit remain separate renderer work.
skproject	DM2_gfxstr_3929_04e2	IMPLEMENTED_NARROW	DM2	tests/test_dm2_v1_skproject_core.c; src/dm2/dm2_v1_skproject_core.c; include/dm2_v1_skproject_core.h	Models SKULLWIN/c_gfx_str.cpp:636 hint line splitter over caller text, width, last-space wrap, newline, and next-offset semantics.
skproject	DM2_gfxstr_24a5_0732	IMPLEMENTED_NARROW	DM2	tests/test_dm2_v1_skproject_core.c; src/dm2/dm2_v1_skproject_core.c; include/dm2_v1_skproject_core.h	Models SKULLWIN/c_gfx_str.cpp:717 as measured viewport text route for encoded-name drawing; the character remap is not promoted to live UI drawing yet.
skproject	DM2_DISPLAY_HINT_TEXT	IMPLEMENTED_NARROW	DM2	tests/test_dm2_v1_skproject_core.c; src/dm2/dm2_v1_skproject_core.c; include/dm2_v1_skproject_core.h	Models SKULLWIN/c_gfx_str.cpp:775 via the width-bounded hint-line split receipt; scrollbox/blitter state remains separate renderer work.
skproject	DM2_SCROLLBOX_MESSAGE	IMPLEMENTED_NARROW	DM2	tests/test_dm2_v1_skproject_core.c; src/dm2/dm2_v1_skproject_core.c; include/dm2_v1_skproject_core.h	Models SKULLWIN/c_gfx_str.cpp:846 only as the scrollbox route dependency recorded by DISPLAY_HINT_TEXT; mouse hide/show and screen blits remain backlog.
skproject	DM2_QUERY_GDAT_ENTRY_VALUE	VERIFIED_SOURCE_MAPPING	DM2	tests/test_dm2_v1_gdat_querydb_receipts.c; src/dm2/dm2_v1_asset_loader.c; include/dm2_v1_asset_loader.h	Models SKULLWIN/c_gdatfile.cpp:515 ENT1 row/group byte extraction over parsed loader entries for T/I/D/S/P/F/G values; missing groups and invalid ordinals fail closed.
skproject	DM2_LOAD_GDAT_ENTRY_DATA_TO	VERIFIED_SOURCE_MAPPING	DM2	tests/test_dm2_v1_gdat_querydb_receipts.c; src/dm2/dm2_v1_asset_loader.c; include/dm2_v1_asset_loader.h	Models SKULLWIN/c_gdatfile.cpp:818 tuple lookup to real parsed GDAT payload copy into caller-owned destination bytes; scalar entries, absent payloads, and undersized destinations fail closed.
skproject	DM2_TRACK_UNDERLAY	VERIFIED_SOURCE_MAPPING	DM2	tests/test_dm2_v1_gdat_querydb_receipts.c; src/dm2/dm2_v1_asset_loader.c; include/dm2_v1_asset_loader.h	Models SKULLWIN/c_gdatfile.cpp:997 binary search over sorted dtRaw8 underlay pairs and returns -1/absent without selecting substitute art.
skproject	DM2_READ_GRAPHICS_STRUCTURE	IMPLEMENTED_NARROW	DM2	tests/test_dm2_v1_gdat_querydb_receipts.c; src/dm2/dm2_v1_asset_loader.c; include/dm2_v1_asset_loader.h	Models SKULLWIN/c_gdatfile.cpp:1026 at loader receipt level: version, entries, raw table lengths, payload end, split-file flags, max raw payload, and optional underlay table. Real OS handles and allocator globals remain separate.
skproject	DM2_EXTRACT_GDAT_IMAGE	IMPLEMENTED_NARROW	DM2	tests/test_dm2_v1_gdat_querydb_receipts.c; src/dm2/dm2_v1_asset_loader.c; include/dm2_v1_asset_loader.h	Models SKULLWIN/c_gdatfile.cpp:1132 at image receipt level: raw image header, bpp, allocation bytes, direct IMG3/U4 or IMG9 decoded hash, and underlay-overlay route. Overlay pixel composition and CPX cache-node lifecycle remain open.
skproject	DM2_QUERY_GDAT_IMAGE_ENTRY_BUFF	VERIFIED_SOURCE_MAPPING	DM2	tests/test_dm2_v1_gdat_querydb_receipts.c; src/dm2/dm2_v1_asset_loader.c; include/dm2_v1_asset_loader.h	Models SKULLWIN/c_querydb.cpp:118 dtImage selection through parsed ENT1/raw GDAT data, with the source MISCELLANEOUS/FE/FE default-image fallback only when the requested image row is absent; no generated or synthetic visual is admitted.
skproject	DM2_QUERY_GDAT_IMAGE_METRICS	VERIFIED_SOURCE_MAPPING	DM2	tests/test_dm2_v1_gdat_querydb_receipts.c; src/dm2/dm2_v1_asset_loader.c; include/dm2_v1_asset_loader.h	Models SKULLWIN/c_querydb.cpp:406 source IMG3 width/height extraction from the same real image-entry/default-image route used by QUERY_GDAT_IMAGE_ENTRY_BUFF; it does not decode pixels or invent dimensions.
skproject	DM2_QUERY_PICT_BITS	VERIFIED_SOURCE_MAPPING	DM2	tests/test_dm2_v1_gdat_querydb_receipts.c; src/dm2/dm2_v1_asset_loader.c; include/dm2_v1_asset_loader.h	Models SKULLWIN/c_querydb.cpp:373 image-description bitmap route selection: mode bit 2 resolves a real GDAT image-entry receipt, mode bit 3 requires caller-owned cache availability, and current-bitmap mode requires an existing bitmap pointer.
skproject	DM2_QUERY_PICST_IMAGE	VERIFIED_SOURCE_MAPPING	DM2	tests/test_dm2_v1_gdat_querydb_receipts.c; src/dm2/dm2_v1_asset_loader.c; include/dm2_v1_asset_loader.h	Models SKULLWIN/c_querydb.cpp:548 source picture-image descriptor binding over QUERY_GDAT_IMAGE_ENTRY_BUFF, resetting x/y, mode 4, width, height, and selected raw image identity without drawing or replacement allocation.
skproject	DM2_QUERY_4BPP_PICT_BUFF_AND_PAL	VERIFIED_SOURCE_MAPPING	DM2	tests/test_dm2_v1_gdat_querydb_receipts.c; src/dm2/dm2_v1_asset_loader.c; include/dm2_v1_asset_loader.h	Models SKULLWIN/c_querydb.cpp:561 real field-0xF9 4bpp image admission with local 16-colour palette extraction and source width/divisor return; missing rows and default-image routes fail closed.
skproject	DM2_QUERY_GDAT_SUMMARY_IMAGE	VERIFIED_SOURCE_MAPPING	DM2	tests/test_dm2_v1_gdat_querydb_receipts.c; src/dm2/dm2_v1_asset_loader.c; include/dm2_v1_asset_loader.h	Models SKULLWIN/c_querydb.cpp:1781 source summary-image descriptor initialization, dtImage data-index binding, graphics-set and image offset accumulation, local-palette copy when present, and cls1-0xff no-GDAT bypass.
skproject	color_to_palettecolor	VERIFIED_SOURCE_MAPPING	DM2	tests/test_dm2_v1_skproject_core.c; src/dm2/dm2_v1_skproject_core.c; include/dm2_v1_skproject_core.h	Models SKULLWIN/c_gfx_pal.cpp:14 byte wrapper semantics for palette-colour construction.
skproject	ui8_to_palettecolor	VERIFIED_SOURCE_MAPPING	DM2	tests/test_dm2_v1_skproject_core.c; src/dm2/dm2_v1_skproject_core.c; include/dm2_v1_skproject_core.h	Models SKULLWIN/c_gfx_pal.cpp:15 byte wrapper semantics for ui8 palette-colour construction.
skproject	palettecolor_to_ui8	VERIFIED_SOURCE_MAPPING	DM2	tests/test_dm2_v1_skproject_core.c; src/dm2/dm2_v1_skproject_core.c; include/dm2_v1_skproject_core.h	Models SKULLWIN/c_gfx_pal.cpp:16 byte extraction from palette colour.
skproject	palettecolor_to_pixel	VERIFIED_SOURCE_MAPPING	DM2	tests/test_dm2_v1_skproject_core.c; src/dm2/dm2_v1_skproject_core.c; include/dm2_v1_skproject_core.h	Models SKULLWIN/c_gfx_pal.cpp:17 byte wrapper semantics from palette colour to pixel.
skproject	DM2_CONVERT_DRIVERPALETTE	IMPLEMENTED_NARROW	DM2	tests/test_dm2_v1_skproject_core.c; src/dm2/dm2_v1_skproject_core.c; include/dm2_v1_skproject_core.h	Models SKULLWIN/c_gfx_pal.cpp:117 as ARGB source bytes converted into DMPAL-style RGB6 entries and a driver-setcolors request receipt; live host palette upload remains renderer work.
skproject	DM2_SELECT_PALETTE_SET	IMPLEMENTED_NARROW	DM2	tests/test_dm2_v1_skproject_core.c; src/dm2/dm2_v1_skproject_core.c; include/dm2_v1_skproject_core.h	Models SKULLWIN/c_gfx_pal.cpp:146 as source mode receipts: mode 0 fade-to-black with 2000 vsync waits, mode 1 immediate driver colours, other modes no-op except immediate flag.
skproject	DM2_UPDATE_BLIT_PALETTE	VERIFIED_SOURCE_MAPPING	DM2	tests/test_dm2_v1_skproject_core.c; src/dm2/dm2_v1_skproject_core.c; include/dm2_v1_skproject_core.h	Models SKULLWIN/c_gfx_pal.cpp:175 pointer assignment of the active 16-to-256 blit palette.
skproject	DM2_xlat_palette	IMPLEMENTED_NARROW	DM2	tests/test_dm2_v1_skproject_core.c; src/dm2/dm2_v1_skproject_core.c; include/dm2_v1_skproject_core.h	Models SKULLWIN/c_gfx_pal.cpp:181 conversion-table palette translation for explicit colour counts and source large-palette copy when the colour count is zero.
skproject	DM2_SOUND1	IMPLEMENTED_NARROW	DM2	tests/test_dm2_v1_sound_source_gate.c; src/dm2/dm2_v1_sound.c; include/dm2_v1_sound.h	Models SKULLWIN/c_sound.cpp:437 as the MIDI-ready fade/request flag transition; extracted MIDI backend calls remain separate.
skproject	DM2_PLAY_MUSIC	IMPLEMENTED_NARROW	DM2	tests/test_dm2_v1_startup_music_queue.c; src/dm2/dm2_v1_sound.c; include/dm2_v1_sound.h	Models SKULLWIN/c_sound.cpp:158 as `%02x.hmp.mid` queue admission over verified DATA roots, MIDI/HMP stream inspection, schedule handoff, and explicit backend-unavailable status; live Allegro device ownership remains separate.
skproject	DM2_PLAY_SOUND	IMPLEMENTED_NARROW	DM2	tests/test_dm2_v1_sound_source_gate.c; src/dm2/dm2_v1_sound.c; include/dm2_v1_sound.h	Models SKULLWIN/c_sound.cpp:342 fail-closed admission: without source-resolved queue entries and sample payloads this API refuses synthetic playback instead of acknowledging success.
skproject	DM2_SOUND2	IMPLEMENTED_NARROW	DM2	tests/test_dm2_v1_sound_source_gate.c; src/dm2/dm2_v1_sound.c; include/dm2_v1_sound.h	Models SKULLWIN/c_sound.cpp:464 as map-index to music-track selection and transition receipt; MODLIST and live Allegro MIDI calls remain separate.
skproject	DM2_GET_MUSIC_INDEX_FROM_MODLIST	IMPLEMENTED_NARROW	DM2	tests/test_dm2_v1_sound_source_gate.c; src/dm2/dm2_v1_sound.c; include/dm2_v1_sound.h	Models SKULLWIN/c_sound.cpp:447 MODLIST byte lookup over caller-provided real MODLIST bytes, including the original zero return when the byte cannot be read; live fopen path remains separate.
skproject	DM2_SOUND3	IMPLEMENTED_NARROW	DM2	tests/test_dm2_v1_sound_source_gate.c; src/dm2/dm2_v1_sound.c; include/dm2_v1_sound.h	Models SKULLWIN/c_sound.cpp:216 as source volume clamp, mode-0 SFX volume, mode-10 MIDI volume, restart, and stop-music request receipts.
skproject	DM2_SOUND4	IMPLEMENTED_NARROW	DM2	tests/test_dm2_v1_sound_source_gate.c; src/dm2/dm2_v1_sound.c; include/dm2_v1_sound.h	Models SKULLWIN/c_sound.cpp:544 positional pending-sound count reset.
skproject	DM2_SOUND5	IMPLEMENTED_NARROW	DM2	tests/test_dm2_v1_sound_source_gate.c; src/dm2/dm2_v1_sound.c; include/dm2_v1_sound.h	Models SKULLWIN/c_sound.cpp:576 as reverse queue cleanup for handles no longer found earlier in the runtime queue, plus positional pending-count reset.
skproject	DM2_SOUND6	IMPLEMENTED_NARROW	DM2	tests/test_dm2_v1_sound_source_gate.c; src/dm2/dm2_v1_sound.c; include/dm2_v1_sound.h	Models SKULLWIN/c_sound.cpp:596 as allocation-state initialization for bounded Firestaff sound queue storage; allocator pool ownership remains separate.
skproject	DM2_SOUND7	VERIFIED_SOURCE_MAPPING	DM2	tests/test_dm2_v1_sound_source_gate.c; src/dm2/dm2_v1_sound.c; include/dm2_v1_sound.h	Models SKULLWIN/c_sound.cpp:608 one-based lookup of an active sound handle in the runtime queue, returning zero when absent.
skproject	DM2_SOUND8	IMPLEMENTED_NARROW	DM2	tests/test_dm2_v1_sound_source_gate.c; src/dm2/dm2_v1_sound.c; include/dm2_v1_sound.h	Models SKULLWIN/c_sound.cpp:633 as immediate/positional pending batch playback receipts and count reset; sample payload playback remains backend work.
skproject	DM2_SOUND9	VERIFIED_SOURCE_MAPPING	DM2	tests/test_dm2_v1_sound_source_gate.c; src/dm2/dm2_v1_sound.c; include/dm2_v1_sound.h	Models SKULLWIN/c_sound.cpp:650 duplicate check, capacity check, b_02/b_03/b_04 insertion, w_05=-1 initialization, and queued-count increment.
skproject	DM2_PROCESS_SOUND	IMPLEMENTED_NARROW	DM2	tests/test_dm2_v1_sound_source_gate.c; src/dm2/dm2_v1_sound.c; include/dm2_v1_sound.h	Models SKULLWIN/c_sound.cpp:620 as map-match noise request and queued handle clear; full sndptr1 sample table and DM2_QUEUE_NOISE_GEN1 payload routing remain separate.
skproject	DM2_QUERY_SND_ENTRY_INDEX	VERIFIED_SOURCE_MAPPING	DM2	tests/test_dm2_v1_sound_source_gate.c; src/dm2/dm2_v1_sound.c; include/dm2_v1_sound.h	Models SKULLWIN/c_sound.cpp:664 one-based runtime queue lookup by three class bytes, returning zero when absent.
skproject	DM2_12b4_0953	VERIFIED_SOURCE_MAPPING	DM2	tests/test_dm2_v1_skproject_core.c; src/dm2/dm2_v1_skproject_core.c; include/dm2_v1_skproject_core.h	Models SKULLWIN/c_move.cpp:32 side-relative creature 5x5 position admission: facing is extracted from record word 0x0e bits 8..9, only relative directions 1/3 are tested, and x-offset zero returns false.
skproject	DM2_12b4_0881	IMPLEMENTED_NARROW	DM2	tests/test_dm2_v1_skproject_core.c; src/dm2/dm2_v1_skproject_core.c; include/dm2_v1_skproject_core.h	Models SKULLWIN/c_move.cpp:64 movement-admission return codes 1..6 over caller-supplied tile values, blocked-tile result, creature lookup, AI flags, side-offset result, and secondary query result; full DM2_PERFORM_MOVE mutation remains backlog.
skproject	DM2_move_12b4_023f	IMPLEMENTED_NARROW	DM2	tests/test_dm2_v1_skproject_core.c; src/dm2/dm2_v1_skproject_core.c; include/dm2_v1_skproject_core.h	Models SKULLWIN/c_move.cpp:117 side-candidate champion wound route: computes `(arg1 + arg0 + 2/3) & 3`, de-duplicates same champion, records wound attempts, and emits hero-type noise requests only after successful WOUND_PLAYER receipts. Live WOUND_PLAYER mutation and QUEUE_NOISE_GEN2 playback remain caller-owned.
skproject	DM2_move_12b4_099e	IMPLEMENTED_NARROW	DM2	tests/test_dm2_v1_skproject_core.c; src/dm2/dm2_v1_skproject_core.c; include/dm2_v1_skproject_core.h	Models SKULLWIN/c_move.cpp:805 creature-weight lift admission over living party members, event-hero/light-weight strength bonuses, caller-provided stamina-adjusted capacity/RAND16 result, overweight rejection, and stamina drain plan; live hero mutation remains caller-owned.
skproject	DM2_move_12b4_0092	IMPLEMENTED_NARROW	DM2	tests/test_dm2_v1_skproject_core.c; src/dm2/dm2_v1_skproject_core.c; include/dm2_v1_skproject_core.h	Models SKULLWIN/c_move.cpp:912 arrow-panel highlight gate from v1e0534 with v1e0548/v1e053e arguments; host UI draw call remains receipt-owned.
skproject	DM2_move_12b4_00af	IMPLEMENTED_NARROW	DM2	tests/test_dm2_v1_skproject_core.c; src/dm2/dm2_v1_skproject_core.c; include/dm2_v1_skproject_core.h	Models SKULLWIN/c_move.cpp:918 other-level transition plan: drop placeholder record, choose locate delta from argument, publish located map/x/y, apply source square rotation, and request source-map restore.
skproject	DM2_0cee_317f	IMPLEMENTED_NARROW	DM2	tests/test_dm2_v1_skproject_core.c; src/dm2/dm2_v1_skproject_core.c; include/dm2_v1_skproject_core.h	Models SKULLWIN/c_move.cpp:1032 ornate-wall-alcove guard, cls2 missing rejection, and WALL_GFX GDAT data-index handoff; real record decoding and GDAT lookup stay caller-owned.
skproject	DM2_ATTACK_WALL	IMPLEMENTED_NARROW	DM2	tests/test_dm2_v1_skproject_core.c; src/dm2/dm2_v1_skproject_core.c; include/dm2_v1_skproject_core.h	Models SKULLWIN/c_move.cpp:1053 wall attack scan over matching wall side records, ornate-alcove RANDDIR missile relocation, class-0x22 actuator invocation/consume gates, and class-0x23 wildcard/matching projectile teleport relocation; live record cutting/deleting and actuator execution remain caller-owned.
skproject	DM2_ATTACK_DOOR	IMPLEMENTED_NARROW	DM2	tests/test_dm2_v1_skproject_core.c; src/dm2/dm2_v1_skproject_core.c; include/dm2_v1_skproject_core.h	Models SKULLWIN/c_move.cpp:2097 door attack gates over byte3 bit0 or byte2 bit7, GET_DOOR_STAT_0X10-style power threshold, tile type 4 requirement, timer queue route, and immediate type-5 opening; live tile memory and timer queue mutation remain caller-owned.
skproject	DM2_SET_DESTINATION_OF_MINION_MAP	IMPLEMENTED_NARROW	DM2	tests/test_dm2_v1_skproject_core.c; src/dm2/dm2_v1_skproject_core.c; include/dm2_v1_skproject_core.h	Models SKULLWIN/c_map.cpp:540 destination bounds check and record word-6 x/y/map bit packing over caller-owned minion record state; live DM2_CHANGE_CURRENT_MAP_TO and record memory mutation remain caller-owned.
skproject	DM2_map_0cee_1815	IMPLEMENTED_NARROW	DM2	tests/test_dm2_v1_skproject_core.c; src/dm2/dm2_v1_skproject_core.c; include/dm2_v1_skproject_core.h	Models SKULLWIN/c_map.cpp:583 gate check, v1d3248/map-size divisor, mixed random selector, and v1e02cc candidate-table result; caller owns live globals and candidate table storage.
skproject	DM2_map_0cee_185a	IMPLEMENTED_NARROW	DM2	tests/test_dm2_v1_skproject_core.c; src/dm2/dm2_v1_skproject_core.c; include/dm2_v1_skproject_core.h	Models SKULLWIN/c_map.cpp:615 four 0cee_1815 calls plus out-of-map ornate-alcove sanitization over caller-owned output words and wall-ornate table.
skproject	DM2_map_2066_1f37	IMPLEMENTED_NARROW	DM2	tests/test_dm2_v1_skproject_core.c; src/dm2/dm2_v1_skproject_core.c; include/dm2_v1_skproject_core.h	Models SKULLWIN/c_map.cpp:712 linked-record scan for type-3 0x27 records, one-time bit-7..15 value packing, and caller counter increment; record storage is represented by source-shaped test records.
skproject	DM2_map_2066_1ec9	IMPLEMENTED_NARROW	DM2	tests/test_dm2_v1_skproject_core.c; src/dm2/dm2_v1_skproject_core.c; include/dm2_v1_skproject_core.h	Models SKULLWIN/c_map.cpp:760 low-type linked-record prepending and tail append handoff; live APPEND_RECORD_TO storage remains caller-owned.
skproject	SKW_2066_1ea3	IMPLEMENTED_NARROW	DM2	tests/test_dm2_v1_skproject_core.c; src/dm2/dm2_v1_skproject_core.c; include/dm2_v1_skproject_core.h	Models SKULLWIN/c_map.cpp:806 tmpmap pointer-offset byte mutation by OR-ing bit 1, with bounded out-of-range rejection.
skproject	DM_LOCATE_OTHER_LEVEL	IMPLEMENTED_NARROW	DM2	tests/test_dm2_v1_skproject_core.c; src/dm2/dm2_v1_skproject_core.c; include/dm2_v1_skproject_core.h	Models SKULLWIN/c_map.cpp:384 other-level map scan over source-shaped map descriptors, cursor/resume list, world-to-local coordinate conversion, teleporter rejection, output x/y mutation, and cursor handoff; live DM2_CHANGE_CURRENT_MAP_TO and tile-record address ownership remain caller-owned.
skproject	DM2_map_0cee_17e7	VERIFIED_SOURCE_MAPPING	DM2	tests/test_dm2_v1_skproject_core.c; src/dm2/dm2_v1_skproject_core.c; include/dm2_v1_skproject_core.h	Models SKULLWIN/c_map.cpp:1271 mixed modulo formula from 16-bit input, divisor term, and savegame seed; callers own the source seed and range semantics.
skproject	DM2_map_0cee_04e5	IMPLEMENTED_NARROW	DM2	tests/test_dm2_v1_skproject_core.c; src/dm2/dm2_v1_skproject_core.c; include/dm2_v1_skproject_core.h	Models SKULLWIN/c_map.cpp:1255 as CALC_VECTOR_W_DIR followed by caller tile lookup with fail-closed missing/out-of-bounds gates; live mapdat tile storage remains caller-owned.
skproject	DM2_map_3B001	IMPLEMENTED_NARROW	DM2	tests/test_dm2_v1_skproject_core.c; src/dm2/dm2_v1_skproject_core.c; include/dm2_v1_skproject_core.h	Models SKULLWIN/c_map.cpp:1291 map marker state receipt for v1e0270/v1e0272 plus request to restore the previous current map; actual global map switching remains caller-owned.
skproject	DM2_map_3BF83	IMPLEMENTED_NARROW	DM2	tests/test_dm2_v1_skproject_core.c; src/dm2/dm2_v1_skproject_core.c; include/dm2_v1_skproject_core.h	Models SKULLWIN/c_map.cpp:1304 same-map and cross-map record-move plan: bounds gate, target-map switch request, restore-current request, LOAD_NEWMAP handoff, move source/target coordinates, and party rotation; live record relocation and map loader mutation remain caller-owned.
skproject	DM2_QUERY_CREATURES_ITEM_MASK	VERIFIED_SOURCE_MAPPING	DM2	tests/test_dm2_v1_gdat_querydb_receipts.c; src/dm2/dm2_v1_asset_loader.c; include/dm2_v1_asset_loader.h	Models SKULLWIN/c_querydb.cpp:1045 by parsing real CREATURES dtText rows into the source 64-byte item mask grammar with C/W/A/J/P/S base handling; absent or malformed source text fails closed.
skproject	QUERY_CREATURES_ITEM_MASK	VERIFIED_SOURCE_MAPPING	DM2	tests/test_dm2_v1_gdat_querydb_receipts.c; src/dm2/dm2_v1_asset_loader.c; include/dm2_v1_asset_loader.h	SKWIN alias disposition follows DM2_QUERY_CREATURES_ITEM_MASK over the same real parsed GDAT text rows.
skproject	DM2_IS_ITEM_FIT_FOR_EQUIP	VERIFIED_SOURCE_MAPPING	DM2	tests/test_dm2_v1_gdat_querydb_receipts.c; src/dm2/dm2_v1_asset_loader.c; include/dm2_v1_asset_loader.h	Models SKULLWIN/c_querydb.cpp:1188 by resolving DB-spec equipment flags from real dtWordValue field 0x04, applying the source slot mask table, and requiring caller-provided active-hand evidence for recursive over-slot cases.
skproject	IS_ITEM_FIT_FOR_EQUIP	VERIFIED_SOURCE_MAPPING	DM2	tests/test_dm2_v1_gdat_querydb_receipts.c; src/dm2/dm2_v1_asset_loader.c; include/dm2_v1_asset_loader.h	SKWIN alias disposition follows DM2_IS_ITEM_FIT_FOR_EQUIP over the same real equipment-flag row and caller-owned active-hand evidence.
skproject	DM2_LOAD_GDAT_INTERFACE_00_0A	VERIFIED_SOURCE_MAPPING	DM2	tests/test_dm2_v1_boot_profile_smoke.c; src/dm2/dm2_v1_boot.c; include/dm2_v1_boot.h	Models SKULLWIN/c_gdatfile.cpp:2008 as the named receipt over INTERFACE_GENERAL dt07/0x0A Rect14 rows, requiring real GDAT table bytes plus bounded host placement proof before runtime can consume the table.
skproject	DM2_GET_DOOR_STAT_0X10	VERIFIED_SOURCE_MAPPING	DM2	tests/test_dm2_v1_gdat_querydb_receipts.c; src/dm2/dm2_v1_asset_loader.c; include/dm2_v1_asset_loader.h	Models SKULLWIN/c_querydb.cpp:1917 as a real DOORS dtWordValue field 0x0e lookup through QUERY_GDAT_ENTRY_DATA_INDEX with no fabricated default.
skproject	DM2_GET_GRAPHICS_FOR_DOOR	VERIFIED_SOURCE_MAPPING	DM2	tests/test_dm2_v1_gdat_querydb_receipts.c; src/dm2/dm2_v1_asset_loader.c; include/dm2_v1_asset_loader.h	Models SKULLWIN/c_querydb.cpp:1955 as a real DOORS dtWordValue field 0x0d lookup for the door-type contract; SKWIN's door-pointer wrapper remains separate.
skproject	DM2_query_0cee_3275	VERIFIED_SOURCE_MAPPING	DM2	tests/test_dm2_v1_gdat_querydb_receipts.c; src/dm2/dm2_v1_asset_loader.c; include/dm2_v1_asset_loader.h	Models SKULLWIN/c_querydb.cpp:4998 as a real DOORS dtWordValue field 0x10 lookup through QUERY_GDAT_ENTRY_DATA_INDEX with no fallback substitute.
ReDMCSB	E0013_MAIN_Exception69Handler_TimerC_DoNothing	NON_APPLICABLE_PLATFORM_BOUNDARY	DM1/CSB	docs/reference/audits/REDMCSB_MISSING_PLATFORM_BOUNDARIES.tsv	exception-R/E/S: Original exception/vector or assembly-stub entry; host scheduling and signal behavior cannot be substituted without an exact trace-backed contract.
ReDMCSB	E0014_MAIN_Exception70Handler_KeyboardMIDI	NON_APPLICABLE_PLATFORM_BOUNDARY	DM1/CSB	docs/reference/audits/REDMCSB_MISSING_PLATFORM_BOUNDARIES.tsv	exception-R/E/S: Original exception/vector or assembly-stub entry; host scheduling and signal behavior cannot be substituted without an exact trace-backed contract.
ReDMCSB	F0018_MAIN_SetExceptionVectors	NON_APPLICABLE_PLATFORM_BOUNDARY	DM1/CSB	docs/reference/audits/REDMCSB_MISSING_PLATFORM_BOUNDARIES.tsv	exception-R/E/S: Original exception/vector or assembly-stub entry; host scheduling and signal behavior cannot be substituted without an exact trace-backed contract.
ReDMCSB	F018_aaat_	NON_APPLICABLE_PLATFORM_BOUNDARY	DM1/CSB	docs/reference/audits/REDMCSB_MISSING_PLATFORM_BOUNDARIES.tsv	Atari-ST-PRIM-ABI-alias: Atari ST/PRIM linker alias, not an independently callable portable behavior.
ReDMCSB	F019_aarz_	NON_APPLICABLE_PLATFORM_BOUNDARY	DM1/CSB	docs/reference/audits/REDMCSB_MISSING_PLATFORM_BOUNDARIES.tsv	Atari-ST-PRIM-ABI-alias: Atari ST/PRIM linker alias, not an independently callable portable behavior.
ReDMCSB	F035_aaaw_	NON_APPLICABLE_PLATFORM_BOUNDARY	DM1/CSB	docs/reference/audits/REDMCSB_MISSING_PLATFORM_BOUNDARIES.tsv	Atari-ST-PRIM-ABI-alias: Atari ST/PRIM linker alias, not an independently callable portable behavior.
ReDMCSB	F0518_FLOPPY_Deinitialize_CPSX	NON_APPLICABLE_PLATFORM_BOUNDARY	DM1/CSB	docs/reference/audits/REDMCSB_MISSING_PLATFORM_BOUNDARIES.tsv	Amiga-host: Original Amiga device, interrupt, or display-host boundary; no portable runtime substitute is evidenced.
ReDMCSB	F0519_FLOPPY_GetFormatResult	NON_APPLICABLE_PLATFORM_BOUNDARY	DM1/CSB	docs/reference/audits/REDMCSB_MISSING_PLATFORM_BOUNDARIES.tsv	Amiga-host: Original Amiga device, interrupt, or display-host boundary; no portable runtime substitute is evidenced.
ReDMCSB	F0520_FLOPPY_GetSectorChecksum	NON_APPLICABLE_PLATFORM_BOUNDARY	DM1/CSB	docs/reference/audits/REDMCSB_MISSING_PLATFORM_BOUNDARIES.tsv	Amiga-host: Original Amiga device, interrupt, or display-host boundary; no portable runtime substitute is evidenced.
ReDMCSB	F0521_FLOPPY_GetIOError	NON_APPLICABLE_PLATFORM_BOUNDARY	DM1/CSB	docs/reference/audits/REDMCSB_MISSING_PLATFORM_BOUNDARIES.tsv	Amiga-host: Original Amiga device, interrupt, or display-host boundary; no portable runtime substitute is evidenced.
ReDMCSB	F0522_FLOPPY_SendDosPacket	NON_APPLICABLE_PLATFORM_BOUNDARY	DM1/CSB	docs/reference/audits/REDMCSB_MISSING_PLATFORM_BOUNDARIES.tsv	Amiga-host: Original Amiga device, interrupt, or display-host boundary; no portable runtime substitute is evidenced.
ReDMCSB	F0523_FLOPPY_InhibitFileSystem	NON_APPLICABLE_PLATFORM_BOUNDARY	DM1/CSB	docs/reference/audits/REDMCSB_MISSING_PLATFORM_BOUNDARIES.tsv	Amiga-host: Original Amiga device, interrupt, or display-host boundary; no portable runtime substitute is evidenced.
ReDMCSB	F0524_FLOPPY_OpenTrackdiskDevice	NON_APPLICABLE_PLATFORM_BOUNDARY	DM1/CSB	docs/reference/audits/REDMCSB_MISSING_PLATFORM_BOUNDARIES.tsv	Amiga-host: Original Amiga device, interrupt, or display-host boundary; no portable runtime substitute is evidenced.
ReDMCSB	F0525_FLOPPY_GetWriteProtectionState	NON_APPLICABLE_PLATFORM_BOUNDARY	DM1/CSB	docs/reference/audits/REDMCSB_MISSING_PLATFORM_BOUNDARIES.tsv	Amiga-host: Original Amiga device, interrupt, or display-host boundary; no portable runtime substitute is evidenced.
ReDMCSB	F0526_FLOPPY_DoTrackdiskDeviceIO	NON_APPLICABLE_PLATFORM_BOUNDARY	DM1/CSB	docs/reference/audits/REDMCSB_MISSING_PLATFORM_BOUNDARIES.tsv	Amiga-host: Original Amiga device, interrupt, or display-host boundary; no portable runtime substitute is evidenced.
ReDMCSB	F0529_FLOPPY_IsFloppyInDrive	NON_APPLICABLE_PLATFORM_BOUNDARY	DM1/CSB	docs/reference/audits/REDMCSB_MISSING_PLATFORM_BOUNDARIES.tsv	Amiga-host: Original Amiga device, interrupt, or display-host boundary; no portable runtime substitute is evidenced.
ReDMCSB	F0530_FLOPPY_DirectoryExists	NON_APPLICABLE_PLATFORM_BOUNDARY	DM1/CSB	docs/reference/audits/REDMCSB_MISSING_PLATFORM_BOUNDARIES.tsv	Amiga-host: Original Amiga device, interrupt, or display-host boundary; no portable runtime substitute is evidenced.
ReDMCSB	F0531_FLOPPY_CompareVolumeName	NON_APPLICABLE_PLATFORM_BOUNDARY	DM1/CSB	docs/reference/audits/REDMCSB_MISSING_PLATFORM_BOUNDARIES.tsv	Amiga-host: Original Amiga device, interrupt, or display-host boundary; no portable runtime substitute is evidenced.
ReDMCSB	F0532_FLOPPY_GetVolumeInfoData	NON_APPLICABLE_PLATFORM_BOUNDARY	DM1/CSB	docs/reference/audits/REDMCSB_MISSING_PLATFORM_BOUNDARIES.tsv	Amiga-host: Original Amiga device, interrupt, or display-host boundary; no portable runtime substitute is evidenced.
ReDMCSB	F0534_FLOPPY_GetFileSize	NON_APPLICABLE_PLATFORM_BOUNDARY	DM1/CSB	docs/reference/audits/REDMCSB_MISSING_PLATFORM_BOUNDARIES.tsv	Amiga-host: Original Amiga device, interrupt, or display-host boundary; no portable runtime substitute is evidenced.
ReDMCSB	F0567_COPYPROA_InitFloppyInterruptHandler_CPSX	NON_APPLICABLE_PLATFORM_BOUNDARY	DM1/CSB	docs/reference/audits/REDMCSB_MISSING_PLATFORM_BOUNDARIES.tsv	exception-R/E/S: Original exception/vector or assembly-stub entry; host scheduling and signal behavior cannot be substituted without an exact trace-backed contract.
ReDMCSB	F0568_COPYPROA_CleanupFloppyInterruptHandler_CPSX	NON_APPLICABLE_PLATFORM_BOUNDARY	DM1/CSB	docs/reference/audits/REDMCSB_MISSING_PLATFORM_BOUNDARIES.tsv	exception-R/E/S: Original exception/vector or assembly-stub entry; host scheduling and signal behavior cannot be substituted without an exact trace-backed contract.
ReDMCSB	F0569_COPYPROA_FloppyInterruptHandler_CPSX	NON_APPLICABLE_PLATFORM_BOUNDARY	DM1/CSB	docs/reference/audits/REDMCSB_MISSING_PLATFORM_BOUNDARIES.tsv	exception-R/E/S: Original exception/vector or assembly-stub entry; host scheduling and signal behavior cannot be substituted without an exact trace-backed contract.
ReDMCSB	F0571_COPYPROB_InitializeDiskChangeHandler_CPSX	NON_APPLICABLE_PLATFORM_BOUNDARY	DM1/CSB	docs/reference/audits/REDMCSB_MISSING_PLATFORM_BOUNDARIES.tsv	Amiga-host: Original Amiga device, interrupt, or display-host boundary; no portable runtime substitute is evidenced.
ReDMCSB	F0572_COPYPROB_ReleaseDiskChangeHandler_CPSX	NON_APPLICABLE_PLATFORM_BOUNDARY	DM1/CSB	docs/reference/audits/REDMCSB_MISSING_PLATFORM_BOUNDARIES.tsv	Amiga-host: Original Amiga device, interrupt, or display-host boundary; no portable runtime substitute is evidenced.
ReDMCSB	F0573_COPYPROB_DiskChangeHandler_CPSX	NON_APPLICABLE_PLATFORM_BOUNDARY	DM1/CSB	docs/reference/audits/REDMCSB_MISSING_PLATFORM_BOUNDARIES.tsv	Amiga-host: Original Amiga device, interrupt, or display-host boundary; no portable runtime substitute is evidenced.
ReDMCSB	F1065_SetExecBase	NON_APPLICABLE_PLATFORM_BOUNDARY	DM1/CSB	docs/reference/audits/REDMCSB_MISSING_PLATFORM_BOUNDARIES.tsv	Amiga-host: Original Amiga device, interrupt, or display-host boundary; no portable runtime substitute is evidenced.
ReDMCSB	F106_rzzz_	NON_APPLICABLE_PLATFORM_BOUNDARY	DM1/CSB	docs/reference/audits/REDMCSB_MISSING_PLATFORM_BOUNDARIES.tsv	Atari-ST-PRIM-ABI-alias: Atari ST/PRIM linker alias, not an independently callable portable behavior.
ReDMCSB	F1101_DetectDiskChange	NON_APPLICABLE_PLATFORM_BOUNDARY	DM1/CSB	docs/reference/audits/REDMCSB_MISSING_PLATFORM_BOUNDARIES.tsv	Amiga-host: Original Amiga device, interrupt, or display-host boundary; no portable runtime substitute is evidenced.
ReDMCSB	F1108_GetDiskChangeCounter	NON_APPLICABLE_PLATFORM_BOUNDARY	DM1/CSB	docs/reference/audits/REDMCSB_MISSING_PLATFORM_BOUNDARIES.tsv	Amiga-host: Original Amiga device, interrupt, or display-host boundary; no portable runtime substitute is evidenced.
ReDMCSB	F1110_DrawFormatProgressBar	NON_APPLICABLE_PLATFORM_BOUNDARY	DM1/CSB	docs/reference/audits/REDMCSB_MISSING_PLATFORM_BOUNDARIES.tsv	Amiga-host: Original Amiga device, interrupt, or display-host boundary; no portable runtime substitute is evidenced.
ReDMCSB	F1141_EnablePlayfieldDisplayAndCopper	NON_APPLICABLE_PLATFORM_BOUNDARY	DM1/CSB	docs/reference/audits/REDMCSB_MISSING_PLATFORM_BOUNDARIES.tsv	Amiga-host: Original Amiga device, interrupt, or display-host boundary; no portable runtime substitute is evidenced.
ReDMCSB	F134_zzzz_	NON_APPLICABLE_PLATFORM_BOUNDARY	DM1/CSB	docs/reference/audits/REDMCSB_MISSING_PLATFORM_BOUNDARIES.tsv	Atari-ST-PRIM-ABI-alias: Atari ST/PRIM linker alias, not an independently callable portable behavior.
ReDMCSB	F135_xzzz_	NON_APPLICABLE_PLATFORM_BOUNDARY	DM1/CSB	docs/reference/audits/REDMCSB_MISSING_PLATFORM_BOUNDARIES.tsv	Atari-ST-PRIM-ABI-alias: Atari ST/PRIM linker alias, not an independently callable portable behavior.
ReDMCSB	F145_rzzz_	NON_APPLICABLE_PLATFORM_BOUNDARY	DM1/CSB	docs/reference/audits/REDMCSB_MISSING_PLATFORM_BOUNDARIES.tsv	Atari-ST-PRIM-ABI-alias: Atari ST/PRIM linker alias, not an independently callable portable behavior.
ReDMCSB	F147_aawz_	NON_APPLICABLE_PLATFORM_BOUNDARY	DM1/CSB	docs/reference/audits/REDMCSB_MISSING_PLATFORM_BOUNDARIES.tsv	Atari-ST-PRIM-ABI-alias: Atari ST/PRIM linker alias, not an independently callable portable behavior.
ReDMCSB	F1534_CallAES	NON_APPLICABLE_PLATFORM_BOUNDARY	DM1/CSB	docs/reference/audits/REDMCSB_MISSING_PLATFORM_BOUNDARIES.tsv	AES: GEM AES trap ABI; Firestaff must use its host UI route rather than emulate the Atari application environment.
ReDMCSB	F1535_AES_appl_init	NON_APPLICABLE_PLATFORM_BOUNDARY	DM1/CSB	docs/reference/audits/REDMCSB_MISSING_PLATFORM_BOUNDARIES.tsv	AES: GEM AES trap ABI; Firestaff must use its host UI route rather than emulate the Atari application environment.
ReDMCSB	F1536_AES_appl_exit	NON_APPLICABLE_PLATFORM_BOUNDARY	DM1/CSB	docs/reference/audits/REDMCSB_MISSING_PLATFORM_BOUNDARIES.tsv	AES: GEM AES trap ABI; Firestaff must use its host UI route rather than emulate the Atari application environment.
ReDMCSB	F1537_AES_appl_write	NON_APPLICABLE_PLATFORM_BOUNDARY	DM1/CSB	docs/reference/audits/REDMCSB_MISSING_PLATFORM_BOUNDARIES.tsv	AES: GEM AES trap ABI; Firestaff must use its host UI route rather than emulate the Atari application environment.
ReDMCSB	F1538_AES_appl_read	NON_APPLICABLE_PLATFORM_BOUNDARY	DM1/CSB	docs/reference/audits/REDMCSB_MISSING_PLATFORM_BOUNDARIES.tsv	AES: GEM AES trap ABI; Firestaff must use its host UI route rather than emulate the Atari application environment.
ReDMCSB	F1539_AES_appl_find	NON_APPLICABLE_PLATFORM_BOUNDARY	DM1/CSB	docs/reference/audits/REDMCSB_MISSING_PLATFORM_BOUNDARIES.tsv	AES: GEM AES trap ABI; Firestaff must use its host UI route rather than emulate the Atari application environment.
ReDMCSB	F1540_AES_appl_tplay	NON_APPLICABLE_PLATFORM_BOUNDARY	DM1/CSB	docs/reference/audits/REDMCSB_MISSING_PLATFORM_BOUNDARIES.tsv	AES: GEM AES trap ABI; Firestaff must use its host UI route rather than emulate the Atari application environment.
ReDMCSB	F1541_AES_appl_trecord	NON_APPLICABLE_PLATFORM_BOUNDARY	DM1/CSB	docs/reference/audits/REDMCSB_MISSING_PLATFORM_BOUNDARIES.tsv	AES: GEM AES trap ABI; Firestaff must use its host UI route rather than emulate the Atari application environment.
ReDMCSB	F1542_AES_evnt_keybd	NON_APPLICABLE_PLATFORM_BOUNDARY	DM1/CSB	docs/reference/audits/REDMCSB_MISSING_PLATFORM_BOUNDARIES.tsv	AES: GEM AES trap ABI; Firestaff must use its host UI route rather than emulate the Atari application environment.
ReDMCSB	F1543_AES_evnt_button	NON_APPLICABLE_PLATFORM_BOUNDARY	DM1/CSB	docs/reference/audits/REDMCSB_MISSING_PLATFORM_BOUNDARIES.tsv	AES: GEM AES trap ABI; Firestaff must use its host UI route rather than emulate the Atari application environment.
ReDMCSB	F1544_AES_evnt_mouse	NON_APPLICABLE_PLATFORM_BOUNDARY	DM1/CSB	docs/reference/audits/REDMCSB_MISSING_PLATFORM_BOUNDARIES.tsv	AES: GEM AES trap ABI; Firestaff must use its host UI route rather than emulate the Atari application environment.
ReDMCSB	F1545_AES_evnt_mesag	NON_APPLICABLE_PLATFORM_BOUNDARY	DM1/CSB	docs/reference/audits/REDMCSB_MISSING_PLATFORM_BOUNDARIES.tsv	AES: GEM AES trap ABI; Firestaff must use its host UI route rather than emulate the Atari application environment.
ReDMCSB	F1546_AES_evnt_timer	NON_APPLICABLE_PLATFORM_BOUNDARY	DM1/CSB	docs/reference/audits/REDMCSB_MISSING_PLATFORM_BOUNDARIES.tsv	AES: GEM AES trap ABI; Firestaff must use its host UI route rather than emulate the Atari application environment.
ReDMCSB	F1547_AES_evnt_multi	NON_APPLICABLE_PLATFORM_BOUNDARY	DM1/CSB	docs/reference/audits/REDMCSB_MISSING_PLATFORM_BOUNDARIES.tsv	AES: GEM AES trap ABI; Firestaff must use its host UI route rather than emulate the Atari application environment.
ReDMCSB	F1548_AES_evnt_dclick	NON_APPLICABLE_PLATFORM_BOUNDARY	DM1/CSB	docs/reference/audits/REDMCSB_MISSING_PLATFORM_BOUNDARIES.tsv	AES: GEM AES trap ABI; Firestaff must use its host UI route rather than emulate the Atari application environment.
ReDMCSB	F1549_AES_menu_bar	NON_APPLICABLE_PLATFORM_BOUNDARY	DM1/CSB	docs/reference/audits/REDMCSB_MISSING_PLATFORM_BOUNDARIES.tsv	AES: GEM AES trap ABI; Firestaff must use its host UI route rather than emulate the Atari application environment.
ReDMCSB	F1550_AES_menu_icheck	NON_APPLICABLE_PLATFORM_BOUNDARY	DM1/CSB	docs/reference/audits/REDMCSB_MISSING_PLATFORM_BOUNDARIES.tsv	AES: GEM AES trap ABI; Firestaff must use its host UI route rather than emulate the Atari application environment.
ReDMCSB	F1551_AES_menu_ienable	NON_APPLICABLE_PLATFORM_BOUNDARY	DM1/CSB	docs/reference/audits/REDMCSB_MISSING_PLATFORM_BOUNDARIES.tsv	AES: GEM AES trap ABI; Firestaff must use its host UI route rather than emulate the Atari application environment.
ReDMCSB	F1552_AES_menu_tnormal	NON_APPLICABLE_PLATFORM_BOUNDARY	DM1/CSB	docs/reference/audits/REDMCSB_MISSING_PLATFORM_BOUNDARIES.tsv	AES: GEM AES trap ABI; Firestaff must use its host UI route rather than emulate the Atari application environment.
ReDMCSB	F1553_AES_menu_text	NON_APPLICABLE_PLATFORM_BOUNDARY	DM1/CSB	docs/reference/audits/REDMCSB_MISSING_PLATFORM_BOUNDARIES.tsv	AES: GEM AES trap ABI; Firestaff must use its host UI route rather than emulate the Atari application environment.
ReDMCSB	F1554_AES_menu_register	NON_APPLICABLE_PLATFORM_BOUNDARY	DM1/CSB	docs/reference/audits/REDMCSB_MISSING_PLATFORM_BOUNDARIES.tsv	AES: GEM AES trap ABI; Firestaff must use its host UI route rather than emulate the Atari application environment.
ReDMCSB	F1555_AES_objc_add	NON_APPLICABLE_PLATFORM_BOUNDARY	DM1/CSB	docs/reference/audits/REDMCSB_MISSING_PLATFORM_BOUNDARIES.tsv	AES: GEM AES trap ABI; Firestaff must use its host UI route rather than emulate the Atari application environment.
ReDMCSB	F1556_AES_objc_delete	NON_APPLICABLE_PLATFORM_BOUNDARY	DM1/CSB	docs/reference/audits/REDMCSB_MISSING_PLATFORM_BOUNDARIES.tsv	AES: GEM AES trap ABI; Firestaff must use its host UI route rather than emulate the Atari application environment.
ReDMCSB	F1557_AES_objc_draw	NON_APPLICABLE_PLATFORM_BOUNDARY	DM1/CSB	docs/reference/audits/REDMCSB_MISSING_PLATFORM_BOUNDARIES.tsv	AES: GEM AES trap ABI; Firestaff must use its host UI route rather than emulate the Atari application environment.
ReDMCSB	F1558_AES_objc_find	NON_APPLICABLE_PLATFORM_BOUNDARY	DM1/CSB	docs/reference/audits/REDMCSB_MISSING_PLATFORM_BOUNDARIES.tsv	AES: GEM AES trap ABI; Firestaff must use its host UI route rather than emulate the Atari application environment.
ReDMCSB	F1559_AES_objc_order	NON_APPLICABLE_PLATFORM_BOUNDARY	DM1/CSB	docs/reference/audits/REDMCSB_MISSING_PLATFORM_BOUNDARIES.tsv	AES: GEM AES trap ABI; Firestaff must use its host UI route rather than emulate the Atari application environment.
ReDMCSB	F1560_AES_objc_offset	NON_APPLICABLE_PLATFORM_BOUNDARY	DM1/CSB	docs/reference/audits/REDMCSB_MISSING_PLATFORM_BOUNDARIES.tsv	AES: GEM AES trap ABI; Firestaff must use its host UI route rather than emulate the Atari application environment.
ReDMCSB	F1561_AES_objc_edit	NON_APPLICABLE_PLATFORM_BOUNDARY	DM1/CSB	docs/reference/audits/REDMCSB_MISSING_PLATFORM_BOUNDARIES.tsv	AES: GEM AES trap ABI; Firestaff must use its host UI route rather than emulate the Atari application environment.
ReDMCSB	F1562_AES_objc_change	NON_APPLICABLE_PLATFORM_BOUNDARY	DM1/CSB	docs/reference/audits/REDMCSB_MISSING_PLATFORM_BOUNDARIES.tsv	AES: GEM AES trap ABI; Firestaff must use its host UI route rather than emulate the Atari application environment.
ReDMCSB	F1563_AES_form_do	NON_APPLICABLE_PLATFORM_BOUNDARY	DM1/CSB	docs/reference/audits/REDMCSB_MISSING_PLATFORM_BOUNDARIES.tsv	AES: GEM AES trap ABI; Firestaff must use its host UI route rather than emulate the Atari application environment.
ReDMCSB	F1564_AES_form_button	NON_APPLICABLE_PLATFORM_BOUNDARY	DM1/CSB	docs/reference/audits/REDMCSB_MISSING_PLATFORM_BOUNDARIES.tsv	AES: GEM AES trap ABI; Firestaff must use its host UI route rather than emulate the Atari application environment.
ReDMCSB	F1565_AES_form_keybd	NON_APPLICABLE_PLATFORM_BOUNDARY	DM1/CSB	docs/reference/audits/REDMCSB_MISSING_PLATFORM_BOUNDARIES.tsv	AES: GEM AES trap ABI; Firestaff must use its host UI route rather than emulate the Atari application environment.
ReDMCSB	F1566_AES_form_dial	NON_APPLICABLE_PLATFORM_BOUNDARY	DM1/CSB	docs/reference/audits/REDMCSB_MISSING_PLATFORM_BOUNDARIES.tsv	AES: GEM AES trap ABI; Firestaff must use its host UI route rather than emulate the Atari application environment.
ReDMCSB	F1567_AES_form_alert	NON_APPLICABLE_PLATFORM_BOUNDARY	DM1/CSB	docs/reference/audits/REDMCSB_MISSING_PLATFORM_BOUNDARIES.tsv	AES: GEM AES trap ABI; Firestaff must use its host UI route rather than emulate the Atari application environment.
ReDMCSB	F1568_AES_form_error	NON_APPLICABLE_PLATFORM_BOUNDARY	DM1/CSB	docs/reference/audits/REDMCSB_MISSING_PLATFORM_BOUNDARIES.tsv	AES: GEM AES trap ABI; Firestaff must use its host UI route rather than emulate the Atari application environment.
ReDMCSB	F1569_AES_form_center	NON_APPLICABLE_PLATFORM_BOUNDARY	DM1/CSB	docs/reference/audits/REDMCSB_MISSING_PLATFORM_BOUNDARIES.tsv	AES: GEM AES trap ABI; Firestaff must use its host UI route rather than emulate the Atari application environment.
ReDMCSB	F1570_AES_graf_rubberbox	NON_APPLICABLE_PLATFORM_BOUNDARY	DM1/CSB	docs/reference/audits/REDMCSB_MISSING_PLATFORM_BOUNDARIES.tsv	AES: GEM AES trap ABI; Firestaff must use its host UI route rather than emulate the Atari application environment.
ReDMCSB	F1571_AES_graf_dragbox	NON_APPLICABLE_PLATFORM_BOUNDARY	DM1/CSB	docs/reference/audits/REDMCSB_MISSING_PLATFORM_BOUNDARIES.tsv	AES: GEM AES trap ABI; Firestaff must use its host UI route rather than emulate the Atari application environment.
ReDMCSB	F1572_AES_graf_movebox	NON_APPLICABLE_PLATFORM_BOUNDARY	DM1/CSB	docs/reference/audits/REDMCSB_MISSING_PLATFORM_BOUNDARIES.tsv	AES: GEM AES trap ABI; Firestaff must use its host UI route rather than emulate the Atari application environment.
ReDMCSB	F1573_AES_graf_growbox	NON_APPLICABLE_PLATFORM_BOUNDARY	DM1/CSB	docs/reference/audits/REDMCSB_MISSING_PLATFORM_BOUNDARIES.tsv	AES: GEM AES trap ABI; Firestaff must use its host UI route rather than emulate the Atari application environment.
ReDMCSB	F1574_AES_graf_shrinkbox	NON_APPLICABLE_PLATFORM_BOUNDARY	DM1/CSB	docs/reference/audits/REDMCSB_MISSING_PLATFORM_BOUNDARIES.tsv	AES: GEM AES trap ABI; Firestaff must use its host UI route rather than emulate the Atari application environment.
ReDMCSB	F1575_AES_graf_watchbox	NON_APPLICABLE_PLATFORM_BOUNDARY	DM1/CSB	docs/reference/audits/REDMCSB_MISSING_PLATFORM_BOUNDARIES.tsv	AES: GEM AES trap ABI; Firestaff must use its host UI route rather than emulate the Atari application environment.
ReDMCSB	F1576_AES_graf_slidebox	NON_APPLICABLE_PLATFORM_BOUNDARY	DM1/CSB	docs/reference/audits/REDMCSB_MISSING_PLATFORM_BOUNDARIES.tsv	AES: GEM AES trap ABI; Firestaff must use its host UI route rather than emulate the Atari application environment.
ReDMCSB	F1577_AES_graf_handle	NON_APPLICABLE_PLATFORM_BOUNDARY	DM1/CSB	docs/reference/audits/REDMCSB_MISSING_PLATFORM_BOUNDARIES.tsv	AES: GEM AES trap ABI; Firestaff must use its host UI route rather than emulate the Atari application environment.
ReDMCSB	F1579_AES_graf_mkstate	NON_APPLICABLE_PLATFORM_BOUNDARY	DM1/CSB	docs/reference/audits/REDMCSB_MISSING_PLATFORM_BOUNDARIES.tsv	AES: GEM AES trap ABI; Firestaff must use its host UI route rather than emulate the Atari application environment.
ReDMCSB	F1580_AES_scrp_read	NON_APPLICABLE_PLATFORM_BOUNDARY	DM1/CSB	docs/reference/audits/REDMCSB_MISSING_PLATFORM_BOUNDARIES.tsv	AES: GEM AES trap ABI; Firestaff must use its host UI route rather than emulate the Atari application environment.
ReDMCSB	F1581_AES_scrp_write	NON_APPLICABLE_PLATFORM_BOUNDARY	DM1/CSB	docs/reference/audits/REDMCSB_MISSING_PLATFORM_BOUNDARIES.tsv	AES: GEM AES trap ABI; Firestaff must use its host UI route rather than emulate the Atari application environment.
ReDMCSB	F1582_AES_fsel_input	NON_APPLICABLE_PLATFORM_BOUNDARY	DM1/CSB	docs/reference/audits/REDMCSB_MISSING_PLATFORM_BOUNDARIES.tsv	AES: GEM AES trap ABI; Firestaff must use its host UI route rather than emulate the Atari application environment.
ReDMCSB	F1583_AES_wind_create	NON_APPLICABLE_PLATFORM_BOUNDARY	DM1/CSB	docs/reference/audits/REDMCSB_MISSING_PLATFORM_BOUNDARIES.tsv	AES: GEM AES trap ABI; Firestaff must use its host UI route rather than emulate the Atari application environment.
ReDMCSB	F1584_AES_wind_open	NON_APPLICABLE_PLATFORM_BOUNDARY	DM1/CSB	docs/reference/audits/REDMCSB_MISSING_PLATFORM_BOUNDARIES.tsv	AES: GEM AES trap ABI; Firestaff must use its host UI route rather than emulate the Atari application environment.
ReDMCSB	F1585_AES_wind_close	NON_APPLICABLE_PLATFORM_BOUNDARY	DM1/CSB	docs/reference/audits/REDMCSB_MISSING_PLATFORM_BOUNDARIES.tsv	AES: GEM AES trap ABI; Firestaff must use its host UI route rather than emulate the Atari application environment.
ReDMCSB	F1586_AES_wind_delete	NON_APPLICABLE_PLATFORM_BOUNDARY	DM1/CSB	docs/reference/audits/REDMCSB_MISSING_PLATFORM_BOUNDARIES.tsv	AES: GEM AES trap ABI; Firestaff must use its host UI route rather than emulate the Atari application environment.
ReDMCSB	F1587_AES_wind_get	NON_APPLICABLE_PLATFORM_BOUNDARY	DM1/CSB	docs/reference/audits/REDMCSB_MISSING_PLATFORM_BOUNDARIES.tsv	AES: GEM AES trap ABI; Firestaff must use its host UI route rather than emulate the Atari application environment.
ReDMCSB	F1588_AES_wind_set	NON_APPLICABLE_PLATFORM_BOUNDARY	DM1/CSB	docs/reference/audits/REDMCSB_MISSING_PLATFORM_BOUNDARIES.tsv	AES: GEM AES trap ABI; Firestaff must use its host UI route rather than emulate the Atari application environment.
ReDMCSB	F1589_AES_wind_find	NON_APPLICABLE_PLATFORM_BOUNDARY	DM1/CSB	docs/reference/audits/REDMCSB_MISSING_PLATFORM_BOUNDARIES.tsv	AES: GEM AES trap ABI; Firestaff must use its host UI route rather than emulate the Atari application environment.
ReDMCSB	F1590_AES_wind_update	NON_APPLICABLE_PLATFORM_BOUNDARY	DM1/CSB	docs/reference/audits/REDMCSB_MISSING_PLATFORM_BOUNDARIES.tsv	AES: GEM AES trap ABI; Firestaff must use its host UI route rather than emulate the Atari application environment.
ReDMCSB	F1591_AES_wind_calc	NON_APPLICABLE_PLATFORM_BOUNDARY	DM1/CSB	docs/reference/audits/REDMCSB_MISSING_PLATFORM_BOUNDARIES.tsv	AES: GEM AES trap ABI; Firestaff must use its host UI route rather than emulate the Atari application environment.
ReDMCSB	F1592_AES_rsrc_load	NON_APPLICABLE_PLATFORM_BOUNDARY	DM1/CSB	docs/reference/audits/REDMCSB_MISSING_PLATFORM_BOUNDARIES.tsv	AES: GEM AES trap ABI; Firestaff must use its host UI route rather than emulate the Atari application environment.
ReDMCSB	F1593_AES_rsrc_free	NON_APPLICABLE_PLATFORM_BOUNDARY	DM1/CSB	docs/reference/audits/REDMCSB_MISSING_PLATFORM_BOUNDARIES.tsv	AES: GEM AES trap ABI; Firestaff must use its host UI route rather than emulate the Atari application environment.
ReDMCSB	F1594_AES_rsrc_gaddr	NON_APPLICABLE_PLATFORM_BOUNDARY	DM1/CSB	docs/reference/audits/REDMCSB_MISSING_PLATFORM_BOUNDARIES.tsv	AES: GEM AES trap ABI; Firestaff must use its host UI route rather than emulate the Atari application environment.
ReDMCSB	F1595_AES_rsrc_saddr	NON_APPLICABLE_PLATFORM_BOUNDARY	DM1/CSB	docs/reference/audits/REDMCSB_MISSING_PLATFORM_BOUNDARIES.tsv	AES: GEM AES trap ABI; Firestaff must use its host UI route rather than emulate the Atari application environment.
ReDMCSB	F1596_AES_rsrc_obfix	NON_APPLICABLE_PLATFORM_BOUNDARY	DM1/CSB	docs/reference/audits/REDMCSB_MISSING_PLATFORM_BOUNDARIES.tsv	AES: GEM AES trap ABI; Firestaff must use its host UI route rather than emulate the Atari application environment.
ReDMCSB	F1597_AES_shel_read	NON_APPLICABLE_PLATFORM_BOUNDARY	DM1/CSB	docs/reference/audits/REDMCSB_MISSING_PLATFORM_BOUNDARIES.tsv	AES: GEM AES trap ABI; Firestaff must use its host UI route rather than emulate the Atari application environment.
ReDMCSB	F1598_AES_shel_write	NON_APPLICABLE_PLATFORM_BOUNDARY	DM1/CSB	docs/reference/audits/REDMCSB_MISSING_PLATFORM_BOUNDARIES.tsv	AES: GEM AES trap ABI; Firestaff must use its host UI route rather than emulate the Atari application environment.
ReDMCSB	F1599_AES_shel_get	NON_APPLICABLE_PLATFORM_BOUNDARY	DM1/CSB	docs/reference/audits/REDMCSB_MISSING_PLATFORM_BOUNDARIES.tsv	AES: GEM AES trap ABI; Firestaff must use its host UI route rather than emulate the Atari application environment.
ReDMCSB	F1600_AES_shel_put	NON_APPLICABLE_PLATFORM_BOUNDARY	DM1/CSB	docs/reference/audits/REDMCSB_MISSING_PLATFORM_BOUNDARIES.tsv	AES: GEM AES trap ABI; Firestaff must use its host UI route rather than emulate the Atari application environment.
ReDMCSB	F1601_AES_shel_find	NON_APPLICABLE_PLATFORM_BOUNDARY	DM1/CSB	docs/reference/audits/REDMCSB_MISSING_PLATFORM_BOUNDARIES.tsv	AES: GEM AES trap ABI; Firestaff must use its host UI route rather than emulate the Atari application environment.
ReDMCSB	F1602_AES_shel_envrn	NON_APPLICABLE_PLATFORM_BOUNDARY	DM1/CSB	docs/reference/audits/REDMCSB_MISSING_PLATFORM_BOUNDARIES.tsv	AES: GEM AES trap ABI; Firestaff must use its host UI route rather than emulate the Atari application environment.
ReDMCSB	F1608_VDI_v_opnwk	NON_APPLICABLE_PLATFORM_BOUNDARY	DM1/CSB	docs/reference/audits/REDMCSB_MISSING_PLATFORM_BOUNDARIES.tsv	VDI: GEM VDI workstation ABI; no source-backed portable graphics-call contract is present.
ReDMCSB	F1609_VDI_v_clswk	NON_APPLICABLE_PLATFORM_BOUNDARY	DM1/CSB	docs/reference/audits/REDMCSB_MISSING_PLATFORM_BOUNDARIES.tsv	VDI: GEM VDI workstation ABI; no source-backed portable graphics-call contract is present.
ReDMCSB	F1610_VDI_v_opnvwk	NON_APPLICABLE_PLATFORM_BOUNDARY	DM1/CSB	docs/reference/audits/REDMCSB_MISSING_PLATFORM_BOUNDARIES.tsv	VDI: GEM VDI workstation ABI; no source-backed portable graphics-call contract is present.
ReDMCSB	F1611_VDI_v_clsvwk	NON_APPLICABLE_PLATFORM_BOUNDARY	DM1/CSB	docs/reference/audits/REDMCSB_MISSING_PLATFORM_BOUNDARIES.tsv	VDI: GEM VDI workstation ABI; no source-backed portable graphics-call contract is present.
ReDMCSB	F1612_VDI_v_clrwk	NON_APPLICABLE_PLATFORM_BOUNDARY	DM1/CSB	docs/reference/audits/REDMCSB_MISSING_PLATFORM_BOUNDARIES.tsv	VDI: GEM VDI workstation ABI; no source-backed portable graphics-call contract is present.
ReDMCSB	F1613_VDI_v_updwk	NON_APPLICABLE_PLATFORM_BOUNDARY	DM1/CSB	docs/reference/audits/REDMCSB_MISSING_PLATFORM_BOUNDARIES.tsv	VDI: GEM VDI workstation ABI; no source-backed portable graphics-call contract is present.
ReDMCSB	F1614_VDI_vst_load_fonts	NON_APPLICABLE_PLATFORM_BOUNDARY	DM1/CSB	docs/reference/audits/REDMCSB_MISSING_PLATFORM_BOUNDARIES.tsv	VDI: GEM VDI workstation ABI; no source-backed portable graphics-call contract is present.
ReDMCSB	F1615_VDI_vst_unload_fonts	NON_APPLICABLE_PLATFORM_BOUNDARY	DM1/CSB	docs/reference/audits/REDMCSB_MISSING_PLATFORM_BOUNDARIES.tsv	VDI: GEM VDI workstation ABI; no source-backed portable graphics-call contract is present.
ReDMCSB	F1616_VDI_vs_clip	NON_APPLICABLE_PLATFORM_BOUNDARY	DM1/CSB	docs/reference/audits/REDMCSB_MISSING_PLATFORM_BOUNDARIES.tsv	VDI: GEM VDI workstation ABI; no source-backed portable graphics-call contract is present.
ReDMCSB	F1617_VDI_vsin_mode	NON_APPLICABLE_PLATFORM_BOUNDARY	DM1/CSB	docs/reference/audits/REDMCSB_MISSING_PLATFORM_BOUNDARIES.tsv	VDI: GEM VDI workstation ABI; no source-backed portable graphics-call contract is present.
ReDMCSB	F1618_VDI_vrq_locator	NON_APPLICABLE_PLATFORM_BOUNDARY	DM1/CSB	docs/reference/audits/REDMCSB_MISSING_PLATFORM_BOUNDARIES.tsv	VDI: GEM VDI workstation ABI; no source-backed portable graphics-call contract is present.
ReDMCSB	F1619_VDI_vrq_locator	NON_APPLICABLE_PLATFORM_BOUNDARY	DM1/CSB	docs/reference/audits/REDMCSB_MISSING_PLATFORM_BOUNDARIES.tsv	VDI: GEM VDI workstation ABI; no source-backed portable graphics-call contract is present.
ReDMCSB	F1620_VDI_vrq_valuator	NON_APPLICABLE_PLATFORM_BOUNDARY	DM1/CSB	docs/reference/audits/REDMCSB_MISSING_PLATFORM_BOUNDARIES.tsv	VDI: GEM VDI workstation ABI; no source-backed portable graphics-call contract is present.
ReDMCSB	F1621_VDI_vrq_valuator	NON_APPLICABLE_PLATFORM_BOUNDARY	DM1/CSB	docs/reference/audits/REDMCSB_MISSING_PLATFORM_BOUNDARIES.tsv	VDI: GEM VDI workstation ABI; no source-backed portable graphics-call contract is present.
ReDMCSB	F1622_VDI_vrq_choice	NON_APPLICABLE_PLATFORM_BOUNDARY	DM1/CSB	docs/reference/audits/REDMCSB_MISSING_PLATFORM_BOUNDARIES.tsv	VDI: GEM VDI workstation ABI; no source-backed portable graphics-call contract is present.
ReDMCSB	F1623_VDI_vrq_choice	NON_APPLICABLE_PLATFORM_BOUNDARY	DM1/CSB	docs/reference/audits/REDMCSB_MISSING_PLATFORM_BOUNDARIES.tsv	VDI: GEM VDI workstation ABI; no source-backed portable graphics-call contract is present.
ReDMCSB	F1624_VDI_vrq_string	NON_APPLICABLE_PLATFORM_BOUNDARY	DM1/CSB	docs/reference/audits/REDMCSB_MISSING_PLATFORM_BOUNDARIES.tsv	VDI: GEM VDI workstation ABI; no source-backed portable graphics-call contract is present.
ReDMCSB	F1625_VDI_vrq_string	NON_APPLICABLE_PLATFORM_BOUNDARY	DM1/CSB	docs/reference/audits/REDMCSB_MISSING_PLATFORM_BOUNDARIES.tsv	VDI: GEM VDI workstation ABI; no source-backed portable graphics-call contract is present.
ReDMCSB	F1626_VDI_vsc_form	NON_APPLICABLE_PLATFORM_BOUNDARY	DM1/CSB	docs/reference/audits/REDMCSB_MISSING_PLATFORM_BOUNDARIES.tsv	VDI: GEM VDI workstation ABI; no source-backed portable graphics-call contract is present.
ReDMCSB	F1627_VDI_vex_timv	NON_APPLICABLE_PLATFORM_BOUNDARY	DM1/CSB	docs/reference/audits/REDMCSB_MISSING_PLATFORM_BOUNDARIES.tsv	VDI: GEM VDI workstation ABI; no source-backed portable graphics-call contract is present.
ReDMCSB	F1633_VDI_vex_curv	NON_APPLICABLE_PLATFORM_BOUNDARY	DM1/CSB	docs/reference/audits/REDMCSB_MISSING_PLATFORM_BOUNDARIES.tsv	VDI: GEM VDI workstation ABI; no source-backed portable graphics-call contract is present.
ReDMCSB	F1634_VDI_vq_key_s	NON_APPLICABLE_PLATFORM_BOUNDARY	DM1/CSB	docs/reference/audits/REDMCSB_MISSING_PLATFORM_BOUNDARIES.tsv	VDI: GEM VDI workstation ABI; no source-backed portable graphics-call contract is present.
ReDMCSB	F1635_VDI_v_curhome	NON_APPLICABLE_PLATFORM_BOUNDARY	DM1/CSB	docs/reference/audits/REDMCSB_MISSING_PLATFORM_BOUNDARIES.tsv	VDI: GEM VDI workstation ABI; no source-backed portable graphics-call contract is present.
ReDMCSB	F1685_InstallMouseInterruptHandler	NON_APPLICABLE_PLATFORM_BOUNDARY	DM1/CSB	docs/reference/audits/REDMCSB_MISSING_PLATFORM_BOUNDARIES.tsv	exception-R/E/S: Original exception/vector or assembly-stub entry; host scheduling and signal behavior cannot be substituted without an exact trace-backed contract.
ReDMCSB	F1687_UninstallMouseInterruptHandler	NON_APPLICABLE_PLATFORM_BOUNDARY	DM1/CSB	docs/reference/audits/REDMCSB_MISSING_PLATFORM_BOUNDARIES.tsv	exception-R/E/S: Original exception/vector or assembly-stub entry; host scheduling and signal behavior cannot be substituted without an exact trace-backed contract.
ReDMCSB	F182_aqzz_	NON_APPLICABLE_PLATFORM_BOUNDARY	DM1/CSB	docs/reference/audits/REDMCSB_MISSING_PLATFORM_BOUNDARIES.tsv	Atari-ST-PRIM-ABI-alias: Atari ST/PRIM linker alias, not an independently callable portable behavior.
ReDMCSB	F195_akzz_	NON_APPLICABLE_PLATFORM_BOUNDARY	DM1/CSB	docs/reference/audits/REDMCSB_MISSING_PLATFORM_BOUNDARIES.tsv	Atari-ST-PRIM-ABI-alias: Atari ST/PRIM linker alias, not an independently callable portable behavior.
ReDMCSB	F196_aozz_	NON_APPLICABLE_PLATFORM_BOUNDARY	DM1/CSB	docs/reference/audits/REDMCSB_MISSING_PLATFORM_BOUNDARIES.tsv	Atari-ST-PRIM-ABI-alias: Atari ST/PRIM linker alias, not an independently callable portable behavior.
ReDMCSB	F218_ezzz_	NON_APPLICABLE_PLATFORM_BOUNDARY	DM1/CSB	docs/reference/audits/REDMCSB_MISSING_PLATFORM_BOUNDARIES.tsv	Atari-ST-PRIM-ABI-alias: Atari ST/PRIM linker alias, not an independently callable portable behavior.
ReDMCSB	F227_qzzz_	NON_APPLICABLE_PLATFORM_BOUNDARY	DM1/CSB	docs/reference/audits/REDMCSB_MISSING_PLATFORM_BOUNDARIES.tsv	Atari-ST-PRIM-ABI-alias: Atari ST/PRIM linker alias, not an independently callable portable behavior.
ReDMCSB	F461_AA08_	NON_APPLICABLE_PLATFORM_BOUNDARY	DM1/CSB	docs/reference/audits/REDMCSB_MISSING_PLATFORM_BOUNDARIES.tsv	Atari-ST-PRIM-ABI-alias: Atari ST/PRIM linker alias, not an independently callable portable behavior.
ReDMCSB	F468_ozzz_	NON_APPLICABLE_PLATFORM_BOUNDARY	DM1/CSB	docs/reference/audits/REDMCSB_MISSING_PLATFORM_BOUNDARIES.tsv	Atari-ST-PRIM-ABI-alias: Atari ST/PRIM linker alias, not an independently callable portable behavior.
ReDMCSB	F469_rzzz_	NON_APPLICABLE_PLATFORM_BOUNDARY	DM1/CSB	docs/reference/audits/REDMCSB_MISSING_PLATFORM_BOUNDARIES.tsv	Atari-ST-PRIM-ABI-alias: Atari ST/PRIM linker alias, not an independently callable portable behavior.
ReDMCSB	F470_xzzz_	NON_APPLICABLE_PLATFORM_BOUNDARY	DM1/CSB	docs/reference/audits/REDMCSB_MISSING_PLATFORM_BOUNDARIES.tsv	Atari-ST-PRIM-ABI-alias: Atari ST/PRIM linker alias, not an independently callable portable behavior.
ReDMCSB	F480_AA07_	NON_APPLICABLE_PLATFORM_BOUNDARY	DM1/CSB	docs/reference/audits/REDMCSB_MISSING_PLATFORM_BOUNDARIES.tsv	Atari-ST-PRIM-ABI-alias: Atari ST/PRIM linker alias, not an independently callable portable behavior.
ReDMCSB	R0138_CPSEF_HiddenCodeLauncher	NON_APPLICABLE_PLATFORM_BOUNDARY	DM1/CSB	docs/reference/audits/REDMCSB_MISSING_PLATFORM_BOUNDARIES.tsv	exception-R/E/S: Original exception/vector or assembly-stub entry; host scheduling and signal behavior cannot be substituted without an exact trace-backed contract.
ReDMCSB	R138_lzzz_	NON_APPLICABLE_PLATFORM_BOUNDARY	DM1/CSB	docs/reference/audits/REDMCSB_MISSING_PLATFORM_BOUNDARIES.tsv	exception-R/E/S: Original exception/vector or assembly-stub entry; host scheduling and signal behavior cannot be substituted without an exact trace-backed contract.
ReDMCSB	S0016_MAIN_DrawMousePointerHiddenScreenAreaIfNecessary_CPSDF	NON_APPLICABLE_PLATFORM_BOUNDARY	DM1/CSB	docs/reference/audits/REDMCSB_MISSING_PLATFORM_BOUNDARIES.tsv	exception-R/E/S: Original exception/vector or assembly-stub entry; host scheduling and signal behavior cannot be substituted without an exact trace-backed contract.
ReDMCSB	S0059_TOS_SetException257Vector_CriticalError	NON_APPLICABLE_PLATFORM_BOUNDARY	DM1/CSB	docs/reference/audits/REDMCSB_MISSING_PLATFORM_BOUNDARIES.tsv	exception-R/E/S: Original exception/vector or assembly-stub entry; host scheduling and signal behavior cannot be substituted without an exact trace-backed contract.
ReDMCSB	S0072_MOUSE_DrawPointerHiddenScreenArea	NON_APPLICABLE_PLATFORM_BOUNDARY	DM1/CSB	docs/reference/audits/REDMCSB_MISSING_PLATFORM_BOUNDARIES.tsv	exception-R/E/S: Original exception/vector or assembly-stub entry; host scheduling and signal behavior cannot be substituted without an exact trace-backed contract.
ReDMCSB	S0542_INPUT_DeviceInterruptStub	NON_APPLICABLE_PLATFORM_BOUNDARY	DM1/CSB	docs/reference/audits/REDMCSB_MISSING_PLATFORM_BOUNDARIES.tsv	exception-R/E/S: Original exception/vector or assembly-stub entry; host scheduling and signal behavior cannot be substituted without an exact trace-backed contract.
ReDMCSB	S0570_COPYPROA_IntHandlerStub_CPSX	NON_APPLICABLE_PLATFORM_BOUNDARY	DM1/CSB	docs/reference/audits/REDMCSB_MISSING_PLATFORM_BOUNDARIES.tsv	exception-R/E/S: Original exception/vector or assembly-stub entry; host scheduling and signal behavior cannot be substituted without an exact trace-backed contract.
ReDMCSB	S0574_COPYPROB_DiskChangeStub_CPSX	NON_APPLICABLE_PLATFORM_BOUNDARY	DM1/CSB	docs/reference/audits/REDMCSB_MISSING_PLATFORM_BOUNDARIES.tsv	exception-R/E/S: Original exception/vector or assembly-stub entry; host scheduling and signal behavior cannot be substituted without an exact trace-backed contract.
ReDMCSB	S0578_VerticalBlank_HandlerStub	NON_APPLICABLE_PLATFORM_BOUNDARY	DM1/CSB	docs/reference/audits/REDMCSB_MISSING_PLATFORM_BOUNDARIES.tsv	exception-R/E/S: Original exception/vector or assembly-stub entry; host scheduling and signal behavior cannot be substituted without an exact trace-backed contract.
ReDMCSB	S059_aaac_	NON_APPLICABLE_PLATFORM_BOUNDARY	DM1/CSB	docs/reference/audits/REDMCSB_MISSING_PLATFORM_BOUNDARIES.tsv	exception-R/E/S: Original exception/vector or assembly-stub entry; host scheduling and signal behavior cannot be substituted without an exact trace-backed contract.
ReDMCSB	E061_aAA6_	NON_APPLICABLE_PLATFORM_ALIAS	DM1/CSB	docs/reference/audits/REDMCSB_CALLABLE_SYMBOL_FULL_AUDIT.tsv	Atari ST/PRIM ABI alias at ATARIST.H:5; not an independently callable portable Firestaff runtime symbol.
ReDMCSB	F003_aaaS_	NON_APPLICABLE_PLATFORM_ALIAS	DM1/CSB	docs/reference/audits/REDMCSB_CALLABLE_SYMBOL_FULL_AUDIT.tsv	Atari ST/PRIM ABI alias at ATARIST.H:6; not an independently callable portable Firestaff runtime symbol.
ReDMCSB	F006_aamz_	NON_APPLICABLE_PLATFORM_ALIAS	DM1/CSB	docs/reference/audits/REDMCSB_CALLABLE_SYMBOL_FULL_AUDIT.tsv	Atari ST/PRIM ABI alias at ATARIST.H:7; not an independently callable portable Firestaff runtime symbol.
ReDMCSB	F007_aAA7_	NON_APPLICABLE_PLATFORM_ALIAS	DM1/CSB	docs/reference/audits/REDMCSB_CALLABLE_SYMBOL_FULL_AUDIT.tsv	Atari ST/PRIM ABI alias at ATARIST.H:8; not an independently callable portable Firestaff runtime symbol.
ReDMCSB	F008_aA19_	NON_APPLICABLE_PLATFORM_ALIAS	DM1/CSB	docs/reference/audits/REDMCSB_CALLABLE_SYMBOL_FULL_AUDIT.tsv	Atari ST/PRIM ABI alias at ATARIST.H:9; not an independently callable portable Firestaff runtime symbol.
ReDMCSB	F009_aA49_	NON_APPLICABLE_PLATFORM_ALIAS	DM1/CSB	docs/reference/audits/REDMCSB_CALLABLE_SYMBOL_FULL_AUDIT.tsv	Atari ST/PRIM ABI alias at ATARIST.H:10; not an independently callable portable Firestaff runtime symbol.
ReDMCSB	F010_aAA7_	NON_APPLICABLE_PLATFORM_ALIAS	DM1/CSB	docs/reference/audits/REDMCSB_CALLABLE_SYMBOL_FULL_AUDIT.tsv	Atari ST/PRIM ABI alias at ATARIST.H:11; not an independently callable portable Firestaff runtime symbol.
ReDMCSB	F020_aAA5_	NON_APPLICABLE_PLATFORM_ALIAS	DM1/CSB	docs/reference/audits/REDMCSB_CALLABLE_SYMBOL_FULL_AUDIT.tsv	Atari ST/PRIM ABI alias at ATARIST.H:14; not an independently callable portable Firestaff runtime symbol.
ReDMCSB	F021_a002_	NON_APPLICABLE_PLATFORM_ALIAS	DM1/CSB	docs/reference/audits/REDMCSB_CALLABLE_SYMBOL_FULL_AUDIT.tsv	Atari ST/PRIM ABI alias at ATARIST.H:15; not an independently callable portable Firestaff runtime symbol.
ReDMCSB	F022_aaaU_	NON_APPLICABLE_PLATFORM_ALIAS	DM1/CSB	docs/reference/audits/REDMCSB_CALLABLE_SYMBOL_FULL_AUDIT.tsv	Atari ST/PRIM ABI alias at ATARIST.H:16; not an independently callable portable Firestaff runtime symbol.
ReDMCSB	F023_aarz_	NON_APPLICABLE_PLATFORM_ALIAS	DM1/CSB	docs/reference/audits/REDMCSB_CALLABLE_SYMBOL_FULL_AUDIT.tsv	Atari ST/PRIM ABI alias at ATARIST.H:17; not an independently callable portable Firestaff runtime symbol.
ReDMCSB	F024_aatz_	NON_APPLICABLE_PLATFORM_ALIAS	DM1/CSB	docs/reference/audits/REDMCSB_CALLABLE_SYMBOL_FULL_AUDIT.tsv	Atari ST/PRIM ABI alias at ATARIST.H:18; not an independently callable portable Firestaff runtime symbol.
ReDMCSB	F025_aatz_	NON_APPLICABLE_PLATFORM_ALIAS	DM1/CSB	docs/reference/audits/REDMCSB_CALLABLE_SYMBOL_FULL_AUDIT.tsv	Atari ST/PRIM ABI alias at ATARIST.H:19; not an independently callable portable Firestaff runtime symbol.
ReDMCSB	F026_a003_	NON_APPLICABLE_PLATFORM_ALIAS	DM1/CSB	docs/reference/audits/REDMCSB_CALLABLE_SYMBOL_FULL_AUDIT.tsv	Atari ST/PRIM ABI alias at ATARIST.H:20; not an independently callable portable Firestaff runtime symbol.
ReDMCSB	F027_AA59_	NON_APPLICABLE_PLATFORM_ALIAS	DM1/CSB	docs/reference/audits/REDMCSB_CALLABLE_SYMBOL_FULL_AUDIT.tsv	Atari ST/PRIM ABI alias at ATARIST.H:21; not an independently callable portable Firestaff runtime symbol.
ReDMCSB	F028_a000_	NON_APPLICABLE_PLATFORM_ALIAS	DM1/CSB	docs/reference/audits/REDMCSB_CALLABLE_SYMBOL_FULL_AUDIT.tsv	Atari ST/PRIM ABI alias at ATARIST.H:22; not an independently callable portable Firestaff runtime symbol.
ReDMCSB	F029_AA19_	NON_APPLICABLE_PLATFORM_ALIAS	DM1/CSB	docs/reference/audits/REDMCSB_CALLABLE_SYMBOL_FULL_AUDIT.tsv	Atari ST/PRIM ABI alias at ATARIST.H:23; not an independently callable portable Firestaff runtime symbol.
ReDMCSB	F030_aaaW_	NON_APPLICABLE_PLATFORM_ALIAS	DM1/CSB	docs/reference/audits/REDMCSB_CALLABLE_SYMBOL_FULL_AUDIT.tsv	Atari ST/PRIM ABI alias at ATARIST.H:24; not an independently callable portable Firestaff runtime symbol.
ReDMCSB	F031_aAA2_	NON_APPLICABLE_PLATFORM_ALIAS	DM1/CSB	docs/reference/audits/REDMCSB_CALLABLE_SYMBOL_FULL_AUDIT.tsv	Atari ST/PRIM ABI alias at ATARIST.H:25; not an independently callable portable Firestaff runtime symbol.
ReDMCSB	F032_aaaY_	NON_APPLICABLE_PLATFORM_ALIAS	DM1/CSB	docs/reference/audits/REDMCSB_CALLABLE_SYMBOL_FULL_AUDIT.tsv	Atari ST/PRIM ABI alias at ATARIST.H:26; not an independently callable portable Firestaff runtime symbol.
ReDMCSB	F033_aaaz_	NON_APPLICABLE_PLATFORM_ALIAS	DM1/CSB	docs/reference/audits/REDMCSB_CALLABLE_SYMBOL_FULL_AUDIT.tsv	Atari ST/PRIM ABI alias at ATARIST.H:27; not an independently callable portable Firestaff runtime symbol.
ReDMCSB	F034_aaau_	NON_APPLICABLE_PLATFORM_ALIAS	DM1/CSB	docs/reference/audits/REDMCSB_CALLABLE_SYMBOL_FULL_AUDIT.tsv	Atari ST/PRIM ABI alias at ATARIST.H:28; not an independently callable portable Firestaff runtime symbol.
ReDMCSB	F036_aA19_	NON_APPLICABLE_PLATFORM_ALIAS	DM1/CSB	docs/reference/audits/REDMCSB_CALLABLE_SYMBOL_FULL_AUDIT.tsv	Atari ST/PRIM ABI alias at ATARIST.H:30; not an independently callable portable Firestaff runtime symbol.
ReDMCSB	F037_aA29_	NON_APPLICABLE_PLATFORM_ALIAS	DM1/CSB	docs/reference/audits/REDMCSB_CALLABLE_SYMBOL_FULL_AUDIT.tsv	Atari ST/PRIM ABI alias at ATARIST.H:31; not an independently callable portable Firestaff runtime symbol.
ReDMCSB	F038_AA07_	NON_APPLICABLE_PLATFORM_ALIAS	DM1/CSB	docs/reference/audits/REDMCSB_CALLABLE_SYMBOL_FULL_AUDIT.tsv	Atari ST/PRIM ABI alias at ATARIST.H:32; not an independently callable portable Firestaff runtime symbol.
ReDMCSB	F039_aaaL_	NON_APPLICABLE_PLATFORM_ALIAS	DM1/CSB	docs/reference/audits/REDMCSB_CALLABLE_SYMBOL_FULL_AUDIT.tsv	Atari ST/PRIM ABI alias at ATARIST.H:33; not an independently callable portable Firestaff runtime symbol.
ReDMCSB	F040_aacZ_	NON_APPLICABLE_PLATFORM_ALIAS	DM1/CSB	docs/reference/audits/REDMCSB_CALLABLE_SYMBOL_FULL_AUDIT.tsv	Atari ST/PRIM ABI alias at ATARIST.H:34; not an independently callable portable Firestaff runtime symbol.
ReDMCSB	F041_aadZ_	NON_APPLICABLE_PLATFORM_ALIAS	DM1/CSB	docs/reference/audits/REDMCSB_CALLABLE_SYMBOL_FULL_AUDIT.tsv	Atari ST/PRIM ABI alias at ATARIST.H:35; not an independently callable portable Firestaff runtime symbol.
ReDMCSB	F043_aahz_	NON_APPLICABLE_PLATFORM_ALIAS	DM1/CSB	docs/reference/audits/REDMCSB_CALLABLE_SYMBOL_FULL_AUDIT.tsv	Atari ST/PRIM ABI alias at ATARIST.H:36; not an independently callable portable Firestaff runtime symbol.
ReDMCSB	F047_xzzz_	NON_APPLICABLE_PLATFORM_ALIAS	DM1/CSB	docs/reference/audits/REDMCSB_CALLABLE_SYMBOL_FULL_AUDIT.tsv	Atari ST/PRIM ABI alias at ATARIST.H:37; not an independently callable portable Firestaff runtime symbol.
ReDMCSB	F051_AA19_	NON_APPLICABLE_PLATFORM_ALIAS	DM1/CSB	docs/reference/audits/REDMCSB_CALLABLE_SYMBOL_FULL_AUDIT.tsv	Atari ST/PRIM ABI alias at ATARIST.H:38; not an independently callable portable Firestaff runtime symbol.
ReDMCSB	F052_aaoz_	NON_APPLICABLE_PLATFORM_ALIAS	DM1/CSB	docs/reference/audits/REDMCSB_CALLABLE_SYMBOL_FULL_AUDIT.tsv	Atari ST/PRIM ABI alias at ATARIST.H:39; not an independently callable portable Firestaff runtime symbol.
ReDMCSB	F053_aajz_	NON_APPLICABLE_PLATFORM_ALIAS	DM1/CSB	docs/reference/audits/REDMCSB_CALLABLE_SYMBOL_FULL_AUDIT.tsv	Atari ST/PRIM ABI alias at ATARIST.H:40; not an independently callable portable Firestaff runtime symbol.
ReDMCSB	F054_aAA1_	NON_APPLICABLE_PLATFORM_ALIAS	DM1/CSB	docs/reference/audits/REDMCSB_CALLABLE_SYMBOL_FULL_AUDIT.tsv	Atari ST/PRIM ABI alias at ATARIST.H:41; not an independently callable portable Firestaff runtime symbol.
ReDMCSB	F060_AA29_	NON_APPLICABLE_PLATFORM_ALIAS	DM1/CSB	docs/reference/audits/REDMCSB_CALLABLE_SYMBOL_FULL_AUDIT.tsv	Atari ST/PRIM ABI alias at ATARIST.H:42; not an independently callable portable Firestaff runtime symbol.
ReDMCSB	F062_aalz_	NON_APPLICABLE_PLATFORM_ALIAS	DM1/CSB	docs/reference/audits/REDMCSB_CALLABLE_SYMBOL_FULL_AUDIT.tsv	Atari ST/PRIM ABI alias at ATARIST.H:43; not an independently callable portable Firestaff runtime symbol.
ReDMCSB	F063_aA05_	NON_APPLICABLE_PLATFORM_ALIAS	DM1/CSB	docs/reference/audits/REDMCSB_CALLABLE_SYMBOL_FULL_AUDIT.tsv	Atari ST/PRIM ABI alias at ATARIST.H:44; not an independently callable portable Firestaff runtime symbol.
ReDMCSB	F064_aadz_	NON_APPLICABLE_PLATFORM_ALIAS	DM1/CSB	docs/reference/audits/REDMCSB_CALLABLE_SYMBOL_FULL_AUDIT.tsv	Atari ST/PRIM ABI alias at ATARIST.H:45; not an independently callable portable Firestaff runtime symbol.
ReDMCSB	F065_aanz_	NON_APPLICABLE_PLATFORM_ALIAS	DM1/CSB	docs/reference/audits/REDMCSB_CALLABLE_SYMBOL_FULL_AUDIT.tsv	Atari ST/PRIM ABI alias at ATARIST.H:46; not an independently callable portable Firestaff runtime symbol.
ReDMCSB	F066_aalz_	NON_APPLICABLE_PLATFORM_ALIAS	DM1/CSB	docs/reference/audits/REDMCSB_CALLABLE_SYMBOL_FULL_AUDIT.tsv	Atari ST/PRIM ABI alias at ATARIST.H:47; not an independently callable portable Firestaff runtime symbol.
ReDMCSB	F067_aaat_	NON_APPLICABLE_PLATFORM_ALIAS	DM1/CSB	docs/reference/audits/REDMCSB_CALLABLE_SYMBOL_FULL_AUDIT.tsv	Atari ST/PRIM ABI alias at ATARIST.H:48; not an independently callable portable Firestaff runtime symbol.
ReDMCSB	F068_aagz_	NON_APPLICABLE_PLATFORM_ALIAS	DM1/CSB	docs/reference/audits/REDMCSB_CALLABLE_SYMBOL_FULL_AUDIT.tsv	Atari ST/PRIM ABI alias at ATARIST.H:49; not an independently callable portable Firestaff runtime symbol.
ReDMCSB	F069_aaaL_	NON_APPLICABLE_PLATFORM_ALIAS	DM1/CSB	docs/reference/audits/REDMCSB_CALLABLE_SYMBOL_FULL_AUDIT.tsv	Atari ST/PRIM ABI alias at ATARIST.H:50; not an independently callable portable Firestaff runtime symbol.
ReDMCSB	F070_aajz_	NON_APPLICABLE_PLATFORM_ALIAS	DM1/CSB	docs/reference/audits/REDMCSB_CALLABLE_SYMBOL_FULL_AUDIT.tsv	Atari ST/PRIM ABI alias at ATARIST.H:51; not an independently callable portable Firestaff runtime symbol.
ReDMCSB	F075_xxxx_	NON_APPLICABLE_PLATFORM_ALIAS	DM1/CSB	docs/reference/audits/REDMCSB_CALLABLE_SYMBOL_FULL_AUDIT.tsv	Atari ST/PRIM ABI alias at ATARIST.H:52; not an independently callable portable Firestaff runtime symbol.
ReDMCSB	F076_xxxx_	NON_APPLICABLE_PLATFORM_ALIAS	DM1/CSB	docs/reference/audits/REDMCSB_CALLABLE_SYMBOL_FULL_AUDIT.tsv	Atari ST/PRIM ABI alias at ATARIST.H:53; not an independently callable portable Firestaff runtime symbol.
ReDMCSB	F077_aA39_	NON_APPLICABLE_PLATFORM_ALIAS	DM1/CSB	docs/reference/audits/REDMCSB_CALLABLE_SYMBOL_FULL_AUDIT.tsv	Atari ST/PRIM ABI alias at ATARIST.H:54; not an independently callable portable Firestaff runtime symbol.
ReDMCSB	F078_xzzz_	NON_APPLICABLE_PLATFORM_ALIAS	DM1/CSB	docs/reference/audits/REDMCSB_CALLABLE_SYMBOL_FULL_AUDIT.tsv	Atari ST/PRIM ABI alias at ATARIST.H:55; not an independently callable portable Firestaff runtime symbol.
ReDMCSB	F079_a002_	NON_APPLICABLE_PLATFORM_ALIAS	DM1/CSB	docs/reference/audits/REDMCSB_CALLABLE_SYMBOL_FULL_AUDIT.tsv	Atari ST/PRIM ABI alias at ATARIST.H:56; not an independently callable portable Firestaff runtime symbol.
ReDMCSB	F094_mzzz_	NON_APPLICABLE_PLATFORM_ALIAS	DM1/CSB	docs/reference/audits/REDMCSB_CALLABLE_SYMBOL_FULL_AUDIT.tsv	Atari ST/PRIM ABI alias at ATARIST.H:57; not an independently callable portable Firestaff runtime symbol.
ReDMCSB	F095_izzz_	NON_APPLICABLE_PLATFORM_ALIAS	DM1/CSB	docs/reference/audits/REDMCSB_CALLABLE_SYMBOL_FULL_AUDIT.tsv	Atari ST/PRIM ABI alias at ATARIST.H:58; not an independently callable portable Firestaff runtime symbol.
ReDMCSB	F096_qzzz_	NON_APPLICABLE_PLATFORM_ALIAS	DM1/CSB	docs/reference/audits/REDMCSB_CALLABLE_SYMBOL_FULL_AUDIT.tsv	Atari ST/PRIM ABI alias at ATARIST.H:59; not an independently callable portable Firestaff runtime symbol.
ReDMCSB	F097_lzzz_	NON_APPLICABLE_PLATFORM_ALIAS	DM1/CSB	docs/reference/audits/REDMCSB_CALLABLE_SYMBOL_FULL_AUDIT.tsv	Atari ST/PRIM ABI alias at ATARIST.H:60; not an independently callable portable Firestaff runtime symbol.
ReDMCSB	F098_rzzz_	NON_APPLICABLE_PLATFORM_ALIAS	DM1/CSB	docs/reference/audits/REDMCSB_CALLABLE_SYMBOL_FULL_AUDIT.tsv	Atari ST/PRIM ABI alias at ATARIST.H:61; not an independently callable portable Firestaff runtime symbol.
ReDMCSB	F128_rzzz_	NON_APPLICABLE_PLATFORM_ALIAS	DM1/CSB	docs/reference/audits/REDMCSB_CALLABLE_SYMBOL_FULL_AUDIT.tsv	Atari ST/PRIM ABI alias at ATARIST.H:63; not an independently callable portable Firestaff runtime symbol.
ReDMCSB	F129_szzz_	NON_APPLICABLE_PLATFORM_ALIAS	DM1/CSB	docs/reference/audits/REDMCSB_CALLABLE_SYMBOL_FULL_AUDIT.tsv	Atari ST/PRIM ABI alias at ATARIST.H:64; not an independently callable portable Firestaff runtime symbol.
ReDMCSB	F132_xzzz_	NON_APPLICABLE_PLATFORM_ALIAS	DM1/CSB	docs/reference/audits/REDMCSB_CALLABLE_SYMBOL_FULL_AUDIT.tsv	Atari ST/PRIM ABI alias at ATARIST.H:65; not an independently callable portable Firestaff runtime symbol.
ReDMCSB	F136_nzzz_	NON_APPLICABLE_PLATFORM_ALIAS	DM1/CSB	docs/reference/audits/REDMCSB_CALLABLE_SYMBOL_FULL_AUDIT.tsv	Atari ST/PRIM ABI alias at ATARIST.H:68; not an independently callable portable Firestaff runtime symbol.
ReDMCSB	F137_pzzz_	NON_APPLICABLE_PLATFORM_ALIAS	DM1/CSB	docs/reference/audits/REDMCSB_CALLABLE_SYMBOL_FULL_AUDIT.tsv	Atari ST/PRIM ABI alias at ATARIST.H:69; not an independently callable portable Firestaff runtime symbol.
ReDMCSB	F139_aqzz_	NON_APPLICABLE_PLATFORM_ALIAS	DM1/CSB	docs/reference/audits/REDMCSB_CALLABLE_SYMBOL_FULL_AUDIT.tsv	Atari ST/PRIM ABI alias at ATARIST.H:70; not an independently callable portable Firestaff runtime symbol.
ReDMCSB	F140_yzzz_	NON_APPLICABLE_PLATFORM_ALIAS	DM1/CSB	docs/reference/audits/REDMCSB_CALLABLE_SYMBOL_FULL_AUDIT.tsv	Atari ST/PRIM ABI alias at ATARIST.H:71; not an independently callable portable Firestaff runtime symbol.
ReDMCSB	F141_anzz_	NON_APPLICABLE_PLATFORM_ALIAS	DM1/CSB	docs/reference/audits/REDMCSB_CALLABLE_SYMBOL_FULL_AUDIT.tsv	Atari ST/PRIM ABI alias at ATARIST.H:72; not an independently callable portable Firestaff runtime symbol.
ReDMCSB	F142_aqzz_	NON_APPLICABLE_PLATFORM_ALIAS	DM1/CSB	docs/reference/audits/REDMCSB_CALLABLE_SYMBOL_FULL_AUDIT.tsv	Atari ST/PRIM ABI alias at ATARIST.H:73; not an independently callable portable Firestaff runtime symbol.
ReDMCSB	F143_mzzz_	NON_APPLICABLE_PLATFORM_ALIAS	DM1/CSB	docs/reference/audits/REDMCSB_CALLABLE_SYMBOL_FULL_AUDIT.tsv	Atari ST/PRIM ABI alias at ATARIST.H:74; not an independently callable portable Firestaff runtime symbol.
ReDMCSB	F144_amzz_	NON_APPLICABLE_PLATFORM_ALIAS	DM1/CSB	docs/reference/audits/REDMCSB_CALLABLE_SYMBOL_FULL_AUDIT.tsv	Atari ST/PRIM ABI alias at ATARIST.H:75; not an independently callable portable Firestaff runtime symbol.
ReDMCSB	F146_aczz_	NON_APPLICABLE_PLATFORM_ALIAS	DM1/CSB	docs/reference/audits/REDMCSB_CALLABLE_SYMBOL_FULL_AUDIT.tsv	Atari ST/PRIM ABI alias at ATARIST.H:77; not an independently callable portable Firestaff runtime symbol.
ReDMCSB	F148_aayz_	NON_APPLICABLE_PLATFORM_ALIAS	DM1/CSB	docs/reference/audits/REDMCSB_CALLABLE_SYMBOL_FULL_AUDIT.tsv	Atari ST/PRIM ABI alias at ATARIST.H:79; not an independently callable portable Firestaff runtime symbol.
ReDMCSB	F149_aawz_	NON_APPLICABLE_PLATFORM_ALIAS	DM1/CSB	docs/reference/audits/REDMCSB_CALLABLE_SYMBOL_FULL_AUDIT.tsv	Atari ST/PRIM ABI alias at ATARIST.H:80; not an independently callable portable Firestaff runtime symbol.
ReDMCSB	F150_wzzz_	NON_APPLICABLE_PLATFORM_ALIAS	DM1/CSB	docs/reference/audits/REDMCSB_CALLABLE_SYMBOL_FULL_AUDIT.tsv	Atari ST/PRIM ABI alias at ATARIST.H:81; not an independently callable portable Firestaff runtime symbol.
ReDMCSB	F151_rzzz_	NON_APPLICABLE_PLATFORM_ALIAS	DM1/CSB	docs/reference/audits/REDMCSB_CALLABLE_SYMBOL_FULL_AUDIT.tsv	Atari ST/PRIM ABI alias at ATARIST.H:82; not an independently callable portable Firestaff runtime symbol.
ReDMCSB	F153_yzzz_	NON_APPLICABLE_PLATFORM_ALIAS	DM1/CSB	docs/reference/audits/REDMCSB_CALLABLE_SYMBOL_FULL_AUDIT.tsv	Atari ST/PRIM ABI alias at ATARIST.H:83; not an independently callable portable Firestaff runtime symbol.
ReDMCSB	F154_afzz_	NON_APPLICABLE_PLATFORM_ALIAS	DM1/CSB	docs/reference/audits/REDMCSB_CALLABLE_SYMBOL_FULL_AUDIT.tsv	Atari ST/PRIM ABI alias at ATARIST.H:84; not an independently callable portable Firestaff runtime symbol.
ReDMCSB	F155_ahzz_	NON_APPLICABLE_PLATFORM_ALIAS	DM1/CSB	docs/reference/audits/REDMCSB_CALLABLE_SYMBOL_FULL_AUDIT.tsv	Atari ST/PRIM ABI alias at ATARIST.H:85; not an independently callable portable Firestaff runtime symbol.
ReDMCSB	F156_afzz_	NON_APPLICABLE_PLATFORM_ALIAS	DM1/CSB	docs/reference/audits/REDMCSB_CALLABLE_SYMBOL_FULL_AUDIT.tsv	Atari ST/PRIM ABI alias at ATARIST.H:86; not an independently callable portable Firestaff runtime symbol.
ReDMCSB	F157_rzzz_	NON_APPLICABLE_PLATFORM_ALIAS	DM1/CSB	docs/reference/audits/REDMCSB_CALLABLE_SYMBOL_FULL_AUDIT.tsv	Atari ST/PRIM ABI alias at ATARIST.H:87; not an independently callable portable Firestaff runtime symbol.
ReDMCSB	F158_ayzz_	NON_APPLICABLE_PLATFORM_ALIAS	DM1/CSB	docs/reference/audits/REDMCSB_CALLABLE_SYMBOL_FULL_AUDIT.tsv	Atari ST/PRIM ABI alias at ATARIST.H:88; not an independently callable portable Firestaff runtime symbol.
ReDMCSB	F159_rzzz_	NON_APPLICABLE_PLATFORM_ALIAS	DM1/CSB	docs/reference/audits/REDMCSB_CALLABLE_SYMBOL_FULL_AUDIT.tsv	Atari ST/PRIM ABI alias at ATARIST.H:89; not an independently callable portable Firestaff runtime symbol.
ReDMCSB	F161_szzz_	NON_APPLICABLE_PLATFORM_ALIAS	DM1/CSB	docs/reference/audits/REDMCSB_CALLABLE_SYMBOL_FULL_AUDIT.tsv	Atari ST/PRIM ABI alias at ATARIST.H:90; not an independently callable portable Firestaff runtime symbol.
ReDMCSB	F162_afzz_	NON_APPLICABLE_PLATFORM_ALIAS	DM1/CSB	docs/reference/audits/REDMCSB_CALLABLE_SYMBOL_FULL_AUDIT.tsv	Atari ST/PRIM ABI alias at ATARIST.H:91; not an independently callable portable Firestaff runtime symbol.
ReDMCSB	F163_amzz_	NON_APPLICABLE_PLATFORM_ALIAS	DM1/CSB	docs/reference/audits/REDMCSB_CALLABLE_SYMBOL_FULL_AUDIT.tsv	Atari ST/PRIM ABI alias at ATARIST.H:92; not an independently callable portable Firestaff runtime symbol.
ReDMCSB	F164_dzzz_	NON_APPLICABLE_PLATFORM_ALIAS	DM1/CSB	docs/reference/audits/REDMCSB_CALLABLE_SYMBOL_FULL_AUDIT.tsv	Atari ST/PRIM ABI alias at ATARIST.H:93; not an independently callable portable Firestaff runtime symbol.
ReDMCSB	F166_szzz_	NON_APPLICABLE_PLATFORM_ALIAS	DM1/CSB	docs/reference/audits/REDMCSB_CALLABLE_SYMBOL_FULL_AUDIT.tsv	Atari ST/PRIM ABI alias at ATARIST.H:94; not an independently callable portable Firestaff runtime symbol.
ReDMCSB	F167_aozz_	NON_APPLICABLE_PLATFORM_ALIAS	DM1/CSB	docs/reference/audits/REDMCSB_CALLABLE_SYMBOL_FULL_AUDIT.tsv	Atari ST/PRIM ABI alias at ATARIST.H:95; not an independently callable portable Firestaff runtime symbol.
ReDMCSB	F168_ajzz_	NON_APPLICABLE_PLATFORM_ALIAS	DM1/CSB	docs/reference/audits/REDMCSB_CALLABLE_SYMBOL_FULL_AUDIT.tsv	Atari ST/PRIM ABI alias at ATARIST.H:96; not an independently callable portable Firestaff runtime symbol.
ReDMCSB	F172_awzz_	NON_APPLICABLE_PLATFORM_ALIAS	DM1/CSB	docs/reference/audits/REDMCSB_CALLABLE_SYMBOL_FULL_AUDIT.tsv	Atari ST/PRIM ABI alias at ATARIST.H:97; not an independently callable portable Firestaff runtime symbol.
ReDMCSB	F173_gzzz_	NON_APPLICABLE_PLATFORM_ALIAS	DM1/CSB	docs/reference/audits/REDMCSB_CALLABLE_SYMBOL_FULL_AUDIT.tsv	Atari ST/PRIM ABI alias at ATARIST.H:98; not an independently callable portable Firestaff runtime symbol.
ReDMCSB	F174_aozz_	NON_APPLICABLE_PLATFORM_ALIAS	DM1/CSB	docs/reference/audits/REDMCSB_CALLABLE_SYMBOL_FULL_AUDIT.tsv	Atari ST/PRIM ABI alias at ATARIST.H:99; not an independently callable portable Firestaff runtime symbol.
ReDMCSB	F175_gzzz_	NON_APPLICABLE_PLATFORM_ALIAS	DM1/CSB	docs/reference/audits/REDMCSB_CALLABLE_SYMBOL_FULL_AUDIT.tsv	Atari ST/PRIM ABI alias at ATARIST.H:100; not an independently callable portable Firestaff runtime symbol.
ReDMCSB	F176_avzz_	NON_APPLICABLE_PLATFORM_ALIAS	DM1/CSB	docs/reference/audits/REDMCSB_CALLABLE_SYMBOL_FULL_AUDIT.tsv	Atari ST/PRIM ABI alias at ATARIST.H:101; not an independently callable portable Firestaff runtime symbol.
ReDMCSB	F177_aszz_	NON_APPLICABLE_PLATFORM_ALIAS	DM1/CSB	docs/reference/audits/REDMCSB_CALLABLE_SYMBOL_FULL_AUDIT.tsv	Atari ST/PRIM ABI alias at ATARIST.H:102; not an independently callable portable Firestaff runtime symbol.
ReDMCSB	F178_aazz_	NON_APPLICABLE_PLATFORM_ALIAS	DM1/CSB	docs/reference/audits/REDMCSB_CALLABLE_SYMBOL_FULL_AUDIT.tsv	Atari ST/PRIM ABI alias at ATARIST.H:103; not an independently callable portable Firestaff runtime symbol.
ReDMCSB	F180_hzzz_	NON_APPLICABLE_PLATFORM_ALIAS	DM1/CSB	docs/reference/audits/REDMCSB_CALLABLE_SYMBOL_FULL_AUDIT.tsv	Atari ST/PRIM ABI alias at ATARIST.H:104; not an independently callable portable Firestaff runtime symbol.
ReDMCSB	F181_czzz_	NON_APPLICABLE_PLATFORM_ALIAS	DM1/CSB	docs/reference/audits/REDMCSB_CALLABLE_SYMBOL_FULL_AUDIT.tsv	Atari ST/PRIM ABI alias at ATARIST.H:105; not an independently callable portable Firestaff runtime symbol.
ReDMCSB	F183_kzzz_	NON_APPLICABLE_PLATFORM_ALIAS	DM1/CSB	docs/reference/audits/REDMCSB_CALLABLE_SYMBOL_FULL_AUDIT.tsv	Atari ST/PRIM ABI alias at ATARIST.H:107; not an independently callable portable Firestaff runtime symbol.
ReDMCSB	F184_ahzz_	NON_APPLICABLE_PLATFORM_ALIAS	DM1/CSB	docs/reference/audits/REDMCSB_CALLABLE_SYMBOL_FULL_AUDIT.tsv	Atari ST/PRIM ABI alias at ATARIST.H:108; not an independently callable portable Firestaff runtime symbol.
ReDMCSB	F185_auzz_	NON_APPLICABLE_PLATFORM_ALIAS	DM1/CSB	docs/reference/audits/REDMCSB_CALLABLE_SYMBOL_FULL_AUDIT.tsv	Atari ST/PRIM ABI alias at ATARIST.H:109; not an independently callable portable Firestaff runtime symbol.
ReDMCSB	F187_czzz_	NON_APPLICABLE_PLATFORM_ALIAS	DM1/CSB	docs/reference/audits/REDMCSB_CALLABLE_SYMBOL_FULL_AUDIT.tsv	Atari ST/PRIM ABI alias at ATARIST.H:110; not an independently callable portable Firestaff runtime symbol.
ReDMCSB	F188_aozz_	NON_APPLICABLE_PLATFORM_ALIAS	DM1/CSB	docs/reference/audits/REDMCSB_CALLABLE_SYMBOL_FULL_AUDIT.tsv	Atari ST/PRIM ABI alias at ATARIST.H:111; not an independently callable portable Firestaff runtime symbol.
ReDMCSB	F189_awzz_	NON_APPLICABLE_PLATFORM_ALIAS	DM1/CSB	docs/reference/audits/REDMCSB_CALLABLE_SYMBOL_FULL_AUDIT.tsv	Atari ST/PRIM ABI alias at ATARIST.H:112; not an independently callable portable Firestaff runtime symbol.
ReDMCSB	F190_zzzz_	NON_APPLICABLE_PLATFORM_ALIAS	DM1/CSB	docs/reference/audits/REDMCSB_CALLABLE_SYMBOL_FULL_AUDIT.tsv	Atari ST/PRIM ABI alias at ATARIST.H:113; not an independently callable portable Firestaff runtime symbol.
ReDMCSB	F191_aayz_	NON_APPLICABLE_PLATFORM_ALIAS	DM1/CSB	docs/reference/audits/REDMCSB_CALLABLE_SYMBOL_FULL_AUDIT.tsv	Atari ST/PRIM ABI alias at ATARIST.H:114; not an independently callable portable Firestaff runtime symbol.
ReDMCSB	F192_ayzz_	NON_APPLICABLE_PLATFORM_ALIAS	DM1/CSB	docs/reference/audits/REDMCSB_CALLABLE_SYMBOL_FULL_AUDIT.tsv	Atari ST/PRIM ABI alias at ATARIST.H:115; not an independently callable portable Firestaff runtime symbol.
ReDMCSB	F194_hzzz_	NON_APPLICABLE_PLATFORM_ALIAS	DM1/CSB	docs/reference/audits/REDMCSB_CALLABLE_SYMBOL_FULL_AUDIT.tsv	Atari ST/PRIM ABI alias at ATARIST.H:116; not an independently callable portable Firestaff runtime symbol.
ReDMCSB	F209_xzzz_	NON_APPLICABLE_PLATFORM_ALIAS	DM1/CSB	docs/reference/audits/REDMCSB_CALLABLE_SYMBOL_FULL_AUDIT.tsv	Atari ST/PRIM ABI alias at ATARIST.H:119; not an independently callable portable Firestaff runtime symbol.
ReDMCSB	F210_uzzz_	NON_APPLICABLE_PLATFORM_ALIAS	DM1/CSB	docs/reference/audits/REDMCSB_CALLABLE_SYMBOL_FULL_AUDIT.tsv	Atari ST/PRIM ABI alias at ATARIST.H:120; not an independently callable portable Firestaff runtime symbol.
ReDMCSB	F211_vzzz_	NON_APPLICABLE_PLATFORM_ALIAS	DM1/CSB	docs/reference/audits/REDMCSB_CALLABLE_SYMBOL_FULL_AUDIT.tsv	Atari ST/PRIM ABI alias at ATARIST.H:121; not an independently callable portable Firestaff runtime symbol.
ReDMCSB	F212_mzzz_	NON_APPLICABLE_PLATFORM_ALIAS	DM1/CSB	docs/reference/audits/REDMCSB_CALLABLE_SYMBOL_FULL_AUDIT.tsv	Atari ST/PRIM ABI alias at ATARIST.H:122; not an independently callable portable Firestaff runtime symbol.
ReDMCSB	F213_hzzz_	NON_APPLICABLE_PLATFORM_ALIAS	DM1/CSB	docs/reference/audits/REDMCSB_CALLABLE_SYMBOL_FULL_AUDIT.tsv	Atari ST/PRIM ABI alias at ATARIST.H:123; not an independently callable portable Firestaff runtime symbol.
ReDMCSB	F214_pzzz_	NON_APPLICABLE_PLATFORM_ALIAS	DM1/CSB	docs/reference/audits/REDMCSB_CALLABLE_SYMBOL_FULL_AUDIT.tsv	Atari ST/PRIM ABI alias at ATARIST.H:124; not an independently callable portable Firestaff runtime symbol.
ReDMCSB	F215_lzzz_	NON_APPLICABLE_PLATFORM_ALIAS	DM1/CSB	docs/reference/audits/REDMCSB_CALLABLE_SYMBOL_FULL_AUDIT.tsv	Atari ST/PRIM ABI alias at ATARIST.H:125; not an independently callable portable Firestaff runtime symbol.
ReDMCSB	F224_zzzz_	NON_APPLICABLE_PLATFORM_ALIAS	DM1/CSB	docs/reference/audits/REDMCSB_CALLABLE_SYMBOL_FULL_AUDIT.tsv	Atari ST/PRIM ABI alias at ATARIST.H:127; not an independently callable portable Firestaff runtime symbol.
ReDMCSB	F230_ezzz_	NON_APPLICABLE_PLATFORM_ALIAS	DM1/CSB	docs/reference/audits/REDMCSB_CALLABLE_SYMBOL_FULL_AUDIT.tsv	Atari ST/PRIM ABI alias at ATARIST.H:133; not an independently callable portable Firestaff runtime symbol.
ReDMCSB	F260_pzzz_	NON_APPLICABLE_PLATFORM_ALIAS	DM1/CSB	docs/reference/audits/REDMCSB_CALLABLE_SYMBOL_FULL_AUDIT.tsv	Atari ST/PRIM ABI alias at ATARIST.H:141; not an independently callable portable Firestaff runtime symbol.
ReDMCSB	F267_dzzz_	NON_APPLICABLE_PLATFORM_ALIAS	DM1/CSB	docs/reference/audits/REDMCSB_CALLABLE_SYMBOL_FULL_AUDIT.tsv	Atari ST/PRIM ABI alias at ATARIST.H:144; not an independently callable portable Firestaff runtime symbol.
ReDMCSB	F268_fzzz_	NON_APPLICABLE_PLATFORM_ALIAS	DM1/CSB	docs/reference/audits/REDMCSB_CALLABLE_SYMBOL_FULL_AUDIT.tsv	Atari ST/PRIM ABI alias at ATARIST.H:145; not an independently callable portable Firestaff runtime symbol.
ReDMCSB	F275_aszz_	NON_APPLICABLE_PLATFORM_ALIAS	DM1/CSB	docs/reference/audits/REDMCSB_CALLABLE_SYMBOL_FULL_AUDIT.tsv	Atari ST/PRIM ABI alias at ATARIST.H:146; not an independently callable portable Firestaff runtime symbol.
ReDMCSB	F276_qzzz_	NON_APPLICABLE_PLATFORM_ALIAS	DM1/CSB	docs/reference/audits/REDMCSB_CALLABLE_SYMBOL_FULL_AUDIT.tsv	Atari ST/PRIM ABI alias at ATARIST.H:147; not an independently callable portable Firestaff runtime symbol.
ReDMCSB	F277_jzzz_	NON_APPLICABLE_PLATFORM_ALIAS	DM1/CSB	docs/reference/audits/REDMCSB_CALLABLE_SYMBOL_FULL_AUDIT.tsv	Atari ST/PRIM ABI alias at ATARIST.H:148; not an independently callable portable Firestaff runtime symbol.
ReDMCSB	F334_akzz_	NON_APPLICABLE_PLATFORM_ALIAS	DM1/CSB	docs/reference/audits/REDMCSB_CALLABLE_SYMBOL_FULL_AUDIT.tsv	Atari ST/PRIM ABI alias at ATARIST.H:188; not an independently callable portable Firestaff runtime symbol.
ReDMCSB	F337_akzz_	NON_APPLICABLE_PLATFORM_ALIAS	DM1/CSB	docs/reference/audits/REDMCSB_CALLABLE_SYMBOL_FULL_AUDIT.tsv	Atari ST/PRIM ABI alias at ATARIST.H:189; not an independently callable portable Firestaff runtime symbol.
ReDMCSB	F338_atzz_	NON_APPLICABLE_PLATFORM_ALIAS	DM1/CSB	docs/reference/audits/REDMCSB_CALLABLE_SYMBOL_FULL_AUDIT.tsv	Atari ST/PRIM ABI alias at ATARIST.H:190; not an independently callable portable Firestaff runtime symbol.
ReDMCSB	F349_dzzz_	NON_APPLICABLE_PLATFORM_ALIAS	DM1/CSB	docs/reference/audits/REDMCSB_CALLABLE_SYMBOL_FULL_AUDIT.tsv	Atari ST/PRIM ABI alias at ATARIST.H:192; not an independently callable portable Firestaff runtime symbol.
ReDMCSB	F350_aqzz_	NON_APPLICABLE_PLATFORM_ALIAS	DM1/CSB	docs/reference/audits/REDMCSB_CALLABLE_SYMBOL_FULL_AUDIT.tsv	Atari ST/PRIM ABI alias at ATARIST.H:193; not an independently callable portable Firestaff runtime symbol.
ReDMCSB	F352_aszz_	NON_APPLICABLE_PLATFORM_ALIAS	DM1/CSB	docs/reference/audits/REDMCSB_CALLABLE_SYMBOL_FULL_AUDIT.tsv	Atari ST/PRIM ABI alias at ATARIST.H:194; not an independently callable portable Firestaff runtime symbol.
ReDMCSB	F353_auzz_	NON_APPLICABLE_PLATFORM_ALIAS	DM1/CSB	docs/reference/audits/REDMCSB_CALLABLE_SYMBOL_FULL_AUDIT.tsv	Atari ST/PRIM ABI alias at ATARIST.H:195; not an independently callable portable Firestaff runtime symbol.
ReDMCSB	F354_szzz_	NON_APPLICABLE_PLATFORM_ALIAS	DM1/CSB	docs/reference/audits/REDMCSB_CALLABLE_SYMBOL_FULL_AUDIT.tsv	Atari ST/PRIM ABI alias at ATARIST.H:196; not an independently callable portable Firestaff runtime symbol.
ReDMCSB	F355_hzzz_	NON_APPLICABLE_PLATFORM_ALIAS	DM1/CSB	docs/reference/audits/REDMCSB_CALLABLE_SYMBOL_FULL_AUDIT.tsv	Atari ST/PRIM ABI alias at ATARIST.H:197; not an independently callable portable Firestaff runtime symbol.
ReDMCSB	F356_ozzz_	NON_APPLICABLE_PLATFORM_ALIAS	DM1/CSB	docs/reference/audits/REDMCSB_CALLABLE_SYMBOL_FULL_AUDIT.tsv	Atari ST/PRIM ABI alias at ATARIST.H:198; not an independently callable portable Firestaff runtime symbol.
ReDMCSB	F357_qzzz_	NON_APPLICABLE_PLATFORM_ALIAS	DM1/CSB	docs/reference/audits/REDMCSB_CALLABLE_SYMBOL_FULL_AUDIT.tsv	Atari ST/PRIM ABI alias at ATARIST.H:199; not an independently callable portable Firestaff runtime symbol.
ReDMCSB	F359_hzzz_	NON_APPLICABLE_PLATFORM_ALIAS	DM1/CSB	docs/reference/audits/REDMCSB_CALLABLE_SYMBOL_FULL_AUDIT.tsv	Atari ST/PRIM ABI alias at ATARIST.H:200; not an independently callable portable Firestaff runtime symbol.
ReDMCSB	F361_nzzz_	NON_APPLICABLE_PLATFORM_ALIAS	DM1/CSB	docs/reference/audits/REDMCSB_CALLABLE_SYMBOL_FULL_AUDIT.tsv	Atari ST/PRIM ABI alias at ATARIST.H:201; not an independently callable portable Firestaff runtime symbol.
ReDMCSB	F363_pzzz_	NON_APPLICABLE_PLATFORM_ALIAS	DM1/CSB	docs/reference/audits/REDMCSB_CALLABLE_SYMBOL_FULL_AUDIT.tsv	Atari ST/PRIM ABI alias at ATARIST.H:202; not an independently callable portable Firestaff runtime symbol.
ReDMCSB	F368_fzzz_	NON_APPLICABLE_PLATFORM_ALIAS	DM1/CSB	docs/reference/audits/REDMCSB_CALLABLE_SYMBOL_FULL_AUDIT.tsv	Atari ST/PRIM ABI alias at ATARIST.H:203; not an independently callable portable Firestaff runtime symbol.
ReDMCSB	F379_jzzz_	NON_APPLICABLE_PLATFORM_ALIAS	DM1/CSB	docs/reference/audits/REDMCSB_CALLABLE_SYMBOL_FULL_AUDIT.tsv	Atari ST/PRIM ABI alias at ATARIST.H:204; not an independently callable portable Firestaff runtime symbol.
ReDMCSB	F380_xzzz_	NON_APPLICABLE_PLATFORM_ALIAS	DM1/CSB	docs/reference/audits/REDMCSB_CALLABLE_SYMBOL_FULL_AUDIT.tsv	Atari ST/PRIM ABI alias at ATARIST.H:205; not an independently callable portable Firestaff runtime symbol.
ReDMCSB	F386_ezzz_	NON_APPLICABLE_PLATFORM_ALIAS	DM1/CSB	docs/reference/audits/REDMCSB_CALLABLE_SYMBOL_FULL_AUDIT.tsv	Atari ST/PRIM ABI alias at ATARIST.H:206; not an independently callable portable Firestaff runtime symbol.
ReDMCSB	F387_hzzz_	NON_APPLICABLE_PLATFORM_ALIAS	DM1/CSB	docs/reference/audits/REDMCSB_CALLABLE_SYMBOL_FULL_AUDIT.tsv	Atari ST/PRIM ABI alias at ATARIST.H:207; not an independently callable portable Firestaff runtime symbol.
ReDMCSB	F388_rzzz_	NON_APPLICABLE_PLATFORM_ALIAS	DM1/CSB	docs/reference/audits/REDMCSB_CALLABLE_SYMBOL_FULL_AUDIT.tsv	Atari ST/PRIM ABI alias at ATARIST.H:208; not an independently callable portable Firestaff runtime symbol.
ReDMCSB	F390_rzzz_	NON_APPLICABLE_PLATFORM_ALIAS	DM1/CSB	docs/reference/audits/REDMCSB_CALLABLE_SYMBOL_FULL_AUDIT.tsv	Atari ST/PRIM ABI alias at ATARIST.H:209; not an independently callable portable Firestaff runtime symbol.
ReDMCSB	F393_lzzz_	NON_APPLICABLE_PLATFORM_ALIAS	DM1/CSB	docs/reference/audits/REDMCSB_CALLABLE_SYMBOL_FULL_AUDIT.tsv	Atari ST/PRIM ABI alias at ATARIST.H:210; not an independently callable portable Firestaff runtime symbol.
ReDMCSB	F394_ozzz_	NON_APPLICABLE_PLATFORM_ALIAS	DM1/CSB	docs/reference/audits/REDMCSB_CALLABLE_SYMBOL_FULL_AUDIT.tsv	Atari ST/PRIM ABI alias at ATARIST.H:211; not an independently callable portable Firestaff runtime symbol.
ReDMCSB	F395_pzzz_	NON_APPLICABLE_PLATFORM_ALIAS	DM1/CSB	docs/reference/audits/REDMCSB_CALLABLE_SYMBOL_FULL_AUDIT.tsv	Atari ST/PRIM ABI alias at ATARIST.H:212; not an independently callable portable Firestaff runtime symbol.
ReDMCSB	F396_pzzz_	NON_APPLICABLE_PLATFORM_ALIAS	DM1/CSB	docs/reference/audits/REDMCSB_CALLABLE_SYMBOL_FULL_AUDIT.tsv	Atari ST/PRIM ABI alias at ATARIST.H:213; not an independently callable portable Firestaff runtime symbol.
ReDMCSB	F413_AA08_	NON_APPLICABLE_PLATFORM_ALIAS	DM1/CSB	docs/reference/audits/REDMCSB_CALLABLE_SYMBOL_FULL_AUDIT.tsv	Atari ST/PRIM ABI alias at ATARIST.H:214; not an independently callable portable Firestaff runtime symbol.
ReDMCSB	F428_AA39_	NON_APPLICABLE_PLATFORM_ALIAS	DM1/CSB	docs/reference/audits/REDMCSB_CALLABLE_SYMBOL_FULL_AUDIT.tsv	Atari ST/PRIM ABI alias at ATARIST.H:215; not an independently callable portable Firestaff runtime symbol.
ReDMCSB	F433_AA39_	NON_APPLICABLE_PLATFORM_ALIAS	DM1/CSB	docs/reference/audits/REDMCSB_CALLABLE_SYMBOL_FULL_AUDIT.tsv	Atari ST/PRIM ABI alias at ATARIST.H:216; not an independently callable portable Firestaff runtime symbol.
ReDMCSB	F442_AA08_	NON_APPLICABLE_PLATFORM_ALIAS	DM1/CSB	docs/reference/audits/REDMCSB_CALLABLE_SYMBOL_FULL_AUDIT.tsv	Atari ST/PRIM ABI alias at ATARIST.H:217; not an independently callable portable Firestaff runtime symbol.
ReDMCSB	F444_AA29_	NON_APPLICABLE_PLATFORM_ALIAS	DM1/CSB	docs/reference/audits/REDMCSB_CALLABLE_SYMBOL_FULL_AUDIT.tsv	Atari ST/PRIM ABI alias at ATARIST.H:218; not an independently callable portable Firestaff runtime symbol.
ReDMCSB	F446_zzzz_	NON_APPLICABLE_PLATFORM_ALIAS	DM1/CSB	docs/reference/audits/REDMCSB_CALLABLE_SYMBOL_FULL_AUDIT.tsv	Atari ST/PRIM ABI alias at ATARIST.H:219; not an independently callable portable Firestaff runtime symbol.
ReDMCSB	F448_xxxx_	NON_APPLICABLE_PLATFORM_ALIAS	DM1/CSB	docs/reference/audits/REDMCSB_CALLABLE_SYMBOL_FULL_AUDIT.tsv	Atari ST/PRIM ABI alias at ATARIST.H:220; not an independently callable portable Firestaff runtime symbol.
ReDMCSB	F456_vzzz_	NON_APPLICABLE_PLATFORM_ALIAS	DM1/CSB	docs/reference/audits/REDMCSB_CALLABLE_SYMBOL_FULL_AUDIT.tsv	Atari ST/PRIM ABI alias at ATARIST.H:221; not an independently callable portable Firestaff runtime symbol.
ReDMCSB	F457_AA08_	NON_APPLICABLE_PLATFORM_ALIAS	DM1/CSB	docs/reference/audits/REDMCSB_CALLABLE_SYMBOL_FULL_AUDIT.tsv	Atari ST/PRIM ABI alias at ATARIST.H:222; not an independently callable portable Firestaff runtime symbol.
ReDMCSB	F463_wzzz_	NON_APPLICABLE_PLATFORM_ALIAS	DM1/CSB	docs/reference/audits/REDMCSB_CALLABLE_SYMBOL_FULL_AUDIT.tsv	Atari ST/PRIM ABI alias at ATARIST.H:224; not an independently callable portable Firestaff runtime symbol.
ReDMCSB	F464_AA07_	NON_APPLICABLE_PLATFORM_ALIAS	DM1/CSB	docs/reference/audits/REDMCSB_CALLABLE_SYMBOL_FULL_AUDIT.tsv	Atari ST/PRIM ABI alias at ATARIST.H:225; not an independently callable portable Firestaff runtime symbol.
ReDMCSB	F466_rzzz_	NON_APPLICABLE_PLATFORM_ALIAS	DM1/CSB	docs/reference/audits/REDMCSB_CALLABLE_SYMBOL_FULL_AUDIT.tsv	Atari ST/PRIM ABI alias at ATARIST.H:226; not an independently callable portable Firestaff runtime symbol.
ReDMCSB	F475_ozzz_	NON_APPLICABLE_PLATFORM_ALIAS	DM1/CSB	docs/reference/audits/REDMCSB_CALLABLE_SYMBOL_FULL_AUDIT.tsv	Atari ST/PRIM ABI alias at ATARIST.H:230; not an independently callable portable Firestaff runtime symbol.
ReDMCSB	F476_mzzz_	NON_APPLICABLE_PLATFORM_ALIAS	DM1/CSB	docs/reference/audits/REDMCSB_CALLABLE_SYMBOL_FULL_AUDIT.tsv	Atari ST/PRIM ABI alias at ATARIST.H:231; not an independently callable portable Firestaff runtime symbol.
ReDMCSB	F477_izzz_	NON_APPLICABLE_PLATFORM_ALIAS	DM1/CSB	docs/reference/audits/REDMCSB_CALLABLE_SYMBOL_FULL_AUDIT.tsv	Atari ST/PRIM ABI alias at ATARIST.H:232; not an independently callable portable Firestaff runtime symbol.
ReDMCSB	F478_gzzz_	NON_APPLICABLE_PLATFORM_ALIAS	DM1/CSB	docs/reference/audits/REDMCSB_CALLABLE_SYMBOL_FULL_AUDIT.tsv	Atari ST/PRIM ABI alias at ATARIST.H:233; not an independently callable portable Firestaff runtime symbol.
ReDMCSB	F479_izzz_	NON_APPLICABLE_PLATFORM_ALIAS	DM1/CSB	docs/reference/audits/REDMCSB_CALLABLE_SYMBOL_FULL_AUDIT.tsv	Atari ST/PRIM ABI alias at ATARIST.H:234; not an independently callable portable Firestaff runtime symbol.
ReDMCSB	F484_gzzz_	NON_APPLICABLE_PLATFORM_ALIAS	DM1/CSB	docs/reference/audits/REDMCSB_CALLABLE_SYMBOL_FULL_AUDIT.tsv	Atari ST/PRIM ABI alias at ATARIST.H:236; not an independently callable portable Firestaff runtime symbol.
ReDMCSB	F488_bzzz_	NON_APPLICABLE_PLATFORM_ALIAS	DM1/CSB	docs/reference/audits/REDMCSB_CALLABLE_SYMBOL_FULL_AUDIT.tsv	Atari ST/PRIM ABI alias at ATARIST.H:237; not an independently callable portable Firestaff runtime symbol.
ReDMCSB	F489_ayzz_	NON_APPLICABLE_PLATFORM_ALIAS	DM1/CSB	docs/reference/audits/REDMCSB_CALLABLE_SYMBOL_FULL_AUDIT.tsv	Atari ST/PRIM ABI alias at ATARIST.H:238; not an independently callable portable Firestaff runtime symbol.
ReDMCSB	F490_lzzz_	NON_APPLICABLE_PLATFORM_ALIAS	DM1/CSB	docs/reference/audits/REDMCSB_CALLABLE_SYMBOL_FULL_AUDIT.tsv	Atari ST/PRIM ABI alias at ATARIST.H:239; not an independently callable portable Firestaff runtime symbol.
ReDMCSB	F491_xzzz_	NON_APPLICABLE_PLATFORM_ALIAS	DM1/CSB	docs/reference/audits/REDMCSB_CALLABLE_SYMBOL_FULL_AUDIT.tsv	Atari ST/PRIM ABI alias at ATARIST.H:240; not an independently callable portable Firestaff runtime symbol.
ReDMCSB	F492_mzzz_	NON_APPLICABLE_PLATFORM_ALIAS	DM1/CSB	docs/reference/audits/REDMCSB_CALLABLE_SYMBOL_FULL_AUDIT.tsv	Atari ST/PRIM ABI alias at ATARIST.H:241; not an independently callable portable Firestaff runtime symbol.
ReDMCSB	F493_hzzz_	NON_APPLICABLE_PLATFORM_ALIAS	DM1/CSB	docs/reference/audits/REDMCSB_CALLABLE_SYMBOL_FULL_AUDIT.tsv	Atari ST/PRIM ABI alias at ATARIST.H:242; not an independently callable portable Firestaff runtime symbol.
ReDMCSB	F494_ozzz_	NON_APPLICABLE_PLATFORM_ALIAS	DM1/CSB	docs/reference/audits/REDMCSB_CALLABLE_SYMBOL_FULL_AUDIT.tsv	Atari ST/PRIM ABI alias at ATARIST.H:243; not an independently callable portable Firestaff runtime symbol.
ReDMCSB	F497_pzzz_	NON_APPLICABLE_PLATFORM_ALIAS	DM1/CSB	docs/reference/audits/REDMCSB_CALLABLE_SYMBOL_FULL_AUDIT.tsv	Atari ST/PRIM ABI alias at ATARIST.H:244; not an independently callable portable Firestaff runtime symbol.
ReDMCSB	R055_xxxx_	NON_APPLICABLE_PLATFORM_ALIAS	DM1/CSB	docs/reference/audits/REDMCSB_CALLABLE_SYMBOL_FULL_AUDIT.tsv	Atari ST/PRIM ABI alias at ATARIST.H:245; not an independently callable portable Firestaff runtime symbol.
ReDMCSB	R056_aaal_	NON_APPLICABLE_PLATFORM_ALIAS	DM1/CSB	docs/reference/audits/REDMCSB_CALLABLE_SYMBOL_FULL_AUDIT.tsv	Atari ST/PRIM ABI alias at ATARIST.H:246; not an independently callable portable Firestaff runtime symbol.
ReDMCSB	R057_rzzz_	NON_APPLICABLE_PLATFORM_ALIAS	DM1/CSB	docs/reference/audits/REDMCSB_CALLABLE_SYMBOL_FULL_AUDIT.tsv	Atari ST/PRIM ABI alias at ATARIST.H:247; not an independently callable portable Firestaff runtime symbol.
ReDMCSB	S080_aaat_	NON_APPLICABLE_PLATFORM_ALIAS	DM1/CSB	docs/reference/audits/REDMCSB_CALLABLE_SYMBOL_FULL_AUDIT.tsv	Atari ST/PRIM ABI alias at ATARIST.H:250; not an independently callable portable Firestaff runtime symbol.
ReDMCSB	S081_aaao_	NON_APPLICABLE_PLATFORM_ALIAS	DM1/CSB	docs/reference/audits/REDMCSB_CALLABLE_SYMBOL_FULL_AUDIT.tsv	Atari ST/PRIM ABI alias at ATARIST.H:251; not an independently callable portable Firestaff runtime symbol.
ReDMCSB	S465_qzzz_	NON_APPLICABLE_PLATFORM_ALIAS	DM1/CSB	docs/reference/audits/REDMCSB_CALLABLE_SYMBOL_FULL_AUDIT.tsv	Atari ST/PRIM ABI alias at ATARIST.H:252; not an independently callable portable Firestaff runtime symbol.
